Price,Close,High,Low,Open,Volume
Ticker,AAPL,AAPL,AAPL,AAPL,AAPL
Date,,,,,
1993-01-04,0.42024052143096924,0.4328657807957497,0.41663355903775595,0.42925881840253644,129136000
1993-01-05,0.4274553954601288,0.4274553954601288,0.4130266762003032,0.41843714491303996,186256000
1993-01-06,0.44549110531806946,0.44729461085922806,0.43647367393537534,0.43827717947653394,281400000
1993-01-07,0.4400806128978729,0.45090241614046933,0.4373753788141844,0.44549108106525,272137600
1993-01-08,0.449099063873291,0.45450953388603604,0.4310625102838035,0.4382773051012261,320936000
1993-01-11,0.4626259207725525,0.4644294262970441,0.4454911012010895,0.44729460672558113,273728000
1993-01-12,0.4436877965927124,0.4599200261633178,0.4436877965927124,0.4527060497432444,346158400
1993-01-13,0.458116352558136,0.4617241822767644,0.4418841289210548,0.44368763440721143,199640000
1993-01-14,0.4689382016658783,0.4707416591658802,0.4599199027732637,0.46172422718121303,367808000
1993-01-15,0.4346693754196167,0.4490989617740035,0.4328658697715274,0.44008066294872084,902630400
1993-01-18,0.42925888299942017,0.4328658459354261,0.4184371272835091,0.42925888299942017,333636800
1993-01-19,0.4310623109340668,0.4364735971908749,0.42745530048596486,0.4310623109340668,274041600
1993-01-20,0.4328659474849701,0.43466945345684704,0.4292589837027772,0.4310624896746541,158737600
1993-01-21,0.4328659474849701,0.43466945345684704,0.4238485139487074,0.4310624896746541,184419200
1993-01-22,0.42925888299942017,0.4346693514842039,0.42565192006341424,0.4346693514842039,146944000
1993-01-25,0.4328659474849701,0.4364737781752596,0.42745547773090026,0.42745547773090026,202272000
1993-01-26,0.4382771849632263,0.44729461645880764,0.43647367939949006,0.43647367939949006,285622400
1993-01-27,0.4346693754196167,0.4454911317314363,0.42384843785418574,0.44008066294872084,226620800
1993-01-28,0.43196403980255127,0.4346692735599692,0.4274553008196744,0.43286576833451024,184038400
1993-01-29,0.42925888299942017,0.441884144264109,0.42565192006341424,0.4346693514842039,266100800
1993-02-01,0.44188404083251953,0.44188404083251953,0.4274552773963868,0.4274552773963868,240553600
1993-02-02,0.4346693754196167,0.4436876742448993,0.4346693754196167,0.43827720546218385,182336000
1993-02-03,0.4328659474849701,0.44008074195745256,0.42204418923029474,0.44008074195745256,264185600
1993-02-04,0.42925888299942017,0.4346693514842039,0.42565192006341424,0.4328658459354261,208152000
1993-02-05,0.4130267798900604,0.4292590088497257,0.4058119849949192,0.42745550277219535,367617600
1993-02-08,0.4076153635978699,0.41483015708917037,0.4004014129337709,0.4112231937975095,281075200
1993-02-09,0.41032135486602783,0.4139283657743306,0.40761530201927365,0.4112231316738771,238660800
1993-02-10,0.4022049009799957,0.4130266813680235,0.3967935893723996,0.41122317572069556,268284800
1993-02-11,0.39769619703292847,0.4058119250208452,0.3967936253809688,0.4022049374796353,168268800
1993-02-12,0.38952547311782837,0.4012745476161153,0.3886217538486268,0.3976588741407756,275396800
1993-02-16,0.38319873809814453,0.38681441225406704,0.3723533566943307,0.38681441225406704,407736000
1993-02-17,0.38952547311782837,0.3904291923870299,0.3759689600811383,0.3850060803732871,249580800
1993-02-18,0.39765891432762146,0.3994671735805871,0.3868143785344251,0.39765891432762146,280123200
1993-02-19,0.39765891432762146,0.40127458816835604,0.3958514997398525,0.3994671735805871,177800000
1993-02-22,0.398563414812088,0.40488940144373425,0.3958514606000281,0.3976588750090889,98761600
1993-02-23,0.39223670959472656,0.399467237908656,0.3904292947159012,0.397658978364498,194073600
1993-02-24,0.3877180516719818,0.3895254902900659,0.37687269596477874,0.37687269596477874,286563200
1993-02-25,0.3958515226840973,0.3958515226840973,0.385006141597087,0.385006141597087,167227200
1993-02-26,0.38319873809814453,0.39223668062333883,0.37777646972887274,0.39223668062333883,294884800
1993-03-01,0.3850061595439911,0.38681441898605784,0.3813913058571337,0.38319874476720933,119302400
1993-03-02,0.39223670959472656,0.39404412447355197,0.3831987664019717,0.3831987664019717,147694400
1993-03-03,0.39494791626930237,0.3976590511504234,0.38500625175080466,0.3904293661785339,202697600
1993-03-04,0.39765891432762146,0.3994671735805871,0.3868143785344251,0.39404406101879225,188339200
1993-03-05,0.39765891432762146,0.40308202688941636,0.3958514997398525,0.3958514997398525,111619200
1993-03-08,0.40850430727005005,0.41031174615312477,0.39765894997279705,0.39765894997279705,177004800
1993-03-09,0.4103117883205414,0.41573487779248397,0.40850434925171764,0.40850434925171764,154828800
1993-03-10,0.4103117883205414,0.4139274869902521,0.40488951938066203,0.4103117883205414,132496000
1993-03-11,0.41121625900268555,0.4139274414408734,0.4066969136957684,0.4121200025709437,144614400
1993-03-12,0.4066969156265259,0.41031174511695967,0.40127462312428824,0.41031174511695967,126694400
1993-03-15,0.4121200144290924,0.4139274533510285,0.4003709133043933,0.40488948647593953,136035200
1993-03-16,0.40850430727005005,0.4175422739508154,0.40850430727005005,0.413927444451253,101281600
1993-03-17,0.398563414812088,0.4121199278783796,0.3976588750090889,0.4085042302618559,176220800
1993-03-18,0.39404401183128357,0.40217825732600043,0.39404401183128357,0.39765886468888,106187200
1993-03-19,0.38862183690071106,0.39946721858084383,0.3868144221093356,0.3976589591241766,154100800
1993-03-22,0.3850061595439911,0.3895255532178774,0.3813913058571337,0.38681441898605784,165200000
1993-03-23,0.3813912272453308,0.3904291921982202,0.3804875321098552,0.3850060801871,102536000
1993-03-24,0.38862183690071106,0.3922366906167561,0.3795838941452478,0.3813913089366233,143068800
1993-03-25,0.3958515226840973,0.3958515226840973,0.38681440095486247,0.38862181564739234,171046400
1993-03-26,0.3850061595439911,0.3958515411365544,0.3795838910803519,0.3958515411365544,151760000
1993-03-29,0.36873847246170044,0.37958385296524794,0.36693105786640634,0.37777643836995384,261710400
1993-03-30,0.3777764141559601,0.3777764141559601,0.36331618125537746,0.3696421681333728,264051200
1993-03-31,0.37235328555107117,0.3813912263494415,0.3705458711510766,0.37958381194944696,223036800
1993-04-01,0.3741616904735565,0.3759691055781257,0.3687385763611126,0.37054601559898004,108203200
1993-04-02,0.3624124825000763,0.3705459084520238,0.3578931134466839,0.3651236405729196,253792000
1993-04-05,0.36150887608528137,0.36512373027048556,0.3578932013679729,0.36150887608528137,149172800
1993-04-06,0.3524707853794098,0.3633161398175601,0.3524707853794098,0.36150872554425784,168369600
1993-04-07,0.36512356996536255,0.3669309841977826,0.35066333904111163,0.35427819163923835,162848000
1993-04-08,0.3597005307674408,0.3651236433530313,0.35427826284705055,0.36150879002834074,163430400
1993-04-12,0.36150887608528137,0.36873856032239255,0.3578932013679729,0.3578932013679729,93049600
1993-04-13,0.3506634831428528,0.37054598906817254,0.34885606816769316,0.36512372000939713,164483200
1993-04-14,0.3524707853794098,0.3524707853794098,0.3443365402845693,0.34885593269951815,170060800
1993-04-15,0.34162530303001404,0.348855826725092,0.33801045144823166,0.348855826725092,218702400
1993-04-16,0.34795230627059937,0.3524708793585709,0.342529217339687,0.34885602571485236,686795200
1993-04-19,0.3506634831428528,0.35789319131008435,0.34885606816769316,0.3506634831428528,227864000
1993-04-20,0.36150887608528137,0.36331629111123487,0.34885607797161106,0.35247093215681524,240049600
1993-04-21,0.35879674553871155,0.3669309659108871,0.3560855881252687,0.3633161134929153,205273600
1993-04-22,0.36150887608528137,0.36512373027048556,0.35427834718276874,0.35608576220872223,157673600
1993-04-23,0.35608571767807007,0.36331624567636184,0.35247088807821914,0.35970057141121514,134142400
1993-04-26,0.3542782664299011,0.3597005344051273,0.3506634130686532,0.3560856810438793,102804800
1993-04-27,0.36331629753112793,0.36331629753112793,0.35247093838506804,0.35247093838506804,129673600
1993-04-28,0.37144961953163147,0.37596898848430665,0.3597005200124514,0.3597005200124514,163240000
1993-04-29,0.36693114042282104,0.37416166922929706,0.3624125667180077,0.3723534095619596,82443200
1993-04-30,0.3705458641052246,0.3795838047317404,0.3669310112406824,0.3669310112406824,132339200
1993-05-03,0.37506526708602905,0.375968986418538,0.36873845949316775,0.3705458981581856,65184000
1993-05-04,0.38591066002845764,0.3922366472995943,0.3759689989085798,0.37777643763364255,170822400
1993-05-05,0.39404401183128357,0.4012745380782793,0.38319865685997984,0.38319865685997984,253064000
1993-05-06,0.38862183690071106,0.39585154433280106,0.3868144221093356,0.39404410540813156,70459200
1993-05-07,0.3958515226840973,0.3958515226840973,0.38681440095486247,0.38681440095486247,81894400
1993-05-10,0.39765891432762146,0.4039857221166552,0.39765891432762146,0.39765891432762146,137928000
1993-05-11,0.39404401183128357,0.39946712371612525,0.3904291831069755,0.39765886468888,158379200
1993-05-12,0.3850061595439911,0.3958515411365544,0.38319874476720933,0.392236687449697,105224000
1993-05-13,0.40127456188201904,0.4030820004846793,0.3868143531953345,0.3868143531953345,361726400
1993-05-14,0.40127456188201904,0.40488941495404973,0.39765888827813684,0.3994671474126486,117409600
1993-05-17,0.4030819535255432,0.40488936778434953,0.3976588419507945,0.40127451513344997,69641600
1993-05-18,0.40127456188201904,0.4066968535567099,0.39765888827813684,0.40127456188201904,163475200
1993-05-19,0.4139273762702942,0.4157347665890736,0.3940440314341112,0.3958514700194697,172771200
1993-05-20,0.424772709608078,0.42658014809908856,0.413927354663367,0.413927354663367,290528000
1993-05-21,0.41573473811149597,0.42748383624349506,0.41031165046163415,0.42477270268445794,148198400
1993-05-24,0.4166385531425476,0.42477277575063366,0.4103117210403294,0.4103117210403294,150315200
1993-05-25,0.40760064125061035,0.41573486494104267,0.4030820919848229,0.4103117756367418,180723200
1993-05-26,0.41754230856895447,0.41754230856895447,0.4003709378905672,0.4048895113395922,121564800
1993-05-27,0.41573473811149597,0.4229644436911204,0.4139273479165217,0.41754217657304604,197288000
1993-05-28,0.4102638065814972,0.41660381521917217,0.4075470055044587,0.41298142990561254,183948800
1993-06-01,0.41298145055770874,0.41841505298350556,0.40935819444840776,0.40935819444840776,135072000
1993-06-02,0.41298145055770874,0.42203743847821096,0.40573580895370237,0.41116941137949925,200480000
1993-06-03,0.4084526002407074,0.4147926574088357,0.4057357990938305,0.412981440521759,156856000
1993-06-04,0.39758461713790894,0.4075470608085204,0.39486779150846013,0.4039246508196629,213684800
1993-06-07,0.36769813299179077,0.39667903515364816,0.36498133136418454,0.3948678179460824,482305600
1993-06-08,0.35864129662513733,0.3622645290973769,0.34777324370290275,0.35320769337951224,621096000
1993-06-09,0.32060354948043823,0.3305659935109987,0.3187923323286987,0.3260379748153916,1178419200
1993-06-10,0.32241466641426086,0.3242267053858904,0.3097354238299442,0.31516987206704805,553705600
1993-06-11,0.31698113679885864,0.3278491893174532,0.31426433527694825,0.32603797218035196,242323200
1993-06-14,0.323321133852005,0.3242267423174624,0.31516990796698674,0.3187922934613388,249491200
1993-06-15,0.3043019473552704,0.3278492496813712,0.30339633861997817,0.3278492496813712,448324800
1993-06-16,0.3061130940914154,0.3133587367517772,0.30067949087344364,0.3061130940914154,353080000
1993-06-17,0.2988682985305786,0.3079243119753699,0.2934338488694702,0.3079243119753699,409438400
1993-06-18,0.2970561981201172,0.30520744772343045,0.28800018653386594,0.30158503825218247,311292800
1993-06-21,0.2870946228504181,0.29343383436683795,0.28618903847931604,0.29343383436683795,273582400
1993-06-22,0.2997739017009735,0.3043019207985235,0.2880002636572938,0.29615069319613496,336380800
1993-06-23,0.2934338450431824,0.30249070480085705,0.2898114590594945,0.30249070480085705,180723200
1993-06-24,0.3024906814098358,0.3024906814098358,0.28981143664893483,0.2934338223525106,222835200
1993-06-25,0.28981149196624756,0.2952450957424819,0.28618908138750976,0.29252829385436474,257163200
1993-06-28,0.2907170355319977,0.29343383703751286,0.28075459164207445,0.29343383703751286,353617600
1993-06-29,0.2825658321380615,0.2916226682139515,0.2789434217698667,0.2916226682139515,294268800
1993-06-30,0.28618907928466797,0.2880002724688563,0.278943435933109,0.28075462911729737,200256000
1993-07-01,0.2753208577632904,0.2880000971319294,0.2753208577632904,0.2825656744568265,218164800
1993-07-02,0.27894335985183716,0.28075455254202614,0.2735097575975322,0.2771321671616482,191632000
1993-07-06,0.2735099196434021,0.28256593682722325,0.27169787944880724,0.27713233135368104,155254400
1993-07-07,0.26445308327674866,0.27441550761335903,0.2626418653087428,0.27169788259751415,227035200
1993-07-08,0.26445308327674866,0.27169788259751415,0.2626418653087428,0.26445308327674866,138969600
1993-07-09,0.2662642002105713,0.26988661091731303,0.2644530069490732,0.2680753934720694,156878400
1993-07-12,0.2753208577632904,0.2762264658959149,0.2626416183946514,0.2662640267414194,173880000
1993-07-13,0.2698865532875061,0.2807545811506497,0.2680753362290178,0.2807545811506497,158110400
1993-07-14,0.2698865532875061,0.2716977461622539,0.259018501240622,0.26626414335427,246299200
1993-07-15,0.25901851058006287,0.27350979532987174,0.25539610051621336,0.26988656301881675,338038400
1993-07-16,0.19924546778202057,0.2146415109371191,0.1919998392523436,0.20649028615655873,2120596800
1993-07-19,0.18566074967384338,0.20830161380058948,0.1847551407435498,0.20286800858633025,806232000
1993-07-20,0.1947166919708252,0.2010567259386506,0.18656627517407243,0.19018868532637834,531910400
1993-07-21,0.19018866121768951,0.19381107091081162,0.18475504667800635,0.18837745637112846,455907200
1993-07-22,0.1919998973608017,0.1956223076443874,0.18656628193542316,0.188377487077216,211176000
1993-07-23,0.19018866121768951,0.1992454956057467,0.18837745637112846,0.19562227575737268,233777600
1993-07-26,0.1947166919708252,0.19924552086249767,0.18837748025022538,0.19381109547868422,152824000
1993-07-27,0.1919998973608017,0.19924552808335708,0.19018869221900886,0.19381110250259456,198609600
1993-07-28,0.1947166919708252,0.19562230055483715,0.19018868532637834,0.19018868532637834,91795200
1993-07-29,0.19743430614471436,0.19924551113241779,0.19381108601399247,0.1956222910016959,121374400
1993-07-30,0.20105670392513275,0.2046791015889546,0.1956222791363296,0.199245499047287,214446400
1993-08-02,0.20649035274982452,0.21192477843847257,0.20286794239432587,0.20467913548020356,216305600
1993-08-03,0.21011358499526978,0.2119247780780673,0.2083015454814587,0.21011358499526978,176478400
1993-08-04,0.21916964650154114,0.22098083997873105,0.21011363074809453,0.21192482422528444,242995200
1993-08-05,0.21373601257801056,0.2227928493370021,0.21011360193659956,0.2227928493370021,209372800
1993-08-06,0.21192476153373718,0.21916958166683237,0.21192476153373718,0.21192476153373718,125921600
1993-08-09,0.21554715931415558,0.2191695691742268,0.2101135566159187,0.21192474945408435,161414400
1993-08-10,0.20649035274982452,0.21554718879397125,0.20467913548020356,0.21373599570809354,152779200
1993-08-11,0.19924546778202057,0.20649028615655873,0.19562224843961268,0.20649028615655873,166969600
1993-08-12,0.1919998973608017,0.20105673322514994,0.188377487077216,0.19924552808335708,338172800
1993-08-13,0.19833990931510925,0.20105671067718087,0.19018867088986122,0.1919998758285323,138812800
1993-08-16,0.20012232661247253,0.203760677650358,0.1983031510935298,0.20012232661247253,102446400
1993-08-17,0.20648957788944244,0.20739917235152197,0.1983032884561829,0.20194164201431852,108180800
1993-08-18,0.20739911496639252,0.21649581006588475,0.20557992654558357,0.21103829338380936,188720000
1993-08-19,0.20012232661247253,0.20921819206210335,0.20012232661247253,0.20921819206210335,152129600
1993-08-20,0.2037607729434967,0.2037607729434967,0.19648325374368802,0.20194159657377675,99937600
1993-08-23,0.20648957788944244,0.20921833698549855,0.2001224652352507,0.20376081879338634,91179200
1993-08-24,0.2037607729434967,0.20921828990756808,0.20194159657377675,0.20557993716812817,101259200
1993-08-25,0.1983032077550888,0.2055798997649602,0.19466404195682918,0.20376073587130705,145768000
1993-08-26,0.19557367265224457,0.1983032571840524,0.19284491398650966,0.1983032571840524,176142400
1993-08-27,0.19284486770629883,0.19648321981751532,0.1910256916506906,0.19648321981751532,186569600
1993-08-30,0.18920651078224182,0.19284486280090965,0.18829692885011792,0.19284486280090965,273739200
1993-08-31,0.19284486770629883,0.19466404376190707,0.18920651559508236,0.19284486770629883,127870400
1993-09-01,0.19011613726615906,0.19466407199218005,0.18738736671447595,0.192844895672754,225568000
1993-09-02,0.18738731741905212,0.19102566910077382,0.1837481520166381,0.18920649325991298,282262400
1993-09-03,0.18738731741905212,0.18920649325991298,0.1837481520166381,0.18920649325991298,162937600
1993-09-07,0.19102570414543152,0.19648323266922602,0.18738735179623517,0.18920652797083334,143539200
1993-09-08,0.19466406106948853,0.19648323728683972,0.18920653241743493,0.19102570863478613,226632000
1993-09-09,0.18920651078224182,0.19648321481957748,0.18920651078224182,0.19466403881024358,149531200
1993-09-10,0.19102570414543152,0.19102570414543152,0.18465859360688153,0.19102570414543152,134489600
1993-09-13,0.18374814093112946,0.19284483330732338,0.18010978946890918,0.19102565757621323,255785600
1993-09-14,0.17647148668766022,0.1819290153864905,0.1746523104547168,0.17647148668766022,276640000
1993-09-15,0.1782907098531723,0.18192906327680547,0.17101318928482404,0.1782907098531723,257723200
1993-09-16,0.18010982871055603,0.18192900483802138,0.17647147645562533,0.17647147645562533,85960000
1993-09-17,0.18374814093112946,0.1855681303828828,0.17647143800668888,0.17738103194478608,172032000
1993-09-20,0.18101944029331207,0.18556820114893333,0.18010985815343183,0.1837482110031305,111036800
1993-09-21,0.1782907098531723,0.18374823998862208,0.1737427741461762,0.18010988656498889,146496000
1993-09-22,0.18556813895702362,0.18556813895702362,0.17647144616051874,0.17647144616051874,110488000
1993-09-23,0.18010982871055603,0.18556817081377255,0.17829065258309068,0.18556817081377255,130950400
1993-09-24,0.18192902207374573,0.18374819837355752,0.17829066947412214,0.18192902207374573,76574400
1993-09-27,0.18010982871055603,0.18374818096548673,0.17647147645562533,0.18192900483802138,113176000
1993-09-28,0.18010982871055603,0.18192900483802138,0.17647147645562533,0.18010982871055603,94550400
1993-09-29,0.17374272644519806,0.18101941914956132,0.172833132266473,0.17647148469119836,236745600
1993-09-30,0.170103520154953,0.17465227973052178,0.1673747623581148,0.17465227973052178,274904000
1993-10-01,0.16555562615394592,0.16737480250319856,0.1637364498046933,0.16555562615394592,335988800
1993-10-04,0.16555562615394592,0.16737480250319856,0.16009809710618803,0.16464604405186378,192841600
1993-10-05,0.17101317644119263,0.17465234331259472,0.1673748232908113,0.1673748232908113,176310400
1993-10-06,0.17192353308200836,0.17465229105579197,0.17010353118526036,0.17283311502490747,175280000
1993-10-07,0.16737477481365204,0.1728331166793321,0.16555559876535372,0.1710131269102487,134904000
1993-10-08,0.16464602947235107,0.16919396387021596,0.16191725911756233,0.16919396387021596,139406400
1993-10-11,0.1728331446647644,0.17465232100762682,0.16555562557239792,0.16555562557239792,161145600
1993-10-12,0.1746523082256317,0.18192901306453296,0.17283313201590642,0.1746523082256317,306342400
1993-10-13,0.1746523082256317,0.17647148443535704,0.1710131420853238,0.17647148443535704,177004800
1993-10-14,0.1728331446647644,0.1782906736933516,0.17101315460098515,0.17465232100762682,160686400
1993-10-15,0.20557992160320282,0.20739910998027636,0.19466406263550734,0.20194158128431847,955248000
1993-10-18,0.20648957788944244,0.20921833698549855,0.20194164201431852,0.20376081879338634,332998400
1993-10-19,0.2019415646791458,0.2073990929263442,0.19830321251434688,0.20557990469885815,213572800
1993-10-20,0.2019415646791458,0.20557990469885815,0.19830321251434688,0.20376074076154527,138409600
1993-10-21,0.2201341837644577,0.2274117154324308,0.19830325263773538,0.20012242908821518,627110400
1993-10-22,0.2201341837644577,0.22923087973782155,0.21649583086349813,0.22195334806984843,396076800
1993-10-25,0.21831490099430084,0.2219532523257833,0.21558614356823091,0.22013408880512586,219128000
1993-10-26,0.21649578213691711,0.2183149460328697,0.2110382661588868,0.21649578213691711,222476800
1993-10-27,0.23104989528656006,0.23468824584504355,0.21649569147726622,0.21831485461142675,459065600
1993-10-28,0.2255924642086029,0.23468833179074705,0.2255924642086029,0.23104997989985512,244462400
1993-10-29,0.22377334535121918,0.2310500263042913,0.22195333102932838,0.22559250951694315,136864000
1993-11-01,0.2292308211326599,0.2292308211326599,0.22013412748495714,0.22377330532157835,105974400
1993-11-02,0.23832756280899048,0.240146751306075,0.22559251462409666,0.22741170312118114,224246400
1993-11-03,0.23014047741889954,0.2401467678371502,0.22559253015329622,0.2401467678371502,176960000
1993-11-04,0.23468832671642303,0.23468832671642303,0.2237732955699184,0.22923081114317073,185371200
1993-11-05,0.23195967078208923,0.23468842976689935,0.22377339382765887,0.23195967078208923,378033600
1993-11-08,0.22377334535121918,0.23377880898814157,0.22195333102932838,0.23286921476019148,166992000
1993-11-09,0.21922458708286285,0.22741171295959497,0.21649582850935975,0.22559252438380772,171248000
1993-11-10,0.22377334535121918,0.22377334535121918,0.21831497840770422,0.2201341668636044,76977600
1993-11-11,0.22832125425338745,0.2328692008309224,0.22195331775300214,0.22377333196602722,142430400
1993-11-12,0.23104989528656006,0.232869082710883,0.22195320516991024,0.22923073215239953,143662400
1993-11-15,0.23286911845207214,0.23832745884799478,0.22923076733516767,0.22923076733516767,157102400
1993-11-16,0.24742338061332703,0.24924339459530917,0.23104998315303696,0.23286917126918275,303083200
1993-11-17,0.2437850385904312,0.2547009207267771,0.2383275226002796,0.24742339068058986,302624000
1993-11-18,0.2437850385904312,0.24560422678059685,0.24014671079044522,0.2437850385904312,114408000
1993-11-19,0.2410096526145935,0.2446610543609943,0.23735822649073587,0.2410096526145935,122964800
1993-11-22,0.23735830187797546,0.24100972916156088,0.23553174721365552,0.2391840033310359,150606400
1993-11-23,0.2410096526145935,0.2410096526145935,0.22822884453628856,0.23735822649073587,186166400
1993-11-24,0.2410096526145935,0.2446610543609943,0.23827106473860768,0.2391839273639363,90440000
1993-11-26,0.23827117681503296,0.2410097659791783,0.23553178319443435,0.23918403986974807,43444800
1993-11-29,0.2318803071975708,0.23735828884468133,0.23005460584475923,0.23553173428065713,96712000
1993-11-30,0.2300545871257782,0.23827110794481615,0.2300545871257782,0.23188028833003688,112660800
1993-12-01,0.2300545871257782,0.2355317151160155,0.2282288859215195,0.23370601391175683,111216000
1993-12-02,0.2318803071975708,0.23370603292784556,0.2264031787616729,0.2318803071975708,100654400
1993-12-03,0.2300545871257782,0.23370601391175683,0.22640316033979957,0.23188028833003688,120467200
1993-12-06,0.2355317324399948,0.23735828698974462,0.2282289027083564,0.23005460404690026,156979200
1993-12-07,0.2355317324399948,0.2355317324399948,0.23005460404690026,0.23370603110145097,63851200
1993-12-08,0.23279313743114471,0.235531701265218,0.23005457359707143,0.2337060001683224,39592000
1993-12-09,0.21909940242767334,0.23370593337153708,0.21727370185259134,0.23188020841900225,182761600
1993-12-10,0.206318661570549,0.22275089827710434,0.2026672470789176,0.22092519712565376,497257600
1993-12-13,0.21544812619686127,0.21544812619686127,0.20266730060633328,0.20631871606235724,244328000
1993-12-14,0.2127094566822052,0.21727374560520452,0.21179661839957153,0.2136223193422966,293664000
1993-12-15,0.2172738015651703,0.2172738015651703,0.21179667294887516,0.21179667294887516,123883200
1993-12-16,0.21453522145748138,0.2172737855639462,0.2117966573510166,0.21544808428545706,126369600
1993-12-17,0.21544812619686127,0.2172738278305065,0.21270953718019295,0.21544812619686127,145152000
1993-12-20,0.208144411444664,0.21727379585829656,0.20631868570221046,0.21362236875085286,189033600
1993-12-21,0.20084156095981598,0.20997011670922958,0.1990158473721869,0.2081444153103324,251126400
1993-12-22,0.20449301600456238,0.2081444436774582,0.19718934401362098,0.19901587449521863,181372800
1993-12-23,0.1990157812833786,0.1990157812833786,0.19353782569456265,0.1990157812833786,226956800
1993-12-27,0.208144411444664,0.2099701128096542,0.1990158436760547,0.20266727078349844,159936000
1993-12-28,0.2127094566822052,0.21544804466247944,0.20814436330310038,0.20997006424582546,159499200
1993-12-29,0.208144411444664,0.21362236875085286,0.208144411444664,0.21362236875085286,107352000
1993-12-30,0.2172738015651703,0.22092522876852175,0.208144416911747,0.208144416911747,314552000
1993-12-31,0.21362239122390747,0.22092524620705453,0.21362239122390747,0.217273818715481,160966400
1994-01-03,0.21818667650222778,0.21909951507034772,0.2117966846380613,0.2154481120429372,181529600
1994-01-04,0.2300545871257782,0.2300545871257782,0.21909947793416032,0.22092520351588024,285174400
1994-01-05,0.24648670852184296,0.24739957088389078,0.23188017940558403,0.23188017940558403,612136000
1994-01-06,0.2391839623451233,0.24831251680111036,0.23735826120491005,0.24648681566089709,366508800
1994-01-07,0.2419225424528122,0.24283540527281017,0.2282288932064441,0.23370602137150795,298793600
1994-01-10,0.2455739974975586,0.24739972334677854,0.23918400578021837,0.2410097316294383,201588800
1994-01-11,0.23279313743114471,0.24648680981260415,0.23188027469396702,0.24466108433824876,355398400
1994-01-12,0.22275090217590332,0.2355317124257989,0.22275090217590332,0.2355317124257989,439118400
1994-01-13,0.22366465628147125,0.22457751931695671,0.21727383495410435,0.21909953664760753,531596800
1994-01-14,0.2264031320810318,0.23188025938763515,0.2227508769172316,0.22457743110465006,214513600
1994-01-17,0.221838116645813,0.23005463932932826,0.21909952765179783,0.22640321171477482,145712000
1994-01-18,0.21453522145748138,0.22092521249838667,0.2117966573510166,0.22092521249838667,362801600
1994-01-19,0.21362239122390747,0.217273818715481,0.20997013489849178,0.21362239122390747,281590400
1994-01-20,0.21818667650222778,0.22457749720021675,0.2154481120429372,0.2154481120429372,268083200
1994-01-21,0.24374830722808838,0.24466114581718615,0.23553176045010535,0.24283544426152467,980134400
1994-01-24,0.2556162476539612,0.2574419491420315,0.24283543527126314,0.24283543527126314,692148800
1994-01-25,0.24739961326122284,0.2556161316280125,0.24283532504661187,0.25379043096864046,442332800
1994-01-26,0.24466124176979065,0.24831267069061724,0.24283553949811512,0.2464869684189417,165804800
1994-01-27,0.2492261677980423,0.2501390304081862,0.24100964860559854,0.2446610502912613,132249600
1994-01-28,0.24831248819828033,0.2537904685764915,0.24648678726836745,0.2501390423392082,136438400
1994-01-31,0.2391839623451233,0.24648681566089709,0.23918396234512332,0.24466109014322346,238380800
1994-02-01,0.24283544719219208,0.2446611487698871,0.235531763292628,0.24100974561449703,156721600
1994-02-02,0.2410096526145935,0.2428353534877939,0.23735822649073587,0.2428353534877939,146451200
1994-02-03,0.24466124176979065,0.24557410509436617,0.237358408305613,0.24100983722643957,137995200
1994-02-04,0.24466124176979065,0.25561635736643695,0.24283553949811512,0.24466124176979065,354009600
1994-02-07,0.2675292491912842,0.2721099162155588,0.24554029577629974,0.24554029577629974,725446400
1994-02-08,0.26203152537345886,0.26752919066305453,0.2583669778767067,0.26386464316630237,285387200
1994-02-09,0.2656969130039215,0.2675291990422143,0.258366985968901,0.26203153358042874,186984000
1994-02-10,0.2675292491912842,0.27485832132313603,0.2638647008928271,0.26569696280952443,302030400
1994-02-11,0.2711937725543976,0.27485832084649997,0.2656969623487752,0.2656969623487752,164248000
1994-02-14,0.2711937725543976,0.27852370095072176,0.26936151064087754,0.2711937725543976,245548800
1994-02-15,0.27210989594459534,0.2748583008474288,0.26569694301629715,0.2693614910417619,129774400
1994-02-16,0.2693614959716797,0.27485830587795046,0.2693614959716797,0.27485830587795046,122024000
1994-02-17,0.2711937725543976,0.2776075577614306,0.2656969623487752,0.27302605893297993,145152000
1994-02-18,0.2656969130039215,0.27119372218868426,0.2656969130039215,0.2675291990422143,149072000
1994-02-22,0.27302607893943787,0.27485834098722006,0.26203160144537196,0.26569698181818086,214569600
1994-02-23,0.27302607893943787,0.28035600787287523,0.27119379242659153,0.27302607893943787,260534400
1994-02-24,0.26844537258148193,0.27302606415041086,0.2656969674261497,0.2711937777368142,197859200
1994-02-25,0.2638646960258484,0.27302605437047894,0.26019931598287827,0.2711937680225157,236824000
1994-02-28,0.2675292491912842,0.27119377302467895,0.2638647008928271,0.26569696280952443,123827200
1994-03-01,0.2656969130039215,0.2693614606154493,0.26203153358042874,0.2693614606154493,211870400
1994-03-02,0.2611154317855835,0.2656969300572204,0.25470247917007,0.2583670025517411,294145600
1994-03-03,0.26203152537345886,0.2656969046821499,0.26019926385761133,0.26203152537345886,188473600
1994-03-04,0.2693614959716797,0.27485830587795046,0.26203156797453714,0.26386468606540886,226844800
1994-03-07,0.27760761976242065,0.2794399065502266,0.26936157080019196,0.27119383312293016,310396800
1994-03-08,0.2711937725543976,0.27852370095072176,0.26936151064087754,0.27852370095072176,186054400
1994-03-09,0.274858295917511,0.274858295917511,0.26386467650336115,0.26844534310423684,248539200
1994-03-10,0.27302607893943787,0.27577531605582356,0.2693615303788094,0.27302607893943787,143763200
1994-03-11,0.27302607893943787,0.27669145931224676,0.2693615303788094,0.27119379242659153,161840000
1994-03-14,0.27943986654281616,0.28218827186596807,0.27669146121966426,0.28218827186596807,441705600
1994-03-15,0.27577516436576843,0.2803558536632132,0.27302592876159903,0.2803558536632132,204545600
1994-03-16,0.2693614959716797,0.2766914239688222,0.26752923415794305,0.27485830587795046,147168000
1994-03-17,0.2675292491912842,0.27119377302467895,0.26569696280952443,0.26936151110798157,156228800
1994-03-18,0.2666131258010864,0.26936153111278077,0.2620316021593704,0.26936153111278077,223675200
1994-03-21,0.26019933819770813,0.2675292670973443,0.2583670516933112,0.26661312384514585,246512000
1994-03-22,0.2565346658229828,0.2601992125978114,0.25287011904815415,0.258366926977871,242827200
1994-03-23,0.2574508786201477,0.26019928333215114,0.2510379261371201,0.2583669972141096,216686400
1994-03-24,0.25378644466400146,0.25836711308326676,0.24920491996729216,0.2574509940784556,188092800
1994-03-25,0.24004344642162323,0.2547024690373922,0.24004344642162323,0.2547024690373922,343638400
1994-03-28,0.24370811879634857,0.24920493092724286,0.24004356922072875,0.24187585624107413,282576000
1994-03-29,0.24004344642162323,0.2473725418235151,0.23637806690869206,0.24370799412256916,213516800
1994-03-30,0.2382112741470337,0.24370808552755363,0.23271360648914896,0.2382112741470337,169825600
1994-03-31,0.24370811879634857,0.24554038135162304,0.23088137570180392,0.23821130666545431,209059200
1994-04-04,0.24370811879634857,0.24370811879634857,0.23271363825707836,0.23637818783269818,168302400
1994-04-05,0.2455402910709381,0.25103795745792246,0.2455402910709381,0.24737257741758523,97899200
1994-04-06,0.2455402910709381,0.24920483929917042,0.24004348096112063,0.24920483929917042,129091200
1994-04-07,0.2446242719888687,0.2473726781630991,0.24004357872177015,0.24554039107023093,77369600
1994-04-08,0.2455402910709381,0.24920483929917042,0.24370802918935291,0.24737257741758523,176848000
1994-04-11,0.2455402910709381,0.2455402910709381,0.23821121907953544,0.2455402910709381,106825600
1994-04-12,0.23454585671424866,0.24462419079721617,0.232713570229523,0.24462419079721617,136830400
1994-04-13,0.23271356523036957,0.23821123191354954,0.22904904126976705,0.2363781136560353,233139200
1994-04-14,0.23088127374649048,0.2327135354926529,0.2198867980622923,0.22355134601967722,221995200
1994-04-15,0.22171922028064728,0.23088141537390194,0.219886932945462,0.2290491525037918,188350400
1994-04-18,0.2171383798122406,0.2235513322256952,0.21438997513005414,0.2235513322256952,230294400
1994-04-19,0.21255779266357422,0.21988686639074734,0.2088924117551519,0.21805460407522098,166252800
1994-04-20,0.2070600539445877,0.2198867909606878,0.2052277922576012,0.21438998143466895,281848000
1994-04-21,0.2171383798122406,0.2235513322256952,0.19789787118042187,0.2088923339536891,410536000
1994-04-22,0.2180546075105667,0.23454589828268896,0.2088924150461517,0.22904908678444258,697827200
1994-04-25,0.2272167205810547,0.2272167205810547,0.21622226961392121,0.21805453131808622,359240000
1994-04-26,0.22904901206493378,0.230881273811613,0.22721672585319447,0.230881273811613,164225600
1994-04-28,0.22171922028064728,0.2290491525037918,0.21805467007535184,0.22721686516860654,100475200
1994-04-29,0.21988677978515625,0.2235513274379415,0.21805451819129265,0.21988677978515625,94785600
1994-05-02,0.2272167205810547,0.22904900675027923,0.21988679302225123,0.21988679302225123,123222400
1994-05-03,0.22171922028064728,0.2290491525037918,0.2162224072052417,0.22721686516860654,132899200
1994-05-04,0.2418757528066635,0.2437080145783997,0.22355134913988967,0.22721672896047748,364156800
1994-05-05,0.24095962941646576,0.24737258284018368,0.23637810610237445,0.24370803453162165,288332800
1994-05-06,0.23683622479438782,0.2400435215579594,0.22904906766680638,0.23637814089772266,187779200
1994-05-09,0.22904901206493378,0.23821120154049374,0.22538446410651525,0.23637808351671075,140470400
1994-05-10,0.2272167205810547,0.23454581632783378,0.2272167205810547,0.23271353015860924,146843200
1994-05-11,0.22171922028064728,0.23088141537390194,0.21805467007535184,0.22721686516860654,145521600
1994-05-12,0.21759645640850067,0.22538444271874833,0.2162222541126306,0.22355132486891832,107105600
1994-05-13,0.21988677978515625,0.2235513274379415,0.2143899705385074,0.21805451819129265,92612800
1994-05-16,0.21622227132320404,0.22355134266286145,0.21622227132320404,0.21988679476050288,135385600
1994-05-17,0.2153061479330063,0.21805455299500393,0.21072462470752845,0.21805455299500393,180107200
1994-05-18,0.22446836531162262,0.22538450859834272,0.21439003074068835,0.21805457942250386,123860800
1994-05-19,0.2354619950056076,0.2382112320219924,0.22355137468835623,0.22538449294670496,273582400
1994-05-20,0.22767482697963715,0.23637812692086338,0.22721676757512274,0.2327135782895542,98145600
1994-05-23,0.22355139255523682,0.22904905968030914,0.21988684383502138,0.22721677308766883,119952000
1994-05-24,0.22538448870182037,0.22904903706013635,0.22171910853136992,0.22721675064844699,126448000
1994-05-25,0.22904901206493378,0.23271353555829222,0.21988679812431372,0.22171908433605303,136113600
1994-05-26,0.22355139255523682,0.2308813218078843,0.2217191304276617,0.2308813218078843,73035200
1994-05-27,0.22029511630535126,0.22627435678848987,0.21707599194743837,0.22259450488194976,108684800
1994-05-31,0.21523652970790863,0.2170760508933628,0.2097171801783315,0.2170760508933628,257398400
1994-06-01,0.20787763595581055,0.21063691742820734,0.2051183913259041,0.2097171569374084,385761600
1994-06-02,0.2014392614364624,0.2097170398270172,0.1995997537629143,0.2087972798498315,384921600
1994-06-03,0.20327888429164886,0.20603814122500624,0.19683977483014,0.1995998668599522,353684800
1994-06-06,0.2014392614364624,0.2041985168063729,0.19867917097057022,0.2023590091328248,126033600
1994-06-07,0.20235909521579742,0.20419860367186707,0.20051958675972775,0.20051958675972775,140246400
1994-06-08,0.19224098324775696,0.2032788568694699,0.19132122287349274,0.20235909649520567,274164800
1994-06-09,0.19867926836013794,0.19867926836013794,0.1876422169086539,0.18856197733669222,293529600
1994-06-10,0.19500021636486053,0.20143932418359198,0.1940804561011751,0.1995998159370482,142732800
1994-06-13,0.19867926836013794,0.20005971953692783,0.19408049078160494,0.19408049078160494,92904000
1994-06-14,0.1991390883922577,0.2014392993019383,0.19591994014781292,0.20051953915186105,154358400
1994-06-15,0.20465852320194244,0.20603815173902285,0.19775953313921218,0.19867929368448636,159476800
1994-06-16,0.19408048689365387,0.20419861281079746,0.19224099063608585,0.20419861281079746,218220800
1994-06-17,0.19500021636486053,0.1968397246114043,0.19040145188891464,0.19132119987177298,224492800
1994-06-20,0.19959981739521027,0.20051956538478777,0.19132120126945623,0.1931607095294384,199897600
1994-06-21,0.19132119417190552,0.20051955794600015,0.1894816859801646,0.19775946670258526,243275200
1994-06-22,0.1931607723236084,0.19683979003957575,0.19132126346562472,0.1931607723236084,113859200
1994-06-23,0.18488208949565887,0.1931607054464201,0.1830425812745601,0.1931607054464201,203896000
1994-06-24,0.18844656646251678,0.19224097387814257,0.1821228488430116,0.18488210526966403,292857600
1994-06-27,0.1931607723236084,0.1931607723236084,0.18120313579061076,0.1858019140759855,255953600
1994-06-28,0.19683977961540222,0.1995998717123135,0.1885619963332633,0.19316076209426702,174227200
1994-06-29,0.19224098324775696,0.19959983993407013,0.19040147478005706,0.1968397482765924,135564800
1994-06-30,0.19500021636486053,0.19775947259426266,0.19316070811831676,0.19316070811831676,101729600
1994-07-01,0.18948175013065338,0.1950002765742152,0.1867224930492879,0.19408051602653945,179278400
1994-07-05,0.19500021636486053,0.1968397246114043,0.18856194364237086,0.18856194364237086,85848000
1994-07-06,0.19224098324775696,0.1950002398088925,0.19132122287349274,0.19316073134119263,97384000
1994-07-07,0.19729961454868317,0.19867924273194926,0.18764219270416507,0.19040146135152497,170150400
1994-07-08,0.1991390883922577,0.2032788073212672,0.19500019227856122,0.19500019227856122,208230400
1994-07-11,0.19867926836013794,0.20143936017898528,0.19591999935685228,0.19959985160373794,106422400
1994-07-12,0.2087973803281784,0.20925727281890588,0.19408048904251138,0.19867926657983617,242312000
1994-07-13,0.21845559775829315,0.2225944820343523,0.2097171017048377,0.2097171017048377,450262400
1994-07-14,0.2106369137763977,0.21891551946152926,0.20787763235183856,0.21799575898667622,180667200
1994-07-15,0.20787763595581055,0.21063691742820734,0.20235912213433743,0.20776308037247712,94964800
1994-07-18,0.2087973803281784,0.2133969929618867,0.20603812363044685,0.20695788405024348,76428800
1994-07-19,0.20373879373073578,0.21155669815379205,0.201439416578513,0.2106369620299022,116368000
1994-07-20,0.19591999053955078,0.20327885960574812,0.19408048204708978,0.20143935111328715,217369600
1994-07-21,0.20603813230991364,0.20971714958242238,0.1950002576767984,0.19592000585451075,289475200
1994-07-22,0.22811388969421387,0.23524197823785395,0.22075501979089177,0.232712667588925,786576000
1994-07-25,0.23317252099514008,0.23455214936508154,0.2262743791454329,0.22903363588531578,422654400
1994-07-26,0.23087310791015625,0.23547188503407473,0.22903361179758253,0.23363236435984489,188809600
1994-07-27,0.22857384383678436,0.23087323365106446,0.22535471774612784,0.22995349737468804,133784000
1994-07-28,0.23455213010311127,0.2363916508197399,0.22719409635991009,0.2281138567182244,245313600
1994-07-29,0.24788951873779297,0.2501888838513935,0.23455223826152355,0.23455223826152355,555766400
1994-08-01,0.24559010565280914,0.248349363175451,0.24099132674062893,0.24742960248068183,229275200
1994-08-02,0.23961155116558075,0.2474294508768057,0.2382319232495793,0.24650969074558787,269561600
1994-08-03,0.2437504678964615,0.24467022815213585,0.23639162443979395,0.24099121169109233,226844800
1994-08-04,0.24467040598392487,0.24834942511895974,0.2437506450597482,0.2437506450597482,184755200
1994-08-05,0.24467040598392487,0.24559016690810154,0.24191114777306666,0.24191114777306666,87012800
1994-08-08,0.2483491748571396,0.25018867029015895,0.2428306639964345,0.24375039943212065,141276800
1994-08-09,0.24742953479290009,0.24926905567921198,0.24375051758193525,0.24650977434974414,78601600
1994-08-10,0.25478842854499817,0.2566279250446117,0.2446703012964866,0.2474295583267375,253568000
1994-08-11,0.25248900055885315,0.25846740624347836,0.24926904094423175,0.2520291326452887,298088000
1994-08-12,0.2557082176208496,0.2584674749591218,0.24926910721441567,0.2529489357209133,179648000
1994-08-15,0.2556709349155426,0.2584397491377,0.2529021206933852,0.2565938812051734,120075200
1994-08-16,0.2565939128398895,0.2565939128398895,0.2510554210770214,0.2538250736296349,155736000
1994-08-17,0.2584397494792938,0.2612085637051109,0.2556709352534767,0.2575168031884431,286182400
1994-08-18,0.2556709349155426,0.26028561707022657,0.25474798862591175,0.2565938812051734,206259200
1994-08-19,0.2575168013572693,0.2584397476415571,0.25290211922930034,0.2565938797197165,130547200
1994-08-22,0.2575168013572693,0.2584397476415571,0.2556709334354287,0.2565938797197165,152420800
1994-08-23,0.2584397494792938,0.2649011622107736,0.2565938815443275,0.2575168031884431,214446400
1994-08-24,0.2575168013572693,0.2584397476415571,0.25382504086685315,0.2565938797197165,171584000
1994-08-25,0.2589011788368225,0.2685928900850686,0.252902090292206,0.252902090292206,298793600
1994-08-26,0.2639773190021515,0.26674697059868235,0.26028555930961084,0.26028555930961084,204198400
1994-08-29,0.2612086832523346,0.2667471522277514,0.2602857365390794,0.2639774987453538,152107200
1994-08-30,0.2676699757575989,0.2685929220461084,0.25936269511222565,0.2602856167540001,182078400
1994-08-31,0.2672085165977478,0.2759764447762543,0.2639773789022537,0.2658241094797452,351836800
1994-09-01,0.2584397494792938,0.263977377930928,0.2556709352534767,0.2612085637051109,204288000
1994-09-02,0.2612086832523346,0.2621316299655898,0.2584398677593153,0.2602857365390794,101304000
1994-09-06,0.2625928521156311,0.2630543373758144,0.25843963265432546,0.26028549975488663,91425600
1994-09-07,0.26674702763557434,0.27043878811750166,0.2612085612470639,0.263054453811395,203896000
1994-09-08,0.26674702763557434,0.2676699739177399,0.263054453811395,0.26582410600014367,158838400
1994-09-09,0.2639773190021515,0.2658240491605944,0.2612085053944284,0.2639773190021515,157236800
1994-09-12,0.2639773190021515,0.2639773190021515,0.2612085053944284,0.26305439756406357,90540800
1994-09-13,0.2644388973712921,0.26767001082325204,0.26305449008053344,0.26397741184321366,104227200
1994-09-14,0.25936275720596313,0.2639774404598366,0.258439810696492,0.2630545185971065,99086400
1994-09-15,0.2658241093158722,0.2667470309628148,0.2593626965646004,0.2593626965646004,258955200
1994-09-16,0.2685930132865906,0.2750535902073315,0.26213159837657224,0.26490125152520383,364145600
1994-09-19,0.2621314227581024,0.2713616466435624,0.2621314227581024,0.26859283333921186,174350400
1994-09-20,0.25520947575569153,0.2612085902866095,0.25382506850190084,0.2593627221638012,197254400
1994-09-21,0.25197911262512207,0.25567087223178825,0.24920946109301648,0.25474792616843944,234841600
1994-09-22,0.2501324415206909,0.25290209343330383,0.24828654914039627,0.25290209343330383,146238400
1994-09-23,0.2505939304828644,0.25474798982464136,0.25013246965924507,0.25013246965924507,132876800
1994-09-26,0.2505939304828644,0.25474798982464136,0.24828657707129748,0.25013246965924507,141702400
1994-09-27,0.2501324415206909,0.2519791472431565,0.24644068140683406,0.2492094953305436,109088000
1994-09-28,0.2501324415206909,0.2538250149767187,0.24828654914039627,0.2510553630641058,81267200
1994-09-29,0.25197911262512207,0.25382498010509064,0.2464406475496991,0.24920946109301648,109379200
1994-09-30,0.24874812364578247,0.25474805240263393,0.2482866380620656,0.2519792374872978,71702400
1994-10-03,0.24459485709667206,0.24920956468493774,0.2399801741551457,0.24828661823793674,129595200
1994-10-04,0.24920952320098877,0.25105539114098435,0.24367189473426684,0.24551776267426242,162388800
1994-10-05,0.27966904640197754,0.28151493917364995,0.2464407336587452,0.24828660178367995,709800000
1994-10-06,0.2676699757575989,0.2767844123300797,0.2658241078273149,0.2759764430607145,526915200
1994-10-07,0.27320775389671326,0.2736692396172022,0.2621316529635049,0.2667471756306058,364392000
1994-10-10,0.28705257177352905,0.29259103885319343,0.2732076364112675,0.2741305828086089,523409600
1994-10-11,0.29259103536605835,0.3092047850756017,0.2907451672401127,0.3055130241769726,842307200
1994-10-12,0.3110505938529968,0.3147423537547127,0.2888983831117223,0.2925909563555623,597318400
1994-10-13,0.30366718769073486,0.3165891778480179,0.29997458841828484,0.31474247154057855,525302400
1994-10-14,0.30366718769073486,0.31012776377479195,0.3018204813832956,0.30643600249151076,176052800
1994-10-17,0.2935139536857605,0.30643594126103757,0.28705254090362126,0.30182042107507223,303990400
1994-10-18,0.3045900762081146,0.3073588904819703,0.2990515850246584,0.29997453133152213,468686400
1994-10-19,0.3045900762081146,0.31105065106268964,0.3027433456053778,0.3027433456053778,351086400
1994-10-20,0.3027433753013611,0.30874332790341447,0.29905161435851824,0.30459010608524306,218142400
1994-10-21,0.31474244594573975,0.3156653677064529,0.3008975104318208,0.3008975104318208,322705600
1994-10-24,0.3119736313819885,0.31843504544048706,0.3092048165875236,0.3156653926568552,204500800
1994-10-25,0.31474244594573975,0.31474244594573975,0.30643597757215346,0.3073589239796049,301481600
1994-10-26,0.31935790181159973,0.31947285417547433,0.314742382016209,0.314742382016209,196772800
1994-10-27,0.3156653344631195,0.32304969364069375,0.3138194664893469,0.31935793304641286,159409600
1994-10-28,0.3110505938529968,0.31658905937106036,0.3082817800883927,0.3128964614804892,273324800
1994-10-31,0.3188965618610382,0.32028096939222833,0.30643603144433634,0.31012779307642424,355902400
1994-11-01,0.31843501329421997,0.3210880620821216,0.3128965462752358,0.3165891451664986,218097600
1994-11-02,0.3055129945278168,0.3193579283814618,0.3055129945278168,0.31843498208468946,218747200
1994-11-03,0.3064359724521637,0.3101277333735485,0.30274337354169223,0.30828186523622503,110521600
1994-11-04,0.29812881350517273,0.3073590452710495,0.2953599978369139,0.3064360984993806,192046400
1994-11-07,0.300897479057312,0.3045900776444537,0.29628277214796755,0.2981286647703996,113041600
1994-11-08,0.3119736313819885,0.3147424708231937,0.29720577294009504,0.29997458773456004,348969600
1994-11-09,0.3073587417602539,0.31751191027174264,0.30274319911698466,0.3156651805625832,406336000
1994-11-10,0.3050515055656433,0.3092047265479339,0.3027433143709813,0.30828180498302465,152980800
1994-11-11,0.30366718769073486,0.30643600249151076,0.3027434032190607,0.30459013417324027,62272000
1994-11-14,0.31381940841674805,0.31566527604894096,0.30459002096232113,0.30459002096232113,139630400
1994-11-15,0.3055129945278168,0.31751206043465235,0.30459007287777967,0.3138194619052978,167619200
1994-11-16,0.30228182673454285,0.3068973460781794,0.2999744737337834,0.3008974198634333,187398400
1994-11-17,0.2953599989414215,0.3027434992021399,0.2944370521663012,0.30182057707376764,150438400
1994-11-18,0.2962483763694763,0.29995121810573344,0.29347120798596343,0.2962483763694763,147033600
1994-11-21,0.28236159682273865,0.2980995903102225,0.2814358746708292,0.29624817072726645,202596800
1994-11-22,0.276806503534317,0.28976735672395715,0.27588078127976906,0.27958448608652614,224336000
1994-11-23,0.2731036841869354,0.28051022978919143,0.26940081928015713,0.27402938187297776,327812800
1994-11-25,0.2795846462249756,0.2795846462249756,0.2721780728786092,0.27310379566338594,84224000
1994-11-28,0.2800474166870117,0.2832874331642735,0.27634371079798165,0.2786588452598632,138678400
1994-11-29,0.28328749537467957,0.2851389161104951,0.2795846291821703,0.2814360499179858,144132800
1994-11-30,0.2758808434009552,0.29161968268678146,0.27402939847496205,0.28421311191493104,312032000
1994-12-01,0.26801225543022156,0.2786588173901934,0.26662368414194904,0.27402938943911237,309321600
1994-12-02,0.27078932523727417,0.2721778961523946,0.2638456301523055,0.2703264765058553,172256000
1994-12-05,0.27541789412498474,0.2768064649528339,0.2675492931393565,0.27032645951591705,180275200
1994-12-06,0.2781951129436493,0.2842130871358939,0.2731036769223702,0.27402937458378895,238089600
1994-12-07,0.27125227451324463,0.28004741722569476,0.26708656022378613,0.27773228275935996,137300800
1994-12-08,0.2656978964805603,0.27402932216482784,0.2647713337659676,0.27310362468048544,169859200
1994-12-09,0.2684750556945801,0.26940077795950496,0.2573656468895053,0.26569791362067147,260724800
1994-12-12,0.27032670378685,0.2721781249899978,0.2629201290224163,0.26940098082483377,224078400
1994-12-13,0.26940086483955383,0.27356657929383293,0.2684751422760894,0.2712522852456088,119201600
1994-12-14,0.28051018714904785,0.28236163168143513,0.2703265005949401,0.2703265005949401,311427200
1994-12-15,0.274955153465271,0.28421314553746785,0.2731037330411252,0.2814360025408121,227595200
1994-12-16,0.2758808434009552,0.27958454904169044,0.27217797826984,0.2758808434009552,179782400
1994-12-19,0.289767324924469,0.2916195850188604,0.2758807510042137,0.2758807510042137,332819200
1994-12-20,0.2851388156414032,0.2906931006126673,0.284213093239236,0.28976740293136966,175145600
1994-12-21,0.28421300649642944,0.285138728616063,0.2777321605914102,0.2805101427387572,157438400
1994-12-22,0.2860645353794098,0.2879159554456321,0.28328739291964167,0.28513881298586397,133078400
1994-12-23,0.2879159152507782,0.29161962009658887,0.2851387731787164,0.2851387731787164,93889600
1994-12-27,0.289767324924469,0.2943967267568712,0.2879158806185532,0.29069302235656397,81916800
1994-12-28,0.289767324924469,0.29069302235656397,0.28328731929548956,0.289767324924469,89163200
1994-12-29,0.29254546761512756,0.2953226108762317,0.2897674838442239,0.29069318178400766,121340800
1994-12-30,0.28884169459342957,0.29532254279199,0.28699024969894493,0.29161967772389147,73091200
1995-01-03,0.28421300649642944,0.28791587025410165,0.2805101427387572,0.28791587025410165,103868800
1995-01-04,0.2916196882724762,0.2934711085130604,0.2860645623202159,0.2860645623202159,158681600
1995-01-05,0.2879159152507782,0.29161962009658887,0.286990192986469,0.29069305732284,73640000
1995-01-06,0.3110605478286743,0.3193928163757202,0.304580540003722,0.3082834051495335,1076622400
1995-01-09,0.30515870451927185,0.3101348431463744,0.3036539944401609,0.3082834228277364,274086400
1995-01-10,0.3235584795475006,0.3258727480923679,0.30550619111874266,0.30550619111874266,614790400
1995-01-11,0.3462402820587158,0.3559603070239609,0.31615201252635333,0.32402143290273894,873824000
1995-01-12,0.33605653047561646,0.3434631011180574,0.3314279676832473,0.3416108404356785,551779200
1995-01-13,0.33235371112823486,0.3416108874281447,0.32865002976359897,0.3416108874281447,351377600
1995-01-16,0.32957562804222107,0.33513077759768567,0.327724208174133,0.33235361071425357,188977600
1995-01-17,0.33327940106391907,0.33698226627708183,0.32679855261146357,0.3295756953411177,330108800
1995-01-18,0.3379078805446625,0.3379078805446625,0.33142787467708534,0.3332792943303086,127657600
1995-01-19,0.33975932002067566,0.3406850422617292,0.33327931377503145,0.3369821780183803,314294400
1995-01-20,0.3156891167163849,0.3480916754480927,0.3147633943046224,0.3480916754480927,1000361600
1995-01-23,0.3129120469093323,0.3156892150093181,0.30365405356217673,0.31013490353022394,398540800
1995-01-24,0.3082832992076874,0.31383758265723427,0.30643185491059655,0.31291186050868885,218097600
1995-01-25,0.3035387098789215,0.3110605795918766,0.29254543618343753,0.29254543618343753,517070400
1995-01-26,0.29254546761512756,0.3073577470911078,0.29069318178400766,0.3027283427197603,246388800
1995-01-27,0.2953225374221802,0.29902540242294995,0.28884168934146015,0.2953225374221802,298569600
1995-01-30,0.29717394709587097,0.2999510895684217,0.29532252702112693,0.29717394709587097,230585600
1995-01-31,0.29902544617652893,0.3027283117191042,0.296248303199816,0.2999511440215173,212777600
1995-02-01,0.29717394709587097,0.30180253436403515,0.29532252702112693,0.30180253436403515,158368000
1995-02-02,0.3082832992076874,0.3101347187839154,0.2971738670783962,0.2971738670783962,203582400
1995-02-03,0.29995107650756836,0.31198623350195814,0.299025378870939,0.3110605111444604,319211200
1995-02-06,0.29995107650756836,0.30180252122256385,0.2925453718101915,0.30180252122256385,243028800
1995-02-07,0.3022654354572296,0.303654006933557,0.2962483006334356,0.29902544358609034,201600000
1995-02-08,0.3133748173713684,0.31383766620843134,0.30272825584240853,0.3036539535165343,402864000
1995-02-09,0.3230955898761749,0.32494703428435817,0.3119861818011475,0.3119861818011475,475395200
1995-02-10,0.3240213096141815,0.3272613249434107,0.32124416774390735,0.32309558741713545,350963200
1995-02-13,0.3249121308326721,0.330481684784354,0.3211990866019414,0.3230556211117209,283371200
1995-02-14,0.31887850165367126,0.3276969805608526,0.31655702736413294,0.3249122029667604,165614400
1995-02-15,0.316092848777771,0.3230556596571337,0.3156287274893636,0.3211991249258415,184475200
1995-02-16,0.3207350969314575,0.32119921835486653,0.3165570869337518,0.32027095071921,218780800
1995-02-17,0.3156287372112274,0.3193426248196381,0.3156287372112274,0.3184143574253999,121788800
1995-02-21,0.30448874831199646,0.31748523499627945,0.3035605057423026,0.3165569924265856,301582400
1995-02-22,0.30309638381004333,0.30448877256431806,0.2979909501147583,0.3017039950557686,293417600
1995-02-23,0.2984551191329956,0.31098746170369895,0.2970627302718496,0.305417906259115,314708800
1995-02-24,0.28963565826416016,0.29984736436744275,0.2859226148167047,0.29799083024930345,568814400
1995-02-27,0.28406620025634766,0.28963575489121046,0.2830214749577617,0.28406620025634766,268811200
1995-02-28,0.29334965348243713,0.2961344309050966,0.28220967618266796,0.28592272100915805,222969600
1995-03-01,0.2970627546310425,0.29799099742203256,0.2927691297487639,0.29520621947138836,224448000
1995-03-02,0.2970627546310425,0.30263231053233086,0.29520621947138836,0.29799099742203256,268744000
1995-03-03,0.2989192306995392,0.3021681544616869,0.2933496754373822,0.2952061855951565,145768000
1995-03-06,0.2952061891555786,0.29706272412457835,0.29334967897541336,0.2952061891555786,132720000
1995-03-07,0.28453031182289124,0.29613440959512316,0.28406619054879045,0.29613440959512316,150785600
1995-03-08,0.2938137948513031,0.2979909612705059,0.2803531853061264,0.28777925067732,364873600
1995-03-09,0.2952061891555786,0.29984750178924346,0.2924214114909135,0.2961344566400785,196683200
1995-03-10,0.29334965348243713,0.29984747573158677,0.2924213860786065,0.29427789609743543,137412800
1995-03-13,0.28313788771629333,0.2942778380290387,0.28220962049563314,0.2942778380290387,325752000
1995-03-14,0.25992971658706665,0.2840661784396787,0.2562166721860479,0.2840661784396787,727865600
1995-03-15,0.25992971658706665,0.2692131580154012,0.2590014492896046,0.2636427609880855,730968000
1995-03-16,0.26178622245788574,0.26735664419029415,0.2599297126796989,0.26178622245788574,316736000
1995-03-17,0.26085805892944336,0.2636428368341386,0.2590015238004222,0.2636428368341386,215644800
1995-03-20,0.26178622245788574,0.26457102430840973,0.2599297126796989,0.26085797996320687,189884800
1995-03-21,0.26921316981315613,0.2729262143768921,0.2617862378654451,0.26364277254172835,305368000
1995-03-22,0.28267377614974976,0.2933496313360476,0.2692131685398592,0.2692131685398592,479147200
1995-03-23,0.27571114897727966,0.2822098172962623,0.274667265937542,0.2812815494282692,170094400
1995-03-24,0.28035327792167664,0.28128152090670244,0.27663938879441197,0.27756765656828,128116800
1995-03-27,0.27617505192756653,0.27942479223917527,0.2719978625971508,0.27942479223917527,142800000
1995-03-28,0.2552885115146637,0.2699094650240862,0.25343200093316226,0.26921327045741816,689796800
1995-03-29,0.2552885115146637,0.25900155746650644,0.25157464753110653,0.25250289042743734,496876800
1995-03-30,0.2627143859863281,0.2636426529032312,0.25621656714564556,0.25714483406254857,273414400
1995-03-31,0.26178622245788574,0.26457102430840973,0.25807320290151203,0.26085797996320687,183243200
1995-04-03,0.2636427581310272,0.2654992679170032,0.2608579810576487,0.2636427581310272,154302400
1995-04-04,0.2515745759010315,0.2664284163313816,0.24971804105929582,0.26549930609019945,428198400
1995-04-05,0.2580733001232147,0.2580733001232147,0.2506463658147353,0.2534319867460224,264857600
1995-04-06,0.2729261815547943,0.28220962227353164,0.263874813839891,0.2766392256719996,722825600
1995-04-07,0.2729261815547943,0.2757109584454914,0.269213137437589,0.2747826912189832,295724800
1995-04-10,0.2719980478286743,0.27478282608617893,0.2682850018890549,0.2738545831929039,117801600
1995-04-11,0.28035327792167664,0.28128152090670244,0.27199807471391413,0.27292634248778214,214513600
1995-04-12,0.28963565826416016,0.29427778680184796,0.27756744283156143,0.28406610548738853,474712000
1995-04-13,0.28406620025634766,0.2914922648398876,0.28128139815008485,0.2914922648398876,174361600
1995-04-17,0.2849944233894348,0.29242135507529016,0.28128137895661187,0.28313791356743817,208812800
1995-04-18,0.27849581837654114,0.2868510191489056,0.27849581837654114,0.2859227516456117,231134400
1995-04-19,0.27014148235321045,0.27849581542789725,0.2645710841497057,0.27849581542789725,279428800
1995-04-20,0.27942484617233276,0.2859226671985944,0.2719979150968,0.2757109592244963,329504000
1995-04-21,0.2905639410018921,0.29334956036057414,0.27571092359062416,0.27663919069978254,666624000
1995-04-24,0.28963565826416016,0.29427778680184796,0.2859226148167047,0.28963565826416016,272238400
1995-04-25,0.28035327792167664,0.2924215026472268,0.27663938879441197,0.2905641490676982,273638400
1995-04-26,0.28406620025634766,0.28777922015370194,0.2775675354324636,0.2794248882014077,230440000
1995-04-27,0.28128141164779663,0.2859227239254569,0.28035316902333063,0.2859227239254569,139865600
1995-04-28,0.28406620025634766,0.2849944428362705,0.27849577801238645,0.28220966551883914,195316800
1995-05-01,0.28406620025634766,0.28777922015370194,0.28220966551883914,0.28406620025634766,177956800
1995-05-02,0.28313788771629333,0.28499439736878635,0.27849573358168717,0.28406615493695353,120008000
1995-05-03,0.28313788771629333,0.28685093181010674,0.28220962049563314,0.28406615493695353,168784000
1995-05-04,0.28592270612716675,0.2961344154915961,0.2822096614939369,0.28406619620496737,303643200
1995-05-05,0.28870752453804016,0.29056405951357756,0.28313796918909706,0.28777925705027146,208006400
1995-05-08,0.3007757365703583,0.30448878162181897,0.29520618138758414,0.29613444884765777,386971200
1995-05-09,0.3063460886478424,0.30727433110481417,0.2970626477361727,0.30170393438751586,322929600
1995-05-10,0.3077385127544403,0.31098741130767993,0.30263223667438427,0.3082026340366657,275072000
1995-05-11,0.30448874831199646,0.30913090313604796,0.29984746109703375,0.30913090313604796,523622400
1995-05-12,0.32398396730422974,0.32444811347468944,0.3007757663831379,0.3035605690393874,647953600
1995-05-15,0.32398396730422974,0.3249122348563129,0.3156287908815567,0.3202709218847334,393355200
1995-05-16,0.3249121308326721,0.3295534423182926,0.31562868983009595,0.32027081934705165,332516800
1995-05-17,0.3267687261104584,0.3295535286042638,0.3230557056963875,0.3249122159034229,263144000
1995-05-18,0.3221273422241211,0.32769689597467444,0.3211990750027531,0.32769689597467444,371571200
1995-05-19,0.31748518347740173,0.3249121143830159,0.3165569410583354,0.31841429350541606,322593600
1995-05-22,0.32769694924354553,0.32769694924354553,0.3137721949946592,0.3156287297391848,371884800
1995-05-23,0.32584041357040405,0.32955345797756613,0.32305563646223984,0.32769692337957035,276662400
1995-05-24,0.3230557143688202,0.3286252699282761,0.31841440154338324,0.3249122246256937,264667200
1995-05-25,0.3221273422241211,0.3267686287533064,0.3193425653488444,0.3211990750027531,182862400
1995-05-26,0.31790027022361755,0.3211590237322746,0.3146423370149352,0.32022820697914395,114553600
1995-05-30,0.3127806484699249,0.3192973345584491,0.30905730724395397,0.3174348312167818,196380800
1995-05-31,0.3095227777957916,0.31371155305301823,0.3053331822385046,0.31371155305301823,159532800
1995-06-01,0.31417685747146606,0.31650394854231334,0.3109189498583354,0.31184976640061884,186726400
1995-06-02,0.31371137499809265,0.31557303249989055,0.3090571939572528,0.3118496926387313,105694400
1995-06-05,0.3239516317844391,0.3239516317844391,0.31371160085128685,0.3155732596933654,254654400
1995-06-06,0.3276749551296234,0.33046748072735793,0.323951637381141,0.3248824543894707,315268800
1995-06-07,0.3211590349674225,0.3286057183984261,0.3211590349674225,0.3286057183984261,124521600
1995-06-08,0.3197627663612366,0.3230206994946887,0.31371151301776934,0.3230206994946887,136136000
1995-06-09,0.3239516317844391,0.3258132906265176,0.3211591062349492,0.32488244877668765,186625600
1995-06-12,0.3289552628993988,0.33139826580395637,0.32674410663801184,0.3276749235566531,212116800
1995-06-13,0.3276749551296234,0.3323299847593806,0.3267441381212937,0.33139829773568763,125944000
1995-06-14,0.32488247752189636,0.3267441613862758,0.32302081851510045,0.3267441613862758,118048000
1995-06-15,0.32488247752189636,0.3258133194540861,0.32302081851510045,0.32488247752189636,92758400
1995-06-16,0.3267439901828766,0.3276748067697646,0.32395149070707135,0.3267439901828766,89208000
1995-06-19,0.3304673433303833,0.33698402912496744,0.3239515026932292,0.32674400227235645,469537600
1995-06-20,0.3528091311454773,0.3556016313262243,0.3425691020867415,0.3425691020867415,738528000
1995-06-21,0.36770325899124146,0.37328910360047185,0.34815489089504853,0.35467073187462134,626012800
1995-06-22,0.36584165692329407,0.3695649987482514,0.36211831509833675,0.36491081525266056,473916800
1995-06-23,0.36304914951324463,0.36491080795972874,0.3556016208545686,0.36304914951324463,231963200
1995-06-26,0.3583948612213135,0.3611873605025631,0.3546706754031178,0.3593257026009196,152779200
1995-06-27,0.34536242485046387,0.35932579485667143,0.34536242485046387,0.3528091080840876,217100800
1995-06-28,0.3472241461277008,0.3537399889230345,0.337914957670597,0.34256914174908376,266358400
1995-06-29,0.3518783450126648,0.3583950332399202,0.3425691561638452,0.3453625019431549,232556800
1995-06-30,0.3458278477191925,0.35653246463757976,0.34349993570398024,0.3518782812071874,165491200
1995-07-03,0.34955117106437683,0.3509474210483719,0.3444307343463222,0.3462932627209133,39390400
1995-07-05,0.3462933599948883,0.35653254599209444,0.3462933599948883,0.34908586074729325,177060800
1995-07-06,0.3500165641307831,0.3500165641307831,0.3407073536714598,0.3462932229815485,184094400
1995-07-07,0.36211830377578735,0.3667724622682775,0.34815493342558773,0.3490857750671161,387116800
1995-07-10,0.36211830377578735,0.3714274907759211,0.3583949620672498,0.36211830377578735,297931200
1995-07-11,0.35094746947288513,0.36211834090135003,0.3504820610331937,0.3556016533001133,214692800
1995-07-12,0.3500165641307831,0.35746322157168015,0.34349987817656485,0.3518782222766143,283808000
1995-07-13,0.3546707332134247,0.36304910243773225,0.350947391945675,0.35280907500833625,352329600
1995-07-14,0.36304914951324463,0.36491080795972874,0.35001662065754,0.3528091207560543,277928000
1995-07-17,0.3649108409881592,0.3704958416906915,0.362118340636893,0.3639799992518777,226161600
1995-07-18,0.3583948612213135,0.3690994500852933,0.35560151678272395,0.3649107011634189,254632000
1995-07-19,0.33884570002555847,0.35746322631885397,0.33512235882687724,0.350016568779064,521035200
1995-07-20,0.3504820466041565,0.3528091384219662,0.33512242527807534,0.34256910915203564,331273600
1995-07-21,0.3258132040500641,0.33419154905722737,0.3202282041503168,0.3202282041503168,757881600
1995-07-24,0.33791494369506836,0.3388457854437838,0.3258132552344075,0.3276749138742597,214625600
1995-07-25,0.34070736169815063,0.3453623896162049,0.33977654503209204,0.34256904474541316,263524800
1995-07-26,0.33791494369506836,0.344430786220919,0.33791494369506836,0.344430786220919,171449600
1995-07-27,0.34862029552459717,0.3537398865868136,0.3388457014304465,0.3388457014304465,325180800
1995-07-28,0.33884570002555847,0.3518782269496184,0.33512235882687724,0.3481548857509372,260937600
1995-07-31,0.33512237668037415,0.3397765596410683,0.33326071841064075,0.3388457180774147,158524800
1995-08-01,0.3239516317844391,0.33419163786000994,0.3239516317844391,0.33419163786000994,210918400
1995-08-02,0.3304673433303833,0.3351223461671683,0.32581316079345685,0.32674400227235645,275128000
1995-08-03,0.33512237668037415,0.3397765596410683,0.3267440320227062,0.32860569029243963,213931200
1995-08-04,0.3295365273952484,0.3360532136949684,0.3258131860486097,0.3351223721439154,192315200
1995-08-07,0.3230206370353699,0.3323298217122639,0.32115895421692264,0.3286056357755723,193760000
1995-08-08,0.31650400161743164,0.3258131877616835,0.3155731600614844,0.32488234620573625,234595200
1995-08-09,0.3211590349674225,0.3258132183261937,0.3165040313086478,0.31743487295191725,369017600
1995-08-10,0.3183656632900238,0.3220898498537256,0.31743484658165594,0.321159008287784,164024000
1995-08-11,0.3206936717033386,0.32115908016167877,0.3118498918341221,0.3192974214707388,206931200
1995-08-14,0.3230206370353699,0.3258131364054711,0.3192972962560451,0.32022813766526864,167406400
1995-08-15,0.32814034819602966,0.3286057566430428,0.3211590723453605,0.3267440979974116,317867200
1995-08-16,0.33230283856391907,0.33230283856391907,0.3257692104361348,0.3285693332158381,292633600
1995-08-17,0.33323702216148376,0.33977064937882967,0.3295026698691599,0.33323702216148376,246892800
1995-08-18,0.33510392904281616,0.33697069484936315,0.3267027102247548,0.33510392904281616,241158400
1995-08-21,0.32950273156166077,0.3388373303807251,0.32950273156166077,0.3351038248538742,271779200
1995-08-22,0.33417055010795593,0.336970673716732,0.3295028133448415,0.33136957903431696,217044800
1995-08-23,0.33977073431015015,0.3425708573996032,0.3332371054596155,0.33510384587744,253803200
1995-08-24,0.34163743257522583,0.3453709378756509,0.339770692387728,0.34070407494419164,287929600
1995-08-25,0.33417055010795593,0.3425709209342841,0.33323716726321817,0.3425709209342841,134344000
1995-08-28,0.3211023509502411,0.33603719504477514,0.3211023509502411,0.3351038124662087,243040000
1995-08-29,0.3220357596874237,0.3229691424140512,0.3173680484403984,0.3211024018862302,317060800
1995-08-30,0.3239023983478546,0.32670252050618476,0.3220356336253517,0.32296901598660316,153473600
1995-08-31,0.3211023509502411,0.3248358563390768,0.3211023509502411,0.3239024737605104,87864000
1995-09-01,0.32063573598861694,0.3248359462925722,0.3201690570328161,0.3211024398698547,98380800
1995-09-05,0.3248358964920044,0.3248358964920044,0.31923477778906095,0.3248358964920044,179972800
1995-09-06,0.3267025947570801,0.32985316909616813,0.3248358545357405,0.3276359773304648,200760000
1995-09-07,0.33417055010795593,0.33837073552112,0.3267026897360654,0.32856943050010373,262326400
1995-09-08,0.33417055010795593,0.33510390802725654,0.33230293695361757,0.33417055010795593,174776000
1995-09-11,0.3304360806941986,0.3397706785674603,0.3304360806941986,0.3351037909003986,172491200
1995-09-12,0.32063573598861694,0.33510390526310485,0.3183014688193199,0.3323029342125701,326256000
1995-09-13,0.3164346516132355,0.3239025107073707,0.3136345284835622,0.32016900489266203,322750400
1995-09-14,0.2986997663974762,0.3108344924667374,0.2968330005042354,0.3089677265734966,550558400
1995-09-15,0.2678965628147125,0.2977662770324042,0.2650955924363723,0.27909707939489414,1211963200
1995-09-18,0.27396348118782043,0.27489683876905463,0.2678965322826575,0.2716300373838787,621488000
1995-09-19,0.27443018555641174,0.2772303084119531,0.2697632975135559,0.27443018555641174,490022400
1995-09-20,0.2734968364238739,0.2790971077455553,0.2725634786414549,0.2781637250377028,321809600
1995-09-21,0.2762969434261322,0.28003044911325947,0.2716300800112971,0.272563462664437,347334400
1995-09-22,0.27676358819007874,0.27816364940848154,0.27163002208079284,0.27536352697167593,398641600
1995-09-25,0.2801474928855896,0.2857477627613846,0.2790970356878492,0.28563151056960734,315212800
1995-09-26,0.2790970802307129,0.282831408307845,0.2772303149990434,0.2818980506174412,250902400
1995-09-27,0.2706966996192932,0.2800304514523604,0.2594953599250895,0.2800304514523604,451236800
1995-09-28,0.2818980813026428,0.28283143909464453,0.2725634814398423,0.2725634814398423,331184000
1995-09-29,0.2781636714935303,0.2856315293327218,0.27536354883440645,0.28376476427635344,283416000
1995-10-02,0.2809646427631378,0.2874982706362169,0.2800304127665679,0.28189802529512875,392000000
1995-10-03,0.2809646427631378,0.2874982706362169,0.27723029009602385,0.28469814796567283,289822400
1995-10-04,0.2716301381587982,0.2762970025726627,0.26883001452539207,0.27349687893925656,266772800
1995-10-05,0.2725636065006256,0.27349696472088153,0.2678967156975654,0.27069684020922347,244070400
1995-10-06,0.26649564504623413,0.27629692238341585,0.2660289662179224,0.27443018214473874,309041600
1995-10-09,0.2599620223045349,0.26696232950397697,0.2566951956611749,0.26416220662420015,372568000
1995-10-10,0.2590285837650299,0.26136202730274205,0.25109404821268944,0.2566951402273177,400265600
1995-10-11,0.2604287266731262,0.2660289979071182,0.2548284803645673,0.2632288498274057,332875200
1995-10-12,0.2636955976486206,0.26416227661041347,0.2594954122161732,0.26136215298878185,162052800
1995-10-13,0.2688300311565399,0.2753636616805026,0.26509567697429004,0.2669624178702341,235188800
1995-10-16,0.26976335048675537,0.2762969800744986,0.26789660985830105,0.27069673326370025,182067200
1995-10-17,0.2734968364238739,0.27536360183957886,0.267896590027626,0.2725634786414549,178617600
1995-10-18,0.2790970802307129,0.2954328338472607,0.2744301920769701,0.2762969323832086,512400000
1995-10-19,0.25949540734291077,0.2697633662524512,0.25949540734291077,0.26789662551489946,944899200
1995-10-20,0.26229557394981384,0.2632289320090181,0.25856206693667416,0.2632289320090181,386332800
1995-10-23,0.26229557394981384,0.26229557394981384,0.2594954499213193,0.26229557394981384,197803200
1995-10-24,0.26229557394981384,0.2650956979783084,0.26042880798052354,0.2650956979783084,213494400
1995-10-25,0.25949540734291077,0.2641622716495084,0.25949540734291077,0.26322888881801415,133302400
1995-10-26,0.2604287266731262,0.2613621093663637,0.25762860351884675,0.2604287266731262,125865600
1995-10-27,0.25949540734291077,0.26042876524896824,0.2548285181108763,0.26042876524896824,154212800
1995-10-30,0.26322874426841736,0.26322874426841736,0.25856188252458306,0.26042862223703217,175638400
1995-10-31,0.27116334438323975,0.27349678827939083,0.2622954499939626,0.26322880761207973,289217600
1995-11-01,0.2734968364238739,0.27723034232985033,0.26509561936476345,0.2734968364238739,193233600
1995-11-02,0.2734968364238739,0.27536360183957886,0.27069671322574995,0.27536360183957886,152756800
1995-11-03,0.2725636065006256,0.2753637310122837,0.2678967156975654,0.2744303478665826,179435200
1995-11-06,0.2846982181072235,0.28936508206610334,0.2716301116768763,0.27256349443882627,311774400
1995-11-07,0.29589951038360596,0.30243313879260636,0.2800304357360838,0.2818980484178358,736388800
1995-11-08,0.2902984619140625,0.3061666915455407,0.2893650791614818,0.29683293879603745,358825600
1995-11-09,0.2940328121185303,0.2986997009029042,0.2902984586113484,0.29683293541898087,260108800
1995-11-10,0.29683294892311096,0.30056645513537555,0.29029847181819873,0.29403282549527143,223115200
1995-11-13,0.3052332401275635,0.30803421006581483,0.2986996127137132,0.30056635272105886,317374400
1995-11-14,0.30990099906921387,0.31736801013000193,0.3061666460741665,0.3061666460741665,407276800
1995-11-15,0.3061666488647461,0.3136345074582539,0.29963302035836303,0.3136345074582539,248136000
1995-11-16,0.2982329726219177,0.30990101616571397,0.2949661706809956,0.3052333052246348,226228800
1995-11-17,0.2996329665184021,0.3014997314278972,0.29683284407958627,0.2986996089890813,128531200
1995-11-20,0.28843170404434204,0.3005664268635179,0.2874983213477128,0.3005664268635179,148456000
1995-11-21,0.28933021426200867,0.29026647958976803,0.2837124972800533,0.29026647958976803,191609600
1995-11-22,0.28933021426200867,0.294011615910045,0.28839392393116947,0.28933021426200867,98806400
1995-11-24,0.3010345995426178,0.30243902250725085,0.29026647337162864,0.2912027636824105,109950400
1995-11-27,0.2949487566947937,0.304311585005031,0.2949487566947937,0.304311585005031,115875200
1995-11-28,0.2996303141117096,0.30056657984916874,0.29401174456641416,0.2949488854120507,176288000
1995-11-29,0.2940116226673126,0.30056645523239167,0.29213906696567715,0.30056645523239167,105268800
1995-11-30,0.2855850160121918,0.29213899690066586,0.2846487258843885,0.2912027067728626,174854400
1995-12-01,0.28183987736701965,0.2865213029508548,0.2780938917960456,0.2846487227160911,204209600
1995-12-04,0.2958850562572479,0.3005664580568689,0.29213906971096065,0.3005664580568689,480681600
1995-12-05,0.2958850562572479,0.2986939023376366,0.28652137755018325,0.2883939332694155,363596800
1995-12-06,0.2902664840221405,0.29869389722693496,0.2874576379898116,0.2977576068817986,201107200
1995-12-07,0.28886207938194275,0.29026650248744956,0.28371251966072375,0.29026650248744956,141926400
1995-12-08,0.2949487566947937,0.2949487566947937,0.2837124976159454,0.29026647993341953,141355200
1995-12-11,0.28933021426200867,0.29682131200419737,0.2874576336003303,0.29588504667643806,111652800
1995-12-12,0.2846488356590271,0.28933026310035853,0.2846488356590271,0.28933026310035853,177553600
1995-12-13,0.287457674741745,0.29213910206287474,0.27528514860628817,0.28652140927998576,684902400
1995-12-14,0.28652146458625793,0.2949488554921385,0.2846488832951146,0.29120286780793975,333502400
1995-12-15,0.26404887437820435,0.2743488440583323,0.2574948914669075,0.26592145521176463,726880000
1995-12-18,0.2415764033794403,0.26404890082061766,0.23876755685089815,0.26311263531316004,666534400
1995-12-19,0.2453223317861557,0.24906746792854642,0.24157634553909074,0.2453223317861557,430864000
1995-12-20,0.24438613653182983,0.25187641172928116,0.2434498708844647,0.2509401210788277,365736000
1995-12-21,0.243449866771698,0.24532242303788226,0.2368950322304307,0.24532242303788226,332875200
1995-12-22,0.2415764033794403,0.24625868103394474,0.24064013787198268,0.24438610001286024,234662400
1995-12-26,0.2401718646287918,0.24344971744287325,0.23783115197950758,0.24344971744287325,139507200
1995-12-27,0.242513507604599,0.25000378055881806,0.23876752102273924,0.24064010176283443,268564800
1995-12-28,0.23970386385917664,0.24532240740783773,0.2387675732841937,0.24064015443415954,249995200
1995-12-29,0.23876753449440002,0.24251352128761458,0.23689497865173298,0.23970382491727468,304136000
1996-01-02,0.24064010381698608,0.24157636919194497,0.23783123268286618,0.24157636919194497,139294400
1996-01-03,0.24064010381698608,0.24625864618382118,0.23876752306090615,0.23970381343894612,429833600
1996-01-04,0.23642680048942566,0.2425135003118271,0.23502237747812793,0.2425135003118271,300182400
1996-01-05,0.2565585970878601,0.2565585970878601,0.23502236974225432,0.2368949503644011,445928000
1996-01-08,0.259367436170578,0.265921418168905,0.25468515963720795,0.2584311458842231,121340800
1996-01-09,0.2453223317861557,0.25936743617402547,0.2453223317861557,0.25936743617402547,251216000
1996-01-10,0.2565585970878601,0.2603037333290744,0.24157635191360952,0.243449782640453,365433600
1996-01-11,0.2621763050556183,0.2621763050556183,0.24251350722882137,0.24438606296293414,756739200
1996-01-12,0.25374889373779297,0.2603037258248781,0.24906746732046428,0.2603037258248781,401856000
1996-01-15,0.2556222379207611,0.2584310830942937,0.2500036974692283,0.2528125426427609,363081600
1996-01-16,0.2588993310928345,0.2603037793090656,0.25187636492225063,0.2574949078796871,352912000
1996-01-17,0.2546851933002472,0.25749488963227934,0.2528126374831108,0.25749488963227934,236409600
1996-01-18,0.23923563957214355,0.2500037396600776,0.22753124926733198,0.24625860379564424,698387200
1996-01-19,0.22378619015216827,0.23783127331143247,0.2200410530033101,0.23221358008968787,829225600
1996-01-22,0.22846750915050507,0.23221349503214783,0.21910468220941454,0.222849817986466,499744000
1996-01-23,0.23689492046833038,0.254685134219826,0.23221349450683726,0.2528125788370745,988288000
1996-01-24,0.2415764033794403,0.2415764033794403,0.2378312663403559,0.24064013787198268,655894400
1996-01-25,0.22659499943256378,0.2397038148973108,0.22565870904882737,0.23783123412983803,445200000
1996-01-26,0.22940465807914734,0.2340860842273218,0.21442243920128137,0.22753125251710055,735750400
1996-01-29,0.21816839277744293,0.22284981876589993,0.21535869708100497,0.21723212758221258,332595200
1996-01-30,0.20459140837192535,0.21067725599800155,0.2011969538745155,0.2022498582203015,622843200
1996-01-31,0.20693224668502808,0.2097410934493663,0.20505967800828814,0.20786852477262638,328059200
1996-02-01,0.2125498652458191,0.2125498652458191,0.20599588343963807,0.20599588343963807,333043200
1996-02-02,0.21910472214221954,0.2219135682361637,0.21535873557785415,0.21629587604827538,555979200
1996-02-05,0.21910472214221954,0.2228498586018387,0.21723216641395035,0.2223817259205416,318729600
1996-02-06,0.22191353142261505,0.22472237705059583,0.21910468579463424,0.21910468579463424,226217600
1996-02-07,0.21161358058452606,0.22284983908402684,0.20786845695445572,0.22284983908402684,360326400
1996-02-08,0.20880480110645294,0.21067736965535072,0.20599594203233498,0.20599594203233498,263166400
1996-02-09,0.2078685164451599,0.2134862222503276,0.20693223839507005,0.20880480699679263,205688000
1996-02-12,0.2125498652458191,0.21348615550472436,0.2097410194721812,0.21067730973108648,194275200
1996-02-13,0.21067731082439423,0.21629585250547664,0.208804742798405,0.2097410205606301,228502400
1996-02-14,0.20693224668502808,0.2116136496245629,0.2055278108013156,0.2116136496245629,163184000
1996-02-15,0.20974101126194,0.2106773014841945,0.20505959765528292,0.20693216559825345,122080000
1996-02-16,0.20599591732025146,0.21254990020438083,0.20599591732025146,0.21067734438166474,156441600
1996-02-20,0.21723215281963348,0.22097728904488323,0.20974103026444094,0.20974103026444094,376913600
1996-02-21,0.22191353142261505,0.22284982163296752,0.21816839558428178,0.2200409760049867,221838400
1996-02-22,0.22378619015216827,0.2256587462250547,0.2219136090761965,0.2247224556870688,184184000
1996-02-23,0.22378619015216827,0.22659503676304057,0.2219136090761965,0.22378619015216827,173286400
1996-02-26,0.2209773063659668,0.22565870826216655,0.2209773063659668,0.22472241788169411,118283200
1996-02-27,0.21442246437072754,0.22378614286775464,0.2134861740305731,0.22378614286775464,149161600
1996-02-28,0.2078685164451599,0.21629591900705508,0.20693223839507005,0.21629591900705508,187913600
1996-02-29,0.20599591732025146,0.20786848564450858,0.20412334899599438,0.20599591732025146,112884800
1996-03-01,0.20131367444992065,0.20693223013574907,0.19944110592293826,0.20693223013574907,231134400
1996-03-04,0.1966322362422943,0.2050596374760346,0.1966322362422943,0.20412334707196084,187555200
1996-03-05,0.19944104552268982,0.20037733575339894,0.19663219983363964,0.19850476779351928,118440000
1996-03-06,0.1961640864610672,0.20131364605864044,0.19569595377149915,0.20037736817796375,99052800
1996-03-07,0.19335520267486572,0.19756847106997735,0.19007821197815505,0.1966321933715764,260064000
1996-03-08,0.19475968182086945,0.19663225026097877,0.1872685704571322,0.19288711338076012,149004800
1996-03-11,0.19382335245609283,0.1975684758416878,0.1928870622335402,0.19663219812067367,127008000
1996-03-12,0.19335520267486572,0.19756847106997735,0.19195077987649517,0.19475962547323628,96152000
1996-03-13,0.1928871124982834,0.1956959713963675,0.19195083453328318,0.19382340296482534,99680000
1996-03-14,0.19195082783699036,0.1938233962032071,0.19101453740311133,0.1938233962032071,93363200
1996-03-15,0.19382335245609283,0.19475963017710696,0.1910144942899735,0.19475963017710696,101382400
1996-03-18,0.19569596648216248,0.19569596648216248,0.1928871076546128,0.19429153081761694,109132800
1996-03-19,0.1928871124982834,0.19850481779290985,0.19195083453328318,0.19756852732636793,124364800
1996-03-20,0.18914109468460083,0.1928870682924801,0.18820480443263762,0.1928870682924801,115987200
1996-03-21,0.188204824924469,0.19101452108784497,0.18726854707210228,0.19101452108784497,109984000
1996-03-22,0.1900782436132431,0.1900782436132431,0.18633225708851536,0.18914111565427835,107564800
1996-03-25,0.17977827787399292,0.19288709318557132,0.17977827787399292,0.19101452494151902,164371200
1996-03-26,0.1788419932126999,0.18352340739432266,0.1769694250397428,0.17977827104840846,160798400
1996-03-27,0.18914109468460083,0.18914109468460083,0.17228714506000872,0.17415971306239628,429296000
1996-03-28,0.1811826527118683,0.1919507642287217,0.18071452015159892,0.18539593326505263,295892800
1996-03-29,0.18399155139923096,0.18539597439468103,0.17790570175022732,0.1816508380724542,166521600
1996-04-01,0.19101448357105255,0.1938233415795507,0.18364082656145947,0.18820478795952356,158636800
1996-04-02,0.18726855516433716,0.19195081973631647,0.1863322647699713,0.19195081973631647,101438400
1996-04-03,0.18399155139923096,0.1882048203855812,0.1822355976025608,0.1882048203855812,72240000
1996-04-04,0.18071457743644714,0.1844597016134575,0.1797782870160387,0.1844597016134575,86049600
1996-04-08,0.18258711695671082,0.1835233947277988,0.17790569059665345,0.17884198086928058,168828800
1996-04-09,0.19475968182086945,0.1985048187010881,0.18258715560762975,0.1863322799863066,235076800
1996-04-10,0.19475968182086945,0.1985048187010881,0.19382340385158567,0.195695972291695,174764800
1996-04-11,0.1928871124982834,0.1966322493613677,0.19101454406674123,0.1956959713963675,98268800
1996-04-12,0.19101448357105255,0.1938233415795507,0.19007820590257835,0.1938233415795507,81435200
1996-04-15,0.1928871124982834,0.1928871124982834,0.18726856960036084,0.19101454406674123,154078400
1996-04-16,0.19382335245609283,0.19475963017710696,0.1919507845125261,0.19382335245609283,101416000
1996-04-17,0.18914109468460083,0.19475963629486764,0.18820480443263762,0.1938233585444433,85411200
1996-04-18,0.1853960007429123,0.19019488004609456,0.1816508638884316,0.19007826566507818,217246400
1996-04-19,0.1877366453409195,0.1882047778993645,0.18445964242258184,0.18445964242258184,101796800
1996-04-22,0.188204824924469,0.19101452108784497,0.1863322567181953,0.18914111527837596,111115200
1996-04-23,0.1853960007429123,0.18914113759739298,0.18445971027852126,0.18820484713300195,169948800
1996-04-24,0.18165087699890137,0.18539601412368356,0.18118273173291793,0.1844597235917167,128340800
1996-04-25,0.18633228540420532,0.18633228540420532,0.18071459242207605,0.18258716091663318,174406400
1996-04-26,0.1853960007429123,0.18820484713300195,0.18445971027852126,0.18726856917015264,188865600
1996-04-29,0.1853960007429123,0.18726856917015264,0.18352343231567195,0.18726856917015264,121049600
1996-04-30,0.18258711695671082,0.18633224054260192,0.1807145489129957,0.18633224054260192,136662400
1996-05-01,0.18258711695671082,0.18539596277151393,0.1807145489129957,0.18258711695671082,112705600
1996-05-02,0.17790572345256805,0.18352342862120022,0.17603231745974668,0.18352342862120022,188305600
1996-05-03,0.1788419932126999,0.180714561385657,0.1760322970993138,0.180714561385657,108460800
1996-05-06,0.19195082783699036,0.1938233962032071,0.18539599470119422,0.18633227263353194,289486400
1996-05-07,0.20131367444992065,0.20505966160876665,0.1966322593832358,0.19756853739595584,353539200
1996-05-08,0.20037740468978882,0.20412337950137127,0.19195085222208969,0.20412337950137127,186793600
1996-05-09,0.19569596648216248,0.1985048128081707,0.1928871076546128,0.19756852236514033,98078400
1996-05-10,0.20412327349185944,0.2050595635584297,0.19475959773090065,0.19663216536250477,110588800
1996-05-13,0.2027180939912796,0.2069322135683232,0.1994410899552674,0.20318707681420187,187017600
1996-05-14,0.20599591732025146,0.2097410539687657,0.20599591732025146,0.20786848564450858,197624000
1996-05-15,0.21348623931407928,0.21629593629538318,0.2078685330598937,0.20880482368636322,292364800
1996-05-16,0.2125498652458191,0.21442244576362962,0.20880474171481492,0.21161357498691383,130076800
1996-05-17,0.20693224668502808,0.21254994021370455,0.20599595609588642,0.21254994021370455,123300800
1996-05-20,0.20927293598651886,0.21067737178856974,0.20693223465285265,0.2088048032207112,84515200
1996-05-21,0.20318703353405,0.21067730544681637,0.20318703353405,0.2097410152069512,114385600
1996-05-22,0.19522783160209656,0.20505965687028668,0.19288711787207172,0.20505965687028668,201880000
1996-05-23,0.1966322362422943,0.19944108245143372,0.19288709962908113,0.19569595833976144,124051200
1996-05-24,0.20037740468978882,0.20131368274106967,0.19569598943029884,0.19663226748157966,113243200
1996-05-28,0.19756853580474854,0.20412336945050466,0.19756853580474854,0.20037739482337094,101852800
1996-05-29,0.18633228540420532,0.19663225597836503,0.18539600740769782,0.19663225597836503,219520000
1996-05-30,0.19101448357105255,0.1928870514095387,0.1853959424525632,0.1863322201210374,103465600
1996-05-31,0.19569596648216248,0.19944109074965963,0.19101453927009354,0.19195082971312388,162646400
1996-06-03,0.1853960007429123,0.1947596804824082,0.1853960007429123,0.19382340251955887,125462400
1996-06-04,0.1811826527118683,0.18258708789728784,0.17884195240591,0.17977823002798587,762238400
1996-06-05,0.188204824924469,0.19101452108784497,0.18165084245328125,0.19007824323547826,510104000
1996-06-06,0.18165087699890137,0.18914115124846576,0.1807145989684771,0.18726858268607466,362096000
1996-06-07,0.18258711695671082,0.18258711695671082,0.17603228494981568,0.17977825864036856,267769600
1996-06-10,0.18071457743644714,0.18352342369459018,0.1797782870160387,0.18258714577572288,106366400
1996-06-11,0.17977827787399292,0.18165084611804524,0.17977827787399292,0.18165084611804524,153059200
1996-06-12,0.18165087699890137,0.18352344556129246,0.17977830843651027,0.18352344556129246,151916800
1996-06-13,0.18445968627929688,0.18668378526834878,0.17977827207104471,0.18258713059722806,191419200
1996-06-14,0.1793101578950882,0.18539600866919465,0.17884202514442019,0.18539600866919465,144961600
1996-06-17,0.17696945369243622,0.18071459064471643,0.17696945369243622,0.18071459064471643,112929600
1996-06-18,0.17041461169719696,0.177905722832543,0.1694783337564587,0.17696944489180474,223227200
1996-06-19,0.17322343587875366,0.17509600402241146,0.16947831209297784,0.17322343587875366,134467200
1996-06-20,0.17041461169719696,0.17509602640397104,0.16854204331417905,0.17509602640397104,147089600
1996-06-21,0.16947831213474274,0.1713508677773222,0.16760574399062345,0.1713508677773222,161851200
1996-06-24,0.16666942834854126,0.16947828638878804,0.16573315066948427,0.16947828638878804,122763200
1996-06-25,0.1544969081878662,0.16666943080745922,0.15262434030058786,0.16573315311458908,246960000
1996-06-26,0.14887838065624237,0.1554332132706069,0.14700581243898692,0.15449693541274934,404331200
1996-06-27,0.1544969081878662,0.15730575376801473,0.14794207672857024,0.1498146446158486,229241600
1996-06-28,0.1573057472705841,0.1573057472705841,0.15449690180645348,0.15636946961638643,115684800
1996-07-01,0.16105088591575623,0.16105088591575623,0.15730575022553878,0.15824202789732422,131980800
1996-07-02,0.1573057472705841,0.16105088289045,0.1573057472705841,0.16011459273471473,89006400
1996-07-03,0.14513324201107025,0.15262436487072834,0.14513324201107025,0.15262436487072834,288612800
1996-07-05,0.1460694670677185,0.147942034419472,0.144196899715965,0.1451331771410745,106153600
1996-07-08,0.14326073229312897,0.1488784261603824,0.1423244416475573,0.14700585737078323,188910400
1996-07-09,0.14232441782951355,0.14700583276930296,0.14232441782951355,0.14606955478196187,187824000
1996-07-10,0.1404518038034439,0.1460695074102421,0.1404518038034439,0.143260661857612,169388800
1996-07-11,0.13389700651168823,0.14138812999997702,0.13015188232148447,0.14045183957627022,291155200
1996-07-12,0.1353013962507248,0.1376429466174149,0.1292155480656767,0.1376429466174149,268990400
1996-07-15,0.12874749302864075,0.1357696237278962,0.12827936014982386,0.1357696237278962,133224000
1996-07-16,0.1264066994190216,0.13015183474165087,0.11985186875070053,0.13015183474165087,289217600
1996-07-17,0.1264066994190216,0.13108811232153988,0.12453413175770697,0.13015183474165087,233598400
1996-07-18,0.15636946260929108,0.16292344339959616,0.1525068627153836,0.16105087567357515,897052800
1996-07-19,0.15543320775032043,0.15730577590107073,0.15543320775032043,0.15636949807646552,265977600
1996-07-22,0.1516880989074707,0.15636952638255056,0.14981469281442505,0.15636952638255056,152208000
1996-07-23,0.1535605788230896,0.15449686877866817,0.15168801141346738,0.1535605788230896,130121600
1996-07-24,0.15590135753154755,0.15730578056082753,0.1488783797788719,0.14981467013275204,264073600
1996-07-25,0.1573057472705841,0.16011459273471473,0.15543317946065116,0.1582420249247818,114430400
1996-07-26,0.1647968888282776,0.1647968888282776,0.15824205633848137,0.16105091486175505,123681600
1996-07-29,0.16666942834854126,0.16854199620819316,0.1629234550261972,0.1647968604888894,195697600
1996-07-30,0.1601146012544632,0.17041456861094575,0.1591783235504459,0.16947829090692845,189403200
1996-07-31,0.1647968888282776,0.1647968888282776,0.15917834668008596,0.15917834668008596,92780800
1996-08-01,0.15917836129665375,0.1647969039607686,0.15824207086907421,0.1647969039607686,110163200
1996-08-02,0.16198718547821045,0.1647968814793737,0.1591783395817337,0.16198718547821045,127948800
1996-08-05,0.1573057472705841,0.16386057845913626,0.15636946961638643,0.16198716054464768,101012800
1996-08-06,0.16105088591575623,0.16105088591575623,0.15543318238043002,0.15730575022553878,93587200
1996-08-07,0.16760577261447906,0.16947834107839715,0.1619872171178722,0.16292350760060223,248460800
1996-08-08,0.16573317348957062,0.16760574160705963,0.1638606053720816,0.16760574160705963,101516800
1996-08-09,0.17322343587875366,0.17509600402241146,0.1657331758056622,0.1666694536267212,230787200
1996-08-12,0.17228715121746063,0.17696941524464474,0.16760573729494993,0.1750959970706592,151345600
1996-08-13,0.1685420423746109,0.17322345705528758,0.16760576443909211,0.17135088868270865,103510400
1996-08-14,0.17041461169719696,0.17228718008021487,0.1694783337564587,0.1694783337564587,71859200
1996-08-15,0.16666942834854126,0.17041456406784503,0.16666942834854126,0.16947828638878804,107620800
1996-08-16,0.1685420423746109,0.16947833281167105,0.16573319606651316,0.16947833281167105,141758400
1996-08-19,0.17696945369243622,0.17696945369243622,0.16760577370841961,0.16760577370841961,226318400
1996-08-20,0.17603226006031036,0.17884195558250754,0.1750959699200669,0.17884195558250754,211758400
1996-08-21,0.17228715121746063,0.17696941524464474,0.1713508609320349,0.17603228735608492,113344000
1996-08-22,0.17415973544120789,0.17415973544120789,0.1713508768259303,0.172287167198203,87684800
1996-08-23,0.1788419932126999,0.17977827104840846,0.1722871607533996,0.1722871607533996,203459200
1996-08-26,0.18071457743644714,0.18071457743644714,0.1760323127342324,0.1788420090971714,89678400
1996-08-27,0.18621563911437988,0.18726854381724226,0.1797782711223338,0.18071456145996737,289307200
1996-08-28,0.18633228540420532,0.18726857590225499,0.18352343891314069,0.18633228540420532,163598400
1996-08-29,0.18352344632148743,0.18633229292593764,0.1825871682871849,0.18633229292593764,106926400
1996-08-30,0.18165087699890137,0.18539601412368356,0.18165087699890137,0.18539601412368356,105728000
1996-09-03,0.18071457743644714,0.18258714577572288,0.1788420090971714,0.18071457743644714,68297600
1996-09-04,0.18071457743644714,0.1844597016134575,0.1788420090971714,0.1788420090971714,101449600
1996-09-05,0.1713508814573288,0.1779057143389968,0.1713508814573288,0.17603230844214435,279585600
1996-09-06,0.17228715121746063,0.1741597192867728,0.16947830536426206,0.17322342900134705,240833600
1996-09-09,0.1647968888282776,0.1704145933732849,0.16386061098821308,0.1694783155332204,148243200
1996-09-10,0.16105088591575623,0.16573314938233075,0.16105088591575623,0.16573314938233075,155713600
1996-09-11,0.15824207663536072,0.1629235039407656,0.15730579867520475,0.16105093551891198,147201600
1996-09-12,0.15262439846992493,0.15824209177127865,0.15168810791867074,0.15730581372156732,260915200
1996-09-13,0.1573057472705841,0.15917831508051705,0.15262433399652053,0.15262433399652053,166611200
1996-09-16,0.16760577261447906,0.17228718752350336,0.1601146486539541,0.16105093913668414,244652800
1996-09-17,0.17228715121746063,0.17322342900134705,0.16854201507883634,0.1713508609320349,209171200
1996-09-18,0.17603226006031036,0.18071452336145707,0.17135083436216783,0.1722871245024113,353360000
1996-09-19,0.1750960350036621,0.17696945358350716,0.1750960350036621,0.17696945358350716,119470400
1996-09-20,0.1713508814573288,0.17603230844214435,0.17041460356129018,0.1750960180445649,149150400
1996-09-23,0.16760577261447906,0.17135089704077333,0.16760577261447906,0.17135089704077333,45763200
1996-09-24,0.1685420423746109,0.17135088868270865,0.16760576443909211,0.16760576443909211,143785600
1996-09-25,0.16760577261447906,0.16947834107839715,0.16479691366783092,0.16854205059566715,109043200
1996-09-26,0.16760577261447906,0.16854205059566715,0.16666948213174904,0.16760577261447906,103286400
1996-09-27,0.16713759303092957,0.1676057381761036,0.16573317009694682,0.16666944788575552,81569600
1996-09-30,0.16620130836963654,0.16760574385272536,0.16573317571014673,0.16573317571014673,85444800
1996-10-01,0.18445968627929688,0.18539597662187135,0.16479688899898853,0.16479688899898853,539246400
1996-10-02,0.17696945369243622,0.1844597150954546,0.1732234666352979,0.17696945369243622,276819200
1996-10-03,0.16760577261447906,0.17790573051856826,0.16760577261447906,0.17696945253738017,227718400
1996-10-04,0.17088276147842407,0.1732234626435031,0.16573320141309172,0.17135089421051483,133459200
1996-10-07,0.17322343587875366,0.17509600402241146,0.17135086773509584,0.17228715805769465,95715200
1996-10-08,0.17415973544120789,0.18165084601643922,0.17415973544120789,0.17603230368421277,190433600
1996-10-09,0.17228715121746063,0.17696941524464474,0.1713508609320349,0.1750959970706592,85209600
1996-10-10,0.1811826527118683,0.1835233655193637,0.17790566228229698,0.17884195240591,276696000
1996-10-11,0.18165087699890137,0.1844597235917167,0.17977830843651027,0.1825871675308682,120691200
1996-10-14,0.18914109468460083,0.1900782225396682,0.18165082267505062,0.18352339067743817,269684800
1996-10-15,0.18914109468460083,0.1938233585444433,0.18726852668221328,0.1928870682924801,363059200
1996-10-16,0.1928871124982834,0.1956959713963675,0.18445971070227674,0.189141138031903,334745600
1996-10-17,0.19756853580474854,0.20786850647430635,0.19756853580474854,0.2059959379624055,1026625600
1996-10-18,0.19897286593914032,0.19944099844244845,0.19475958589861755,0.19850472093429652,382659200
1996-10-21,0.19195082783699036,0.19944108880031602,0.19101453740311133,0.1985048108679783,187611200
1996-10-22,0.18633228540420532,0.19195084099274323,0.18165087041858355,0.19195084099274323,213718400
1996-10-23,0.1853960007429123,0.18914113759739298,0.18258715435282263,0.1853960007429123,160059200
1996-10-24,0.1853960007429123,0.18726856917015264,0.18352343231567195,0.18726856917015264,84369600
1996-10-25,0.18352344632148743,0.18726858346178282,0.18352344632148743,0.18633229292593764,77560000
1996-10-28,0.18352344632148743,0.18820486149608534,0.18352344632148743,0.18820486149608534,119996800
1996-10-29,0.17415973544120789,0.185395982502449,0.1732234450689352,0.18445969213017632,199628800
1996-10-30,0.1713508814573288,0.17977828263261486,0.1713508814573288,0.17603230844214435,257051200
1996-10-31,0.17228715121746063,0.1750959970706592,0.16666944700952419,0.1741597192867728,194219200
1996-11-01,0.18165087699890137,0.18165087699890137,0.17322347461401547,0.1750960431764066,211332800
1996-11-04,0.18258711695671082,0.1835233947277988,0.17790569059665345,0.18258711695671082,91268800
1996-11-05,0.19101448357105255,0.1938233415795507,0.183523374614077,0.183523374614077,378112000
1996-11-06,0.19101448357105255,0.1928870514095387,0.1863322201210374,0.19195077374106453,180308800
1996-11-07,0.19382335245609283,0.19475963017710696,0.18914108874332894,0.19007821656895937,155075200
1996-11-08,0.1966322362422943,0.1966322362422943,0.19288709962908113,0.19382339003315488,188708800
1996-11-11,0.19475968182086945,0.19756852823026252,0.19382340385158567,0.19756852823026252,92534400
1996-11-12,0.18914109468460083,0.1966322042972552,0.18820480443263762,0.19569592654683085,142956800
1996-11-13,0.19148264825344086,0.19382336141649442,0.1872685294571357,0.19007822535622435,83608000
1996-11-14,0.19195082783699036,0.19288710576932808,0.19007825947077361,0.19101453740311133,48529600
1996-11-15,0.18726855516433716,0.19475966591633254,0.18726855516433716,0.19382338802350743,130715200
1996-11-18,0.1853960007429123,0.18820484713300195,0.18352343231567195,0.18726856917015264,152835200
1996-11-19,0.18633228540420532,0.1882048538987625,0.18445971690964819,0.18633228540420532,124432000
1996-11-20,0.18726855516433716,0.19007825144912552,0.1863322647699713,0.1863322647699713,103096000
1996-11-21,0.18352344632148743,0.18726858346178282,0.1825871682871849,0.18633229292593764,70604800
1996-11-22,0.18914109468460083,0.18914109468460083,0.18352339067743817,0.18352339067743817,103980800
1996-11-25,0.18726855516433716,0.19101452934195062,0.18726855516433716,0.19007825144912552,78948800
1996-11-26,0.18165087699890137,0.18726858268607466,0.17977830843651027,0.1863322921541078,112985600
1996-11-27,0.18352344632148743,0.18445972435578994,0.1807145997170372,0.1807145997170372,89040000
1996-11-29,0.18071457743644714,0.1844597016134575,0.1797782870160387,0.18352342369459018,42291200
1996-12-02,0.188204824924469,0.188204824924469,0.17884199639464085,0.18071456460091453,174977600
1996-12-03,0.188204824924469,0.19101452108784497,0.18726854707210228,0.18914111527837596,275531200
1996-12-04,0.18726855516433716,0.19007825144912552,0.1863322647699713,0.18820483305716226,190825600
1996-12-05,0.18726855516433716,0.18914112345152811,0.18726855516433716,0.18726855516433716,142139200
1996-12-06,0.188204824924469,0.19007824323547826,0.17977827424700757,0.1825871328071882,229387200
1996-12-09,0.18726855516433716,0.19007825144912552,0.18586413207432914,0.18914112345152811,158648000
1996-12-10,0.18352344632148743,0.18726858346178282,0.18165087775133973,0.18633229292593764,184284800
1996-12-11,0.17977827787399292,0.18165084611804524,0.17790570962994062,0.17790570962994062,163363200
1996-12-12,0.1788419932126999,0.18165083922136557,0.1788419932126999,0.180714561385657,87001600
1996-12-13,0.17415973544120789,0.1788419999027021,0.17415973544120789,0.17790570953042945,89096000
1996-12-16,0.16947831213474274,0.1760322943883903,0.1685420218119132,0.1760322943883903,149240000
1996-12-17,0.1685420423746109,0.1685420423746109,0.16666947400203197,0.16760576443909211,157248000
1996-12-18,0.17322343587875366,0.17322343587875366,0.16947831209297784,0.17041458991403682,205072000
1996-12-19,0.16666942834854126,0.1741596997871488,0.16666942834854126,0.1722871319274969,136886400
1996-12-20,0.17603226006031036,0.176969387803558,0.16011459008546647,0.16854198894451222,546436800
1996-12-23,0.17415973544120789,0.18165084601643922,0.17415973544120789,0.17977827777343433,332304000
1996-12-24,0.17322343587875366,0.17509600402241146,0.17135086773509584,0.17415972620135248,57612800
1996-12-26,0.17228715121746063,0.1741597192867728,0.1713508609320349,0.1741597192867728,84884800
1996-12-27,0.17322343587875366,0.17790570009183543,0.17135086773509584,0.17135086773509584,136998400
1996-12-30,0.16292351484298706,0.17415976372928751,0.16292351484298706,0.1732234732049369,261800000
1996-12-31,0.15636946260929108,0.16105087567357515,0.15543317249551206,0.1601145855597961,383745600
1997-01-02,0.1573057472705841,0.15917831508051705,0.15543317946065116,0.1582420249247818,143113600
1997-01-03,0.16292351484298706,0.16666948954065242,0.15730580920151074,0.15824208722431887,119716800
1997-01-06,0.13389700651168823,0.13740807684827702,0.12921559189777765,0.13202443816581577,1882832000
1997-01-07,0.13108815252780914,0.13670585723476875,0.13108815252780914,0.13576956686617195,976931200
1997-01-08,0.13202443718910217,0.13764299228995255,0.130151881358624,0.13670586426992082,1100131200
1997-01-09,0.13296067714691162,0.1338969547068306,0.13108810952553734,0.13296067714691162,446656000
1997-01-10,0.1367059051990509,0.1367059051990509,0.13202447671663373,0.13202447671663373,353718400
1997-01-13,0.13576951622962952,0.13857921138918528,0.13576951622962952,0.13857921138918528,305748800
1997-01-14,0.13389700651168823,0.1376429933082321,0.1329607285895226,0.1376429933082321,255774400
1997-01-15,0.1292155683040619,0.13483327231593203,0.12827929055285298,0.13483327231593203,433092800
1997-01-16,0.12547045946121216,0.1282793183260505,0.12453418150729377,0.1282793183260505,671305600
1997-01-17,0.12547045946121216,0.1282793183260505,0.12453418150729377,0.12547045946121216,325147200
1997-01-20,0.1268748790025711,0.12827931464546505,0.12547045586121838,0.12640674628981435,291625600
1997-01-21,0.1292155683040619,0.1292155683040619,0.12640672254889626,0.12734300030010517,284827200
1997-01-22,0.12874749302864075,0.13108820742890778,0.12734306938909878,0.13015192916972837,205620800
1997-01-23,0.1292155683040619,0.1301518585568097,0.12827929055285298,0.1292155683040619,172345600
1997-01-24,0.1264066994190216,0.12921554466022525,0.1264066994190216,0.12921554466022525,188283200
1997-01-27,0.12453412264585495,0.12921553520584592,0.12453412264585495,0.128279257694462,214043200
1997-01-28,0.12453412264585495,0.1273429676815424,0.12359699503004506,0.1273429676815424,210560000
1997-01-29,0.12453412264585495,0.12547040015723887,0.12359699503004506,0.12453412264585495,151704000
1997-01-30,0.12547045946121216,0.12547045946121216,0.12359705344854761,0.12547045946121216,139932800
1997-01-31,0.12453412264585495,0.12453412264585495,0.12359699503004506,0.12453412264585495,199628800
1997-02-03,0.12219259142875671,0.1273429873954272,0.12172444634982368,0.12640670973909876,368110400
1997-02-04,0.11517050117254257,0.12266076226399233,0.11329793277429474,0.12172448431563919,712644800
1997-02-05,0.11423416435718536,0.11704302206526622,0.11423416435718536,0.11423416435718536,394486400
1997-02-06,0.11985193192958832,0.12078821000302806,0.11423422598432033,0.11423422598432033,399504000
1997-02-07,0.11844746023416519,0.12359701879057713,0.11797931513770826,0.12359701879057713,235267200
1997-02-10,0.11704307794570923,0.12078820250864258,0.11704307794570923,0.12078820250864258,185404800
1997-02-11,0.11751117557287216,0.11985188866380345,0.11610675271892885,0.11891559842681547,140078400
1997-02-12,0.11797933280467987,0.1189156106362598,0.11610676463998004,0.11797933280467987,176265600
1997-02-13,0.12078820168972015,0.12078820168972015,0.1161067866416358,0.117979355161178,195832000
1997-02-14,0.12219259142875671,0.12266072400615213,0.11985187853562916,0.12172444634982368,237249600
1997-02-18,0.13389700651168823,0.13389700651168823,0.12172448091103004,0.12453417728386709,368278400
1997-02-19,0.13202443718910217,0.1338970055211214,0.12827931302660475,0.1338970055211214,241292800
1997-02-20,0.1273430585861206,0.13202447448796736,0.1273430585861206,0.13202447448796736,124947200
1997-02-21,0.12266074866056442,0.12734301299095943,0.1198519026254725,0.12640673514644216,211086400
1997-02-24,0.12453412264585495,0.1264066901701585,0.12172442750574154,0.12172442750574154,117588800
1997-02-25,0.1264066994190216,0.13015183474165087,0.1264066994190216,0.12734297699891062,138084800
1997-02-26,0.12827929854393005,0.12827929854393005,0.1254704401122495,0.12734300823285666,103174400
1997-02-27,0.1273430585861206,0.12827934926741671,0.125470489725073,0.1273430585861206,102995200
1997-02-28,0.1217244565486908,0.12640672033027642,0.1217244565486908,0.12640672033027642,121878400
1997-03-03,0.12078820168972015,0.12359706071980461,0.1198519236807202,0.12359706071980461,130457600
1997-03-04,0.12359706312417984,0.12359706312417984,0.11985192601224003,0.12172449456820994,103196800
1997-03-05,0.1273430585861206,0.1273430585861206,0.12359708326053713,0.12453421154532147,96163200
1997-03-06,0.12453412264585495,0.1273429676815424,0.12359699503004506,0.1273429676815424,116289600
1997-03-07,0.12359706312417984,0.12547046928350153,0.12266077259542361,0.12547046928350153,70616000
1997-03-10,0.12453412264585495,0.12547040015723887,0.12312885002358526,0.12453412264585495,99187200
1997-03-11,0.12266074866056442,0.12453416695586751,0.1198519026254725,0.12453416695586751,98504000
1997-03-12,0.1217244565486908,0.12547043009396186,0.12078816631237624,0.1217244565486908,70996800
1997-03-13,0.12266074866056442,0.12266074866056442,0.12078818046998978,0.12266074866056442,105089600
1997-03-14,0.12406520545482635,0.12547046631654013,0.12172449168982846,0.12266076969490226,230417600
1997-03-17,0.12359706312417984,0.12359706312417984,0.11985192601224003,0.12172449456820994,192752000
1997-03-18,0.1217244565486908,0.12359702451978126,0.12078816631237624,0.1226607342834667,127075200
1997-03-19,0.12078820168972015,0.12266077020926235,0.11891563317017795,0.12266077020926235,208230400
1997-03-20,0.1292155683040619,0.1310881363080186,0.11891560042842567,0.11985189068117347,317038400
1997-03-21,0.12453412264585495,0.13108810273014945,0.12266070501712546,0.13108810273014945,136460800
1997-03-24,0.12359706312417984,0.12453419125628784,0.12172449456820994,0.12359706312417984,71220800
1997-03-25,0.12359706312417984,0.12453419125628784,0.12043752326900291,0.12453419125628784,112560000
1997-03-26,0.12547045946121216,0.12640674991667214,0.12172448503916924,0.12266076299308763,106836800
1997-03-27,0.13951560854911804,0.1441970247365807,0.1292156353306883,0.13108820430598245,1138905600
1997-03-31,0.1367059051990509,0.14513329656874144,0.1292156296284193,0.13951560239231253,970244800
1997-04-01,0.13108815252780914,0.13342886594776074,0.13015187466075276,0.13202443039486553,220259200
1997-04-02,0.13483327627182007,0.1353014214119289,0.13202441793270614,0.13389698599160235,222432000
1997-04-03,0.1413881480693817,0.14326071665456844,0.1367058827522787,0.13857928894083024,548856000
1997-04-04,0.14419695734977722,0.1470058032493026,0.14232438924958046,0.1432606795504486,475249600
1997-04-07,0.1460694670677185,0.1488783118445815,0.144196899715965,0.147942034419472,255259200
1997-04-08,0.14326073229312897,0.14700585737078323,0.1395155947139306,0.14700585737078323,193827200
1997-04-09,0.14232441782951355,0.1441969863057377,0.1413881398421725,0.1441969863057377,244988800
1997-04-10,0.1413881480693817,0.14326071665456844,0.13857928894083024,0.1423244261112037,116984000
1997-04-11,0.1367059051990509,0.14138817128497044,0.13576961450194955,0.14138817128497044,79564800
1997-04-14,0.1404518038034439,0.14138809398867927,0.13483326259360126,0.1376429582508138,112358400
1997-04-15,0.1381111443042755,0.14419699535950486,0.13576959283327358,0.14326071731337725,136046400
1997-04-16,0.13904735445976257,0.1423243444788856,0.13764293195178637,0.13951549946293318,86217600
1997-04-17,0.14232441782951355,0.14326070831839666,0.13576958430864186,0.13670587479752497,219464000
1997-04-18,0.13764293491840363,0.14326063757292234,0.13764293491840363,0.14326063757292234,141444800
1997-04-21,0.13483327627182007,0.1395155402729596,0.13483327627182007,0.1395155402729596,89152000
1997-04-22,0.13857924938201904,0.13857924938201904,0.1338969854015144,0.13576955345215813,94651200
1997-04-23,0.13576951622962952,0.13857921138918528,0.13576951622962952,0.13764293387132256,54488000
1997-04-24,0.13389700651168823,0.13857927123039776,0.1329607285895226,0.13857927123039776,74939200
1997-04-25,0.13108815252780914,0.13389699863051874,0.13015187466075276,0.13202443039486553,87382400
1997-04-28,0.13202443718910217,0.1338970055211214,0.13108815927386308,0.13296072760588232,46771200
1997-04-29,0.1324925273656845,0.13483323993386057,0.13108810482539324,0.13483323993386057,51755200
1997-04-30,0.1273430585861206,0.12921562744716822,0.125470489725073,0.1273430585861206,257633600
1997-05-01,0.1273430585861206,0.12827934926741671,0.125470489725073,0.1264067804063691,72340800
1997-05-02,0.1273430585861206,0.12827934926741671,0.125470489725073,0.1273430585861206,101987200
1997-05-05,0.1273430585861206,0.12827934926741671,0.125470489725073,0.1273430585861206,98492800
1997-05-06,0.1264066994190216,0.12827926708033624,0.12547040933759598,0.12734297699891062,83148800
1997-05-07,0.12359706312417984,0.12734303783947143,0.12266077259542361,0.12640675981225774,114217600
1997-05-08,0.1273430585861206,0.12827934926741671,0.12359708326053713,0.12453421154532147,82936000
1997-05-09,0.12781111896038055,0.13108810916334732,0.12734297393094637,0.12734297393094637,188372800
1997-05-12,0.13155633211135864,0.13202446491652364,0.12734304935406782,0.12921561807935888,164976000
1997-05-13,0.13155633211135864,0.1338970336418147,0.12734304935406782,0.13108818680464995,197019200
1997-05-14,0.1324925273656845,0.13483323993386057,0.13108810482539324,0.13389694990597578,135643200
1997-05-15,0.13296067714691162,0.13483324476828593,0.13108810952553734,0.13296067714691162,99008000
1997-05-16,0.1292155683040619,0.13202441405922752,0.1292155683040619,0.1310881363080186,93296000
1997-05-19,0.1273430585861206,0.13202447448796736,0.1273430585861206,0.13108819630821586,52259200
1997-05-20,0.1292155683040619,0.13061999118164472,0.12547043229614846,0.12734300030010517,84828800
1997-05-21,0.1264066994190216,0.12827926708033624,0.12359700407332978,0.12827926708033624,122248000
1997-05-22,0.12453412264585495,0.1264066901701585,0.12359699503004506,0.12547040015723887,76764800
1997-05-23,0.1264066994190216,0.12734297699891062,0.12453413175770697,0.12453413175770697,67032000
1997-05-27,0.1292155683040619,0.1301518585568097,0.12547043229614846,0.12547043229614846,82084800
1997-05-28,0.1273430585861206,0.13108819630821586,0.1273430585861206,0.13015191812846433,87539200
1997-05-29,0.12453412264585495,0.128279257694462,0.12453412264585495,0.128279257694462,111182400
1997-05-30,0.12453412264585495,0.1273429676815424,0.12266070501712546,0.12359699503004506,177329600
1997-06-02,0.1268748790025711,0.12734302421686908,0.12547045586121838,0.12734302421686908,41585600
1997-06-03,0.12500232458114624,0.1268748931455354,0.12453419181620591,0.1254704698476292,65240000
1997-06-04,0.12453412264585495,0.12547040015723887,0.12359699503004506,0.12453412264585495,80404800
1997-06-05,0.12500232458114624,0.12827932894498423,0.12406520894636744,0.12453419181620591,64612800
1997-06-06,0.12547045946121216,0.12547045946121216,0.12359705344854761,0.12453418150729377,52875200
1997-06-09,0.12453412264585495,0.1268748226750826,0.12453412264585495,0.1250022551507791,74804800
1997-06-10,0.1217244565486908,0.12547043009396186,0.12032003369575762,0.12547043009396186,139048000
1997-06-11,0.12219259142875671,0.12312886908508516,0.12172444634982368,0.12219259142875671,105403200
1997-06-12,0.12032005190849304,0.12266075285051187,0.11985190671947306,0.12266075285051187,78691200
1997-06-13,0.11844746023416519,0.12078816071337366,0.11797931513770826,0.12032002811845481,132070400
1997-06-16,0.11610677093267441,0.11891561708118656,0.11517049305035057,0.11891561708118656,134008000
1997-06-17,0.12242668122053146,0.12359703789177652,0.11610676519704018,0.1165749103658462,142251200
1997-06-18,0.11938376724720001,0.12172448080284554,0.11797934411442916,0.12078819037997086,109648000
1997-06-19,0.11797933280467987,0.1198519009693797,0.11751118763811992,0.1198519009693797,121027200
1997-06-20,0.11657490581274033,0.11797932876276536,0.11610676066221881,0.11751118361224384,110185600
1997-06-23,0.11517050117254257,0.11704306957079039,0.11517050117254257,0.11610677912089573,99545600
1997-06-24,0.11470232903957367,0.11657489699853574,0.1142341839244485,0.11563860676828541,111148800
1997-06-25,0.11329792439937592,0.11517049265920454,0.1123616340186913,0.11470234746886224,198632000
1997-06-26,0.11002007126808167,0.11329791235365985,0.10955192612751206,0.11329791235365985,381987200
1997-06-27,0.11002007126808167,0.11095636154922087,0.10955192612751206,0.11002007126808167,157953600
1997-06-30,0.10674311965703964,0.11048825715983003,0.10487055090564444,0.11048825715983003,171180800
1997-07-01,0.0987846776843071,0.10487052128182685,0.09831653250331396,0.10440238235160387,450676800
1997-07-02,0.09784755110740662,0.10018910214725717,0.09737941217054155,0.09925281802275678,249961600
1997-07-03,0.10252980142831802,0.1039342242957846,0.09737939872604652,0.09831652032437951,186782400
1997-07-07,0.10346612334251404,0.1067431154014231,0.10299797804794321,0.10440240768088402,191475200
1997-07-08,0.10299795866012573,0.10487052698438284,0.10252981970444672,0.10393424282225429,95692800
1997-07-09,0.10252980142831802,0.1039342242957846,0.10206165630531623,0.1034660854235522,142016000
1997-07-10,0.09925283491611481,0.10018911919997574,0.09550686017731407,0.096443144461175,492508800
1997-07-11,0.11376609653234482,0.11610681079407145,0.09972099836156514,0.10018913746344699,734944000
1997-07-14,0.11704307794570923,0.11704307794570923,0.11142537234899558,0.1142342188965812,411006400
1997-07-15,0.11938376724720001,0.11985191245863734,0.11704306619309564,0.11797934411442916,418353600
1997-07-16,0.12312891334295273,0.12359705859015746,0.11704307513545974,0.11844749837553181,446252800
1997-07-17,0.13108815252780914,0.13576956686617195,0.12312889679768943,0.12734301605650272,746267200
1997-07-18,0.12991777062416077,0.13436511775871438,0.12781113645564737,0.13389697266519873,317564800
1997-07-21,0.12102226167917252,0.13249257498635808,0.11985190497443318,0.13155629712349085,354916800
1997-07-22,0.12406520545482635,0.1250023210632321,0.12219263694313649,0.12266076969490226,231336000
1997-07-23,0.12078820168972015,0.12640675735322454,0.1198519236807202,0.1254704668426823,141288000
1997-07-24,0.11844746023416519,0.12078816071337366,0.11704303744633249,0.12078816071337366,133492800
1997-07-25,0.1217244565486908,0.12406516963793854,0.1179793206065099,0.11891559834128579,217963200
1997-07-28,0.12312891334295273,0.12359705859015746,0.12172449010288067,0.12312891334295273,110510400
1997-07-29,0.12359706312417984,0.12453419125628784,0.12266077259542361,0.12312891785980173,71243200
1997-07-30,0.1301518827676773,0.13249258383188653,0.12547045563617648,0.12687487877501025,374304000
1997-07-31,0.13108815252780914,0.13296072076346235,0.12921558429215593,0.13015187466075276,263816000
1997-08-01,0.1437288373708725,0.1437288373708725,0.1315563112354157,0.13202444396629529,481913600
1997-08-04,0.14794209599494934,0.14841024115311963,0.14372881457449627,0.14372881457449627,611318400
1997-08-05,0.14794209599494934,0.14981466412609074,0.14595291350123116,0.14934651896792045,247128000
1997-08-06,0.19710037112236023,0.2078684727992872,0.1872685472989341,0.18914111550747595,4190480000
1997-08-07,0.21863657236099243,0.22144541823525207,0.21254987286003088,0.21535871873429052,3755438400
1997-08-08,0.20084549486637115,0.2125498736582688,0.1956959357431962,0.20833660483105626,1814164800
1997-08-11,0.18399155139923096,0.19803664395998682,0.17603229598593878,0.19710036613020007,1550998400
1997-08-12,0.1652650386095047,0.1816508451340261,0.16386061555945847,0.1802464220839799,1048398400
1997-08-13,0.17696945369243622,0.1788420221685763,0.15309252103886117,0.16666948321957853,1201424000
1997-08-14,0.17228715121746063,0.18165082916715544,0.16994643800543563,0.17696941524464474,434448000
1997-08-15,0.17415973544120789,0.17556415849807644,0.17088274414133445,0.1732234450689352,260960000
1997-08-18,0.17696945369243622,0.17790573167973525,0.17041462017185877,0.17462790236855952,217840000
1997-08-19,0.1830553114414215,0.18352345673590997,0.1746279210449402,0.17743760541218995,289161600
1997-08-20,0.18445968627929688,0.1882048226465146,0.18118269508336635,0.18305526326697522,324307200
1997-08-21,0.17977827787399292,0.18492783741975166,0.178842000002737,0.18352341436209754,259280000
1997-08-22,0.17696945369243622,0.17977830015587537,0.175096035111438,0.17556418035585855,227628800
1997-08-25,0.17275531589984894,0.17743756795508486,0.17181902550852307,0.17696943526096268,138633600
1997-08-26,0.16666942834854126,0.1722871319274969,0.16573315066948427,0.16947828638878804,226206400
1997-08-27,0.16994649171829224,0.17041463700896592,0.16386065294570748,0.16760579026801037,190635200
1997-08-28,0.1647968888282776,0.16854202519161582,0.1647968888282776,0.16573317916988217,95670400
1997-08-29,0.16292351484298706,0.16479692099349366,0.16105094629582828,0.16339166010516237,109670400
1997-09-02,0.16760577261447906,0.16901019583703217,0.1643287684264659,0.16479691366783092,186043200
1997-09-03,0.1685420423746109,0.17415974749234772,0.16713761922056203,0.16760576443909211,284132800
1997-09-04,0.1685420423746109,0.17135088868270865,0.16666947400203197,0.16901018759314096,122539200
1997-09-05,0.16620130836963654,0.1713508676363428,0.16479688538808754,0.16947831199530397,136707200
1997-09-08,0.16105088591575623,0.1666694270541162,0.16058274082909457,0.1666694270541162,175156800
1997-09-09,0.1633915901184082,0.16386057278304844,0.15917830956662163,0.15964645462827284,159028800
1997-09-10,0.17181900143623352,0.17322342432491827,0.16245532373932536,0.16292346886939993,274064000
1997-09-11,0.16760577261447906,0.17228718752350336,0.16526505890919593,0.17135089704077333,209876800
1997-09-12,0.1652650386095047,0.16666946165955093,0.1605827741707557,0.1662013164756887,113680000
1997-09-15,0.16105088591575623,0.16573314938233075,0.16105088591575623,0.16386058153722202,96913600
1997-09-16,0.16432878375053406,0.1658498339997713,0.1629235227936263,0.1652650743205755,134220800
1997-09-17,0.1633915901184082,0.1647968504048137,0.16245529999510577,0.1647968504048137,86766400
1997-09-18,0.16713759303092957,0.16854201596491233,0.16105090604514666,0.16105090604514666,169164800
1997-09-19,0.16432878375053406,0.16620135238907385,0.1629235227936263,0.16620135238907385,94931200
1997-09-22,0.17088276147842407,0.17275532991141235,0.1647969109458267,0.16573320141309172,200368000
1997-09-23,0.16292351484298706,0.16666948954065242,0.16245536958081175,0.16666948954065242,200536000
1997-09-24,0.16105088591575623,0.16292345376086495,0.16011459574243295,0.16245530867420332,222432000
1997-09-25,0.15824207663536072,0.1629235039407656,0.15730579867520475,0.1596465123279072,223384000
1997-09-26,0.15964652597904205,0.16432877878656943,0.1582420901664044,0.16105094929013697,208320000
1997-09-29,0.1652650386095047,0.16666946165955093,0.1615190645384801,0.16245534240466414,167238400
1997-09-30,0.16245532035827637,0.16713758416160757,0.16245532035827637,0.16479687106148896,140571200
1997-10-01,0.16128498315811157,0.1629234850250788,0.1601146264676407,0.16245533984858243,130468800
1997-10-02,0.16432878375053406,0.16479692903555476,0.16011466358504503,0.16058280887006576,135408000
1997-10-03,0.16573317348957062,0.16666945129754532,0.1624553323046545,0.16479688318005628,162232000
1997-10-06,0.16432878375053406,0.16666949767409456,0.16245537750860556,0.16620135238907385,93296000
1997-10-07,0.1633915901184082,0.1647968504048137,0.1633915901184082,0.16386057278304844,109289600
1997-10-08,0.16105088591575623,0.16339159884752658,0.15964646315730913,0.16292345376086495,108841600
1997-10-09,0.16292351484298706,0.1685420580878112,0.15871023248649418,0.15917837774866953,187331200
1997-10-10,0.16994649171829224,0.17041463700896592,0.16105095609980988,0.16105095609980988,270401600
1997-10-13,0.16994649171829224,0.17135091508876998,0.16620135439598935,0.17041463700896592,158625600
1997-10-14,0.16994649171829224,0.17041463700896592,0.16620135439598935,0.16994649171829224,165816000
1997-10-15,0.17837384343147278,0.18539597077309042,0.16573317411309432,0.16573317411309432,810868800
1997-10-16,0.16105088591575623,0.16526500429566912,0.1563694725537533,0.15824202789732422,739188800
1997-10-17,0.15075178444385529,0.15824204408918088,0.14887836630248052,0.15824204408918088,438670400
1997-10-20,0.139983668923378,0.1512199145597626,0.13951553629814553,0.15075178193453015,411835200
1997-10-21,0.1427925080060959,0.14466507576016524,0.13998365012422326,0.14138808531592817,475272000
1997-10-22,0.13904735445976257,0.1441969119900324,0.13857920945659197,0.1427924894820562,151177600
1997-10-23,0.13296067714691162,0.13623766735893256,0.13296067714691162,0.13483324476828593,186782400
1997-10-24,0.12406520545482635,0.1376430054966273,0.12359706020151832,0.13576958688006324,388236800
1997-10-27,0.12547045946121216,0.13576957946202237,0.12547045946121216,0.12547045946121216,329358400
1997-10-28,0.13576951622962952,0.13857921138918528,0.1189155707913827,0.11985186081078117,343313600
1997-10-29,0.13108815252780914,0.13857926307363044,0.12921558429215593,0.13811111788933203,177587200
1997-10-30,0.12359706312417984,0.13155632021578936,0.12359706312417984,0.12781118310384953,188955200
1997-10-31,0.12757708132266998,0.13015187356384084,0.12453416890422687,0.13015187356384084,267086400
1997-11-03,0.1301518827676773,0.13296072904534484,0.1278111692019269,0.13155630590651107,126011200
1997-11-04,0.13436518609523773,0.1357696095885196,0.1310881937770652,0.13296076260195583,168593600
1997-11-05,0.13764293491840363,0.13951550246990987,0.1353013847507344,0.1367058072889801,387116800
1997-11-06,0.14232441782951355,0.14606955478196187,0.1413881398421725,0.1413881398421725,617086400
1997-11-07,0.14794209599494934,0.14981466412609074,0.14045182347038376,0.1413881137867243,795614400
1997-11-10,0.139983668923378,0.1610508997142665,0.13857924604460284,0.15730576370317348,1398241600
1997-11-11,0.13764293491840363,0.1423243475464013,0.13576951726245906,0.1423243475464013,332483200
1997-11-12,0.13202443718910217,0.13857927020519165,0.13155630448225317,0.13530144114629164,208062400
1997-11-13,0.13483327627182007,0.1353014214119289,0.13108814015402767,0.13483327627182007,257521600
1997-11-14,0.1381111443042755,0.13857928957811075,0.13483331478714597,0.136705883380944,135038400
1997-11-17,0.13857924938201904,0.14185624034526076,0.1372914408269848,0.14138810770875423,205027200
1997-11-18,0.1353013962507248,0.13857922422197935,0.1353013962507248,0.13857922422197935,146641600
1997-11-19,0.1367059051990509,0.1371740505476016,0.13389704560929164,0.13389704560929164,79587200
1997-11-20,0.13857924938201904,0.1395155396581105,0.13576955345215813,0.13623769859020385,128172800
1997-11-21,0.1362377107143402,0.13998368475211706,0.1348332876767591,0.1395155520739502,97776000
1997-11-24,0.13202443718910217,0.13483329593790158,0.13108815927386308,0.13155630448225317,157348800
1997-11-25,0.1301518827676773,0.1338970069707203,0.12640674606309313,0.13249258383188653,205430400
1997-11-26,0.13108815252780914,0.13249257557916394,0.12921558429215593,0.13015187466075276,60412800
1997-11-28,0.13296067714691162,0.1338969547068306,0.1306199644948097,0.13202438708545633,41316800
1997-12-01,0.13296067714691162,0.13436509973755825,0.12921554190416304,0.13249253211618398,87236800
1997-12-02,0.1189156025648117,0.13108813866309113,0.11891560256481169,0.13015186089506145,396816000
1997-12-03,0.11797933280467987,0.12078817880095963,0.11751118763811992,0.12032004613593963,343056000
1997-12-04,0.11704307794570923,0.11985192449329485,0.11704307794570923,0.11985192449329485,199640000
1997-12-05,0.11844746023416519,0.11985188302199788,0.11657489234987556,0.11657489234987556,221468800
1997-12-08,0.11657490581274033,0.11797932876276536,0.11517048286271529,0.11657490581274033,133582400
1997-12-09,0.11423416435718536,0.117511154598666,0.11236159671897693,0.11610673199539379,243051200
1997-12-10,0.11048821359872818,0.11282976434361712,0.10861564558561196,0.11282976434361712,194880000
1997-12-11,0.10908377170562744,0.10908377170562744,0.1039342074415225,0.10814748161145528,256939200
1997-12-12,0.10580679029226303,0.11142534459434932,0.10487051251013027,0.11048821670754475,160563200
1997-12-15,0.10440240055322647,0.10674310811396308,0.10299797101616749,0.10580681758874293,165894400
1997-12-16,0.10721123218536377,0.10767936485390094,0.10487051883651774,0.10487051883651774,185628800
1997-12-17,0.10440240055322647,0.10908382192547095,0.10440240055322647,0.10721125337657315,265294400
1997-12-18,0.10346612334251404,0.10487054672468316,0.10299797804794321,0.10487054672468316,202048000
1997-12-19,0.10252980142831802,0.1039342242957846,0.0992528043196137,0.10159351743308384,190612800
1997-12-22,0.09972095489501953,0.10487051402498328,0.0987846708485925,0.10393422997855625,159476800
1997-12-23,0.0969112366437912,0.09972093199167144,0.0969112366437912,0.09831650311920744,458830400
1997-12-24,0.09831652790307999,0.09925281197048734,0.09737940623250925,0.09737940623250925,97832000
1997-12-26,0.09972095489501953,0.10018909379284817,0.0973794040504225,0.09784754294825114,107878400
1997-12-29,0.09831652790307999,0.10065724119698333,0.09644312216510188,0.09972095712957596,278196800
1997-12-30,0.0987846776843071,0.10065724590673936,0.095506842566463,0.09737941078889525,342507200
1997-12-31,0.09831652790307999,0.10206166417270943,0.09691126107342063,0.09831652790307999,406358400
1998-01-02,0.1217244565486908,0.1217244565486908,0.10112537126360566,0.1020616552491509,718110400
1998-01-05,0.1189156025648117,0.12406517404436179,0.1137660435868007,0.1235970289095774,651873600
1998-01-06,0.14185628294944763,0.14981470268024794,0.11048824899630291,0.11938378438622839,1812473600
1998-01-07,0.13108815252780914,0.14232439954493684,0.12968372947645435,0.14091997649358204,1041622400
1998-01-08,0.1362377107143402,0.1395155520739502,0.1268748696278988,0.13062000606247537,774020800
1998-01-09,0.1362377107143402,0.14513324422427476,0.1310881512421825,0.13576956553463307,886547200
1998-01-12,0.1367059051990509,0.13951560239231253,0.12827935143286273,0.1306200531725265,516398400
1998-01-13,0.1460694670677185,0.147005744492828,0.13857919766070442,0.13951548758734847,636854400
1998-01-14,0.14794209599494934,0.14934651896792045,0.14419695973266655,0.14887837380975016,589265600
1998-01-15,0.1437288373708725,0.1479421194595809,0.1395155677837058,0.1437288373708725,559272000
1998-01-16,0.14091993868350983,0.14560135176580788,0.139983648566128,0.14560135176580788,246355200
1998-01-20,0.1427925080060959,0.14466507576016524,0.13951551756185882,0.1427925080060959,241561600
1998-01-21,0.14162221550941467,0.14279257244656737,0.13904743524829588,0.14045185857226197,190209600
1998-01-22,0.14419695734977722,0.14794209355017074,0.1395155433500551,0.13998367599894962,329728000
1998-01-23,0.1460694670677185,0.14747388945615,0.144196899715965,0.1451331771410745,233161600
1998-01-26,0.14560140669345856,0.1465376971640529,0.1409199918451122,0.14560140669345856,146440000
1998-01-27,0.14326073229312897,0.14747400269356906,0.1423244416475573,0.1437288651143707,112235200
1998-01-28,0.1437288373708725,0.14513326056659473,0.1395155677837058,0.1437288373708725,151121600
1998-01-29,0.13857924938201904,0.14326067575939797,0.13857924938201904,0.14185624034526076,211881600
1998-01-30,0.13717401027679443,0.1413881297770048,0.1367058650656793,0.13717401027679443,162444800
1998-02-02,0.1324925273656845,0.13857921264523157,0.13015182729904434,0.13857921264523157,636742400
1998-02-03,0.13717401027679443,0.13951556143408542,0.13249258316872542,0.13249258316872542,402617600
1998-02-04,0.1367059051990509,0.13857931169521118,0.134833336306393,0.13530148165494368,170195200
1998-02-05,0.13717401027679443,0.13857927101185513,0.13483329672275993,0.1367058650656793,238268800
1998-02-06,0.13857924938201904,0.13998367229461703,0.1367058437282496,0.13764297160746677,202339200
1998-02-09,0.1437288373708725,0.14606955103143737,0.13764299935556223,0.13764299935556223,494670400
1998-02-10,0.14560140669345856,0.1465376971640529,0.1427925602847591,0.14326070552005626,422016000
1998-02-11,0.14232441782951355,0.14606955478196187,0.1413881398421725,0.14606955478196187,211668800
1998-02-12,0.14513324201107025,0.14560138718363844,0.14279254115130957,0.14326068632387776,203750400
1998-02-13,0.1460694670677185,0.1488783118445815,0.14232433236421146,0.14372875475264296,207995200
1998-02-17,0.1470058113336563,0.14794210168601427,0.14606953348283858,0.14606953348283858,182750400
1998-02-18,0.15402881801128387,0.15543324130212027,0.14653770618808173,0.14653770618808173,494592000
1998-02-19,0.15309254825115204,0.1568376858691327,0.1498147183573401,0.15636955304304329,399660800
1998-02-20,0.14981471002101898,0.15402883033560683,0.14841028661781033,0.15356068503402276,325416000
1998-02-23,0.15917836129665375,0.16198720757630994,0.14981468192530317,0.15075180995614396,477489600
1998-02-24,0.15964652597904205,0.16011465874837852,0.15543324354421453,0.15964652597904205,456590400
1998-02-25,0.16713759303092957,0.17041458404406912,0.156837624741659,0.1596464831111639,712667200
1998-02-26,0.17603226006031036,0.17650040513043208,0.1638605757479071,0.16713756623568443,595134400
1998-02-27,0.17696945369243622,0.1788420221685763,0.1690101969401392,0.17462790236855952,519601600
1998-03-02,0.17041461169719696,0.17650046206739053,0.16666947493116113,0.17650046206739053,400444800
1998-03-03,0.17322343587875366,0.17369158104005306,0.1619871894136394,0.16386060766200436,334073600
1998-03-04,0.1830553114414215,0.1853960254123205,0.1713509164850643,0.1713509164850643,817824000
1998-03-05,0.18024639785289764,0.18165082071414296,0.17322342094049856,0.1741597111823546,675124800
1998-03-06,0.1830553114414215,0.18352345673590997,0.17509605383788532,0.17884204129565537,666467200
1998-03-09,0.17041461169719696,0.18211900481971866,0.16854204331417905,0.177905722832543,574929600
1998-03-10,0.18024639785289764,0.18352338869631626,0.17181899807925327,0.17228714320018126,712902400
1998-03-11,0.19569596648216248,0.19616409920213623,0.18399157335025648,0.18820484283926883,1214337600
1998-03-12,0.20224988460540771,0.20224988460540771,0.1914826229787381,0.19569590361579572,744363200
1998-03-13,0.20318703353405,0.20412331127237643,0.19663220175651674,0.20412331127237643,566160000
1998-03-16,0.19990922510623932,0.20412334447103353,0.19616408854074646,0.20318706658043068,402360000
1998-03-17,0.1973344385623932,0.19990921830082492,0.19382338096523186,0.1985047952619604,410256000
1998-03-18,0.2017817497253418,0.2017817497253418,0.19475962330994898,0.19475962330994898,276998400
1998-03-19,0.20037740468978882,0.20178182801748154,0.19897298136209612,0.20131368274106967,160059200
1998-03-20,0.19756853580474854,0.20131367282855023,0.1947596892876684,0.19990924957001016,215476800
1998-03-23,0.19569596648216248,0.1966322444236514,0.18445970607023024,0.19429153081761694,414736000
1998-03-24,0.20974101126194,0.20974101126194,0.19663219805806875,0.19756847577878478,675931200
1998-03-25,0.20342113077640533,0.20786847883820234,0.19756850953802493,0.20693220095750114,387374400
1998-03-26,0.19897286593914032,0.2022498559699755,0.19803657592945276,0.200377288452136,202966400
1998-03-27,0.2017817497253418,0.20459144539547003,0.1975684688754909,0.19944103675303151,255595200
1998-03-30,0.20552775263786316,0.20599589779995095,0.20037735575634807,0.20037735575634807,250700800
1998-03-31,0.20599591732025146,0.2083366308509581,0.20412334899599438,0.20552777211380194,266896000
1998-04-01,0.20599591732025146,0.2083366308509581,0.20271808827493867,0.20552777211380194,186883200
1998-04-02,0.20459140837192535,0.20552768589049475,0.20178171321024893,0.20459140837192535,194308800
1998-04-03,0.2027180939912796,0.2041233547519615,0.20084552561421892,0.20318707681420187,203067200
1998-04-06,0.1966322362422943,0.20224994116211403,0.19616409104025742,0.20224994116211403,347592000
1998-04-07,0.19101448357105255,0.1947596192480249,0.1863322201210374,0.19335519649454472,292700800
1998-04-08,0.18726855516433716,0.19007825144912552,0.18492784167996326,0.18914112345152811,225198400
1998-04-09,0.19195082783699036,0.1938233962032071,0.18726856306741096,0.18773670828435046,170307200
1998-04-13,0.19803668558597565,0.19990925414069047,0.1872685819183998,0.19195084715930935,288299200
1998-04-14,0.2017817497253418,0.20412330030070036,0.1975684688754909,0.1975684688754909,327846400
1998-04-15,0.20552775263786316,0.20599589779995095,0.1994410654321725,0.20365518449105177,557513600
1998-04-16,0.21442246437072754,0.22191356218744576,0.21114546068172707,0.21910471617006258,1837953600
1998-04-17,0.20927293598651886,0.2144225089242868,0.2074003674186603,0.21395435115539385,592166400
1998-04-20,0.21723215281963348,0.22097728904488323,0.20646403919273232,0.20693218434627342,517776000
1998-04-21,0.21723215281963348,0.21816841812363652,0.21348616648969068,0.217700285471635,348028800
1998-04-22,0.20599591732025146,0.21723217737058326,0.20599591732025146,0.215358746439996,284950400
1998-04-23,0.2074003368616104,0.21723217362459266,0.203655200277678,0.20552776856964422,475294400
1998-04-24,0.20927293598651886,0.21161363732018504,0.20599594411815209,0.20786851268601061,215544000
1998-04-27,0.2078685164451599,0.2078685164451599,0.20037740443489743,0.20037740443489743,409796800
1998-04-28,0.2017817497253418,0.20974100393332223,0.1966321911874896,0.20880472624532095,237171200
1998-04-29,0.20224988460540771,0.20552771270321968,0.2003773168224418,0.20178173953428188,189537600
1998-04-30,0.20505960285663605,0.2069321708471044,0.20271805214006708,0.20505960285663605,179950400
1998-05-01,0.20974101126194,0.21161356670337206,0.20131361166472583,0.20599587537599895,184072000
1998-05-04,0.21770033240318298,0.2209773366828834,0.21629590914133554,0.21629590914133554,571144000
1998-05-05,0.22238168120384216,0.22378610396841173,0.21816838790705778,0.21910467808446274,419283200
1998-05-06,0.2270631492137909,0.2279994396680013,0.21910474286071055,0.2237861701286793,897008000
1998-05-07,0.22612689435482025,0.22940472369829742,0.223786180611193,0.22893574084593926,552899200
1998-05-08,0.22799944877624512,0.22846758152050994,0.224254311812874,0.2251906023044878,270816000
1998-05-11,0.23174543678760529,0.23689499700781205,0.23034101354601108,0.23127727903835105,665022400
1998-05-12,0.22565871477127075,0.2303409919103712,0.22425429166159225,0.22893571869590848,257812800
1998-05-13,0.22799944877624512,0.230809145352863,0.22191359808538155,0.2251906023044878,314417600
1998-05-14,0.22519057989120483,0.22799942608339685,0.22284986639668425,0.2275312933857254,162680000
1998-05-15,0.22144544124603271,0.22753129127470578,0.21910472777322915,0.2251905778019022,272585600
1998-05-18,0.21348623931407928,0.221445497236334,0.21254994868760974,0.2200410737981736,232388800
1998-05-19,0.22004103660583496,0.22050916933839992,0.21582691689866035,0.21676403246862963,218265600
1998-05-20,0.22144544124603271,0.2237861547188363,0.21535874111259157,0.22191357393936087,190176000
1998-05-21,0.21629586815834045,0.22238171780861,0.2144224623936622,0.22144542747708856,130995200
1998-05-22,0.20880480110645294,0.21535877227528144,0.20459151874604725,0.21535877227528144,266593600
1998-05-26,0.19990922510623932,0.2116136051004785,0.19944107991016755,0.21020918201380387,311774400
1998-05-27,0.20037740468978882,0.2008455499662007,0.19195085222208969,0.19241898499695867,370193600
1998-05-28,0.20552775263786316,0.20880475627093792,0.20037735575634807,0.20037735575634807,298491200
1998-05-29,0.19944104552268982,0.20646402235147754,0.19803662267816474,0.205995877236123,216720000
1998-06-01,0.1966322362422943,0.20693220578264115,0.1919508217265483,0.19850480454890088,319692800
1998-06-02,0.20131367444992065,0.20459151635163547,0.1947596908562534,0.19803668265308702,179300800
1998-06-03,0.19710037112236023,0.20412333638220348,0.1961640807673192,0.20318705852870267,145140800
1998-06-04,0.20084549486637115,0.20131362751281293,0.1933552225048296,0.1994410594224275,156139200
1998-06-05,0.20131367444992065,0.20412337109450426,0.19756853739595584,0.20131367444992065,123323200
1998-06-08,0.20412327349185944,0.20740026372178252,0.2008454456589981,0.20224986825731706,126627200
1998-06-09,0.21161358058452606,0.2134861611518702,0.20505961110651813,0.20505961110651813,275744000
1998-06-10,0.21020916104316711,0.21723215088377287,0.20693218250220083,0.20974102839533734,229230400
1998-06-11,0.20833663642406464,0.21442248676608497,0.20833663642406464,0.2111454827348178,180118400
1998-06-12,0.21067731082439423,0.2116135760850803,0.2050596067464265,0.20693217477241574,223854400
1998-06-15,0.20599591732025146,0.21161360979148178,0.20412334899599438,0.20412334899599438,136662400
1998-06-16,0.20974101126194,0.2106773014841945,0.20459145254415567,0.20740029820784223,129684800
1998-06-17,0.21067731082439423,0.21395428924295162,0.20927287542874803,0.2097410205606301,187174400
1998-06-18,0.20459140837192535,0.2102090984864132,0.2036551183518202,0.20786839843922186,119996800
1998-06-19,0.2027180939912796,0.20552777790937168,0.20037738039456843,0.20505964519126252,137558400
1998-06-22,0.20505960285663605,0.20646402572410263,0.20037733902659693,0.2022499070170653,134568000
1998-06-23,0.20833663642406464,0.21067735001738652,0.20412335445639357,0.20552777761177013,231056000
1998-06-24,0.21161358058452606,0.21442245143554226,0.20459146596468208,0.20786845695445572,273795200
1998-06-25,0.2139543890953064,0.215826970496767,0.21208183269693548,0.2139543890953064,191811200
1998-06-26,0.21114546060562134,0.2144224642934406,0.2078684694193421,0.21348617395362368,111115200
1998-06-29,0.21489062905311584,0.2158269195327564,0.2102092016579968,0.21161362487591576,166185600
1998-06-30,0.21489062905311584,0.2158269195327564,0.210677359399359,0.21442249631483745,131062400
1998-07-01,0.22425426542758942,0.2247223980750246,0.2134861644072641,0.21629586040271778,314115200
1998-07-02,0.21723215281963348,0.2251905579221345,0.21723215281963348,0.22238171200396697,298110400
1998-07-06,0.2275313436985016,0.2275313436985016,0.21816848765006158,0.2209773594664459,270950400
1998-07-07,0.22846750915050507,0.23127720483711592,0.2247223733734536,0.22753124395854937,241472000
1998-07-08,0.24391791224479675,0.24672675813981926,0.22987280766191917,0.23034096531314227,932814400
1998-07-09,0.23736311495304108,0.2518763543181182,0.23549055908204142,0.2467267944190158,566608000
1998-07-10,0.2401718646287918,0.24438598250012886,0.23783115197950758,0.24110815468912003,302523200
1998-07-13,0.2542170286178589,0.2556223016594939,0.23876750120359141,0.23923565885129575,715388800
1998-07-14,0.25047194957733154,0.25468521934912774,0.24813123581419436,0.2542170865977341,548531200
1998-07-15,0.25796306133270264,0.25983561725142035,0.2509400702757411,0.25234451846863354,594966400
1998-07-16,0.28090280294418335,0.28558507972932234,0.267793988137986,0.2837124990559227,2561350400
1998-07-17,0.27622145414352417,0.27903030068823714,0.2710718938105222,0.27903030068823714,629552000
1998-07-20,0.27153998613357544,0.2743488322600402,0.26592144377588994,0.27388069957332306,383891200
1998-07-21,0.2668578028678894,0.27715774975421,0.2663896450575413,0.27060376543712417,329504000
1998-07-22,0.2621763050556183,0.2668577318955215,0.2565586128501991,0.2617081723728603,280728000
1998-07-23,0.26170814037323,0.2668576992662433,0.2603037174935971,0.26077185011911547,253131200
1998-07-24,0.25983554124832153,0.2659213899594109,0.25328070984067047,0.2649850997723796,271286400
1998-07-27,0.25796306133270264,0.26124004044122945,0.24906751435702346,0.25655863814289354,214233600
1998-07-28,0.25187644362449646,0.2593675698755569,0.2471950397855976,0.255153448814508,225377600
1998-07-29,0.2631126642227173,0.268731208002018,0.25234455957425206,0.25281269237941706,447720000
1998-07-30,0.27341270446777344,0.2752852611599927,0.2659215775875252,0.26826229220511955,362297600
1998-07-31,0.259367436170578,0.27528509612789226,0.2584311458842231,0.27434880584153737,183108800
1998-08-03,0.2631126642227173,0.26638964386504704,0.2490675549288349,0.2565586799349704,301761600
1998-08-04,0.256090372800827,0.26966734137283555,0.25468510009668577,0.26592135600156036,293921600
1998-08-05,0.26966744661331177,0.26966744661331177,0.2509400627618094,0.25281264362753947,454081600
1998-08-06,0.27622145414352417,0.27622145414352417,0.2612400557960594,0.2626444790684159,438614400
1998-08-07,0.27341270446777344,0.27996669039518135,0.2696675660802413,0.27856226662524347,298020800
1998-08-10,0.284180611371994,0.28511687655619056,0.27153993124999654,0.2720080638420948,488600000
1998-08-11,0.292138934135437,0.3071202980507437,0.2799664149969933,0.28277610987820395,1759475200
1998-08-12,0.3000982999801636,0.30665228194742633,0.2957675667531948,0.29775758677691005,689774400
1998-08-13,0.29541683197021484,0.3052478160381544,0.29494869939672247,0.29916196756737873,390779200
1998-08-14,0.30337533354759216,0.30524791445144006,0.29588508494145,0.30477978172701964,450777600
1998-08-17,0.31414341926574707,0.3206974015452139,0.29869389128734736,0.30712042921677063,930876800
1998-08-18,0.3188248574733734,0.3249115578942051,0.3164841438900503,0.31788859204251024,605953600
1998-08-19,0.3071203827857971,0.3277203170458046,0.3071203827857971,0.3258477616789443,485990400
1998-08-20,0.304311603307724,0.3080575899624513,0.3015027571460239,0.3071204494694241,391921600
1998-08-21,0.3221026659011841,0.3263159347516115,0.2921390509789498,0.29963017348645005,813377600
1998-08-24,0.3085256814956665,0.3258477889585018,0.3005664266602065,0.32537963132528624,610176000
1998-08-25,0.3057161271572113,0.31742052346239447,0.301970989372797,0.31742052346239447,495566400
1998-08-26,0.3024390637874603,0.3080576065175696,0.2958850807235865,0.2986939270362349,406481600
1998-08-27,0.28090280294418335,0.2940116177503807,0.2668577228043662,0.2940116177503807,1114243200
1998-08-28,0.256090372800827,0.2883938428082367,0.2556222402686294,0.27809387697083027,932254400
1998-08-31,0.23361796140670776,0.2612400149963288,0.23221353835369013,0.2603037496297043,868224000
1998-09-01,0.2556222379207611,0.2649850635002272,0.22940461608809165,0.23502230643515679,869075200
1998-09-02,0.2663896083831787,0.27996658306350564,0.26404889466295123,0.26592147564036683,843001600
1998-09-03,0.259367436170578,0.26311257231291896,0.25468515963720795,0.26217628202656407,409752000
1998-09-04,0.2631126642227173,0.27294447825776513,0.25281269237941706,0.26592151105988204,377272000
1998-09-08,0.28652146458625793,0.28652146458625793,0.27528520174366244,0.2846488832951146,402796800
1998-09-09,0.2799665331840515,0.28558507521397636,0.27715766221836274,0.28511691755148844,354692800
1998-09-10,0.2855850160121918,0.28652130613999505,0.267793928390241,0.27153991400290994,526881600
1998-09-11,0.28183987736701965,0.2968212443342794,0.276221336564356,0.28839385818254437,352284800
1998-09-14,0.27856209874153137,0.29073462251774207,0.27809394109830543,0.28652135374717985,247072000
1998-09-15,0.28605321049690247,0.2888620564852728,0.27341255344452176,0.27528510910240866,433652800
1998-09-16,0.279498428106308,0.29026653142795034,0.277157714362726,0.289330265932985,258876800
1998-09-17,0.26966744661331177,0.27809398549984937,0.26873115618044674,0.27013557932820303,269292800
1998-09-18,0.2752850651741028,0.2752850651741028,0.26638952085699247,0.27013550668279895,305076800
1998-09-21,0.2766895592212677,0.2766895592212677,0.26451703363928103,0.26732587990301065,295870400
1998-09-22,0.27715766429901123,0.2818399410452697,0.2724762626605454,0.2780939546279363,257936000
1998-09-23,0.2869895398616791,0.28745767258905297,0.273880723359548,0.2790302833729937,287918400
1998-09-24,0.28839391469955444,0.29635316985392346,0.2827762229005037,0.28371248819829276,482843200
1998-09-25,0.2902664840221405,0.2935434877285777,0.2818399459251539,0.2860532149736472,228289600
1998-09-28,0.29260724782943726,0.30103466248713256,0.2846488410314356,0.2977576582157342,405417600
1998-09-29,0.2958850562572479,0.29963019269879304,0.2855850871890268,0.29260720238999854,305132800
1998-09-30,0.2855850160121918,0.294011552153198,0.2846487258843885,0.2902664166450593,167182400
1998-10-01,0.26732587814331055,0.28464881353392985,0.2649851646045831,0.27528513427731016,370216000
1998-10-02,0.2626444101333618,0.2715399552971197,0.2556222956146411,0.2659214135774836,475574400
1998-10-05,0.2411082535982132,0.2588993222333267,0.2359586936585289,0.25468520263324435,551880000
1998-10-06,0.24391791224479675,0.25702672652830716,0.24344977959665268,0.25234447493294326,399862400
1998-10-07,0.23923563957214355,0.24953558205010043,0.23876748196216638,0.2425134679312109,473356800
1998-10-08,0.23080915212631226,0.23361799868049946,0.21348621483033012,0.23221357540340584,689214400
1998-10-09,0.2631126642227173,0.2640489298330473,0.2303410425740404,0.2378312924721173,668236800
1998-10-12,0.2804346978664398,0.2879258213955724,0.2738807148709226,0.2809028305793045,622899200
1998-10-13,0.2902664840221405,0.2935434877285777,0.26966742134597443,0.28511692462851085,941628800
1998-10-14,0.2799665331840515,0.3094619911086469,0.2757532392370582,0.2977575994910158,2280017600
1998-10-15,0.27434882521629333,0.27903025197559567,0.2659214369485114,0.2715399791619441,840672000
1998-10-16,0.27481696009635925,0.2851169032115719,0.2734125371856899,0.27809393855356157,615563200
1998-10-19,0.28090280294418335,0.28511692205943245,0.26873112857940573,0.27481697826333457,475776000
1998-10-20,0.2701355814933777,0.28605324406906,0.2696674487747343,0.2841806881914037,382088000
1998-10-21,0.27809399366378784,0.2804347073131249,0.2677940235043392,0.27528514728581666,430617600
1998-10-22,0.2752850651741028,0.2818398965400612,0.2715399294528749,0.2762213553551787,317374400
1998-10-23,0.26592135429382324,0.2762213200650837,0.26311250911253,0.2752850300036284,355980800
1998-10-26,0.2804346978664398,0.2827762615417315,0.2659214586289254,0.2701355781587581,475843200
1998-10-27,0.26404887437820435,0.29167095435968826,0.26264445125457514,0.2846488137384603,538193600
1998-10-28,0.27575334906578064,0.2771577726064476,0.26311268709473307,0.2640489527864513,363708800
1998-10-29,0.2729443907737732,0.2804346632741593,0.26826213910864266,0.2729443907737732,344579200
1998-10-30,0.27809399366378784,0.280902840041759,0.27154001044749404,0.27575328001445076,317643200
1998-11-02,0.28183987736701965,0.28277616748440154,0.27903018191342743,0.280902737145117,253769600
1998-11-03,0.28324443101882935,0.286521435443474,0.279498443715644,0.27996660149235647,370451200
1998-11-04,0.289798378944397,0.29307538296285557,0.28558510949473526,0.28886208851011125,627883200
1998-11-05,0.28605321049690247,0.2949487562335093,0.2851169201664191,0.2874576334910876,607118400
1998-11-06,0.28511691093444824,0.28652135888623775,0.2790302363863756,0.2837124879857377,797339200
1998-11-09,0.27434882521629333,0.28558508454150494,0.2659214369485114,0.28230808080937725,660788800
1998-11-10,0.2631126642227173,0.27154005483918275,0.2621763736092999,0.27107192203401775,883982400
1998-11-11,0.2514081597328186,0.2682621085414169,0.2453223108943243,0.26779395093656255,948505600
1998-11-12,0.2546851933002472,0.2579630473388749,0.24625865461851051,0.2481312104356469,595100800
1998-11-13,0.26732587814331055,0.2701355744933427,0.2598356048206156,0.2617081856528304,791817600
1998-11-16,0.26966744661331177,0.27528513920433684,0.2654533270652357,0.269199288895338,384529600
1998-11-17,0.26077190041542053,0.26826217388686563,0.2603037676996112,0.2677940161679737,210728000
1998-11-18,0.2654533088207245,0.2696674280791656,0.2612400146639513,0.2635807280836962,329660800
1998-11-19,0.26779401302337646,0.2785621404930979,0.26545332446873293,0.2659214571790452,346528000
1998-11-20,0.26451703906059265,0.27528514173140817,0.26030376957864676,0.27294442812929953,399224000
1998-11-23,0.27153998613357544,0.27575325532327255,0.2635807303361423,0.266389576462607,577953600
1998-11-24,0.2691991925239563,0.2752850406542652,0.26779391977447037,0.2706036151689393,319748800
1998-11-25,0.2631126642227173,0.2701356314206004,0.2617082408041349,0.268731208002018,303800000
1998-11-27,0.2626444101333618,0.26311256776999536,0.26030372196250706,0.2626444101333618,153104000
1998-11-30,0.23923563957214355,0.2607718397480116,0.23783119174528886,0.25889925931425656,561489600
1998-12-01,0.2556222379207611,0.26077179573992837,0.23689488655289356,0.23970373172642614,865737600
1998-12-02,0.26966744661331177,0.27622142963720187,0.2509400627618094,0.2556223400278593,962483200
1998-12-03,0.25234442949295044,0.27341249512431604,0.25187627192602907,0.27200804742662654,626046400
1998-12-04,0.2453223317861557,0.2579630132460138,0.2397037899694347,0.25702672295964646,721369600
1998-12-07,0.2528125047683716,0.2528125047683716,0.24532223542570317,0.2500036600156381,566596800
1998-12-08,0.2401718646287918,0.2542169656258936,0.23970373210016402,0.2542169656258936,680108800
1998-12-09,0.23970386385917664,0.24625869798282066,0.23689501713731423,0.24485427462188944,592916800
1998-12-10,0.23970386385917664,0.24672683076876892,0.2387675732841937,0.24485427462188944,391249600
1998-12-11,0.2528125047683716,0.25468505960250426,0.23970369581589593,0.24157625065002863,689998400
1998-12-14,0.243449866771698,0.24953569338911283,0.24157643539743534,0.24625871367251836,501446400
1998-12-15,0.2514081597328186,0.2518762923345964,0.2453223108943243,0.2453223108943243,264712000
1998-12-16,0.24579055607318878,0.25609052815911215,0.24438613262152423,0.25281269833459963,374348800
1998-12-17,0.25047194957733154,0.2528126633404687,0.24532238929966355,0.24672681255692896,330612800
1998-12-18,0.26358070969581604,0.26498513264907164,0.24906747240543242,0.2500037627086292,791492800
1998-12-21,0.2626444101333618,0.26685770384767243,0.25655858588482994,0.2649851233072948,357448000
1998-12-22,0.2846488356590271,0.2855851261479102,0.26966746274745973,0.27247630921102495,1150800000
1998-12-23,0.2982257604598999,0.30337532021453867,0.28745765814198865,0.2893302389635384,1235035200
1998-12-24,0.2940116226673126,0.29963018988311413,0.2935434899926739,0.29869389953075615,199987200
1998-12-28,0.3061842620372772,0.30805766839244375,0.2921391525451118,0.2921391525451118,725312000
1998-12-29,0.3057161271572113,0.3108665385904418,0.30150285652590375,0.3080576915029034,387352000
1998-12-30,0.3000982999801636,0.3080575549734329,0.2996301673407443,0.3005664326195829,237361600
1998-12-31,0.306652307510376,0.3099301363703825,0.2958850558815314,0.30337530375202987,271689600
1999-01-04,0.3089938163757324,0.3164840629217697,0.29963013933628796,0.3155477977304377,952884800
1999-01-05,0.32444342970848083,0.3291248573012587,0.3108664795894753,0.31414348390503677,1410113600
1999-01-06,0.31273892521858215,0.33052913746645696,0.3071203594344645,0.33052913746645696,1348569600
1999-01-07,0.3370840847492218,0.33755221746621056,0.3155478795087952,0.31648414494277266,1429019200
1999-01-08,0.3370840847492218,0.35112919139760423,0.329592961154095,0.34878847780649525,678832000
1999-01-11,0.34363800287246704,0.3450424257611518,0.33614773079742966,0.34270171261231785,560974400
1999-01-12,0.3455106317996979,0.34925659346360793,0.33052923544604035,0.3469150548851459,820736000
1999-01-13,0.34832045435905457,0.3544062816013876,0.3164842442251717,0.32116652298105075,1047816000
1999-01-14,0.3099301755428314,0.3445743734190283,0.3075886367468425,0.3408292365088864,1723859200
1999-01-15,0.3094619810581207,0.31554783044817436,0.29963017040359397,0.3132071172209938,1006006400
1999-01-19,0.3061842620372772,0.3169523668377621,0.30243912453382277,0.3141435199609432,534889600
1999-01-20,0.3038434386253357,0.31461153955060633,0.3033752809789542,0.307588574780994,778120000
1999-01-21,0.29073473811149597,0.3038435573830393,0.28090289863004186,0.3029072667274044,600488000
1999-01-22,0.2902664840221405,0.29588505119460606,0.277625826771933,0.28230807859618195,345766400
1999-01-25,0.2949487566947937,0.2963531796911753,0.29073463760093327,0.2940116162581304,385336000
1999-01-26,0.30337533354759216,0.30618420490336395,0.29682135039029084,0.2991620640185591,560044800
1999-01-27,0.3005664050579071,0.30993008211387185,0.299161982265355,0.3071203864241755,364952000
1999-01-28,0.3061842620372772,0.30899395901907933,0.3019709667189611,0.3061842620372772,336280000
1999-01-29,0.3085256814956665,0.3113345272826479,0.2996301613999314,0.3085256814956665,242715200
1999-02-01,0.306652307510376,0.31414343048869614,0.3019708807136189,0.312270849768761,278913600
1999-02-02,0.2935435175895691,0.3052479106883609,0.29213909443053837,0.3024390643702995,307160000
1999-02-03,0.3010345995426178,0.30384344547188397,0.29026647337162864,0.2921390539931923,338744000
1999-02-04,0.28371256589889526,0.3015028115769119,0.2827763003446903,0.30103467879980944,463780800
1999-02-05,0.2720080316066742,0.2874575554565045,0.26592135851383447,0.28652129038326385,777201600
1999-02-08,0.2827762961387634,0.28418071945226775,0.2715400345227355,0.2748170389229693,468227200
1999-02-09,0.27856209874153137,0.2926071780814101,0.27762580845815804,0.2841806405402858,701153600
1999-02-10,0.2869895398616791,0.28979838623208887,0.2696674538039333,0.2762214370025839,563628800
1999-02-11,0.2968212962150574,0.29775758649609146,0.2888620412292945,0.29026646414930635,565196800
1999-02-12,0.2823079824447632,0.29307525523889993,0.2771575747005859,0.29307525523889993,428904000
1999-02-16,0.2869895398616791,0.29120280941729376,0.2837125357608122,0.29120280941729376,300227200
1999-02-17,0.27715766429901123,0.2897983463334334,0.2766895316360886,0.28558507735789024,296060800
1999-02-18,0.26966744661331177,0.2837125281956817,0.2663895924950182,0.2813709895133357,500169600
1999-02-19,0.27856209874153137,0.28230805997353914,0.2710718264807018,0.2715399591208492,361692800
1999-02-22,0.28792575001716614,0.2912027282010023,0.2790302055516125,0.27996649574831267,298670400
1999-02-23,0.28792575001716614,0.29635313688283155,0.28418061423344176,0.28886201521079,322179200
1999-02-24,0.2804346978664398,0.2921390908206015,0.2799665651535752,0.29073466767892514,212755200
1999-02-25,0.2766895592212677,0.2823081018535245,0.2734125802479439,0.27949840548499727,264600000
1999-02-26,0.26077190041542053,0.2771576956105477,0.2584311868302086,0.2734125838779078,667251200
1999-03-01,0.2528125047683716,0.26077175667314634,0.25187621484977085,0.26077175667314634,487827200
1999-03-02,0.259367436170578,0.264516995240912,0.2528126040675768,0.25562230002823705,683054400
1999-03-03,0.256090372800827,0.26311251080222875,0.25093996482988606,0.2603036656028972,293350400
1999-03-04,0.25047194957733154,0.2584312064744039,0.24251354278513274,0.2584312064744039,367270400
1999-03-05,0.2485993206501007,0.25702670782666515,0.24251347165164794,0.25702670782666515,468036800
1999-03-08,0.2574949860572815,0.25983570045754856,0.2485994612361079,0.2490675941149248,550670400
1999-03-09,0.2556222379207611,0.25749479303542533,0.2509399625250241,0.2570266605075274,319692800
1999-03-10,0.24391791224479675,0.25609043622894,0.24298162194542958,0.25609043622894,546280000
1999-03-11,0.2411082535982132,0.2537489371919075,0.23970383043312501,0.24157638631888165,473659200
1999-03-12,0.2485993206501007,0.25094000872358824,0.2420444889329417,0.2420444889329417,271398400
1999-03-15,0.2551532983779907,0.2621762626023089,0.24906744947219348,0.24953558207914836,352161600
1999-03-16,0.26592135429382324,0.2663894868230146,0.2617080865218834,0.2621762190510747,399828800
1999-03-17,0.2551532983779907,0.27013551704361366,0.2542170081610042,0.26919922682662717,366318400
1999-03-18,0.26592135429382324,0.2668576443552786,0.25655852868848816,0.2574947937468708,227080000
1999-03-19,0.2509400248527527,0.2696674058751434,0.24625862340180352,0.2691992482278933,536502400
1999-03-22,0.2626444101333618,0.26358070040355064,0.24672675045088321,0.25468515523979274,593611200
1999-03-23,0.24719493091106415,0.25796303260634207,0.2453223501977908,0.25796303260634207,415553600
1999-03-24,0.25234442949295044,0.25281256205679725,0.243449735758339,0.24906742653679906,400153600
1999-03-25,0.25328075885772705,0.26124001458473023,0.2500037800735426,0.25749487811489025,399963200
1999-03-26,0.24906741082668304,0.253280678644773,0.24719485568633404,0.252812546110454,253836800
1999-03-29,0.264985054731369,0.26545321224684726,0.25047182170853843,0.25093995422094495,568870400
1999-03-30,0.26873111724853516,0.27247625343434323,0.26217628506945667,0.26217628506945667,554523200
1999-03-31,0.2691991925239563,0.27809388594423123,0.2687310599766532,0.2724761953642991,422352000
1999-04-01,0.2701355814933777,0.2748170086921426,0.26779401778918116,0.2701355814933777,262057600
1999-04-05,0.27762576937675476,0.283712442958835,0.269667365596083,0.269667365596083,460936000
1999-04-06,0.2846488356590271,0.28698954937969284,0.2757532884174897,0.2757532884174897,628588800
1999-04-07,0.27809399366378784,0.28652140790561687,0.2724763009078455,0.28511695971354795,411812800
1999-04-08,0.27622145414352417,0.27762587741588063,0.2696674705381657,0.27622145414352417,296408000
1999-04-09,0.2752850651741028,0.27903020089533065,0.269199216501723,0.2715399294528749,268542400
1999-04-12,0.27153998613357544,0.2762214130130707,0.2612400168963947,0.2621763072729099,395819200
1999-04-13,0.259367436170578,0.2757532287695304,0.2584311458842231,0.27200809262718945,412384000
1999-04-14,0.26615551114082336,0.2776258241015936,0.262176295964578,0.26404885163375935,681027200
1999-04-15,0.26779401302337646,0.27107186710960807,0.2570267606615363,0.26498516675533834,1734476800
1999-04-16,0.2654533088207245,0.2701355607618823,0.2640488607664129,0.2687311377106515,502219200
1999-04-19,0.25374889373779297,0.269667403761129,0.2509400228855486,0.2673258404477925,921816000
1999-04-20,0.2551532983779907,0.26030370717141266,0.25094000490308976,0.25374887555404935,523857600
1999-04-21,0.2574949860572815,0.2574949860572815,0.2509401506332836,0.25468528867309265,351400000
1999-04-22,0.27247631549835205,0.274348871516243,0.2626444775410642,0.2626444775410642,740174400
1999-04-23,0.2935435175895691,0.2954169235720632,0.2715400046558302,0.2715400046558302,1046841600
1999-04-26,0.306652307510376,0.30899387101349557,0.2940116250568553,0.2958850558815314,927931200
1999-04-27,0.3427017629146576,0.34316992061498813,0.32210269908470623,0.32210269908470623,2106048000
1999-04-28,0.330061137676239,0.3422336641439143,0.32678413346139396,0.3342752574832558,954990400
1999-04-29,0.3221026659011841,0.3324017842042816,0.31297304161749123,0.3239752215003477,789308800
1999-04-30,0.34457430243492126,0.35300169009919036,0.3295929077757507,0.3295929077757507,1472329600
1999-05-03,0.3712601065635681,0.37453796054808347,0.3427017618433168,0.3450424753284071,1470436800
1999-05-04,0.34832045435905457,0.36423812187191185,0.34597888992857617,0.3614292746826673,811238400
1999-05-05,0.35206544399261475,0.35206544399261475,0.33427520251127346,0.346915034542193,579297600
1999-05-06,0.33333805203437805,0.3511291430848056,0.3295929158045235,0.3487884298157616,433148800
1999-05-07,0.34363800287246704,0.34363800287246704,0.3202292211809829,0.33427517528020934,434716800
1999-05-10,0.3389566242694855,0.3515972812185334,0.33427519765841734,0.35019285823582885,392996800
1999-05-11,0.33521154522895813,0.3459787982695598,0.3263159980458801,0.3361478107086043,458595200
1999-05-12,0.34832045435905457,0.34832045435905457,0.3305293552795628,0.33614789976312964,395124800
1999-05-13,0.3459787368774414,0.3506609885589352,0.34082917764081444,0.347852142612244,295523200
1999-05-14,0.33240172266960144,0.3431698217330019,0.33240172266960144,0.33802026353474673,226632000
1999-05-17,0.33240172266960144,0.334743260589005,0.32210260627309095,0.327720297033706,210761600
1999-05-18,0.3389566242694855,0.3445743162003035,0.33240179191113056,0.33567962064112183,418376000
1999-05-19,0.33848854899406433,0.3427018189676806,0.3258478889683014,0.34082926286932413,298278400
1999-05-20,0.3183567225933075,0.3427017738953211,0.3183567225933075,0.34036108533099585,417715200
1999-05-21,0.3291248083114624,0.3319336544478021,0.3188248390380704,0.3221026929706132,463187200
1999-05-24,0.31414341926574707,0.3319336355558223,0.31367526160094816,0.3267840762645926,260926400
1999-05-25,0.31086641550064087,0.31788855544210937,0.30665229643289726,0.31133454816217354,366508800
1999-05-26,0.330061137676239,0.3324018514006878,0.3089939140575089,0.31273905101601013,437550400
1999-05-27,0.3258477449417114,0.32772030021238757,0.3197610464520948,0.32350703210106024,336761600
1999-05-28,0.330061137676239,0.33193369365394754,0.32303899650289275,0.3244434197369452,201129600
1999-06-01,0.3356795907020569,0.339424726656269,0.33240176226441315,0.33708401355950174,461025600
1999-06-02,0.3487883508205414,0.35908746686927956,0.32959284115679227,0.33333797653843106,521057600
1999-06-03,0.35534247756004333,0.35955574722020406,0.3506610501578088,0.35112920789988256,488510400
1999-06-04,0.3604927957057953,0.36096092832518456,0.35393796391432425,0.3567468096368148,368681600
1999-06-07,0.36657869815826416,0.3670468308458278,0.35581057121181253,0.3604928482045311,418286400
1999-06-08,0.3572149872779846,0.3656423750223699,0.3562786969836579,0.365174242376746,313656000
1999-06-09,0.36283349990844727,0.36330163251635306,0.35534237805888036,0.35534237805888036,353785600
1999-06-10,0.3604927957057953,0.36142908594765133,0.3544060965337135,0.3586193901205269,317049600
1999-06-11,0.3478522002696991,0.36330173064508353,0.3464469269587239,0.3604928842328184,185046400
1999-06-14,0.340361088514328,0.3492566102535457,0.3380203749250281,0.3483203448202919,157080000
1999-06-15,0.3450424373149872,0.35019284651830385,0.33802032263642606,0.3384884552806372,130390400
1999-06-16,0.35908767580986023,0.3600239664508332,0.34738413030850723,0.34738413030850723,225019200
1999-06-17,0.34738394618034363,0.3595556180491388,0.3427016703553749,0.35674677261811494,224403200
1999-06-18,0.3530017137527466,0.35393800410091025,0.33848847576534086,0.3398928987860462,208062400
1999-06-21,0.34832045435905457,0.3539381487375437,0.3445744663339539,0.35206559227907747,135150400
1999-06-22,0.3398929834365845,0.3515973782975656,0.3398929834365845,0.3469151252920598,151076800
1999-06-23,0.32725220918655396,0.33778623090658894,0.3263159189308268,0.33755215209188766,531496000
1999-06-24,0.3169524073600769,0.3267842227909223,0.31648424948536136,0.3267842227909223,433361600
1999-06-25,0.31601592898368835,0.319761064742336,0.3150796387932574,0.3183566419582276,294134400
1999-06-28,0.3188248574733734,0.3216345538769363,0.3174204343239961,0.31788859204251024,277692800
1999-06-29,0.3398929834365845,0.3412974068070622,0.3192930654586642,0.3199952771439031,380385600
1999-06-30,0.346915066242218,0.3515973184507384,0.3366159466097123,0.34223363913541277,343268800
1999-07-01,0.3394246995449066,0.3487883762856111,0.338956566964176,0.34691497085504946,149217600
1999-07-02,0.346915066242218,0.35112918574129076,0.33848850245058504,0.3410632948602526,123681600
1999-07-06,0.3548743426799774,0.35674689862772313,0.3431699491432405,0.3441062396186552,453812800
1999-07-07,0.37360164523124695,0.3801556275504485,0.3520654424029016,0.3548742883964051,1099156800
1999-07-08,0.4082458019256592,0.41245909580781864,0.3810919078268135,0.3829644634387117,1625041600
1999-07-09,0.4166732728481293,0.4166732728481293,0.39700962346015073,0.40824585880797526,608697600
1999-07-12,0.4082458019256592,0.4166732147915923,0.40590511366155635,0.41573692448410365,303912000
1999-07-13,0.40215998888015747,0.4059051252136196,0.39607328910817896,0.4007555658804942,283259200
1999-07-14,0.41901397705078125,0.4241635368394477,0.40824584965863364,0.40824584965863364,624556800
1999-07-15,0.39888209104537964,0.4190138936979486,0.3843688548786119,0.41854573608105544,1691804800
1999-07-16,0.3974778354167938,0.40824594019386307,0.3970097026060379,0.40169195582784156,411499200
1999-07-19,0.40777769684791565,0.41807766602224433,0.39186003545493764,0.4040325603677891,561299200
1999-07-20,0.3960733711719513,0.4157370224539307,0.3951370806438226,0.40871405589578447,442075200
1999-07-21,0.404968798160553,0.4152687659976129,0.3960732531958159,0.404968798160553,718166400
1999-07-22,0.3923281729221344,0.4035644326042594,0.38296449400444393,0.40169185183982486,406728000
1999-07-23,0.3993503749370575,0.40262820438099867,0.3946689473063194,0.39560523783308404,229051200
1999-07-26,0.3815600872039795,0.39700961676029317,0.3810919544944483,0.3960733263381485,351187200
1999-07-27,0.40215998888015747,0.4040325445453486,0.39326444310885234,0.39420073344298784,395908800
1999-07-28,0.4073096215724945,0.4148007206902539,0.3970096509464318,0.40356448456450794,328910400
1999-07-29,0.4035644233226776,0.4138643923856963,0.397945881059996,0.39981928688302415,275475200
1999-07-30,0.4171413779258728,0.4204183567369254,0.4082458317577042,0.4082458317577042,383140800
1999-08-02,0.4176096022129059,0.43446355675633463,0.4157370211624655,0.41667331168768573,362443200
1999-08-03,0.41386449337005615,0.430250316271094,0.40169194061552566,0.4250998804274091,368379200
1999-08-04,0.40309619903564453,0.41854572502501647,0.39888208050876306,0.4133961663967596,371425600
1999-08-05,0.41011831164360046,0.4110546017892329,0.3904555184992215,0.40075548519650045,322537600
1999-08-06,0.40543708205223083,0.41433263033589746,0.4007556790655488,0.40496894925448873,435556800
1999-08-09,0.40777769684791565,0.4133962391713159,0.40637327379325333,0.40707548532058446,233284800
1999-08-10,0.4148006737232208,0.41948210070390674,0.40169185807622376,0.4045007292664842,416225600
1999-08-11,0.4471040666103363,0.4475722242176063,0.41901388508491716,0.4194820176891104,850337600
1999-08-12,0.4494447112083435,0.4597446776346167,0.43914559488659444,0.4424225978085483,666108800
1999-08-13,0.4499129056930542,0.4644261413502516,0.4485084828978394,0.45412702418329237,298435200
1999-08-16,0.4531908333301544,0.4545952563557514,0.44569971042018386,0.44804039879412516,276931200
1999-08-17,0.45178550481796265,0.45225446253630086,0.44148638722404276,0.45178550481796265,320936000
1999-08-18,0.45038115978240967,0.46442624084814577,0.4466359981887114,0.4499130020816566,468574400
1999-08-19,0.4400820732116699,0.45319088985916356,0.43867679990605213,0.448040454680692,550020800
1999-08-20,0.4433589577674866,0.4447633805894685,0.4358678359435886,0.44382706537071154,327947200
1999-08-23,0.45506352186203003,0.45974489971918286,0.44429539267206397,0.4447635504602483,355566400
1999-08-24,0.45225465297698975,0.4550635498728208,0.44897684817152195,0.45225465297698975,502264000
1999-08-25,0.45974481105804443,0.460681126453846,0.4503811570383988,0.45459527640578773,295164800
1999-08-26,0.46536335349082947,0.47285362662607067,0.45787228025698046,0.45787228025698046,404488000
1999-08-27,0.4850260615348816,0.48689864187511717,0.4695765611402847,0.47004466872073025,446835200
1999-08-30,0.4648943543434143,0.48689871430358056,0.464426196687177,0.48689871430358056,336593600
1999-08-31,0.4887712597846985,0.4934535365757267,0.4648943684855619,0.468874408770872,634547200
1999-09-01,0.5140528082847595,0.5154572317932525,0.49439002906083157,0.5018802544353423,788625600
1999-09-02,0.5285657048225403,0.5351205603410844,0.5009436603817385,0.5065622008376174,895148800
1999-09-03,0.5505701303482056,0.5636789429755438,0.5280976158116811,0.5388657404909433,1635267200
1999-09-07,0.5721064209938049,0.5838108127187821,0.5505702182048173,0.5524427988657842,984793600
1999-09-08,0.5580614805221558,0.5819375775057493,0.5580614805221558,0.5707021407360503,762204800
1999-09-09,0.5660197138786316,0.5688286098366028,0.5533790569907733,0.5655516062241022,534083200
1999-09-10,0.5800649523735046,0.581937533360765,0.5594658614272826,0.5692968240996052,458763200
1999-09-13,0.5618063807487488,0.577255931829033,0.5604019579333375,0.577255931829033,252000000
1999-09-14,0.5828738808631897,0.5880242668999806,0.5594659401456028,0.5597000190527169,388292800
1999-09-15,0.5646153092384338,0.5927055198843426,0.5636790438928112,0.5908329391869367,359576000
1999-09-16,0.5753835439682007,0.5847471993072025,0.5533791789493114,0.5697650007216093,441884800
1999-09-17,0.5763197541236877,0.5824056044445961,0.5711702192405592,0.5791286004246969,277278400
1999-09-20,0.5922374129295349,0.6001966941752787,0.5758516428391947,0.5767879082650021,456668800
1999-09-21,0.518734872341156,0.5486976116830747,0.516861441663772,0.5482295040445152,3357558400
1999-09-22,0.5266934037208557,0.5365252671548985,0.5169790547902792,0.5224801337253047,1123169600
1999-09-23,0.4742578864097595,0.5337161438440811,0.4719171987386746,0.5327798287707305,1143755200
1999-09-24,0.48643049597740173,0.5019974611950049,0.47191726040109533,0.4747261059758695,1179875200
1999-09-27,0.45927664637565613,0.5000075111805679,0.45834033109603994,0.49719866535403273,948192000
1999-09-28,0.44663599133491516,0.46442623372135156,0.4302502220291859,0.46068112219128676,1414963200
1999-09-29,0.4424227178096771,0.45880853696225227,0.4344634870286018,0.4513174138640322,657283200
1999-09-30,0.4742578864097595,0.4808127420031086,0.4438269964459706,0.44616773412320127,908084800
1999-10-01,0.46231967210769653,0.46770413622283413,0.4456997722236482,0.46536339751815087,614790400
1999-10-04,0.48362159729003906,0.4859622850099063,0.4672357831280321,0.4672357831280321,459356800
1999-10-05,0.5089031457901001,0.5103075689500453,0.4850262018552379,0.49158101003774135,814206400
1999-10-06,0.5032848715782166,0.5215440826095186,0.5018803976627346,0.5196715007284015,804272000
1999-10-07,0.4971986413002014,0.5140525655487062,0.4859623584268358,0.5126481427033828,605886400
1999-10-08,0.49111208319664,0.49673062629565556,0.47566252735169795,0.4957943607986873,382804800
1999-10-11,0.49953922629356384,0.511243614362729,0.49438969359203777,0.49438969359203777,263121600
1999-10-12,0.5070306658744812,0.5215439081908446,0.5018802298201374,0.5084350893140929,563752000
1999-10-13,0.47964251041412354,0.5206074546012331,0.47753500090755036,0.499071202751313,636731200
1999-10-14,0.5482295751571655,0.5491658405618878,0.5168615087075679,0.5187349396279607,1898803200
1999-10-15,0.5585293769836426,0.5678922290816512,0.525756944339103,0.5327799085141381,1173177600
1999-10-18,0.5486976504325867,0.5561879232462382,0.5327799893511531,0.5533790771918891,776406400
1999-10-19,0.5131164193153381,0.5618065230006772,0.5126482615896103,0.536525205712718,1022582400
1999-10-20,0.5627430081367493,0.5636792738643525,0.524352812897072,0.524352812897072,1081404800
1999-10-21,0.5702338218688965,0.577255986618607,0.542142812580626,0.5435472355293365,793452800
1999-10-22,0.5538471937179565,0.5786603989012906,0.5496339249494852,0.5777240836153034,419507200
1999-10-25,0.5580614805221558,0.5702339829521793,0.5524429370354654,0.556188049287917,326592000
1999-10-26,0.5622745752334595,0.565551578686397,0.5491657613232042,0.5613383099638302,361435200
1999-10-27,0.5721064209938049,0.5739790016547717,0.5501020605380358,0.5571250256136758,443072000
1999-10-28,0.5833426117897034,0.591769199136035,0.5697648403121698,0.5772559624990292,504089600
1999-10-29,0.6001965999603271,0.6072187145670092,0.5903647894063021,0.5903647894063021,523051200
1999-11-01,0.5814694762229919,0.6044101099729009,0.5795968949117223,0.5992605738746305,278577600
1999-11-02,0.6011328101158142,0.6119009349674073,0.5791284528192123,0.5842788865005971,399235200
1999-11-03,0.6104966998100281,0.6236055166761307,0.6067506877698645,0.6114329652907716,328462400
1999-11-04,0.6264143586158752,0.6395231753876264,0.6039418369745593,0.6147099650582148,379086400
1999-11-05,0.661526620388031,0.6619955781780275,0.6292231396075049,0.6339045665030149,416808000
1999-11-08,0.7219213247299194,0.7321038325157067,0.6498232688776637,0.6573135441076684,950924800
1999-11-09,0.6713584065437317,0.7078760052501528,0.6591858569728712,0.7069397399089735,809177600
1999-11-10,0.684935450553894,0.6985123745492329,0.6601222411571644,0.6610585065959768,577897600
1999-11-11,0.6910220980644226,0.6938309441717467,0.6732310058377611,0.6861057422687741,269875200
1999-11-12,0.6788493990898132,0.6891493659950544,0.6545043546273348,0.6886812084112484,279059200
1999-11-15,0.6699540615081787,0.6957035366556985,0.6629319456165934,0.6713584846864957,259907200
1999-11-16,0.6830628514289856,0.6872761208003744,0.6629319198810584,0.6741673048714284,233856000
1999-11-17,0.6760407090187073,0.7097486128697329,0.6741672781543749,0.67931771284642,364571200
1999-11-18,0.6713584065437317,0.6825946407672524,0.6624637107809663,0.682126533099743,364784000
1999-11-19,0.6924265027046204,0.6957034564052478,0.6596540153348796,0.6704221419021271,312513600
1999-11-22,0.6788493990898132,0.6872759355614174,0.668549432184572,0.6872759355614174,202361600
1999-11-23,0.6952352523803711,0.7134935991666551,0.6629317772666513,0.6872759729488779,543312000
1999-11-24,0.7092804312705994,0.7116211196365466,0.6868079627283301,0.6966397739786642,215107200
1999-11-26,0.7120892405509949,0.7153670942037628,0.7050671258095049,0.7097485523058843,132070400
1999-11-29,0.7083441019058228,0.7472023856209519,0.6985122415379245,0.706003363745269,464161600
1999-11-30,0.7331573963165283,0.77716521936038,0.7294122348036947,0.7350299270667829,843180800
1999-12-01,0.7720157504081726,0.7827838782698998,0.7495432292300099,0.7565662452667364,618564800
1999-12-02,0.8253872990608215,0.8286643032298063,0.7621839538825007,0.7724839242283237,567358400
1999-12-03,0.8614365458488464,0.8656498645230976,0.8380278141521792,0.840368552305225,647920000
1999-12-06,0.8689269423484802,0.8787587535206818,0.8347508822295869,0.8581588158324122,466782400
1999-12-07,0.8825037479400635,0.8839081206778768,0.8539453352559807,0.873140896309535,445020800
1999-12-08,0.8244510293006897,0.8829720966865573,0.820237759679398,0.8707995954555942,412350400
1999-12-09,0.7884014844894409,0.8314730410924122,0.7556298468812555,0.8314730410924122,855198400
1999-12-10,0.7715476155281067,0.8183643400755566,0.7415848698125576,0.7888697020981422,637761600
1999-12-13,0.7415848970413208,0.7678025317835855,0.7411167392798289,0.7669828306485316,529961600
1999-12-14,0.7106849551200867,0.7472025591622006,0.7097486896421068,0.7369025887749007,435870400
1999-12-15,0.7266025543212891,0.7284759852230824,0.6821265726224828,0.6985123421811299,622977600
1999-12-16,0.7364344596862793,0.7369026174465684,0.7041310241584714,0.7340937708971735,463825600
1999-12-17,0.749075174331665,0.7640565227991714,0.7378388879471003,0.7556299830940427,495006400
1999-12-20,0.7340937852859497,0.7462663373475819,0.723793814296008,0.7457981795781166,283987200
1999-12-21,0.7678024172782898,0.772015686484867,0.7336255056135578,0.7354980863740905,307596800
1999-12-22,0.74860680103302,0.7832518157202871,0.7397112560207104,0.7706111596971399,327073600
1999-12-23,0.7752925157546997,0.7809110568698632,0.7570341198595456,0.762651810870141,229532800
1999-12-27,0.7439254522323608,0.7823156319343221,0.7434573445611077,0.7818474742569081,168392000
1999-12-28,0.7354981303215027,0.7462662579350393,0.7116211865085245,0.742521096190193,247576000
1999-12-29,0.7542256712913513,0.7654611092317273,0.715367371033083,0.7251983354755068,284502400
1999-12-30,0.7514156103134155,0.7799747744662122,0.7462660766727407,0.7654607385406975,207144000
1999-12-31,0.7701429724693298,0.77061113008,0.7453297689991965,0.7560978941061479,163811200
2000-01-03,0.8384960293769836,0.8427093485919045,0.7617157176007766,0.7855926599994236,535796800
2000-01-04,0.7678024172782898,0.8286642173561036,0.7579706056915169,0.8108739750416878,512377600
2000-01-05,0.7790378332138062,0.8281960930294838,0.7715475598760808,0.7771652523778337,778321600
2000-01-06,0.7116212844848633,0.8015104793906811,0.7116212844848633,0.794956470437924,767972800
2000-01-07,0.7453300356864929,0.7565663224245818,0.7153672878026008,0.7228575622226584,460734400
2000-01-10,0.732221245765686,0.7659291571478867,0.7097487714450352,0.7640565759699328,505064000
2000-01-11,0.69476717710495,0.7443935897781814,0.6779132511430472,0.7186441181182193,441548800
2000-01-12,0.6531002521514893,0.7153673415907655,0.6479498161178239,0.7116213289910732,976068800
2000-01-13,0.7247299551963806,0.7397113512861003,0.6928946322734421,0.7077585638885455,1032684800
2000-01-14,0.7523519396781921,0.7659288605487886,0.7443935102583488,0.7490749363873064,390376000
2000-01-18,0.7785695791244507,0.7940199308089168,0.7523519521652886,0.7565660708540675,459177600
2000-01-19,0.7982333302497864,0.8146191497608182,0.7743563874766584,0.7912103646869488,597643200
2000-01-20,0.8502005338668823,0.910126022971567,0.8502005338668823,0.8651818811399705,1831132800
2000-01-21,0.8338144421577454,0.8558179994656405,0.8253870552558129,0.8558179994656405,495924800
2000-01-24,0.7958923578262329,0.8445815912837176,0.7874649221721599,0.8122781214853778,440876800
2000-01-25,0.8408366441726685,0.8473915513716024,0.766866035119716,0.786528856482515,497145600
2000-01-26,0.8253872990608215,0.8553500945192333,0.8221103448980043,0.8239828758464235,367158400
2000-01-27,0.8239827752113342,0.8464552941129416,0.8015103063158883,0.8150872291663448,340144000
2000-01-28,0.761247456073761,0.8305366852603864,0.7537571840555964,0.8104057572353877,423348800
2000-01-31,0.7771652936935425,0.7781016091643873,0.7078760986228451,0.7565662533226218,701680000
2000-02-01,0.7509474754333496,0.7865288047273572,0.7490749449652468,0.7790376827318524,318035200
2000-02-02,0.7401793599128723,0.7649925625352383,0.7266023896180775,0.7546934454954489,464195200
2000-02-03,0.773888111114502,0.7809110751466831,0.7509474387336521,0.7514155963308757,475193600
2000-02-04,0.8090013265609741,0.8239826705514156,0.776228842734172,0.7785695808457531,425320000
2000-02-07,0.8544137477874756,0.8558182209566707,0.7935519436287158,0.8090014985330212,441067200
2000-02-08,0.8605002760887146,0.869863028083186,0.8333463350635588,0.8539453695719904,408643200
2000-02-09,0.8436455726623535,0.877354327000439,0.842241199584449,0.8548818574458239,299364800
2000-02-10,0.8502005338668823,0.8530093802113176,0.823982851098899,0.8455190566179356,302982400
2000-02-11,0.814619243144989,0.8548819600385169,0.810874081133918,0.8511367980274459,212251200
2000-02-14,0.8675227761268616,0.8679909339643561,0.8136830746234806,0.8188326608173863,367539200
2000-02-15,0.8913993835449219,0.8984223484838045,0.8628410663411212,0.8633092239987865,485744000
2000-02-16,0.8548818826675415,0.8848454763280262,0.8399005358927782,0.8820358299783922,378246400
2000-02-17,0.8605002760887146,0.8651816520859503,0.8473914631783214,0.8628409640873325,289497600
2000-02-18,0.8333465456962585,0.864245555324167,0.8305368492806936,0.8586278627026608,233441600
2000-02-22,0.8525412678718567,0.8759500555354504,0.7991696840546278,0.8249192104673087,422296000
2000-02-23,0.8707998991012573,0.8913998468689625,0.8314734352688031,0.8482108053192403,473099200
2000-02-24,0.8629577159881592,0.8923357353464433,0.8370915792921811,0.8787587626697413,376432000
2000-02-25,0.8267914652824402,0.8764179205328259,0.8249189349160624,0.8600321046824486,249144000
2000-02-28,0.8483279347419739,0.8614367516139579,0.8118103805818483,0.8249191974538324,328328000
2000-02-29,0.8586277365684509,0.8782905579661907,0.8431774339255319,0.850668456414963,368961600
2000-03-01,0.9761383533477783,0.9892471709473326,0.8876544346248348,0.8881225923944844,1077003200
2000-03-02,0.9138716459274292,0.9583477135498111,0.9040398372635347,0.9513255502869581,311259200
2000-03-03,0.9588161110877991,0.9605721275845995,0.8988906229587754,0.935407325051541,323366400
2000-03-06,0.9414938688278198,0.9672433377924671,0.9363434349684249,0.943834556894255,210560000
2000-03-07,0.9204256534576416,0.9546025550295664,0.9073168419126502,0.9471114341010465,273011200
2000-03-08,0.9138716459274292,0.9283849301039907,0.8881221804417796,0.920425651637786,271230400
2000-03-09,0.9157447218894958,0.936343764238507,0.8857819238588471,0.9054447506594442,276718400
2000-03-10,0.941961944103241,0.9583477592590277,0.9063805682443177,0.9115310016534945,248606400
2000-03-13,0.9087214469909668,0.9475797297349126,0.8951444759141297,0.9148080961461621,303956800
2000-03-14,0.8558184504508972,0.9307262065366683,0.8539458190564768,0.9080196007619181,428579200
2000-03-15,0.8707998991012573,0.9007635049508145,0.8548822304301403,0.8661185201159934,443609600
2000-03-16,0.9105942249298096,0.9138720292582481,0.8576907991102631,0.8787588979327207,378100800
2000-03-17,0.9363436698913574,0.9363436698913575,0.8960809046875832,0.8998269666519045,305043200
2000-03-20,0.9213622212409973,0.9457072207937223,0.9166807444352152,0.9251081827817389,204489600
2000-03-21,1.0107831954956055,1.0243600677230864,0.9110630132242252,0.9180851781257229,524328000
2000-03-22,1.0800721645355225,1.0814774374044596,0.9855016309887777,0.9946312540647808,567996800
2000-03-23,1.0585367679595947,1.126421515727355,1.0487049589448894,1.0636863011962043,562564800
2000-03-24,1.0388736724853516,1.0782001282270568,1.0149967243352898,1.0669638408528788,446913600
2000-03-27,1.0454282760620117,1.0842865663508758,1.0252964942994516,1.0309150869362491,279182400
2000-03-28,1.0421509742736816,1.0636863229088007,1.0271687316058538,1.0281050467633677,202966400
2000-03-29,1.0182740688323975,1.0444916941441398,1.0024730249762441,1.0440236365633484,239836800
2000-03-30,0.941961944103241,1.0313828412392767,0.9396211562291141,1.000483041128607,414400000
2000-03-31,1.0173380374908447,1.0281052640284438,0.9438346817730452,0.9546028084215391,404633600
2000-04-03,0.9986109137535095,1.0449603372252867,0.9695844294098114,1.0149967371615867,328563200
2000-04-04,0.9536662697792053,0.9962697086096257,0.874545240478788,0.9934608632134532,660329600
2000-04-05,0.9766072630882263,0.9953337729760369,0.9288534727275063,0.9473458537358594,457665600
2000-04-06,0.9377485513687134,1.00750592470401,0.9232344675557471,0.9784794572870368,259627200
2000-04-07,0.9869060516357422,0.9878422667543352,0.9400892949682333,0.953198106849893,242435200
2000-04-10,0.9363436698913574,0.9943975290926533,0.9344711389708644,0.9864382475541391,212262400
2000-04-11,0.8946763277053833,0.9354071413521139,0.8843763598593598,0.925108073616887,541822400
2000-04-12,0.8183640241622925,0.8913992044004412,0.7855924446440846,0.8913992044004412,941136000
2000-04-13,0.8525412678718567,0.8988906854479929,0.8127466588844606,0.8352191810521207,529827200
2000-04-14,0.8380279541015625,0.8839083598008347,0.8164916993172673,0.8188324378612127,667620800
2000-04-17,0.9279170632362366,0.9283852209353906,0.8169598380621746,0.8202376920486996,409561600
2000-04-18,0.9503893256187439,0.9503893256187439,0.8942081136903485,0.9251080152798814,390924800
2000-04-19,0.9073174595832825,0.9756704091488214,0.897017486334658,0.9452395473863444,520150400
2000-04-20,0.89046311378479,0.9344710359922137,0.8768861409686446,0.9265125554293918,722120000
2000-04-24,0.9026358723640442,0.9026358723640442,0.8595642579425059,0.86143678898607,443620800
2000-04-25,0.9611572027206421,0.9644350078699437,0.9143404159860475,0.9148085738521573,391641600
2000-04-26,0.9087214469909668,0.958815912703543,0.8988904369734281,0.9485159449658855,366912000
2000-04-27,0.9494524598121643,0.9513258907910578,0.8732577656223894,0.8778225284207373,326603200
2000-04-28,0.9293212890625,0.9550708585466685,0.9087214534530066,0.9522620128091561,249580800
2000-05-01,0.9311938285827637,0.9372804771865634,0.9129354829681744,0.9354070467712365,226195200
2000-05-02,0.8829719424247742,0.9457071685826319,0.8801630965013061,0.923234700985498,236432000
2000-05-03,0.8619049191474915,0.9082535364202049,0.836155442854716,0.8909313996708129,489798400
2000-05-04,0.8291322588920593,0.8633091657688422,0.828195943639883,0.8623728505166659,399515200
2000-05-05,0.8473915457725525,0.859564044665015,0.8293663761961899,0.8300685626617554,284076800
2000-05-08,0.8249191045761108,0.851604843053027,0.8239827891941991,0.839666371878193,184900800
2000-05-09,0.7898057699203491,0.8333463267214735,0.7855925015613215,0.8263233626851724,327140800
2000-05-10,0.7439254522323608,0.7865289010125649,0.7397113330493844,0.7795059357774266,535091200
2000-05-11,0.7701429724693298,0.7809110975762813,0.7415846581322958,0.759374897368532,499744000
2000-05-12,0.8061923980712891,0.8277277978979711,0.7847728124949899,0.7940199003043737,306913600
2000-05-15,0.7565661668777466,0.8094695351269445,0.7500113092506164,0.8094695351269445,678932800
2000-05-16,0.7916787266731262,0.8169600490553648,0.7696752091177959,0.7829006425314979,440451200
2000-05-17,0.7593749165534973,0.7766969986166911,0.751883794519673,0.7762288409941932,398092800
2000-05-18,0.7546936273574829,0.7860607938332331,0.7537573119425044,0.7715475548579173,373777600
2000-05-19,0.7041308879852295,0.7434573323921605,0.6994486112014788,0.7434573323921605,740667200
2000-05-22,0.6736992001533508,0.7022583707802116,0.6442045642071632,0.7022583707802116,755507200
2000-05-23,0.6428002119064331,0.6994487514866907,0.6413957886216611,0.6779133943465734,517585600
2000-05-24,0.6568453311920166,0.6722948382839781,0.6217321468096132,0.6456090941874253,678462400
2000-05-25,0.6536848545074463,0.6940650337025924,0.6442045855153742,0.6629319447467358,406750400
2000-05-26,0.6470136046409607,0.6732312444831609,0.638587063331968,0.6591861088569418,181148800
2000-05-30,0.6559087634086609,0.6601220315547648,0.6123690589124677,0.6563768709763503,713059200
2000-05-31,0.6292229890823364,0.6835308184840017,0.6278185663502711,0.6507591878518326,433507200
2000-06-01,0.6676134467124939,0.6708904011535282,0.6020693572746317,0.6123693284949338,903840000
2000-06-02,0.6933626532554626,0.747202327061096,0.6666768701478956,0.7022581976595139,792848000
2000-06-05,0.6839991211891174,0.7134937571920059,0.6718266206027977,0.6989805180470425,323668800
2000-06-06,0.6957035064697266,0.7247299844426078,0.6765088404232967,0.6889154697367489,525481600
2000-06-07,0.7233254909515381,0.7266024945753211,0.6863397854758423,0.7013219808111101,337019200
2000-06-08,0.710216760635376,0.7378388160812333,0.6975761022039996,0.7312848580621041,238526400
2000-06-09,0.7172397375106812,0.73362550677604,0.7069397682159134,0.7247299605523567,252358400
2000-06-12,0.6830628514289856,0.7223892992158235,0.68072216289138,0.7219211415058366,290337600
2000-06-13,0.7078763246536255,0.7092807483021698,0.6605906280614009,0.6830631066483319,351456000
2000-06-14,0.6774449944496155,0.7209847010363666,0.6751042564741786,0.7092803110730521,277446400
2000-06-15,0.6919583678245544,0.6994486408270267,0.6666770024824693,0.6835309793443282,248572800
2000-06-16,0.6830628514289856,0.7022583676678962,0.6671451892524471,0.7003849367293203,303564800
2000-06-19,0.7237937450408936,0.7331574496021235,0.6727629028483602,0.6783814456245595,394004800
2000-06-20,0.7584387063980103,0.778569686979391,0.7369025026621039,0.7378387680306737,501390400
2000-06-21,0.8333465456962585,0.853009369982508,0.7537573329129401,0.7565662292298587,490000000
2000-06-22,0.8052554726600647,0.8633093295947277,0.8024466263828258,0.8352191166065709,467712000
2000-06-23,0.7743563055992126,0.8183641748057302,0.7612474913567405,0.8057235182130156,204965600
2000-06-26,0.8108741641044617,0.8202378701889574,0.7809114147711379,0.786529108356391,185354400
2000-06-27,0.7752925157546997,0.8314728762850768,0.7734199354157842,0.8057234089419948,203470400
2000-06-28,0.8155553936958313,0.8296004743472056,0.7715475209939429,0.7987014669351323,286428800
2000-06-29,0.7678024172782898,0.8080651289039696,0.7649927210358122,0.7949563134878048,203660800
2000-06-30,0.7846563458442688,0.8230465267955679,0.774356376544361,0.7912103535167085,323097600
2000-07-03,0.7987015247344971,0.8136828718377425,0.7809112813124948,0.7809112813124948,70828800
2000-07-05,0.7734198570251465,0.8267913666407104,0.760311045889127,0.7977648991480668,265216000
2000-07-06,0.7762290835380554,0.7930838633499019,0.7434574896555517,0.7865290545129298,309545600
2000-07-07,0.8155553936958313,0.8211739360192316,0.7809112248005506,0.7879333400738623,263603200
2000-07-10,0.8558184504508972,0.8726732331366209,0.8052557025914571,0.8104061390126205,397796000
2000-07-11,0.8530092239379883,0.8876541894847269,0.8305367070837147,0.8539454392063951,357896000
2000-07-12,0.882036030292511,0.8829722459139119,0.8445821047818499,0.8707997426257261,225433600
2000-07-13,0.8464552164077759,0.9082533250523508,0.8202375884673587,0.876418005456152,445659200
2000-07-14,0.8642454147338867,0.8839082358215059,0.852072915931349,0.8558180770738898,190276800
2000-07-17,0.8736093640327454,0.8810995879888898,0.8558182694132941,0.872673048533601,260002400
2000-07-18,0.8576906323432922,0.8820357306619004,0.8520729404738305,0.8764180387924387,318404800
2000-07-19,0.7893377542495728,0.8511366684894801,0.775292673756186,0.8267916189376251,457872800
2000-07-20,0.8258552551269531,0.854881728016716,0.8108738610562074,0.8239826746296511,465572800
2000-07-21,0.8024464845657349,0.8333463884749645,0.7930836319588674,0.8143849542419876,196235200
2000-07-24,0.7294121980667114,0.7921465756075359,0.7116211065826935,0.7874651489553558,412171200
2000-07-25,0.7500113844871521,0.7584387736750674,0.7350299871193907,0.7537573464046295,211607200
2000-07-26,0.7500113844871521,0.76780247832077,0.7378388334804201,0.7467343803972291,210470400
2000-07-27,0.7790378332138062,0.797765191764625,0.747202508823509,0.7490750896594814,294985600
2000-07-28,0.7237937450408936,0.7865289804056766,0.702258389693729,0.7832519763453164,237893600
2000-07-31,0.761247456073761,0.7734200044586917,0.7303484525480081,0.7364342516819959,155299200
2000-08-01,0.7387748956680298,0.7663969422957345,0.7378385805312342,0.7537570879981884,137284000
2000-08-02,0.7078763246536255,0.7481390528980177,0.7069400588899902,0.7340939663074635,162355200
2000-08-03,0.7191123366355896,0.7200486521094384,0.6629319580258145,0.6825947329951406,339897600
2000-08-04,0.7097486853599548,0.7678024953043902,0.6938310221884773,0.7411167040685066,263121600
2000-08-07,0.7181761264801025,0.7350300563382657,0.7069398898730248,0.717239860940312,187348000
2000-08-08,0.7003849148750305,0.7191122728195997,0.6938309571705409,0.7181760074350049,176674400
2000-08-09,0.7116212844848633,0.7256664180573393,0.7078761722305537,0.7209849902348231,379640800
2000-08-10,0.7125573754310608,0.725666189302992,0.709748529624228,0.7191121824162778,251714400
2000-08-11,0.7144308090209961,0.719112235714743,0.682594637199206,0.7017901518487011,238056000
2000-08-14,0.7050672769546509,0.7144309320532231,0.6938310408548706,0.713025708705159,156660000
2000-08-15,0.6994486451148987,0.7181760029423152,0.6966397989725226,0.7078760336467879,114200800
2000-08-16,0.7266025543212891,0.7340936776079712,0.7013220384783503,0.7022583538799406,143673600
2000-08-17,0.7706114649772644,0.7855928650724995,0.7237938833424272,0.7247301489645023,270900000
2000-08-18,0.749075174331665,0.7762290747044714,0.7472025932840242,0.7696751160469836,190176000
2000-08-21,0.7565661668777466,0.7724838281003669,0.7434573517343895,0.7528201553298797,134467200
2000-08-22,0.7743563055992126,0.7912102810274289,0.754693534290925,0.7584386454705113,276802400
2000-08-23,0.8136827945709229,0.8202376521201139,0.7649926960195585,0.7710793958923852,236863200
2000-08-24,0.8406026363372803,0.8483277878378547,0.7996376907185266,0.8190664337408698,310766400
2000-08-25,0.8511367440223694,0.8614367139948935,0.8445819358232837,0.8464553668148197,334460000
2000-08-28,0.8698632121086121,0.8839083431947167,0.8548818656323808,0.8576907118274137,359004800
2000-08-29,0.8867179155349731,0.8904629763853869,0.8642453501617355,0.8670541958056994,267030400
2000-08-30,0.8913993835449219,0.8988905061414698,0.8794609132190303,0.8839082609483739,285392800
2000-08-31,0.9129357933998108,0.9213623326543894,0.8829720979434964,0.8834402556819176,419596800
2000-09-01,0.9503893256187439,0.9531981711887092,0.9157443632774603,0.9185532088474255,256872000
2000-09-05,0.935407280921936,0.9606886966395183,0.9325984347557449,0.9386851848954776,298642400
2000-09-06,0.8754815459251404,0.9344707990223101,0.8651815794799228,0.9194893569604207,355404000
2000-09-07,0.9288535118103027,0.9372808516649886,0.872673079671974,0.8857818971770877,217464800
2000-09-08,0.882036030292511,0.9232350183134785,0.8764183365146998,0.9232350183134785,195518400
2000-09-11,0.8754815459251404,0.9045080149108283,0.8707992702100913,0.8792267064160184,187381600
2000-09-12,0.8651818633079529,0.8998269345000043,0.8539455780508116,0.8590960130183882,187997600
2000-09-13,0.8689269423484802,0.8913994107121626,0.8502004354465074,0.8502004354465074,305984000
2000-09-14,0.8518388867378235,0.8932718883743507,0.8511366002654421,0.8773542284363265,426552000
2000-09-15,0.8274941444396973,0.8717369110365448,0.8127468222737013,0.8651821011300691,394514400
2000-09-18,0.9087214469909668,0.910125819843581,0.8249189824402025,0.8277278281577407,424536000
2000-09-19,0.8979541063308716,0.9063806433389772,0.8773541712088309,0.8951444605630393,271510400
2000-09-20,0.9145740270614624,0.9204257470434809,0.8773541476140494,0.8899948028908791,227388000
2000-09-21,0.8492640852928162,0.8932719047739486,0.8277278831495709,0.8764180292505193,510490400
2000-09-22,0.7818475365638733,0.7855926982693223,0.7490750963606966,0.753757323588062,726700800
2000-09-25,0.8015103936195374,0.831473138676016,0.7799749878368143,0.7902741079417528,435551200
2000-09-26,0.7706114649772644,0.8202378934845022,0.7696751993551894,0.798701683917409,290936800
2000-09-27,0.7331573963165283,0.790274034747731,0.7228574270607214,0.7752926886101253,402259200
2000-09-28,0.8015103936195374,0.8061926210397548,0.7209849130808634,0.7387751570038815,979585600
2000-09-29,0.3857734203338623,0.4344635807056777,0.38015572687904203,0.42229102811118063,7421640800
2000-10-02,0.36330175399780273,0.40075565055723117,0.3520655175216441,0.3998193600252643,2424788800
2000-10-03,0.33427518606185913,0.3745379188239155,0.33240178037956386,0.37360162853356743,2038120000
2000-10-04,0.35393816232681274,0.35581071885717475,0.32772052067297475,0.3352116469057162,1466024000
2000-10-05,0.33052927255630493,0.3670468771984502,0.3295929820598568,0.3520655041658364,873006400
2000-10-06,0.33240172266960144,0.3436379542953617,0.3146114851523577,0.33989281878726024,612656800
2000-10-09,0.3258477449417114,0.3427016674915592,0.3164840434745682,0.33895655695020693,597564800
2000-10-10,0.31273892521858215,0.3361476782475006,0.3071203594344645,0.32397515667615184,691101600
2000-10-11,0.2940116226673126,0.31461156061017354,0.28652137485769025,0.3015027455847496,1198422400
2000-10-12,0.2996303141117096,0.3118028438315822,0.29213918808840506,0.3043117178082777,1191064000
2000-10-13,0.33052927255630493,0.33146556305275304,0.2996302359946292,0.3033753479742532,1247752800
2000-10-16,0.3221026659011841,0.3483202945173244,0.3202292351942537,0.3342751899081329,820176000
2000-10-17,0.30150270462036133,0.32865662133423507,0.2949487230504889,0.32491148543672554,601720000
2000-10-18,0.30150270462036133,0.31554780808987154,0.28090276947636006,0.2912027370483607,834265600
2000-10-19,0.28371256589889526,0.2968213837935436,0.27434888523032436,0.28698957034787026,1506724800
2000-10-20,0.292138934135437,0.3052477432005247,0.2837123748017789,0.28558495465506695,791263200
2000-10-23,0.3052479028701782,0.30805759922109016,0.29120279653170555,0.30360940089224775,551292000
2000-10-24,0.2827762961387634,0.31273906870848056,0.2818400055953987,0.30993019707838637,804451200
2000-10-25,0.27715766429901123,0.2874576330126606,0.27622139897316594,0.28558507735789024,663969600
2000-10-26,0.27715766429901123,0.2827762313741948,0.26217629394689607,0.2818399410452697,721851200
2000-10-27,0.27809399366378784,0.287457673362885,0.2677940235043392,0.2827762710672942,744503200
2000-10-30,0.28933021426200867,0.2986938926658758,0.28090280118590094,0.2865213682725709,639189600
2000-10-31,0.293075293302536,0.3033752350211027,0.28839386756637553,0.2958849888475508,885880800
2000-11-01,0.3071203827857971,0.31273894899711213,0.2912027245521365,0.2912027245521365,575366400
2000-11-02,0.33427518606185913,0.3361477416394766,0.31554783006401416,0.3164840953512835,590693600
2000-11-03,0.33333805203437805,0.3445743108286358,0.32865665049936926,0.3445743108286358,515821600
2000-11-06,0.32116639614105225,0.33895663808946885,0.3127390077965153,0.33614776700645654,393478400
2000-11-07,0.3192930519580841,0.3267841513878013,0.3118027776301875,0.3221027486851801,301963200
2000-11-08,0.3005664050579071,0.32116633956195684,0.29682126927674285,0.3202291992613045,422088800
2000-11-09,0.3024390637874603,0.30712046597418013,0.28558511080367477,0.29775763659765786,476834400
2000-11-10,0.2855850160121918,0.297757537765867,0.2855850160121918,0.2900323628654143,422251200
2000-11-13,0.2902664840221405,0.2996301875720713,0.2734125577234397,0.28090280547528995,431816000
2000-11-14,0.30337533354759216,0.3071204703522048,0.2930753884839367,0.2986939312941387,409001600
2000-11-15,0.29775765538215637,0.3024390828672939,0.2883939753100995,0.30009836912472515,282357600
2000-11-16,0.2846488356590271,0.29682136210702925,0.282776279684345,0.29213910956392375,239372000
2000-11-17,0.27715766429901123,0.28839392334158565,0.2734125529894705,0.2874576330126606,446180000
2000-11-20,0.28371256589889526,0.292139130908341,0.2734126196761194,0.2785621802365902,408066400
2000-11-21,0.28183987736701965,0.29213899364899765,0.280902737145117,0.2874575680651625,301952000
2000-11-22,0.27715766429901123,0.2865213676868153,0.2752851086442409,0.2818399410452697,280532000
2000-11-24,0.28933021426200867,0.2921390602514464,0.28183994162145476,0.2825421531188142,160932800
2000-11-27,0.2799665331840515,0.29869388981291206,0.27715766221836274,0.2977575994910158,258792800
2000-11-28,0.2701355814933777,0.28464882091004706,0.2687311583343648,0.2799665686095509,269124800
2000-11-29,0.2631126642227173,0.2743489016763475,0.25843123615871777,0.27107192203401775,492150400
2000-11-30,0.24719493091106415,0.2546851787549159,0.24157636366958662,0.25000377697789367,809597600
2000-12-01,0.2556222379207611,0.26217621832669463,0.25187625258389246,0.25468509775742504,385705600
2000-12-04,0.25000375509262085,0.2574948523854417,0.24625861899700308,0.2574948523854417,371520800
2000-12-05,0.2546851933002472,0.26124002626963405,0.24532236420840134,0.25374892789321996,613978400
2000-12-06,0.21442246437072754,0.22472240820482897,0.20974103767303548,0.21910471617006258,1374464000
2000-12-07,0.21442246437072754,0.2228498525276002,0.20974103767303548,0.21629587015267937,408917600
2000-12-08,0.22565871477127075,0.22940470150289158,0.21629588570572017,0.22191357814443413,435624000
2000-12-11,0.2275313436985016,0.2303410406167627,0.22284991567428158,0.2275313436985016,332511200
2000-12-12,0.23034100234508514,0.23970383183478272,0.22472243454397745,0.22846757134047307,386260000
2000-12-13,0.22472235560417175,0.2331497667915243,0.22284980036525112,0.2331497667915243,344887200
2000-12-14,0.21629586815834045,0.2284675424557997,0.21629586815834045,0.22519056380009445,263317600
2000-12-15,0.21067731082439423,0.22004098855745513,0.2097410205606301,0.21816840802992687,513945600
2000-12-18,0.21348623931407928,0.21910478317170404,0.20880482368636322,0.21816849254523452,325808000
2000-12-19,0.20974101126194,0.22846751579318436,0.20974101126194,0.2153587025893131,374007200
2000-12-20,0.2153586745262146,0.21910466002863738,0.20412328083399892,0.20646399358308157,565331200
2000-12-21,0.21067731082439423,0.2247223898701197,0.20786845253464087,0.21348615661260859,366844800
2000-12-22,0.22472235560417175,0.22472235560417175,0.2116135438179805,0.2116135438179805,318052000
2000-12-26,0.22004103660583496,0.2247224389407352,0.21348620322966846,0.2228498830073918,216815200
2000-12-27,0.22191353142261505,0.22191353142261505,0.21254985422371495,0.2148905672480578,325466400
2000-12-28,0.22191353142261505,0.22378611184332,0.21442243464441987,0.21535869985169573,305177600
2000-12-29,0.22284984588623047,0.22472240150765332,0.2172321540188825,0.22004099995255647,630336000
2001-01-02,0.22284984588623047,0.22846753775357842,0.21816841932805425,0.22284984588623047,452312000
2001-01-03,0.2453223317861557,0.2500037582149138,0.21629585772712745,0.21723214801349477,817073600
2001-01-04,0.2556222379207611,0.27715758435769355,0.25187625258389246,0.27177397277611365,739396000
2001-01-05,0.2453223317861557,0.26030372646039285,0.24064008025580205,0.25374889435730447,412356000
2001-01-08,0.2481311857700348,0.25445111415618343,0.23876750750420378,0.25374890266917577,373699200
2001-01-09,0.2574949860572815,0.2642830503171285,0.24813130335419972,0.2518764413940087,588929600
2001-01-10,0.2481311857700348,0.254685167983133,0.24064008813827725,0.25000376640410826,580781600
2001-01-11,0.26966744661331177,0.27715769506698434,0.24344981430813684,0.24344981430813684,803734400
2001-01-12,0.2574949860572815,0.26966754104253854,0.25562242953892267,0.2677941094159834,423376800
2001-01-16,0.2565585970878601,0.2734125477764815,0.2546851663610166,0.2612399986370685,306118400
2001-01-17,0.25187644362449646,0.2631127079485309,0.2471950397855976,0.2631127079485309,840873600
2001-01-18,0.2799665331840515,0.2809027985028682,0.26404884761942704,0.2668577185851158,1227010400
2001-01-19,0.292138934135437,0.29307522406208103,0.2799664149969933,0.291202644208793,776664000
2001-01-22,0.28839391469955444,0.2940116064986052,0.27622139069589735,0.28558506880002904,519327200
2001-01-23,0.3071203827857971,0.31367521417900435,0.28558503344847963,0.2893301691852762,879530400
2001-01-24,0.3071203827857971,0.30993007844220777,0.2930753049220728,0.30899381326031555,717091200
2001-01-25,0.29869401454925537,0.30805769677401335,0.29588516741365545,0.30805769677401335,489708800
2001-01-26,0.293075293302536,0.29682125399232295,0.2855850221259092,0.29213900315468894,482820800
2001-01-29,0.3249114155769348,0.32584770560076803,0.29307525448401384,0.29307525448401384,855528800
2001-01-30,0.3258477449417114,0.3295928554830637,0.3127389329332159,0.3230388745310852,692423200
2001-01-31,0.32397526502609253,0.3370840810953187,0.32116641874844193,0.32210270917535294,730704800
2001-02-01,0.31648415327072144,0.32210272114265737,0.30712047355816163,0.3099301700450046,369695200
2001-02-02,0.3089938163757324,0.3286566105444389,0.3071203858823252,0.3164840629217697,427341600
2001-02-05,0.3024390637874603,0.3080576065175696,0.2958850807235865,0.30712046597418013,286115200
2001-02-06,0.31648415327072144,0.32046336898062394,0.2996302248738305,0.30197091352344957,462711200
2001-02-07,0.31086641550064087,0.31273899615293105,0.29682131051607324,0.30946199251296314,393887200
2001-02-08,0.31086641550064087,0.31554784212828657,0.302439027469864,0.30805756952528535,604128000
2001-02-09,0.28652146458625793,0.31180281220198747,0.27996662996843247,0.30712053387221705,590083200
2001-02-12,0.2949487566947937,0.2996301833514523,0.2818399419551299,0.2855850782798408,274120000
2001-02-13,0.28652146458625793,0.30618426822973366,0.2846488832951146,0.29869399307133687,237070400
2001-02-14,0.292138934135437,0.294011488985656,0.27715754521706126,0.2874575095052859,309120000
2001-02-15,0.3005664050579071,0.30805752672482783,0.29494871388769883,0.29494871388769883,311416000
2001-02-16,0.2846488356590271,0.29213910956392375,0.28090284860172066,0.2846488356590271,263911200
2001-02-20,0.27434882521629333,0.2912027766502034,0.27247626951442067,0.2874576402433776,314893600
2001-02-21,0.2827762961387634,0.298693960465444,0.273412615609465,0.273412615609465,390258400
2001-02-22,0.28183987736701965,0.2902664134142339,0.2696673557488313,0.28558501283347293,431961600
2001-02-23,0.28183987736701965,0.28277616748440154,0.2734124912152846,0.27903018191342743,293865600
2001-02-26,0.292138934135437,0.29494862901664765,0.2780938351437053,0.28558495465506695,206438400
2001-02-27,0.2902664840221405,0.2912027743672769,0.2799665401332338,0.28886206100597606,348516000
2001-02-28,0.27341270446777344,0.2912029306598681,0.27154012277246053,0.2902666398122116,508233600
2001-03-01,0.28090280294418335,0.28090280294418335,0.257494869443528,0.2668577228043662,330461600
2001-03-02,0.28839391469955444,0.3061841555053413,0.273412544796372,0.2743488100941611,406201600
2001-03-05,0.3052479028701782,0.3071204586998973,0.2883939502855859,0.29026650611530497,324172800
2001-03-06,0.3221026659011841,0.33052920360203897,0.3099301168911562,0.3103982745432564,731802400
2001-03-07,0.3183567225933075,0.3239752652574224,0.31086644917883605,0.31929301302088703,419540800
2001-03-08,0.3118027150630951,0.31648411682633487,0.30618417284123967,0.30993013435533484,204859200
2001-03-09,0.30337533354759216,0.3099301668097181,0.29963022174606263,0.30899390136087723,299135200
2001-03-12,0.2790302634239197,0.2977576214328009,0.27153999030294995,0.29494877526320756,391020000
2001-03-13,0.293075293302536,0.293075293302536,0.2724762099638012,0.28277617668544286,443329600
2001-03-14,0.3061842620372772,0.30712052766082504,0.27622148680276304,0.27715775242631085,477775200
2001-03-15,0.2949487566947937,0.32022924573745803,0.2949487566947937,0.3127389980911161,529317600
2001-03-16,0.2940116226673126,0.3043115916387431,0.2827762384513388,0.28464879415297434,470316000
2001-03-19,0.30805763602256775,0.30899392655082036,0.29213912184791085,0.29588510906273013,356008800
2001-03-20,0.2949487566947937,0.3136752634199839,0.2949487566947937,0.3103982847627868,499206400
2001-03-21,0.30150270462036133,0.31273896241750865,0.29026644682321406,0.29635314588667033,371375200
2001-03-22,0.32397526502609253,0.3258478458799145,0.30243906001911275,0.30524790629676335,723301600
2001-03-23,0.34457430243492126,0.35300169009919036,0.3295929077757507,0.3305291980611764,944888000
2001-03-26,0.3262975215911865,0.3558105845665774,0.31655882113454026,0.3465224146453055,734451200
2001-03-27,0.3426271378993988,0.3453235705031166,0.32809459531697543,0.32869446931115587,543821600
2001-03-28,0.3321400582790375,0.33708406758377923,0.32210269626432064,0.33079184212350543,584662400
2001-03-29,0.3375328481197357,0.35131616873684535,0.3221026249015036,0.3261472474689199,613065600
2001-03-30,0.3306416869163513,0.34037953741061144,0.31970493862048655,0.33783327350404585,400349600
2001-04-02,0.32345086336135864,0.3394809627351007,0.32060426275507975,0.3309411359131846,340911200
2001-04-03,0.30322596430778503,0.32060425427399575,0.30157738630154934,0.3200052305100859,368687200
2001-04-04,0.292138934135437,0.3033751633472367,0.2809026799205683,0.2960342372716469,685484800
2001-04-05,0.312664270401001,0.33708400001930783,0.2996301416739164,0.3086187976435853,446762400
2001-04-06,0.30846941471099854,0.31521049327303197,0.2981316940771155,0.31161552640708584,324889600
2001-04-09,0.30772024393081665,0.31970484281607453,0.3005286344951147,0.30996699523990834,266582400
2001-04-10,0.33019202947616577,0.3400800749238948,0.31131534959194157,0.3131132465002257,457374400
2001-04-11,0.32659703493118286,0.3445743510122579,0.31880639957205564,0.3442748390911348,334096000
2001-04-12,0.3358851671218872,0.3448738241516323,0.31685912390246007,0.32090377203535986,298933600
2001-04-16,0.32120323181152344,0.33558560078980326,0.31251408807892755,0.33094107953083757,285224800
2001-04-17,0.3056229054927826,0.3177576756056822,0.2936374537772536,0.3176075071035711,685199200
2001-04-18,0.34142810106277466,0.3607544756826503,0.31581032842265705,0.3231512804009544,1100842400
2001-04-19,0.3853245675563812,0.3857733979344841,0.35356389882523614,0.3827774782885008,1873670400
2001-04-20,0.3751368820667267,0.3839762196641206,0.3685451460155736,0.3734891543293187,693403200
2001-04-23,0.36330175399780273,0.3745380154770465,0.3595557667681233,0.3646499703586518,541525600
2001-04-24,0.36000537872314453,0.37079193190921655,0.3522147444350592,0.36449970712554136,377137600
2001-04-25,0.3703431189060211,0.3724405274066159,0.35311417047922394,0.3627018521381188,330780800
2001-04-26,0.369893342256546,0.39101679017654656,0.36974317378770183,0.37708410163004724,799696800
2001-04-27,0.39251530170440674,0.39386351795515967,0.3707919979682617,0.377533904323771,453012000
2001-04-30,0.38187891244888306,0.4062986485160992,0.3725898920693975,0.4000063976522553,494776800
2001-05-01,0.3884705901145935,0.39700956668871057,0.3775338432553039,0.380679980701818,427252000
2001-05-02,0.3983578383922577,0.40000639164178514,0.38592355537405026,0.39461270165571866,368524800
2001-05-03,0.37393811345100403,0.39326449674972985,0.3704924885420426,0.3890696794515594,301543200
2001-05-04,0.3857734203338623,0.3872718302993862,0.35895678505622863,0.36315160286957254,281052800
2001-05-07,0.37393811345100403,0.3859235664779316,0.37214021673725234,0.3838261578288463,276550400
2001-05-08,0.3680955171585083,0.3812789911042981,0.3588073480379828,0.3797814566373812,315436800
2001-05-09,0.3592561185359955,0.36779591845676435,0.3546124476225571,0.3616530382239021,324889600
2001-05-10,0.34457430243492126,0.3670467944729352,0.34382511018687745,0.362701809474919,288976800
2001-05-11,0.34232762455940247,0.351915307156553,0.34097940826303896,0.3447245452086901,203044800
2001-05-14,0.348919540643692,0.354762089276136,0.34082941363604996,0.3429268234120241,309220800
2001-05-15,0.3472716510295868,0.3820282647663125,0.34517424222318394,0.3501174271795803,237025600
2001-05-16,0.36105409264564514,0.3670468057118976,0.3423275612744444,0.34846961773392165,322330400
2001-05-17,0.35281461477279663,0.3644997034819016,0.3483202864153263,0.36300214409713777,332119200
2001-05-18,0.3525150716304779,0.3541627993583721,0.3463721658391331,0.3499679582468261,159051200
2001-05-21,0.35296401381492615,0.35820756061687997,0.34532357135111297,0.3540127181747001,460997600
2001-05-22,0.35206544399261475,0.3615037816491694,0.35056703441183534,0.35955569167475226,412916000
2001-05-23,0.34801986813545227,0.3558104760823158,0.34247683655453415,0.3558104760823158,281041600
2001-05-24,0.34757113456726074,0.349068694233802,0.33888198809434295,0.34891935081802017,271756800
2001-05-25,0.34097936749458313,0.3489193209026076,0.3370840624920597,0.3475711047674406,158743200
2001-05-29,0.3216530680656433,0.3370841485119983,0.3117650470822127,0.33438689045168163,515989600
2001-05-30,0.29633378982543945,0.311015669000615,0.28914303119276114,0.311015669000615,777078400
2001-05-31,0.298880934715271,0.3032259444765366,0.2919896865761921,0.29663335809519786,442892800
2001-06-01,0.31296393275260925,0.3159598778160286,0.2993307737653115,0.30157750128430816,456075200
2001-06-04,0.3095182180404663,0.31625929876802933,0.30652144873783366,0.31581044345397863,281920800
2001-06-05,0.3137129545211792,0.31610987428751114,0.3048736424878869,0.31161554658795515,471794400
2001-06-06,0.31056690216064453,0.31356284616754976,0.3045741890452073,0.31356284616754976,223176800
2001-06-07,0.32449957728385925,0.32509857603239306,0.30637207043103065,0.31026654991809577,325180800
2001-06-08,0.31940537691116333,0.32434938564416,0.3102665516897563,0.32434938564416,342624800
2001-06-11,0.30022919178009033,0.3156602680708253,0.29888097566395155,0.3153607561674236,294000000
2001-06-12,0.30427464842796326,0.309967024013826,0.2960343342560194,0.29618450273791924,303794400
2001-06-13,0.306671679019928,0.32554838406609093,0.30052877077002355,0.3209038607693392,511487200
2001-06-14,0.2978322505950928,0.3063720772045886,0.29618452269093676,0.3002291707561209,297348800
2001-06-15,0.30622196197509766,0.31086645971458,0.28989234827738036,0.3011286088847043,454624800
2001-06-18,0.3045741617679596,0.3123639455289215,0.29963015326296183,0.3057722092227754,345912000
2001-06-19,0.3024768531322479,0.3206043402132942,0.29977957026535074,0.31236404829347586,321087200
2001-06-20,0.3246488869190216,0.3273461689348388,0.29933064542746096,0.2996301572951956,431620000
2001-06-21,0.3369338810443878,0.3445743222512825,0.31610994079512994,0.32285102121201215,341331200
2001-06-22,0.3334882855415344,0.3445743521688563,0.3259971620783856,0.33678456688837505,286025600
2001-06-25,0.35940638184547424,0.35955570024273853,0.3363348642432587,0.33708405654996115,439549600
2001-06-26,0.35581064224243164,0.35611015421080233,0.344724573903509,0.3496685841362289,272781600
2001-06-27,0.3496684730052948,0.3595556652265657,0.3370840237222419,0.3570094267568205,374130400
2001-06-28,0.3526645004749298,0.3582075592003595,0.34367584174149235,0.34532356998554176,348409600
2001-06-29,0.34832045435905457,0.37603563011000635,0.347571236751562,0.3544625135519716,515390400
2001-07-02,0.3580581843852997,0.3630021937857416,0.3466717558898782,0.35416287924853623,230048000
2001-07-03,0.35715872049331665,0.3622529222936671,0.35206539380064117,0.3522147121730598,112543200
2001-07-05,0.3474208414554596,0.35610998481222145,0.34472440992095216,0.3535637467444603,152292000
2001-07-06,0.33004266023635864,0.34397532775333245,0.32539813769371434,0.3409793834353097,302920800
2001-07-09,0.3400800824165344,0.344574412235344,0.32479917100912364,0.33094122923772995,337467200
2001-07-10,0.3167089521884918,0.3456230129076898,0.31221462371930536,0.3438251164996933,395270400
2001-07-11,0.3376830518245697,0.3378332203138866,0.3146115361716152,0.31506121653797603,470506400
2001-07-12,0.36494937539100647,0.37169128032177373,0.3490686204647272,0.3490686204647272,614801600
2001-07-13,0.37229031324386597,0.3746872333646497,0.3571587501702012,0.3615037601495438,454742400
2001-07-16,0.35895660519599915,0.3760353798639329,0.35820741309017357,0.37273992472002604,278667200
2001-07-17,0.3760354518890381,0.37783334826709747,0.344724471514414,0.35925618582927876,647830400
2001-07-18,0.3114655315876007,0.34127896264603863,0.3059224971902397,0.32629758789866076,1137012800
2001-07-19,0.29903116822242737,0.3209037881180955,0.295885055594181,0.3180571873923022,861140000
2001-07-20,0.2993307113647461,0.30052873409651015,0.29198975612961325,0.2951358690862059,444584000
2001-07-23,0.2927388846874237,0.30712040498038967,0.29228920433402916,0.3009783489241167,241360000
2001-07-24,0.28599703311920166,0.2984313160352059,0.28060334317746843,0.29049136218645283,348376000
2001-07-25,0.2767079472541809,0.28914307732239325,0.26921767562115695,0.28644664554262655,443878400
2001-07-26,0.27850592136383057,0.2816520593570181,0.26741985418967945,0.2768582181630751,369140800
2001-07-27,0.28404897451400757,0.2883939602702614,0.27715769978889043,0.2809028365810735,334135200
2001-07-30,0.2836001515388489,0.29004172154851904,0.27730792496093865,0.286446752862451,243359200
2001-07-31,0.28150269389152527,0.29094103212260575,0.27730787689993397,0.28869345511924327,235026400
2001-08-01,0.2855474352836609,0.2963339931856879,0.2838997066727569,0.2847982427054431,304136000
2001-08-02,0.29693368077278137,0.2976820227758275,0.28854402432733833,0.2943865676242911,252089600
2001-08-03,0.292138934135437,0.2981316447218154,0.28464866472842293,0.2979823263934602,186054400
2001-08-06,0.2865960896015167,0.2945360443543678,0.2846488493212789,0.2852478732379961,99652000
2001-08-07,0.28839391469955444,0.29468613956498757,0.28434926661532245,0.2895927873365167,168548800
2001-08-08,0.2831503450870514,0.2951357689807286,0.27775663180138216,0.2885440333696459,276169600
2001-08-09,0.28539788722991943,0.2868954462108095,0.2804538798395651,0.28404884649506806,200664800
2001-08-10,0.28494831919670105,0.2894426481119572,0.2785059001840142,0.28524783111082586,186961600
2001-08-13,0.28599703311920166,0.2895928264136905,0.28105302361470946,0.28614637653046887,147996800
2001-08-14,0.28060343861579895,0.29004178039769396,0.27970490253742814,0.2876448590867048,228950400
2001-08-15,0.27625933289527893,0.28374961038114943,0.2726635126417507,0.28105317649440953,289279200
2001-08-16,0.27940523624420166,0.2809027705449,0.2692176824677274,0.2737120105821434,288092000
2001-08-17,0.27071613073349,0.27640848210490354,0.2695172330137634,0.26966742651954856,208426400
2001-08-20,0.2714645266532898,0.27311310510566866,0.26682085357389923,0.27176488872121163,252302400
2001-08-21,0.2684684693813324,0.27176477479939076,0.2651721889663492,0.27176477479939076,185701600
2001-08-22,0.2728135585784912,0.27341258242861727,0.26382405031490874,0.26876805983275326,173975200
2001-08-23,0.2668207585811615,0.27476071063055385,0.26337513458051076,0.27266330253437226,217078400
2001-08-24,0.27820640802383423,0.2789556003458566,0.264423884620905,0.2696674307764666,290332000
2001-08-27,0.2834499180316925,0.28914311937387766,0.27206434044896594,0.2786560774812438,175644000
2001-08-28,0.2756592929363251,0.2867462091143297,0.2756592929363251,0.28315041602507485,171735200
2001-08-29,0.2671203017234802,0.2821016970108729,0.2671203017234802,0.27625915237336557,239971200
2001-08-30,0.2671203017234802,0.27236382257807124,0.258880011751049,0.2657720856611039,368692800
2001-08-31,0.2779069244861603,0.2786561168846658,0.2644239116152588,0.26562195937145927,216904800
2001-09-04,0.27341270446777344,0.2858469929674672,0.27236397470800355,0.27715781785221194,348213600
2001-09-05,0.2779069244861603,0.28389963857244394,0.2714645049373376,0.2732624016733987,360057600
2001-09-06,0.2654725909233093,0.28360009989477597,0.2644238866846285,0.27565929629762365,282368800
2001-09-07,0.25888001918792725,0.27116495770039845,0.2576819715876782,0.2621763002919183,241830400
2001-09-10,0.26022908091545105,0.26217632097026483,0.2534871747765174,0.2546851974681764,308845600
2001-09-17,0.2545359134674072,0.25573396132409587,0.23565920880500876,0.23970385797407734,458007200
2001-09-18,0.2438986748456955,0.26547263731584547,0.2422509464974442,0.2531876962156382,327101600
2001-09-19,0.2549855411052704,0.2561835887135999,0.23371109493609538,0.2471949312444938,373318400
2001-09-20,0.2349100410938263,0.2539369162939006,0.23221360803035057,0.24404886992217908,411174400
2001-09-21,0.2356591373682022,0.2434497714854597,0.2199285507508655,0.22172647209579888,570516800
2001-09-24,0.2464456856250763,0.2522882297986706,0.2389545885269174,0.2413523336714542,294537600
2001-09-25,0.2328125238418579,0.2430000524724266,0.2299659235522765,0.24180117994466954,374404800
2001-09-26,0.22697004675865173,0.23805611422523903,0.22367374015918354,0.2368572413442513,493796800
2001-09-27,0.23236285150051117,0.23595864410595943,0.22771917991183227,0.2284675220251249,322240800
2001-09-28,0.23236285150051117,0.23835556414240439,0.23056495519778705,0.2353596203722386,365108800
2001-10-01,0.2328125238418579,0.23955442846973324,0.2281680273114075,0.23206333164970142,208208000
2001-10-02,0.2254715859889984,0.23715749851089157,0.22292447266035015,0.2311647863279847,235883200
2001-10-03,0.2244228571653366,0.23011605687470518,0.2221752559291738,0.22397315189536426,683043200
2001-10-04,0.23790599405765533,0.24344987902263465,0.22457317174418875,0.22996603805032265,401122400
2001-10-05,0.24180112779140472,0.24195129623806,0.22457301149381192,0.23071506598228322,342686400
2001-10-08,0.24270062148571014,0.2449473737092827,0.23221357750421634,0.23326228190236573,207984000
2001-10-09,0.23970386385917664,0.24270063377813283,0.23416082963132756,0.24045305633891567,174025600
2001-10-10,0.25198879837989807,0.2524384788311387,0.2389546411047999,0.2412022182592576,307759200
2001-10-11,0.26577216386795044,0.26577216386795044,0.2524385176138766,0.2534872220933895,334163200
2001-10-12,0.26981663703918457,0.27086534083383235,0.25258767109509056,0.25932959909270664,287812000
2001-10-15,0.269517183303833,0.275359727103429,0.268918159606826,0.268918159606826,318752000
2001-10-16,0.26981663703918457,0.27266323663913333,0.2662208454285826,0.2710155092764963,202949600
2001-10-17,0.2545359134674072,0.27580953894501264,0.2540862329702342,0.2747608095164095,285538400
2001-10-18,0.26966744661331177,0.27311307141562613,0.2590302101754983,0.2590302101754983,612572800
2001-10-19,0.274161696434021,0.27565923062824355,0.26786944749783625,0.26876798301621496,166790400
2001-10-22,0.28494831919670105,0.28569751153285905,0.2710156270258179,0.2728135486153403,391938400
2001-10-23,0.2717648446559906,0.29094103309573505,0.2677193460536634,0.2864467041756676,684980800
2001-10-24,0.2838996350765228,0.28599704372580675,0.2659214680359702,0.2705659657884561,374427200
2001-10-25,0.2874954342842102,0.2883939701083603,0.27206438103971514,0.27625919842261604,254951200
2001-10-26,0.2797048091888428,0.28839395545451596,0.2789556168225688,0.2825514101399939,278964000
2001-10-29,0.2641235888004303,0.2797048362874263,0.2636747334185595,0.2782064514097106,239181600
2001-10-30,0.26367470622062683,0.2696674450146211,0.25558458385798183,0.2603784248500234,276763200
2001-10-31,0.2630748450756073,0.2756592959226593,0.26127777361318405,0.2656219339665626,273750400
2001-11-01,0.27850592136383057,0.28135254742011595,0.25843119567559775,0.2644239097189037,312995200
2001-11-02,0.27820640802383423,0.28255139345089364,0.2720643511459325,0.2774571906987307,197204000
2001-11-05,0.2856975197792053,0.28839395218585023,0.27880542014555243,0.2822518950147778,235793600
2001-11-06,0.2931878864765167,0.29393707907277045,0.2776074858211656,0.2840490569653867,316019200
2001-11-07,0.2934872508049011,0.3015773716305316,0.28959277142734113,0.2915400111161211,382989600
2001-11-08,0.28030383586883545,0.2979824906094936,0.2782064272628,0.29408716032352583,342143200
2001-11-09,0.28030383586883545,0.2883939583637914,0.27790691533361395,0.27865610770744564,134293600
2001-11-12,0.28090280294418335,0.2871950530534989,0.2690675450207841,0.27955461186759,201499200
2001-11-13,0.2901918292045593,0.29049134110707947,0.2803038109130945,0.2858468438638673,224672000
2001-11-14,0.29378771781921387,0.2981318794715786,0.28689564141233787,0.293487380717322,221149600
2001-11-15,0.2913897931575775,0.29813169688451213,0.28809433807431023,0.2913897931575775,213029600
2001-11-16,0.28419917821884155,0.28899301991452886,0.2756593491623366,0.2886935079462785,230664000
2001-11-19,0.2996303141117096,0.30037950672393054,0.2840490630192129,0.2846489121701872,332589600
2001-11-20,0.29258882999420166,0.302626194446574,0.2921391494659203,0.29693384153294,276584000
2001-11-21,0.2948363125324249,0.29663338386272986,0.2885440875714951,0.29378760837226997,201583200
2001-11-23,0.2972331643104553,0.29888089186802963,0.29318769199458805,0.29528509983202117,60004000
2001-11-26,0.3201545178890228,0.32285094945647785,0.29783219801877336,0.29873073350743873,460689600
2001-11-27,0.3146114945411682,0.3224021027197921,0.3071203731968808,0.31760743801676483,268553600
2001-11-28,0.30757007002830505,0.31775759772687184,0.30577217395191586,0.3123639094977044,250611200
2001-11-29,0.30592238903045654,0.31011720548070737,0.30247676481797675,0.30861882100516536,202764800
2001-11-30,0.319105863571167,0.32120327180575964,0.30337527680864373,0.3066715826524765,303912000
2001-12-03,0.3153607249259949,0.31880634912626465,0.3086188199115303,0.3155100683120698,181165600
2001-12-04,0.33558574318885803,0.33798266401822985,0.31041681182461656,0.31536082201724847,380419200
2001-12-05,0.35596081614494324,0.36000546514759685,0.33214010229922075,0.33498670349447884,568579200
2001-12-06,0.34127894043922424,0.3520655215544721,0.3316904321718458,0.35176600959327614,338934400
2001-12-07,0.3376830518245697,0.3402301404318284,0.329592905734944,0.33648417921480395,203515200
2001-12-10,0.3376830518245697,0.344424956913624,0.3330385549764132,0.33393791570913495,170010400
2001-12-11,0.3262975215911865,0.34232759756440057,0.32434943145670864,0.33963034008259924,205475200
2001-12-12,0.32195255160331726,0.3283949715510833,0.3183567579085274,0.3276457791061845,192460800
2001-12-13,0.3146114945411682,0.32285095792516927,0.3071203731968808,0.3219524224129344,197842400
2001-12-14,0.30547264218330383,0.31206437729882264,0.3009782898333502,0.3105668182507983,189884800
2001-12-17,0.30891841650009155,0.31461161896695905,0.30247684669446334,0.30562295988376276,173712000
2001-12-18,0.3147617280483246,0.31955556864039975,0.30292561986222916,0.3129638315508837,235239200
2001-12-19,0.3238997459411621,0.3247991067882125,0.30667162255913266,0.3083193506431323,289956800
2001-12-20,0.30966758728027344,0.3216530152873924,0.30891839489210987,0.3206043109643132,220864000
2001-12-21,0.3146114945411682,0.3227016145572037,0.3116155510655716,0.31476166301061426,256334400
2001-12-24,0.3200053572654724,0.321353573819105,0.3131132808441178,0.3131132808441178,50629600
2001-12-26,0.32195255160331726,0.33408734894905373,0.3167090295908369,0.3198551427983251,146400800
2001-12-27,0.3306416869163513,0.3333380943327946,0.32330073191433384,0.32330073191433384,191508800
2001-12-28,0.3360354006290436,0.34457437892884846,0.32899398205618297,0.3291433004749042,299124000
2001-12-31,0.3280945122241974,0.3394809388513136,0.32704580813259215,0.33723336218291644,137782400
2002-01-02,0.3490685820579529,0.3490685820579529,0.32899386306176237,0.33034207887926237,529496800
2002-01-03,0.3532635271549225,0.3558106163535082,0.34112875525871267,0.3445743802970327,612007200
2002-01-04,0.35491207242012024,0.35880737756594777,0.3444250047558504,0.3496685260864444,409976000
2002-01-07,0.3430766761302948,0.35955560196700004,0.3408290998245075,0.355360786277344,444584000
2002-01-08,0.3387317657470703,0.3453235025375562,0.3364841889518164,0.3408291740486619,450038400
2002-01-09,0.32434937357902527,0.3435255839441509,0.31880634129718544,0.3415783442619327,327835200
2002-01-10,0.31805723905563354,0.32150286414601986,0.3033753527358981,0.3179078956309784,452737600
2002-01-11,0.3153607249259949,0.32719598199703637,0.3086188199115303,0.3204540769825718,348801600
2002-01-14,0.31685927510261536,0.32060441313519245,0.3131133119680262,0.3147618657880502,415996000
2002-01-15,0.3250986337661743,0.32599716955316216,0.31775770364970896,0.31940543181005304,290320800
2002-01-16,0.31131526827812195,0.3207536057549927,0.3071204266186554,0.3207536057549927,566893600
2002-01-17,0.33678463101387024,0.3406791118447828,0.32764580269116117,0.32899401914830334,660576000
2002-01-18,0.3321400582790375,0.33858162714454465,0.3289939455489006,0.3295929443701254,338811200
2002-01-22,0.3268965184688568,0.33513598344032286,0.3268965184688568,0.333638423964736,327314400
2002-01-23,0.34487384557724,0.34517418258495935,0.3234508808257338,0.32659701849484246,443279200
2002-01-24,0.3477203845977783,0.35221471259387555,0.34307671322600763,0.34322605660168115,344002400
2002-01-25,0.34832045435905457,0.35086669408854626,0.3394811117668022,0.3429267376654617,185914400
2002-01-28,0.3486199378967285,0.3528147813609996,0.34037964443256397,0.35056717856714287,186446400
2002-01-29,0.34562307596206665,0.35266449438566305,0.34232761953086865,0.34787065315750565,240324000
2002-01-30,0.360904723405838,0.3616530905216069,0.34367575270885675,0.3456229923926656,471576000
2002-01-31,0.3703431189060211,0.3704924623122397,0.3612042925674739,0.36195348490364226,468445600
2002-02-01,0.3656986653804779,0.3739381318639943,0.3646499610042963,0.3646499610042963,398305600
2002-02-04,0.3797815144062042,0.38232775344024716,0.36255253951354127,0.36435043625265306,522373600
2002-02-05,0.3812791109085083,0.3892199165550674,0.3757360763737161,0.3758862449187194,456887200
2002-02-06,0.36959388852119446,0.3892197803453662,0.361803279149095,0.38352657925793915,597576000
2002-02-07,0.36405089497566223,0.3788820979500627,0.36075461370263134,0.36929441624978265,347832800
2002-02-08,0.36000537872314453,0.36914420401871045,0.3501173361738341,0.3655484112561539,355331200
2002-02-11,0.374237596988678,0.37453795900605324,0.35566125759359274,0.358507008311114,398602400
2002-02-12,0.37019285559654236,0.3751368636678041,0.36629755150701854,0.3694436634522323,224280000
2002-02-13,0.3746873140335083,0.37813293901781525,0.36929444887607765,0.37049249664360967,312872000
2002-02-14,0.36854514479637146,0.37798350606677733,0.365248864230939,0.3752862242005224,260170400
2002-02-15,0.3580581843852997,0.37423760366655234,0.35730899203957184,0.3674965227584064,260187200
2002-02-19,0.3388819694519043,0.357608502621406,0.3367845609323837,0.3559607745279824,390258400
2002-02-20,0.3465225100517273,0.3475712146106884,0.3348365913510454,0.34112881870481226,285443200
2002-02-21,0.3221026659011841,0.3445743082112305,0.32135344863750204,0.34337626067555255,446751200
2002-02-22,0.34067896008491516,0.3438250721173941,0.32210262483728075,0.3244995447046689,406476000
2002-02-25,0.35670986771583557,0.3703430193030957,0.33498657121307035,0.3423274989908258,426848800
2002-02-26,0.3546125888824463,0.3650996323829515,0.3483203627821432,0.35820755729564074,260131200
2002-02-27,0.3289939761161804,0.3633017324261952,0.31371306646171715,0.3586572346020798,1030159200
2002-02-28,0.3250986337661743,0.33843230277083974,0.3198551122544133,0.3318405650277306,456937600
2002-03-01,0.35131630301475525,0.35206552046943235,0.3268965895815963,0.32854429291092124,348992000
2002-03-04,0.36390072107315063,0.36824570653660166,0.3409793713122514,0.348469644391858,348258400
2002-03-05,0.3525150716304779,0.3659980555070522,0.35056698194760283,0.3618032393985825,274702400
2002-03-06,0.3606044352054596,0.3646499087058346,0.34352563068284736,0.3517659460894048,226206400
2002-03-07,0.36524882912635803,0.3674964054460695,0.35371306090526455,0.3604549897660338,258249600
2002-03-08,0.36944380402565,0.37588619883686397,0.36405093869700067,0.3706426769330135,269774400
2002-03-11,0.3754365146160126,0.37663541251450844,0.3610541653800065,0.36854526449730896,262785600
2002-03-12,0.3703431189060211,0.37064263082015014,0.36105412405956344,0.36719700615512907,254055200
2002-03-13,0.3668965995311737,0.37229028826727273,0.3618032477539151,0.3650995283873426,200765600
2002-03-14,0.3659982681274414,0.36854535798770494,0.3576086310366868,0.3640510274179429,217296800
2002-03-15,0.3737886846065521,0.37393802798921205,0.36330164375789026,0.3664477560124888,240900800
2002-03-18,0.37064266204833984,0.37528633476112566,0.3643504360164094,0.3737887750643051,304556000
2002-03-19,0.37229031324386597,0.37903224334399227,0.3640508487598224,0.3698933931230822,242345600
2002-03-20,0.37333908677101135,0.37663539324146017,0.36704686087110383,0.36944378143748613,294319200
2002-03-21,0.3636011481285095,0.3640508284703417,0.3484695858981653,0.3574582421255413,616352800
2002-03-22,0.360904723405838,0.3679453150253045,0.3576084426698989,0.36285196308964685,202193600
2002-03-25,0.3498179018497467,0.3609048194784505,0.3481701735939335,0.3606044824303203,262830400
2002-03-26,0.35146641731262207,0.35416284944900056,0.34457431836977187,0.3475710875005328,257840800
2002-03-27,0.35161569714546204,0.3553608330465731,0.34846958496415853,0.3498178008844968,127702400
2002-03-28,0.3546125888824463,0.35775870193259784,0.35146647583229473,0.3550614192424052,108455200
2002-04-01,0.36644792556762695,0.3700428947351561,0.34876926632458377,0.3502676514538546,199046400
2002-04-02,0.3606044352054596,0.36405088489158366,0.3576084910325325,0.35955570597660325,203795200
2002-04-03,0.35581064224243164,0.36689673558444036,0.35356391493181677,0.3603049969747609,214530400
2002-04-04,0.37303951382637024,0.3752862655078787,0.3546125195909211,0.3546125195909211,338497600
2002-04-05,0.37064266204833984,0.3773837434384358,0.36105415447988143,0.3737887750643051,278348000
2002-04-08,0.3679453134536743,0.36974320974727426,0.35626022519761064,0.36195342594375096,261514400
2002-04-09,0.36105409264564514,0.37453792832319754,0.3597058765985219,0.3683950217590209,191531200
2002-04-10,0.36944380402565,0.3737887900753238,0.35970595264732697,0.3627018972630439,224980000
2002-04-11,0.3724405765533447,0.3775339299690328,0.3707920231555568,0.3749868407102884,407254400
2002-04-12,0.3754365146160126,0.3770842428831403,0.3680955840238064,0.37468732219410367,320241600
2002-04-15,0.37453800439834595,0.37678473156294784,0.3715412097026295,0.3754365152419785,299370400
2002-04-16,0.3856239914894104,0.38936912772134,0.3763349725010781,0.37678465288142654,614577600
2002-04-17,0.3911670446395874,0.3920655803457553,0.3802302971523422,0.3884706124194252,396250400
2002-04-18,0.38068002462387085,0.3823277277284296,0.37274004590029447,0.3820282158090137,401710400
2002-04-19,0.374237596988678,0.38187888872081177,0.3734892297580063,0.38187888872081177,375407200
2002-04-22,0.367496520280838,0.3734892339045571,0.3630021913384729,0.3721401926303205,269427200
2002-04-23,0.36330175399780273,0.3712417087349208,0.3609048332338696,0.36764591503811517,233469600
2002-04-24,0.3561100959777832,0.3670468440980919,0.3547618797896619,0.36405089980245625,140448000
2002-04-25,0.3613535761833191,0.3646498568967116,0.35281460018759975,0.3529639185660302,194202400
2002-04-26,0.3447244465351105,0.36509952887765507,0.34457427805548857,0.36375048786566716,304981600
2002-04-29,0.35895660519599915,0.3604549894076503,0.34592245277472394,0.34697115670259215,272288800
2002-04-30,0.3636011481285095,0.365248875913168,0.3558105143408828,0.35790794747045057,280963200
2002-05-01,0.3592561185359955,0.36390061455087547,0.34996792660460313,0.36390061455087547,214704000
2002-05-02,0.35491207242012024,0.36464992273383695,0.35356385623535386,0.3567099690337102,239344000
2002-05-03,0.3522146940231323,0.35985598382835754,0.35101664667481985,0.3531140796389214,230781600
2002-05-06,0.339330792427063,0.35206543584250893,0.33648419183598716,0.3498178340249105,249664800
2002-05-07,0.33663445711135864,0.34382521980220426,0.3316904467793395,0.34367587636594,242748800
2002-05-08,0.36509963870048523,0.3673463908598873,0.3451742307016603,0.3475711513858553,436682400
2002-05-09,0.3624023199081421,0.36479924018849724,0.35655977515592346,0.36330168070180374,224616000
2002-05-10,0.3493691682815552,0.3639008648672848,0.3442749634737686,0.3639008648672848,235396000
2002-05-13,0.3586571514606476,0.360904728142133,0.34367575721904914,0.3523649018712967,265608000
2002-05-14,0.3836759924888611,0.38472469689043276,0.3628520729869992,0.3662976981490475,526506400
2002-05-15,0.37873274087905884,0.3892197823566113,0.3721401540029943,0.38008095691165683,335826400
2002-05-16,0.3776840567588806,0.381278999666156,0.3707919576325037,0.37543645484787974,227052000
2002-05-17,0.3746873140335083,0.38622308685881335,0.3686945998905434,0.38187892604885737,236493600
2002-05-20,0.37064266204833984,0.37348926312494096,0.3674965490323746,0.36809557291110284,269914400
2002-05-21,0.35146641731262207,0.3745379341753762,0.35056703152966084,0.3719908204314762,280991200
2002-05-22,0.36435046792030334,0.3650996603851964,0.34936909392794285,0.3501174362879165,290875200
2002-05-23,0.3772343099117279,0.37813284551519194,0.36060438788434707,0.3662975886776454,369398400
2002-05-24,0.3618033826351166,0.3743878359426613,0.3589567812771944,0.3743878359426613,166174400
2002-05-28,0.3592561185359955,0.36255239879526807,0.35101663053690235,0.35491195944586523,149716000
2002-05-29,0.3592561185359955,0.36614819087784883,0.35131614236021047,0.3583575830660711,221793600
2002-05-30,0.36255258321762085,0.3652490161004504,0.3522148569939186,0.356110162881262,196375200
2002-05-31,0.3490685820579529,0.3633016075823715,0.34876907022089504,0.3609046877844293,365495200
2002-06-03,0.3432260751724243,0.3513161960437362,0.33828206657875776,0.35041768543958723,235110400
2002-06-04,0.34127894043922424,0.34517424613841485,0.3322894310911522,0.3427765002452041,347821600
2002-06-05,0.340379536151886,0.3420280893814727,0.3348365028203727,0.3420280893814727,277082400
2002-06-06,0.33198994398117065,0.34802002216148314,0.33019202210991033,0.3439753730344556,259996800
2002-06-07,0.3206042945384979,0.32869444177680907,0.3135628765726187,0.3259971592941795,612376800
2002-06-10,0.3218022584915161,0.3271959469455955,0.31970485049851166,0.3218022584915161,277575200
2002-06-11,0.3065214455127716,0.32509860964792187,0.30577225319499607,0.3242000989306751,349496000
2002-06-12,0.30097830295562744,0.3108663436137866,0.2987307266334936,0.3057721673241925,528718400
2002-06-13,0.2927388846874237,0.300379350190379,0.29034113953703017,0.2999296448339067,352083200
2002-06-14,0.3011285662651062,0.30502302096138134,0.27131511901810124,0.2882437541889065,424900000
2002-06-17,0.30772024393081665,0.3090684597365661,0.29738252258120845,0.3032259162111609,324609600
2002-06-18,0.30187690258026123,0.3084694894887803,0.2993306639988364,0.30592240080266103,353360000
2002-06-19,0.25648316740989685,0.26367475533936635,0.2528881985470356,0.26022912991560954,1709467200
2002-06-20,0.2563338577747345,0.2636747901113914,0.25243855131622517,0.25723239383347557,396636800
2002-06-21,0.252438485622406,0.2620261681618376,0.2515390996926457,0.2542363823739913,445177600
2002-06-24,0.2587306499481201,0.2656218982662512,0.2501908236887376,0.2512395277850432,431933600
2002-06-25,0.2567826509475708,0.2648727739211886,0.2525878084842241,0.2606779564609262,301201600
2002-06-26,0.2479441612958908,0.25903022886890115,0.23940433282595197,0.25168929829454323,558952800
2002-06-27,0.25558456778526306,0.258730680445016,0.24599603629936315,0.2515390693044039,251658400
2002-06-28,0.2654725909233093,0.2669701504773657,0.2546851865209258,0.2561835961797462,269858400
2002-07-01,0.25558456778526306,0.2678695065188224,0.25543439928170286,0.26532241766997444,222689600
2002-07-02,0.2537866532802582,0.2570829342101618,0.2521389253661111,0.2551348693101612,305188800
2002-07-03,0.2629254460334778,0.2648726855898875,0.2509399965403985,0.2518393821860535,199029600
2002-07-05,0.28075340390205383,0.28090272225291146,0.26532233246136894,0.26532233246136894,161649600
2002-07-08,0.26981663703918457,0.27880529096435613,0.2648726298499402,0.27745707538571374,211204000
2002-07-09,0.26262596249580383,0.27401153941754236,0.2615772583674228,0.271015595522852,226749600
2002-07-10,0.25947991013526917,0.27221370601036404,0.25843120576429496,0.2653224558873295,206880800
2002-07-11,0.274161696434021,0.274910888583413,0.25423629564276584,0.25858045496715887,373676800
2002-07-12,0.2623264491558075,0.28150266024227694,0.2585804879313079,0.27790686750739385,443492000
2002-07-15,0.2731131315231323,0.2786561661295407,0.2518395040703528,0.2611276762293792,295993600
2002-07-16,0.26756998896598816,0.2782063993456438,0.26382402747272526,0.27191414915586243,446768000
2002-07-17,0.2341606467962265,0.2427004442750679,0.22756891326400777,0.24165174064264205,1215485600
2002-07-18,0.22457309067249298,0.23311206760858486,0.22097729769853527,0.2322135319159185,559462400
2002-07-19,0.22412343323230743,0.22726954613136535,0.21768101391612632,0.22022810295871528,385207200
2002-07-22,0.22352439165115356,0.22756904001418873,0.21887986937440393,0.22097730281053965,430897600
2002-07-23,0.21678251028060913,0.2266705558904953,0.21633282977070378,0.2232240804472718,399890400
2002-07-24,0.2277192324399948,0.22801874437594388,0.21348620221619172,0.21468507506173987,406593600
2002-07-25,0.21513469517230988,0.22397318265978636,0.2098911750096033,0.2236736708078489,479354400
2002-07-26,0.21483442187309265,0.21768102296221117,0.20674512416940627,0.2166323186189446,207704000
2002-07-29,0.22502188384532928,0.22622078134250737,0.21528403582372416,0.21693176353929317,274960000
2002-07-30,0.2311648428440094,0.2323628905125948,0.21813068628401053,0.22247569683996474,354838400
2002-07-31,0.22861775755882263,0.23101467803609904,0.22322404265558346,0.23071516611415366,310699200
2002-08-01,0.2217264622449875,0.23101463031341063,0.22067775818396182,0.22637010872535054,228956000
2002-08-02,0.21648286283016205,0.22472232477823054,0.21348609477534683,0.22082702136777277,179060000
2002-08-05,0.20959089696407318,0.22022810875592583,0.20929138502795447,0.21738150771016942,204024800
2002-08-06,0.220827117562294,0.22816807235558476,0.21093992393791783,0.21288716394071577,272053600
2002-08-07,0.22517211735248566,0.2301161264796081,0.21498456219376752,0.22607062805358344,333474400
2002-08-08,0.2292168289422989,0.23041570198044012,0.22127684850491483,0.22127684850491483,227348800
2002-08-09,0.22472235560417175,0.22846749108508724,0.2209772451263305,0.22846749108508724,205716000
2002-08-12,0.22457309067249298,0.2250219209649229,0.2200779119011426,0.22322402447794404,179765600
2002-08-13,0.21858033537864685,0.22786852888866968,0.21798048652863808,0.22322400708132822,269869600
2002-08-14,0.22726945579051971,0.22996588717451444,0.2178310958420627,0.21977833515241385,399084000
2002-08-15,0.23386123776435852,0.2359586459503375,0.2248725812820394,0.2284675238109484,322078400
2002-08-16,0.23685728013515472,0.24120226680082985,0.228917324441309,0.2314644140419431,245224000
2002-08-19,0.23940430581569672,0.2434498044104715,0.23550900073179223,0.23640836157514236,216557600
2002-08-20,0.23835568130016327,0.2410521145288328,0.232662477726779,0.23925504244436455,186625600
2002-08-21,0.24150164425373077,0.243299540317161,0.231464285092818,0.2398539166545246,202428800
2002-08-22,0.2392549067735672,0.24344974779897657,0.23461041043412661,0.24270053063455566,258311200
2002-08-23,0.2356591373682022,0.23865508120357448,0.23146432093773325,0.23820622594429536,163245600
2002-08-26,0.2326623797416687,0.2389546046932561,0.22711934706073975,0.2389546046932561,189968800
2002-08-27,0.22247564792633057,0.23580846336733277,0.22037823986574345,0.2353596081411489,262231200
2002-08-28,0.22022806107997894,0.22652031068463852,0.2194788688509944,0.221726470541026,247973600
2002-08-29,0.22022806107997894,0.22592128694208038,0.2173814606504672,0.2194788688509944,164169600
2002-08-30,0.2209773063659668,0.22681985135157662,0.21843019248129017,0.22067779445666352,193519200
2002-09-03,0.21049021184444427,0.217980483914706,0.21049021184444427,0.2170819483028405,276936800
2002-09-04,0.21693181991577148,0.22142699911380972,0.21228814741040977,0.21273700274852578,420660800
2002-09-05,0.2124374657869339,0.21513472300638234,0.21049022594664688,0.21303731466993756,226178400
2002-09-06,0.2154342383146286,0.21947888655552297,0.2131866614463715,0.21738147818580583,181591200
2002-09-09,0.21528401970863342,0.21768093941590597,0.2119885645241768,0.21393580394213313,158244800
2002-09-10,0.21468502283096313,0.2170819428371602,0.2115389106162886,0.21588307028328607,249468800
2002-09-11,0.21408605575561523,0.21872972851448827,0.21198864705748885,0.2148344230605722,202412000
2002-09-12,0.21183842420578003,0.21738145647182544,0.21153891234025837,0.212736959802345,269830400
2002-09-13,0.21228820085525513,0.21483446541803156,0.21049030374498623,0.21168835175054404,282951200
2002-09-16,0.21723215281963348,0.21887985573940594,0.21153892668101268,0.211838438566839,286641600
2002-09-17,0.2217264622449875,0.2251720862881371,0.21828083820183788,0.21828083820183788,427996800
2002-09-18,0.22502188384532928,0.2260705878646023,0.21753161233709922,0.2200778755971122,328641600
2002-09-19,0.21843011677265167,0.2217264218389149,0.216931732643802,0.22097722977449008,205945600
2002-09-20,0.2227751910686493,0.22382389524624394,0.2175316451775962,0.21902920464442097,352788800
2002-09-23,0.22247564792633057,0.2241233756592151,0.21648291059278832,0.22112658194014648,263709600
2002-09-24,0.2193296253681183,0.22202605823200874,0.21573380647860743,0.21573380647860743,250661600
2002-09-25,0.2236737161874771,0.22726953434637479,0.21947889920625416,0.2200779230316609,254682400
2002-09-26,0.22022806107997894,0.2275690147849021,0.21798048439302534,0.22622079881335946,208644800
2002-09-27,0.22052761912345886,0.222475709350086,0.2169318257121059,0.21708199422997332,206152800
2002-09-30,0.21723215281963348,0.21828085697083252,0.211838438566839,0.21573374328580883,237697600
2002-10-01,0.21738146245479584,0.21872967843752908,0.20974102181825377,0.21858033505143684,342423200
2002-10-02,0.21228820085525513,0.2191794521930091,0.21123949629942596,0.21468512196830294,229348000
2002-10-03,0.21423538029193878,0.21872970923437177,0.21063958709731365,0.2124374836946262,217896000
2002-10-04,0.21019071340560913,0.21573374612025858,0.20959086452446143,0.21513472234073558,190825600
2002-10-07,0.2062954157590866,0.2128871528663342,0.20614523475666782,0.20929135986177982,244697600
2002-10-08,0.20494717359542847,0.2091419898667518,0.20015249599698587,0.20824262917915495,453644800
2002-10-09,0.2035989910364151,0.20749345848095693,0.20090172113153892,0.2028497987078043,356686400
2002-10-10,0.2113887071609497,0.21303725978747717,0.2034487562474994,0.20419794833202737,321574400
2002-10-11,0.21738146245479584,0.22142696050765437,0.21123940628865986,0.21348615789268838,294677600
2002-10-14,0.22127676010131836,0.22442289733297444,0.21633275158475834,0.21798047938976006,194404000
2002-10-15,0.22711940109729767,0.22846759246151915,0.22142702366887063,0.22801876207671287,405518400
2002-10-16,0.2181306928396225,0.22667052069567842,0.20824267376812178,0.22262502193528874,307624800
2002-10-17,0.2113887071609497,0.21543417939711795,0.20944146782230866,0.21288709133000572,469296800
2002-10-18,0.21483442187309265,0.21498459039431572,0.20869236433471633,0.2097410686779829,288299200
2002-10-21,0.2181306928396225,0.21917939713200213,0.2097410585005855,0.21363636374395623,238520800
2002-10-22,0.22022806107997894,0.22292449302306425,0.21363632460711832,0.2167824369079091,218148000
2002-10-23,0.22292456030845642,0.22442297022176905,0.21723220783596017,0.21917942313471156,209036800
2002-10-24,0.22007793188095093,0.22786856733433147,0.2179805233060031,0.2250219413935739,174748000
2002-10-25,0.231014683842659,0.23146436428773648,0.2185803757068833,0.2200779353542514,279070400
2002-10-28,0.23386123776435852,0.2389545897439212,0.2284675238109484,0.23296270215675383,349300000
2002-10-29,0.23131418228149414,0.23790591965067473,0.2241234210883024,0.23326224736205936,259179200
2002-10-30,0.23940430581569672,0.24524685089070788,0.23191403266346522,0.23206337606956282,270676000
2002-10-31,0.24075248837471008,0.24629552076213643,0.23850573678331952,0.23955444088638872,295836800
2002-11-01,0.24509753286838531,0.24719496658758514,0.23805611430688606,0.2388053067200383,189828800
2002-11-04,0.2530374228954315,0.260378350809037,0.24494727783021147,0.24719487927890454,376818400
2002-11-05,0.2531876862049103,0.2540862220588403,0.2449473695827262,0.25094008391430916,210694400
2002-11-06,0.257981538772583,0.25947992369564776,0.2501909022917562,0.2558841299210243,216389600
2002-11-07,0.23970386385917664,0.25618364811097233,0.23685726247690822,0.2537867272369173,336179200
2002-11-08,0.23730696737766266,0.2427006587250859,0.23251312513679848,0.23985405705021817,190064000
2002-11-11,0.22711940109729767,0.2380561256680761,0.2265203771788982,0.2358085483213541,152975200
2002-11-12,0.23431101441383362,0.2403037295653975,0.22891732324685396,0.2295163472314382,223792800
2002-11-13,0.23356175422668457,0.24075251526448055,0.228917256936753,0.23221353810095208,231739200
2002-11-14,0.24419812858104706,0.24584670664111585,0.23640834409103997,0.23820624054308165,141713600
2002-11-15,0.23895464837551117,0.2432996342989702,0.2361088723690527,0.243149465776739,160994400
2002-11-18,0.23446033895015717,0.2427006310322057,0.23251309860634675,0.24255046249721693,164578400
2002-11-19,0.22876790165901184,0.23595866232352075,0.22487259688596,0.23296271832204837,210952000
2002-11-20,0.2326623797416687,0.2352094684415835,0.2284675381041977,0.22921675537793554,208740000
2002-11-21,0.2449473738670349,0.24629559022240838,0.23595871476333938,0.23820629209016758,418482400
2002-11-22,0.23985394835472107,0.24419810807249076,0.23820622053774368,0.24105199582104617,227858400
2002-11-25,0.2392549067735672,0.2418011700003417,0.2353596025954718,0.24015344230628188,199427200
2002-11-26,0.23086534440517426,0.23820627465978628,0.2287679357609994,0.2374570822723312,240262400
2002-11-27,0.23550891876220703,0.23760632653109337,0.2314642716799565,0.23371102280296102,286798400
2002-11-29,0.23221354186534882,0.23790591836609046,0.2308653257177605,0.23655770221850214,143432800
2002-12-02,0.22741886973381042,0.24120221946248557,0.22487263073790084,0.23820627501000882,398742400
2002-12-03,0.22711940109729767,0.2298166589337273,0.22622086521969845,0.22771925011751312,227869600
2002-12-04,0.2242727130651474,0.22756901891527043,0.21723214621144707,0.22741882542304,325757600
2002-12-05,0.2191794514656067,0.22592138433434608,0.2176810663617,0.22517219178239276,243398400
2002-12-06,0.22397327423095703,0.2275690931304695,0.21753170402687338,0.21947894441135365,245358400
2002-12-09,0.2209773063659668,0.22397322555759672,0.2197784086239941,0.2238239071568655,236084800
2002-12-10,0.22891725599765778,0.2314643448367413,0.22067779077346333,0.2209773026777676,308610400
2002-12-11,0.23206333816051483,0.23206333816051483,0.22592128217496193,0.22921673779106866,253500800
2002-12-12,0.22756902873516083,0.23296271805354493,0.22487259662678094,0.2323628691726416,149340800
2002-12-13,0.22157630324363708,0.22697001787204027,0.2194788947951792,0.22681984936786273,164780000
2002-12-16,0.22247564792633057,0.22622078371980225,0.21887983050467097,0.22187577411914455,251624800
2002-12-17,0.22592128813266754,0.22756901598417267,0.21962906349792646,0.22247566394243953,222661600
2002-12-18,0.2182808667421341,0.22262500193042165,0.21723216254399003,0.22172649123580024,150701600
2002-12-19,0.21273700892925262,0.2235244141915699,0.21123944925581606,0.21768101860596442,347519200
2002-12-20,0.21183842420578003,0.21813064868640855,0.20644472282017773,0.2140860008495293,318096800
2002-12-23,0.21708200871944427,0.2179805445813834,0.21153897481631564,0.21213799872427508,125826400
2002-12-24,0.21513469517230988,0.2167824229087261,0.21423533451497706,0.2163327425800597,39340000
2002-12-26,0.21573375165462494,0.2218758083063638,0.2139358551683086,0.21603326355207003,85422400
2002-12-27,0.21063953638076782,0.21543420118640244,0.20989116932196372,0.21438549718227895,80035200
2002-12-30,0.2107897400856018,0.21198861276276898,0.2073441156534957,0.21093990858336123,155041600
2002-12-31,0.21468502283096313,0.21513470317635983,0.20899182212777556,0.209741014336253,200726400
2003-01-02,0.2217264622449875,0.22352435850696617,0.2149845325348761,0.21513470101568385,181428800
2003-01-03,0.22322407364845276,0.22367375414466203,0.2185804005609926,0.22172653883388738,147453600
2003-01-06,0.22322407364845276,0.2304156861835752,0.22292456168492253,0.2251721640672267,390532800
2003-01-07,0.22247564792633057,0.22472237435872977,0.21678242244408383,0.22157626226784907,342344800
2003-01-08,0.21798047423362732,0.22037824429833267,0.21633274646760112,0.21843015457037457,229644800
2003-01-09,0.2199285626411438,0.22352438052233767,0.21723215553644967,0.21902920187080313,215252800
2003-01-10,0.22052761912345886,0.22202602889823025,0.21708199422997332,0.21843021048379405,175100800
2003-01-13,0.2191794514656067,0.2232241011238394,0.21513480180737402,0.2232241011238394,178942400
2003-01-14,0.21887987852096558,0.22202601630509972,0.2170819819172643,0.22007792618896663,186860800
2003-01-15,0.2161833792924881,0.2202280265733773,0.21363629113334795,0.2185802989887311,371128800
2003-01-16,0.2190292477607727,0.22112665652884117,0.21288718998362804,0.21288718998362804,559070400
2003-01-17,0.21123941242694855,0.21813066102853654,0.21093990054448009,0.21813066102853654,266761600
2003-01-21,0.21004058420658112,0.21588312990407874,0.20974107226078367,0.21288718534432532,253456000
2003-01-22,0.2079431414604187,0.21198861482120854,0.20674509387325435,0.2094415260460182,215140800
2003-01-23,0.21228820085525513,0.21513480252135322,0.20899191863610678,0.21049030374498623,228256000
2003-01-24,0.20674502849578857,0.21333676344566865,0.2031492366680783,0.21333676344566865,305468800
2003-01-27,0.21168828010559082,0.21723216311484478,0.20449751920012832,0.20494719960098629,391406400
2003-01-28,0.21843011677265167,0.22007784425355076,0.21213789355315416,0.2133367658765124,286255200
2003-01-29,0.2236737161874771,0.22622083010106905,0.21423537797972547,0.21798051454104944,373044000
2003-01-30,0.21453489363193512,0.22577115361653288,0.21408603830590012,0.22442293743502334,407058400
2003-01-31,0.21513469517230988,0.2179804703164759,0.2104901987134782,0.21258760677856084,341224800
2003-02-03,0.21962910890579224,0.22337424574317705,0.21498458615923263,0.21588312196357545,264784800
2003-02-04,0.2187296599149704,0.21947885208673004,0.21438550046087956,0.21648290850120225,317413600
2003-02-05,0.21648286283016205,0.22367362097931254,0.2163326943868866,0.22037819124369062,221614400
2003-02-06,0.2161833792924881,0.2185802989887311,0.21303726748464832,0.2151346753565415,179149600
2003-02-07,0.21198856830596924,0.21872964725872884,0.21078969588022142,0.21798045513031933,269701600
2003-02-10,0.21498453617095947,0.21828084189367247,0.21063955137256135,0.2136363202270585,167888000
2003-02-11,0.21498453617095947,0.21917935248601,0.21273695953008662,0.21723213781490983,164780000
2003-02-12,0.21558360755443573,0.21872972048614917,0.2137857108646367,0.2137857108646367,228687200
2003-02-13,0.21783114969730377,0.21932955921812133,0.21333682124569472,0.2158830848039223,208493600
2003-02-14,0.2197783887386322,0.22052758099494332,0.21498454842016562,0.21887985309202115,243297600
2003-02-18,0.22876790165901184,0.22921675694317625,0.22052758672403894,0.2209772921129082,290897600
2003-02-19,0.22247564792633057,0.22696997589880033,0.21992853453496453,0.22577110339209966,240368800
2003-02-20,0.22127676010131836,0.22412338546857002,0.2203782495111825,0.22247565766356828,224352800
2003-02-21,0.22472235560417175,0.22562174118759362,0.2194788358903101,0.2220259490691028,157444000
2003-02-24,0.220827117562294,0.22517212809704265,0.20674510691494122,0.2226250141580977,180252800
2003-02-25,0.22502188384532928,0.22592126949435937,0.2184301478815432,0.21992853222379324,188641600
2003-02-26,0.21723215281963348,0.2250219121528801,0.2169317908291141,0.22457308187802674,217095200
2003-02-27,0.2226250022649765,0.2247224106644166,0.21738148126637627,0.2182808670701607,154341600
2003-02-28,0.22487257421016693,0.22607059664621953,0.22127675668661678,0.22262497260640868,195098400
2003-03-03,0.21947889029979706,0.2271193566226718,0.2179805056953968,0.2248726048177258,203761600
2003-03-04,0.2181306928396225,0.22187582956905688,0.216332796181011,0.22082712527667728,126414400
2003-03-05,0.2190292477607727,0.22172653053837196,0.21753168799915026,0.218879904335509,126683200
2003-03-06,0.2181306928396225,0.218729716691918,0.2157337723287155,0.21843020476577024,99859200
2003-03-07,0.21768097579479218,0.22037825788308554,0.21438552005959835,0.21678244016744463,200984000
2003-03-10,0.21528401970863342,0.21977834729745047,0.21423531576786117,0.21738142759017792,134573600
2003-03-11,0.21318665146827698,0.21708195612995398,0.2115389235696604,0.21513471634991632,161190400
2003-03-12,0.21303732693195343,0.2155835907001749,0.21063958146518363,0.21228813461129722,222560800
2003-03-13,0.22052761912345886,0.22172651696424192,0.21228815308266707,0.216782482295985,335445600
2003-03-14,0.221426859498024,0.224872482126883,0.21932945223687467,0.2199284507080779,153098400
2003-03-17,0.22487257421016693,0.22577110978951415,0.2203782461103466,0.22307467794993038,399912800
2003-03-18,0.22472235560417175,0.22607057137324332,0.2220259490691028,0.22472235560417175,229980800
2003-03-19,0.22397327423095703,0.22697006918168444,0.2215763533339591,0.22577119618225655,141316000
2003-03-20,0.22337420284748077,0.22457307545812757,0.21872968099283258,0.22367368972166643,163178400
2003-03-21,0.22472235560417175,0.2269699569566652,0.2220259490691028,0.22607057137324332,297948000
2003-03-24,0.21528401970863342,0.2217264368199293,0.2149845078829054,0.21977834729745047,161100800
2003-03-25,0.21798047423362732,0.22217529043917425,0.21528404241621438,0.21588306613085387,167697600
2003-03-26,0.2158830314874649,0.2181306077089907,0.21423530398585441,0.21798043925366115,178343200
2003-03-27,0.21708200871944427,0.22022812188893362,0.21453491945791434,0.21453491945791434,122393600
2003-03-28,0.2182808667421341,0.21902920893631317,0.21528407254341309,0.21573375294308936,145303200
2003-03-31,0.21183842420578003,0.2176809683373471,0.21034003977661384,0.21468502458057262,256659200
2003-04-01,0.21213796734809875,0.21438554432322204,0.21078975120369658,0.2127369911674598,154341600
2003-04-02,0.2187296599149704,0.22007787578353344,0.2137856516625654,0.2151346926326392,171371200
2003-04-03,0.21663236618041992,0.2202281604615778,0.21498463759403344,0.21813075131456006,145712000
2003-04-04,0.2158830314874649,0.2197783352106012,0.21558351967820874,0.21753158409047832,146020000
2003-04-07,0.21708200871944427,0.2239732589663824,0.21588313580172383,0.22247572419956874,196862400
2003-04-08,0.21648286283016205,0.21947880578364057,0.21513464724602988,0.2173813981858046,128934400
2003-04-09,0.21258766949176788,0.21902923896248253,0.2118384770901528,0.21753167926101627,146725600
2003-04-10,0.21528401970863342,0.21558353153436147,0.21273693153777273,0.21273693153777273,107100000
2003-04-11,0.1977556198835373,0.21633279786650253,0.19371097119644248,0.21049025250678846,1392708800
2003-04-14,0.2034488469362259,0.20599593613872072,0.20224996154475014,0.20539607464132054,502958400
2003-04-15,0.200602188706398,0.20374830110382464,0.1992539726934436,0.20359897021592416,303968000
2003-04-16,0.19835545122623444,0.2047970069633084,0.19356076079026413,0.19460947743312265,1016176000
2003-04-17,0.19655759632587433,0.19850483665117782,0.19056488171456962,0.19775564418703562,616257600
2003-04-21,0.19685706496238708,0.19760625726163,0.19446014466580044,0.19670689646187806,152320000
2003-04-22,0.2024000734090805,0.20404780120741295,0.19610784897739136,0.19745606491253168,300568800
2003-04-23,0.2034488469362259,0.20419803935471156,0.20015255281370323,0.20269964201619806,209680800
2003-04-24,0.20135144889354706,0.2038985508909371,0.19475970999418932,0.20255033442310003,325108000
2003-04-25,0.20000314712524414,0.20344878359768426,0.19820525090096372,0.20165087487186556,205318400
2003-04-28,0.20764362812042236,0.2091420126956075,0.20120122202689694,0.2019504143144895,636798400
2003-04-29,0.21063953638076782,0.21213792070137227,0.20344877682456308,0.20944148900548276,458236800
2003-04-30,0.21303732693195343,0.21498456688431983,0.2074934562778918,0.20869234151281724,458175200
2003-05-01,0.21513469517230988,0.21558355039945581,0.20974100653287434,0.21348614233437319,342759200
2003-05-02,0.21648286283016205,0.21858027042799802,0.214834310359479,0.2166322061721008,321182400
2003-05-05,0.24105213582515717,0.2528882495928058,0.22097740319067397,0.221276890228121,1555708000
2003-05-06,0.2621763050556183,0.26816901847070934,0.24120219565055265,0.241501707556057,1514492000
2003-05-07,0.2644239068031311,0.27326239670042346,0.2563337841889646,0.2596292405603038,1054379200
2003-05-08,0.26966744661331177,0.27071615090539547,0.2590302101754983,0.2651722674141065,687736000
2003-05-09,0.274161696434021,0.27565923062824355,0.26786944749783625,0.274610526639392,588386400
2003-05-12,0.2780570387840271,0.2807534708114206,0.2716146204915088,0.27191413237215256,419372800
2003-05-13,0.2797048091888428,0.2841991382847617,0.26891822933520987,0.27610899086833507,446796000
2003-05-14,0.2779069244861603,0.2822519103567881,0.2761090027470155,0.28210174183638276,355488000
2003-05-15,0.28060343861579895,0.2824013358745409,0.2767081070691005,0.27865619789499535,284995200
2003-05-16,0.2816520929336548,0.28479820629881697,0.273862306340291,0.27850595456540617,341628000
2003-05-19,0.27116504311561584,0.2794053609234936,0.27056601912680267,0.2776074638551411,445888800
2003-05-20,0.26652130484580994,0.2720643631545088,0.26367470393715,0.2711649772846326,416220000
2003-05-21,0.2674197852611542,0.2710155777806587,0.2647233534222967,0.266521249682049,305009600
2003-05-22,0.27326229214668274,0.27565921180013075,0.2657720213673365,0.2680187725605685,178460800
2003-05-23,0.27446120977401733,0.27655861776318746,0.2690674963267228,0.27281348209723816,206718400
2003-05-27,0.2828509211540222,0.28315043307922094,0.2683183795158839,0.2690675718797419,290130400
2003-05-28,0.27386218309402466,0.2795545582155393,0.2719140934929068,0.27715761340843453,339679200
2003-05-29,0.27116504311561584,0.27715775830948647,0.268169098069637,0.2740116447153479,333765600
2003-05-30,0.2689182460308075,0.272363871048207,0.2626260198855277,0.27146451011215206,382748800
2003-06-02,0.2614271342754364,0.2740115859532403,0.25873070180211727,0.27116498496396524,418588800
2003-06-03,0.2593297064304352,0.26472339607881046,0.2549855461124459,0.261277771484713,360858400
2003-06-04,0.26367470622062683,0.26652130715393896,0.2567826315551323,0.2591803771528729,271202400
2003-06-05,0.26427385210990906,0.26577223752501594,0.25962935238433826,0.26142724986204635,205497600
2003-06-06,0.2569328248500824,0.27026646992813064,0.2567826563225945,0.265772140426885,241388000
2003-06-09,0.25153911113739014,0.2552850983357847,0.24914219039347504,0.2537867134576609,259952000
2003-06-10,0.25738245248794556,0.25903018044302323,0.2509400339579523,0.2530374673044508,176646400
2003-06-11,0.2614271342754364,0.2623264951677001,0.2518394521028635,0.25693280511932587,225114400
2003-06-12,0.26622095704078674,0.2678695101959072,0.2614271162844054,0.26292550093390427,252588000
2003-06-13,0.2609773874282837,0.26891816451536865,0.2566332278934227,0.26592139577261176,191245600
2003-06-16,0.273712158203125,0.273712158203125,0.2614272146772677,0.2636747924974326,238526400
2003-06-17,0.27251312136650085,0.27715761767793823,0.2695171778406829,0.275809426839321,177464000
2003-06-18,0.2864467203617096,0.2918395853298443,0.2743110989768449,0.2764085075981727,454983200
2003-06-19,0.28674623370170593,0.293787651979574,0.28120320018978684,0.2900416900647016,381528000
2003-06-20,0.28764474391937256,0.2933379454422754,0.28315041512295924,0.2898923208684142,356546400
2003-06-23,0.2855474352836609,0.2949857765856793,0.2809029113567963,0.2891432296183227,307361600
2003-06-24,0.2813524901866913,0.29468613182787745,0.2804539545587673,0.2916901879665441,514382400
2003-06-25,0.28599703311920166,0.29064153069943977,0.2803038312532143,0.28255140833769976,329812000
2003-06-26,0.28899285197257996,0.28944253221455396,0.2801543661890466,0.2801543661890466,161705600
2003-06-27,0.28060343861579895,0.2892925877813848,0.2768583006362534,0.28914324431932314,365792000
2003-06-30,0.2855474352836609,0.2877950130183141,0.2785059901676745,0.27985420676768313,222152000
2003-07-01,0.28599703311920166,0.287345249329205,0.2773078869089534,0.28270075174896697,180992000
2003-07-02,0.28869345784187317,0.2906415229501639,0.2849483212359724,0.28509766464325775,325298400
2003-07-03,0.2865960896015167,0.2928883160324886,0.2843493373629203,0.2846488493212789,137771200
2003-07-07,0.29768213629722595,0.3023266340744187,0.2865960691211091,0.28869347778155036,286272000
2003-07-08,0.3056229054927826,0.3071204400025131,0.2919897257623314,0.29243858106534476,256737600
2003-07-09,0.297982394695282,0.3063720264189795,0.297982394695282,0.3027762342226898,213645600
2003-07-10,0.29333794116973877,0.29873080560621845,0.2901918285479063,0.29783226990069117,170934400
2003-07-11,0.29738253355026245,0.29963013504680497,0.29258869381933694,0.29453593336580586,136858400
2003-07-14,0.2981317639350891,0.305622886441909,0.29768208355844644,0.29977949184730085,188406400
2003-07-15,0.29378771781921387,0.30322608377983346,0.29109045961568486,0.2999297765732885,206645600
2003-07-16,0.29768213629722595,0.2996302265431504,0.2903412059856814,0.29918052108375676,250930400
2003-07-17,0.31311315298080444,0.3138623452273103,0.3015773826050405,0.30247676834456333,751212000
2003-07-18,0.3125140368938446,0.3173078757332595,0.305622790424517,0.3131130604734341,298838400
2003-07-21,0.30876901745796204,0.3116156181786695,0.30412452022408887,0.3099670650656337,183808800
2003-07-22,0.3116156756877899,0.31401259644714663,0.3071204960213742,0.31266438008887165,198424800
2003-07-23,0.3114655315876007,0.31401262107623623,0.30652152115160974,0.31386245253495615,143035200
2003-07-24,0.3072706162929535,0.32210266790435194,0.30532337648456265,0.31521056912182843,229236000
2003-07-25,0.3227016031742096,0.3231513084682795,0.30562282823234144,0.30577217159503906,216686400
2003-07-28,0.31446129083633423,0.32210257979386125,0.3125140515606067,0.32210257979386125,170357600
2003-07-29,0.3104167878627777,0.31581047813888785,0.30742084333278596,0.31446143674353216,197120000
2003-07-30,0.3038250207901001,0.31311319053734266,0.3021772927111054,0.3111659505441391,173594400
2003-07-31,0.31581035256385803,0.31985499983634763,0.3081690881023064,0.310716176256157,301464800
2003-08-01,0.31056690216064453,0.31865619850977667,0.30921786100082904,0.3146115503352106,149604000
2003-08-04,0.3177575469017029,0.3221025554861906,0.3038248859150315,0.307570020832626,230115200
2003-08-05,0.3053233325481415,0.32060421223538876,0.3011285165476034,0.31985502007793626,249440800
2003-08-06,0.29408717155456543,0.30217731936156284,0.29213910628786066,0.3005287410323985,245464800
2003-08-07,0.29858139157295227,0.3009783113223282,0.2909409520276093,0.2955846230601352,174378400
2003-08-08,0.29423651099205017,0.3015774412941749,0.29363748711890836,0.30127792935760406,137659200
2003-08-11,0.29453587532043457,0.2985813471911165,0.29228912437124693,0.2969336448179378,137228000
2003-08-12,0.2951359152793884,0.296633475182338,0.2915401213085596,0.2960344512211582,164438400
2003-08-13,0.30232658982276917,0.30472351006932763,0.2933379326227665,0.2975327493296523,284099200
2003-08-14,0.2991805374622345,0.30457425293105217,0.2987308569813068,0.3027763561091412,192780000
2003-08-15,0.29528525471687317,0.30067897060310483,0.29453606222461437,0.29992975310775927,125865600
2003-08-18,0.3047235310077667,0.3057722602596292,0.2954353612764314,0.2975327697739933,192774400
2003-08-19,0.30442410707473755,0.3063721725693019,0.2996302652604983,0.30517329956481143,133688800
2003-08-20,0.3147617280483246,0.3186562078408538,0.3017275972681162,0.3023265960636325,273212800
2003-08-21,0.3247990012168884,0.3252487064973249,0.313862281810565,0.3150611541830575,255326400
2003-08-22,0.3128136992454529,0.32959296836086227,0.30921790583450903,0.32674636733567725,250264000
2003-08-25,0.3125140368938446,0.31326322891900615,0.30697100602926813,0.3113151646333162,137782400
2003-08-26,0.3153607249259949,0.3156602367997252,0.3048736838375302,0.3108663966168787,164959200
2003-08-27,0.3218022584915161,0.3218022584915161,0.3095181474766263,0.3132632831494222,225702400
2003-08-28,0.33243945240974426,0.3328891326694979,0.3195554691386857,0.3195554691386857,319625600
2003-08-29,0.3387317657470703,0.3423275585788312,0.330342132540704,0.33258970933595794,263155200
2003-09-02,0.34232762455940247,0.3430768169688872,0.3355857179758124,0.3394810234440695,242132800
2003-09-03,0.343825101852417,0.3493689843363149,0.34097932652106594,0.3415783502643425,268828000
2003-09-04,0.3420281410217285,0.34832039266493486,0.341128780014945,0.3469713261516735,199780000
2003-09-05,0.3370840847492218,0.3468219353476693,0.3357358685250341,0.3405297095669745,240133600
2003-09-08,0.34067896008491516,0.3414281522500059,0.33663431251522946,0.33678448098884894,167244000
2003-09-09,0.33513596653938293,0.33963029494277314,0.3313908303868241,0.3375328866810845,180370400
2003-09-10,0.33228936791419983,0.33873178671450055,0.3312406636984894,0.3333380721299102,224890400
2003-09-11,0.3379826843738556,0.34142830984246125,0.33109143343664416,0.33333816086435497,213684800
2003-09-12,0.3460727035999298,0.34667172738657953,0.33423744575460856,0.3372333897894915,179989600
2003-09-15,0.33273911476135254,0.3430768148045437,0.3313908984734944,0.3417277734149182,226844800
2003-09-16,0.3349866271018982,0.3399306359344295,0.33258970693192097,0.3327390503228903,269007200
2003-09-17,0.3313908576965332,0.33528616266090705,0.3273462093306445,0.3351359941577264,289396800
2003-09-18,0.34277644753456116,0.34442500072036397,0.328843755316531,0.3310913573356922,252907200
2003-09-19,0.3382820785045624,0.3453234955315641,0.3360353268565045,0.34277640690227484,205956800
2003-09-22,0.3307918310165405,0.3370840562655409,0.32839491069811066,0.33228936552394195,179821600
2003-09-23,0.3360354006290436,0.3364842559962379,0.32779508416976544,0.3298924928892653,132451200
2003-09-24,0.31940537691116333,0.3342374281132318,0.3158104092793766,0.33273904362405926,301285600
2003-09-25,0.3060716986656189,0.3201545570924651,0.30337526676798143,0.3197048767423389,574380800
2003-09-26,0.3099670112133026,0.3250985478937059,0.3018768658573525,0.30412446738681614,347250400
2003-09-29,0.319105863571167,0.32464889603379227,0.3093680146393564,0.3219524640469123,365702400
2003-09-30,0.3104167878627777,0.3179078868404133,0.30622197045972677,0.3159598215594135,285426400
2003-10-01,0.3114655315876007,0.31611003004290666,0.302476871759549,0.3102666585629854,236112800
2003-10-02,0.3081692159175873,0.3116156660735027,0.3038250550195996,0.3116156660735027,204058400
2003-10-03,0.32494843006134033,0.3274955188345745,0.3128136601915786,0.3144613881734861,299600000
2003-10-06,0.33393800258636475,0.33453702649629474,0.3233007651220992,0.32464898147034377,268329600
2003-10-07,0.3478706479072571,0.3507172739408965,0.32824477772963134,0.33034218637301505,418174400
2003-10-08,0.34547364711761475,0.3526644071817802,0.34052963859157004,0.34832027249032743,428668800
2003-10-09,0.35131630301475525,0.3546126097844804,0.34142828281665494,0.3490687256599801,347748800
2003-10-10,0.35476183891296387,0.35670992882019475,0.3501173419432602,0.3520654318504911,174837600
2003-10-13,0.36479926109313965,0.36569862193833874,0.3553608978256246,0.35551109133680364,279865600
2003-10-14,0.36779603362083435,0.3706426344857499,0.3624023438080944,0.3643504089217366,275419200
2003-10-15,0.37184062600135803,0.3746872264364,0.3682456584374514,0.3722903063599371,610103200
2003-10-16,0.34832045435905457,0.35715892184313863,0.3357359738467793,0.35655992280350246,975682400
2003-10-17,0.3408292233943939,0.35191529027883045,0.33603538232572944,0.35026756211805193,359811200
2003-10-20,0.3478706479072571,0.3496685446161214,0.3352861960469549,0.33858165242841615,279132000
2003-10-21,0.3472716510295868,0.35056710766718435,0.3408292560805728,0.3492188913061843,176461600
2003-10-22,0.34097936749458313,0.3475711047674406,0.33978049476239364,0.34367579976491713,161599200
2003-10-23,0.3444250226020813,0.34682194317716186,0.33843230861350637,0.34052971725442027,165211200
2003-10-24,0.3385816514492035,0.34232761337423206,0.33303861792225586,0.3379826275818971,219856000
2003-10-27,0.3385816514492035,0.34292663724153843,0.33693392326323823,0.34082922860422066,162013600
2003-10-28,0.35536089539527893,0.3561100877272568,0.3355856832581502,0.337982603659467,251714400
2003-10-29,0.35491207242012024,0.3580581852184766,0.3496685260864444,0.35221478994580124,267080800
2003-10-30,0.3459225594997406,0.3595557147681671,0.34262710333911023,0.35940639636487065,260556800
2003-10-31,0.34292659163475037,0.3498178404975231,0.34127886366792115,0.3490686482121546,218153600
2003-11-03,0.3468218743801117,0.3490686259915603,0.34127884194319963,0.34202803418087696,302842400
2003-11-04,0.3432260751724243,0.346072675580994,0.33843223506407943,0.3456229952265968,249233600
2003-11-05,0.3450240194797516,0.3465224041351159,0.3366343855724034,0.34187790676449603,322470400
2003-11-06,0.34637218713760376,0.3468218674915953,0.33933077036519244,0.3432260748627966,397073600
2003-11-07,0.3370840847492218,0.348170151571857,0.33633489237984454,0.3474209592024798,210145600
2003-11-10,0.3280945122241974,0.33933077036612697,0.3271959766177787,0.3363348265764977,234276000
2003-11-11,0.3227016031742096,0.32989236232288255,0.32180224259221835,0.32809446626035144,215073600
2003-11-12,0.33453691005706787,0.3403794538998346,0.32180226823867436,0.32180226823867436,300003200
2003-11-13,0.3358851671218872,0.3379825754356023,0.3283948946309724,0.3306416463375995,212772000
2003-11-14,0.3215027451515198,0.33873171433154864,0.31880631348779276,0.33678447481918766,237048000
2003-11-17,0.3165587782859802,0.3201545710405267,0.3138623462708683,0.3198550591612471,228256000
2003-11-18,0.30577224493026733,0.3197049113796256,0.3048737092342262,0.31775767148737843,267192800
2003-11-19,0.30592238903045654,0.3093680132429364,0.30352546893053944,0.308019797255582,344584800
2003-11-20,0.3053233325481415,0.3158103725494867,0.3011285165476034,0.3011285165476034,239590400
2003-11-21,0.3038250207901001,0.30831934970661695,0.29738260177560605,0.30472353152964504,241836000
2003-11-24,0.31685927510261536,0.3186563472848037,0.3063722285297898,0.30712057105160434,381824800
2003-11-25,0.30981776118278503,0.31835673933239667,0.30876905684148087,0.318057227392276,268654400
2003-11-26,0.3104167878627777,0.3168591824896506,0.30337534434717667,0.31296387702942174,245128800
2003-11-28,0.3132633566856384,0.31566027708294647,0.30742081164834467,0.3113152916054166,76098400
2003-12-01,0.3252487778663635,0.327346186152388,0.31461154294061455,0.31521056670759084,361536000
2003-12-02,0.3227016031742096,0.32809446626035144,0.32075353864752953,0.32360013865474946,205296000
2003-12-03,0.31506118178367615,0.32719594952411984,0.31401247777890945,0.32270162166104804,191296000
2003-12-04,0.31685927510261536,0.31715878713298007,0.31116607121964945,0.3137131611307677,177940000
2003-12-05,0.3123639225959778,0.31685907552617365,0.31056685154569025,0.31311311475101045,186177600
2003-12-08,0.3153607249259949,0.3158104052873807,0.30577221945872124,0.3113152518766839,148237600
2003-12-09,0.30637213587760925,0.3183567389779092,0.30562294347726005,0.31715869121876045,135144800
2003-12-10,0.3053233325481415,0.30876895639122703,0.29903110854733433,0.306372036548276,271336800
2003-12-11,0.3177575469017029,0.3197047860304808,0.30277618212999896,0.3033751806894254,183136800
2003-12-12,0.31296393275260925,0.3194055034246321,0.3101173311363061,0.3194055034246321,192673600
2003-12-15,0.3021773397922516,0.3219525551263681,0.30067895488605745,0.3219525551263681,388908800
2003-12-16,0.3014279901981354,0.3069710213391655,0.29977941261694774,0.3024766940653949,373956800
2003-12-17,0.2978322505950928,0.30157738677784895,0.2964840345733647,0.3008281945209768,274260000
2003-12-18,0.30022919178009033,0.30232660020556446,0.2981317833546162,0.2981317833546162,330915200
2003-12-19,0.2951359152793884,0.3059224970930871,0.2939370422551539,0.3024768716634907,453560800
2003-12-22,0.29738253355026245,0.29798240734583104,0.2883938777794014,0.2943865899938097,377064800
2003-12-23,0.29678359627723694,0.2988810049079318,0.29363748333119466,0.2984313244579992,308498400
2003-12-24,0.30577224493026733,0.30846950222168934,0.294386642269086,0.29543534646529196,177475200
2003-12-26,0.31131526827812195,0.3132633332123725,0.30472350640095197,0.30487369989959845,103695200
2003-12-29,0.31685927510261536,0.3170086185667917,0.31251428790729674,0.3132634805342146,233458400
2003-12-30,0.3188064694404602,0.3221027765017247,0.3168592289755547,0.3173080844047533,204853600
2003-12-31,0.3201545178890228,0.3225514376269227,0.31730791785606083,0.3198550060594677,174451200
2004-01-02,0.3188064694404602,0.3258479139891002,0.3173080844047533,0.32285111891459867,144642400
2004-01-05,0.3321400582790375,0.3354355144144077,0.32090379851094053,0.32090379851094053,395018400
2004-01-06,0.33094117045402527,0.33588520491017143,0.3252488187520526,0.33333809092484484,509348000
2004-01-07,0.33843228220939636,0.34202807534235097,0.32854423864153126,0.33109135253892896,586874400
2004-01-08,0.3499680757522583,0.35551113460244993,0.33933086343357666,0.3421774646203166,460303200
2004-01-09,0.34457430243492126,0.3615037619593247,0.3414281900540941,0.348019926694647,427459200
2004-01-12,0.3555111587047577,0.35955578296643376,0.34607279364870985,0.3483203960890081,487547200
2004-01-13,0.3613535761833191,0.3721401288156545,0.35745824673770704,0.37004272066210164,679016800
2004-01-14,0.36255258321762085,0.36764593700761683,0.35626035642311094,0.36554852807611354,620043200
2004-01-15,0.34232762455940247,0.3505670908601895,0.33708410279478185,0.34322616038972065,1018208800
2004-01-16,0.340379536151886,0.34517420222652484,0.3387318080240158,0.34292662515075195,372820000
2004-01-20,0.3405296802520752,0.34157838445857874,0.3333380692034519,0.33963031944555366,315946400
2004-01-21,0.3387317657470703,0.34412545499471164,0.33603533367405647,0.3400799817835773,226660000
2004-01-22,0.33228936791419983,0.3420280678645894,0.33228936791419983,0.33798259440304107,205004800
2004-01-23,0.3379826843738556,0.34067911733156714,0.33333816086435497,0.3358852753841056,227169600
2004-01-26,0.3447244465351105,0.3454736387301472,0.33603530225545003,0.33648415749124294,271269600
2004-01-27,0.34562307596206665,0.3483203586200292,0.34157842713238895,0.3451742206043872,307070400
2004-01-28,0.33738356828689575,0.3502675306915471,0.33573584027395376,0.34217740892544996,275402400
2004-01-29,0.3397805392742157,0.34157843605719046,0.33243960871977485,0.33903134685616104,212699200
2004-01-30,0.3379826843738556,0.3426271828802688,0.3358852753841056,0.33933090085271134,185298400
2004-02-02,0.33438676595687866,0.3417276946898802,0.3307917983846984,0.33648417416630766,287431200
2004-02-03,0.3334882855415344,0.3355856940981474,0.32959295534735467,0.33408730938579134,180812800
2004-02-04,0.32644686102867126,0.33094119031894637,0.3250986447517648,0.3295929740420399,305552800
2004-02-05,0.3358851671218872,0.34322609621989,0.3267463165945324,0.32689651009214205,352844800
2004-02-06,0.34023019671440125,0.3429266291554444,0.33558569909792885,0.33633489146526885,193340000
2004-02-09,0.3396304249763489,0.3424770265787411,0.33708416047055684,0.33888205754058953,188260800
2004-02-10,0.3442748785018921,0.3463722872915651,0.3361847552986096,0.3388820131009075,255343200
2004-02-11,0.35655978322029114,0.35760848743551804,0.3453235237538268,0.34592254756205243,348544000
2004-02-12,0.3555111587047577,0.35940646453481545,0.35356391834065337,0.3537132367722717,183988000
2004-02-13,0.34457430243492126,0.3610540815901795,0.34202803891348604,0.35730894545155517,315980000
2004-02-17,0.34697118401527405,0.35191519222175205,0.34607264847841585,0.34607264847841585,170956800
2004-02-18,0.3484695255756378,0.35116595695677044,0.3453234139305158,0.3472714783402019,141635200
2004-02-19,0.33663445711135864,0.3541629459818376,0.3357359211881996,0.3495184226211182,323080800
2004-02-20,0.33558574318885803,0.3372334715524572,0.33273914185965575,0.3370841281204034,277603200
2004-02-23,0.33243945240974426,0.3364840994433445,0.32794512511639046,0.3346870286071182,194079200
2004-02-24,0.3349866271018982,0.3406790030924913,0.32959291289016474,0.3316903461796748,259056000
2004-02-25,0.3417277932167053,0.34307683468450245,0.33273913404228206,0.3337878384493586,276276000
2004-02-26,0.3451741635799408,0.3472715719084777,0.341578370701985,0.3427764182602208,198408000
2004-02-27,0.35835763812065125,0.3598560225688307,0.34382509919368315,0.34397526767912845,468837600
2004-03-01,0.3598560392856598,0.36405085585417446,0.3576084625089812,0.361054086818603,321680800
2004-03-02,0.35670986771583557,0.36105402695489175,0.35610999394413895,0.35955561768246724,256687200
2004-03-03,0.35835763812065125,0.3624022860088537,0.353563798008359,0.353563798008359,225131200
2004-03-04,0.3769349157810211,0.3778334266024603,0.35820755596691856,0.35850704290534235,660223200
2004-03-05,0.40060532093048096,0.4118415785925367,0.37303947885413136,0.3737886710449342,1540599200
2004-03-08,0.3895193636417389,0.40135462326056603,0.3865225940561574,0.39880753413317344,522872000
2004-03-09,0.4059991240501404,0.40794636409379764,0.38577335574305627,0.3880209578134785,618363200
2004-03-10,0.4146882891654968,0.42157953899119605,0.4036013719320589,0.40509975671216786,1006964000
2004-03-11,0.4067474901676178,0.42008115964184395,0.40584895434898693,0.4085453869066413,595851200
2004-03-12,0.41289022564888,0.4161856807117088,0.40704768250919776,0.4092944336699596,329224000
2004-03-15,0.39626047015190125,0.40974430894225006,0.3934146940074714,0.4049504674232192,481717600
2004-03-16,0.386821985244751,0.3986580662706078,0.3803804178297029,0.3977587056349728,605432800
2004-03-17,0.392365962266922,0.395211738213063,0.3862230797157421,0.38891951224458776,411432000
2004-03-18,0.38457539677619934,0.39041794297690013,0.3833764987848884,0.38862004604548833,321081600
2004-03-19,0.3874218463897705,0.40360126223062265,0.38262715641391654,0.3829275183727823,408576000
2004-03-22,0.3874218463897705,0.3920655177831264,0.37828302187789953,0.38008091810500017,419031200
2004-03-23,0.37888211011886597,0.3895193465203902,0.37783340583035996,0.3877214498684196,385515200
2004-03-24,0.382028192281723,0.38577332869633657,0.37858256776807986,0.37858256776807986,428215200
2004-03-25,0.4025525748729706,0.4031524487109593,0.3878707176949681,0.3916166787823083,566445600
2004-03-26,0.4050997197628021,0.4098935604998005,0.4031525048107513,0.4045007209491774,419893600
2004-03-29,0.41813400387763977,0.4193320518776212,0.40749676481411007,0.41004387947005183,350728000
2004-03-30,0.41828322410583496,0.4187329045243221,0.4095940532548852,0.41558679179828256,359676800
2004-03-31,0.4050997197628021,0.4191825801702014,0.40375150362437606,0.41828321934346674,390773600
2004-04-01,0.4061484634876251,0.40854538408920604,0.3988075331632653,0.40285303207669343,318332000
2004-04-02,0.4119909703731537,0.41843338928378676,0.40794634694708276,0.41573695699768537,274478400
2004-04-05,0.4242759346961975,0.4250251270212386,0.4110924600601769,0.41169148387953797,385672000
2004-04-06,0.41693511605262756,0.42172978318902565,0.41094237595546657,0.4151372190142157,257992000
2004-04-07,0.40914517641067505,0.4149877207798171,0.403301781936863,0.4136395047793683,255119200
2004-04-08,0.41244062781333923,0.4194820447205478,0.4074965941264089,0.4176841483717304,240917600
2004-04-12,0.42008116841316223,0.4209805293523336,0.4118417020475061,0.41199102046643105,230540800
2004-04-13,0.4034520089626312,0.41993181544608305,0.40210379276657215,0.41918259808925445,436396800
2004-04-14,0.39910703897476196,0.4055494583908849,0.3941630293278697,0.4006054237409095,639732800
2004-04-15,0.4389577805995941,0.4431525974105913,0.4218790264581365,0.4317670446845312,1761446400
2004-04-16,0.43715983629226685,0.4391078759708073,0.426973132963491,0.43671098106702355,402931200
2004-04-19,0.42472556233406067,0.4307182497321796,0.416934928699277,0.42127993835121713,712353600
2004-04-20,0.4154375195503235,0.4256242267018092,0.41289043021153876,0.4226283069724273,354519200
2004-04-21,0.4154375195503235,0.4212800905877256,0.41004382890968993,0.41348945413766697,325875200
2004-04-22,0.41618576645851135,0.42217847929091873,0.4061483806394842,0.4128903107167194,344584800
2004-04-23,0.4149877429008484,0.419482071509113,0.40524989339933587,0.4149877429008484,315828800
2004-04-26,0.4064478576183319,0.4140883226687048,0.4045006430413196,0.4131897871167063,231128800
2004-04-27,0.40360134840011597,0.41109247176522357,0.3998562117699547,0.4080965274814351,283864000
2004-04-28,0.39626047015190125,0.40465010536111046,0.39461274183632383,0.4018043542197658,231168000
2004-04-29,0.4010550379753113,0.4045006872902486,0.38921978052097805,0.39626037253560614,460790400
2004-04-30,0.3862229883670807,0.40390163934889733,0.3818788286649402,0.4001556532731289,466502400
2004-05-03,0.3905681073665619,0.39446341315961875,0.38562409713313756,0.38951940292619436,297634400
2004-05-04,0.39161667227745056,0.39775872819616953,0.3820281421922357,0.3890695838006793,279983200
2004-05-05,0.3992571234703064,0.40075553292420396,0.3889194259018483,0.39251521854318766,238106400
2004-05-06,0.3982085585594177,0.4007556729988586,0.3880210259158588,0.3955121256867239,263558400
2004-05-07,0.3995566666126251,0.4130396774236578,0.39775877015123784,0.39775877015123784,419036800
2004-05-10,0.39371412992477417,0.39850797051794745,0.38861995233058283,0.39356396142426514,249978400
2004-05-11,0.4065980315208435,0.4073472236621957,0.3955119430693011,0.3955119430693011,305172000
2004-05-12,0.4089950919151306,0.4095940907904681,0.3931143333198,0.4013546246060145,245420000
2004-05-13,0.40734735131263733,0.4152873053164552,0.4030023405687143,0.40599913507630375,229852000
2004-05-14,0.40539905428886414,0.4092943825994846,0.3962602321252489,0.40824565382520145,257801600
2004-05-17,0.39910703897476196,0.4053992648704896,0.3949122217109435,0.4000063998751479,300445600
2004-05-18,0.40539905428886414,0.4088446773798046,0.4015037509813138,0.4040508387403496,206063200
2004-05-19,0.39656075835227966,0.4119909854094275,0.3958115660006466,0.4104934508109523,375592000
2004-05-20,0.40015578269958496,0.404500793911712,0.3965608140492254,0.39895773485007335,196296800
2004-05-21,0.4061484634876251,0.40749667975715465,0.4004552613702729,0.40300235049147093,179894400
2004-05-24,0.4095940589904785,0.4179837180471467,0.4061484343044265,0.40884486664973735,235603200
2004-05-25,0.4256240725517273,0.42712245692619816,0.4088447828794661,0.4119908950049382,319978400
2004-05-26,0.4271225035190582,0.43116800175420567,0.4194820625382402,0.4244260714320913,322168000
2004-05-27,0.4220292568206787,0.42847080137774907,0.4167857100352478,0.42637339266481034,235972800
2004-05-28,0.420380562543869,0.42352669993588776,0.41648610800962876,0.4206809495312942,145717600
2004-06-01,0.420380562543869,0.4224779708031624,0.4136395075003596,0.41633593951899484,182134400
2004-06-02,0.4332655966281891,0.4370107094809219,0.41648629790048664,0.4199319487431706,318712800
2004-06-03,0.4254748225212097,0.4343141116052047,0.42382706950245747,0.4302686631677055,250930400
2004-06-04,0.4311681389808655,0.4382087083232464,0.4271226394581684,0.4278718319655732,399112000
2004-06-07,0.44659823179244995,0.44914534565898967,0.4316168857252945,0.4350625103102649,295876000
2004-06-08,0.4546882212162018,0.45603643688235596,0.4468984640257846,0.449295358551585,415620800
2004-06-09,0.45244166254997253,0.4600821042194642,0.4494448431978489,0.45079305936285424,349204800
2004-06-10,0.4605317711830139,0.46397739593588805,0.4524416738915724,0.4524416738915724,257577600
2004-06-14,0.4512428939342499,0.45963253034135243,0.4419547465303015,0.4591828747935097,243986400
2004-06-15,0.45978254079818726,0.4665236212346277,0.4533401471570946,0.45753496391827736,444634400
2004-06-16,0.49049443006515503,0.49918359881963004,0.45738555772446554,0.4593327972319485,909641600
2004-06-17,0.49154314398765564,0.49633698396332687,0.48255448775788584,0.48779803307858616,551320000
2004-06-18,0.4930415153503418,0.5005317862167974,0.4858498811987845,0.48929550480952677,406252000
2004-06-21,0.4843517541885376,0.5018802184742532,0.48120566573269835,0.4961878656244336,390213600
2004-06-22,0.4943898618221283,0.4957380279243488,0.48375260124726804,0.48390276974893603,360511200
2004-06-23,0.504876971244812,0.5068242114163317,0.49274132444088525,0.494389927778704,390868800
2004-06-24,0.4970863163471222,0.5048769773369098,0.49409039679592537,0.5020303762043652,252515200
2004-06-25,0.504876971244812,0.504876971244812,0.494389927778704,0.4954386071222309,323428000
2004-06-28,0.4867495000362396,0.5122179446813724,0.4825546820927997,0.5120677761397308,521096800
2004-06-29,0.4868987798690796,0.49423968493105147,0.4705691665870835,0.4804571856833646,590553600
2004-06-30,0.4874976575374603,0.49394004988994616,0.47775980987557015,0.48779799447602396,373044000
2004-07-01,0.48390284180641174,0.4865992744246978,0.4779101525785867,0.4809060721400669,341941600
2004-07-02,0.4656250476837158,0.46712343206802887,0.44540015890162304,0.4566363915809042,910683200
2004-07-06,0.4636778235435486,0.4707183901583938,0.4614302468920518,0.4684716636115354,348980800
2004-07-07,0.4552881717681885,0.4698198598464022,0.4513928424602489,0.462179419714432,397992000
2004-07-08,0.4515422582626343,0.4596323545729289,0.4486956076923617,0.4513928898676407,233380000
2004-07-09,0.449894517660141,0.4569359350165071,0.449894517660141,0.45349031058714395,208863200
2004-07-12,0.43656080961227417,0.45004461851094757,0.4334146725463758,0.44974428156081186,511621600
2004-07-13,0.43775975704193115,0.44345215867141735,0.4347629876685291,0.4382086123665817,316176000
2004-07-14,0.44315260648727417,0.4489960265296197,0.43056815579652696,0.432366077341382,835800000
2004-07-15,0.4933413863182068,0.5038284337783097,0.4810564164186955,0.48929588580788413,1767724000
2004-07-16,0.48240432143211365,0.4931908989794181,0.481205473885144,0.49139297770204493,488381600
2004-07-19,0.4789586365222931,0.4827037969784951,0.4743141654985645,0.47955766017044704,533170400
2004-07-20,0.48240432143211365,0.48240432143211365,0.47266647295609665,0.4786592105063109,323747200
2004-07-21,0.47371533513069153,0.49004489946325613,0.469520467673033,0.4857007635926002,301257600
2004-07-22,0.4746139347553253,0.4753631273120731,0.46532573727282023,0.46817238895386576,334118400
2004-07-23,0.4599319100379944,0.47566244791804685,0.4566364540634215,0.47236704194963436,273571200
2004-07-26,0.468321293592453,0.47116789275206683,0.46113051158184004,0.4621792402173327,393932000
2004-07-27,0.4858497679233551,0.49064360616832287,0.472965836954793,0.4764114597621915,425006400
2004-07-28,0.4834531247615814,0.48555053322016295,0.4668240255978316,0.48405214857784035,285051200
2004-07-29,0.48899611830711365,0.4916925503640925,0.4813556774112678,0.48644900463821644,222157600
2004-07-30,0.48450177907943726,0.4943898470539001,0.4794084517028161,0.4891463011739372,243023200
2004-08-02,0.473116397857666,0.482404545296905,0.46637446497270274,0.46712365752645896,365092000
2004-08-03,0.4687712490558624,0.4752136934032151,0.46667384044734583,0.47116819459700215,211629600
2004-08-04,0.4762624502182007,0.48120566051582964,0.46697345338195406,0.46727294035715433,276488800
2004-08-05,0.4702695906162262,0.48390271886676856,0.4681721824233615,0.47656181519482016,244501600
2004-08-06,0.4461492598056793,0.46592443920282883,0.4449503625201559,0.46292852115181765,492290400
2004-08-09,0.4539392292499542,0.4561868064185177,0.44659827397201407,0.4471981479477647,290847200
2004-08-10,0.472216933965683,0.47251647093640825,0.4546884704931558,0.4552883445333595,351036000
2004-08-11,0.46457651257514954,0.46637443456966005,0.4533402752051618,0.4659247290432476,322392000
2004-08-12,0.45498791337013245,0.46217949951357484,0.45363969724365416,0.45618676109151485,226200800
2004-08-13,0.462029367685318,0.4686210804358571,0.4554376049286132,0.45843437442681756,328048000
2004-08-16,0.461130827665329,0.47521371470325346,0.4590334189628023,0.4644262841397159,435674400
2004-08-17,0.4624791145324707,0.4663744455920587,0.45468850241947034,0.4581341279420174,323019200
2004-08-18,0.4755132794380188,0.4771610329478719,0.4567859164689592,0.4570854534640131,364655200
2004-08-19,0.4600820243358612,0.4773109947816893,0.45483847898947277,0.4720674494353008,388920000
2004-08-20,0.4614303410053253,0.4642769419705226,0.45678581836946125,0.46008212478006955,316780800
2004-08-23,0.4656250476837158,0.46847164797329727,0.4584342628186964,0.4623287420554571,254660000
2004-08-24,0.47865939140319824,0.47865939140319824,0.46727293572380363,0.4683216651914312,374136000
2004-08-25,0.4951392710208893,0.49663680618218986,0.4753631758245416,0.4774605851567094,505618400
2004-08-26,0.5192592144012451,0.5270489732244248,0.4904944738166576,0.4949887770099176,955858400
2004-08-27,0.5146148204803467,0.5207568780165206,0.5093712737628103,0.5195588302542256,388813600
2004-08-30,0.5111691355705261,0.5201577931407723,0.5087721902221575,0.5093712140330625,218142400
2004-08-31,0.5167120695114136,0.5236033173206329,0.5093711163763184,0.5104198453982542,376560800
2004-09-01,0.5372365713119507,0.5391846112516074,0.5122177897540533,0.5138655427074271,515726400
2004-09-02,0.5342406034469604,0.5364873801867909,0.5218054717877767,0.5318437082167455,406324800
2004-09-03,0.5277983546257019,0.5381360807772323,0.524502897814553,0.524502897814553,293468000
2004-09-07,0.5357384085655212,0.5421808047410474,0.5277984273128042,0.5303455420948195,301957600
2004-09-08,0.5445777177810669,0.5478740252529437,0.5345403770187553,0.534839864039737,343526400
2004-09-09,0.5348395705223083,0.5438282267195278,0.5285473461639464,0.5408323080240456,461339200
2004-09-10,0.5373867750167847,0.5427796396080338,0.5312438679938365,0.5342406373015809,328014400
2004-09-13,0.5331922769546509,0.5403830174077094,0.5291467759869504,0.5375364149035518,281976800
2004-09-14,0.5316934585571289,0.5325919690912659,0.5210561999690226,0.5279482978300776,254822400
2004-09-15,0.5273485779762268,0.5315434452502668,0.5213567391154974,0.5297463736512446,232668800
2004-09-16,0.5445777177810669,0.5507206271346238,0.5255517158886039,0.527348738026857,501916800
2004-09-17,0.5564128160476685,0.5600086091527054,0.5453266999195977,0.5475743268918272,502308800
2004-09-20,0.564952552318573,0.5689972002624112,0.5523681030245257,0.5525174214073787,245000000
2004-09-21,0.5694469213485718,0.5823309090062709,0.5612074560223459,0.565551641344131,386652000
2004-09-22,0.5531173944473267,0.5713941978143642,0.5514687911892314,0.5707951739600593,401688000
2004-09-23,0.5583606958389282,0.5618063194499116,0.5532665195520003,0.5549150722279449,397404000
2004-09-24,0.5586605072021484,0.5692968700814656,0.5565630983124527,0.5610574030584511,369488000
2004-09-27,0.5622562170028687,0.5689972980679977,0.5517691741218662,0.5535661956652547,397516000
2004-09-28,0.5698966383934021,0.5736417499694186,0.5610572989660247,0.561207467473933,353186400
2004-09-29,0.5794840455055237,0.5821813266612006,0.5666000636890671,0.5682478159900128,273509600
2004-09-30,0.580532968044281,0.5883236278050189,0.5760386643740735,0.5842789795295541,425012000
2004-10-01,0.5793349146842957,0.5871246735842042,0.5779866987222705,0.5860759944944215,465404800
2004-10-04,0.5811330080032349,0.5869755794409339,0.5805331339310947,0.5869755794409339,574084000
2004-10-05,0.5898220539093018,0.5943163578958257,0.5752895125680648,0.5776864080193257,406162400
2004-10-06,0.6088482141494751,0.6106460861021934,0.591319700201529,0.5917694057190324,446303200
2004-10-07,0.5935671925544739,0.6131931126195339,0.5911702969941548,0.6073505421742988,426148800
2004-10-08,0.5851776599884033,0.5958148735124464,0.5818813529477304,0.5926687850213378,359228800
2004-10-11,0.5781360268592834,0.5851774437589689,0.5722934575549781,0.5812821641940351,323870400
2004-10-12,0.5736417770385742,0.5779868127588116,0.5640532948287382,0.576787914940965,460191200
2004-10-13,0.5955144166946411,0.5956645852078384,0.580383701337434,0.5823309413986735,1163008000
2004-10-14,0.6738677620887756,0.6854034831454789,0.6374625774248828,0.647051108612123,2768427200
2004-10-15,0.6816584467887878,0.6833061499464835,0.6620325769679181,0.672370251577451,1031128000
2004-10-18,0.7153670191764832,0.7153670191764832,0.6696728469388028,0.6696728469388028,1200752000
2004-10-19,0.7104233503341675,0.7243560212749703,0.7087747467013342,0.7206108586785915,801992800
2004-10-20,0.7111724615097046,0.7131197018069004,0.6988874954960478,0.7068274253149602,605108000
2004-10-21,0.7182128429412842,0.7210594434804409,0.7095236729301299,0.711321594331708,724505600
2004-10-22,0.7102729678153992,0.7141682477807201,0.7044303979105491,0.7122210078473525,483067200
2004-10-25,0.7123702764511108,0.7167152612191341,0.7051794914303118,0.7071267310908766,392644000
2004-10-26,0.7186623811721802,0.7198612285231402,0.703680989801468,0.7108717236183526,594361600
2004-10-27,0.7535693049430847,0.7583639954275625,0.7216593251069793,0.7267526523697189,1193494400
2004-10-28,0.7818844318389893,0.7823341372735714,0.7415848141594904,0.7487755505518637,864264800
2004-10-29,0.7850306034088135,0.7970160313515534,0.7760419450026309,0.7766409688692445,810219200
2004-11-01,0.785779595375061,0.797914388641612,0.7796375395544789,0.7865287875681143,602050400
2004-11-02,0.8015103936195374,0.8101995151767276,0.7850306113048648,0.7850306113048648,729988000
2004-11-03,0.828627347946167,0.8406119253291768,0.8088512600749522,0.8145445119030813,1204173600
2004-11-04,0.8157424330711365,0.8322222130487822,0.814544435501916,0.8244324535069827,928625600
2004-11-05,0.8197878003120422,0.8239826163583985,0.7796375110226287,0.8218852083352204,1205047200
2004-11-08,0.814693808555603,0.8307247343188702,0.8069039984849982,0.8130460554750039,526920800
2004-11-09,0.8097506165504456,0.8172408894008503,0.7997123797742886,0.8124470487684586,475764800
2004-11-10,0.8202375173568726,0.829825196970417,0.8076530690379586,0.8082520427322737,508676000
2004-11-11,0.8284770250320435,0.8304242647125932,0.8124469519330093,0.823233479617994,407299200
2004-11-12,0.831473171710968,0.8343197728717288,0.8215860020156769,0.8241322661264326,395701600
2004-11-15,0.8275784254074097,0.8308738808808801,0.8140946163569707,0.8269786016049745,376045600
2004-11-16,0.8230834007263184,0.8269787306160594,0.8161921517508066,0.8263797068186192,295103200
2004-11-17,0.8224846124649048,0.8307249300000024,0.8122970544796675,0.8268295989947502,397751200
2004-11-18,0.8298252820968628,0.8307246428413396,0.813345502828247,0.8134956713195267,459149600
2004-11-19,0.8265300393104553,0.8525975058940224,0.816491800646413,0.8313238808444217,765279200
2004-11-22,0.9191155433654785,0.958816139158147,0.8674294695492626,0.925856674667391,2568210400
2004-11-23,0.9179168939590454,0.9355954778654891,0.914621386851822,0.9333479002131985,911450400
2004-11-24,0.9595654010772705,0.9767944269722059,0.9221115796384386,0.9242089384322012,1390788000
2004-11-26,0.9670564532279968,0.9851839886374251,0.9639103652660078,0.9790411311267494,550144000
2004-11-29,1.0253345966339111,1.042263188434583,1.009903489871679,1.0329750407340637,1712916800
2004-11-30,1.0045093297958374,1.03057753813565,1.0045093297958374,1.03057753813565,1028518400
2004-12-01,1.0155963897705078,1.017993285229211,0.9928243827279027,1.0155963897705078,800553600
2004-12-02,0.97694331407547,1.0022624270317702,0.9687039010489576,0.9907266087159561,987442400
2004-12-03,0.9390408396720886,0.973797523540291,0.9251082224341557,0.966756055657714,1238848800
2004-12-06,0.9854838848114014,0.9923751371226377,0.9430859410266357,0.9625616497855465,1247920800
2004-12-07,0.9421868324279785,0.9997154110960023,0.9372428240869667,0.9877299363299131,1056899200
2004-12-08,0.9480292797088623,0.9652581983589539,0.9296023137341983,0.9450333112928934,691902400
2004-12-09,0.9586666226387024,0.964808678794865,0.9299018813756759,0.9409879461948861,741501600
2004-12-10,0.9760450720787048,0.9895280335017721,0.9693031413117136,0.9742471505318029,775773600
2004-12-13,0.9724487066268921,0.9872807263200313,0.9678042368117198,0.9830859116716156,395040800
2004-12-14,0.9781423807144165,0.9869817694882959,0.9740968824183254,0.9797901836792223,415721600
2004-12-15,0.9776925444602966,0.9806893130268987,0.968703938969596,0.9773930076208569,398361600
2004-12-16,0.9977681040763855,1.0112510621910473,0.9895277906945802,0.9910261749637075,1126115200
2004-12-17,0.9736483693122864,1.004360259825246,0.9723001029069887,1.0013634899588904,783496000
2004-12-20,0.9396401643753052,0.9887791340219969,0.9252577878638186,0.9808391532753875,1168126400
2004-12-21,0.9541714787483215,0.9553703263518907,0.9228605237056073,0.9522242390018051,1064414400
2004-12-22,0.955070972442627,0.9642097984196554,0.9498274263954858,0.9537227063253729,565829600
2004-12-23,0.9589663743972778,0.9625613177806678,0.9528235167661415,0.9550710939717313,245929600
2004-12-27,0.94623202085495,0.9760455078996346,0.9420372020802007,0.9708019594281059,559490400
2004-12-28,0.9615122675895691,0.9625609965849595,0.9296023426163398,0.9483288460070418,611755200
2004-12-29,0.9654085636138916,0.9734986663923749,0.9523752481179326,0.9559701937159916,449562400
2004-12-30,0.9708019495010376,0.9742475755876279,0.9621127749965372,0.9709512679657792,345340800
2004-12-31,0.9648086428642273,0.973797349140313,0.9592656606672058,0.9721496463509308,278588800
2005-01-03,0.9481799602508545,0.9754462264852183,0.9378421839713134,0.9705022161083708,691992000
2005-01-04,0.9579172730445862,0.9808385911516351,0.9433847863190983,0.9556696967118431,1096810400
2005-01-05,0.9663074016571045,0.9775436889047713,0.9595654692887482,0.9657075275958178,680433600
2005-01-06,0.9670564532279968,0.9724493182528361,0.9487787993066016,0.9688535748412778,705555200
2005-01-07,1.0374687910079956,1.0431619917235684,0.9700521934154541,0.9737973543675148,2227450400
2005-01-10,1.0331244468688965,1.0591919499562952,1.0169441586893229,1.0461577483572946,1725309600
2005-01-11,0.9672054648399353,1.0359703228156392,0.9609132909118596,1.0224873644317236,2611627200
2005-01-12,0.9806892275810242,0.9872809377080798,0.9483287504495133,0.9805391091313328,1919702400
2005-01-13,1.045709490776062,1.1149240351751806,1.0446608613248227,1.1042868220321789,3164716800
2005-01-14,1.0517011880874634,1.0744731939991874,1.036570423711118,1.0524503804011358,1770742400
2005-01-18,1.0584428310394287,1.0591920231494087,1.014996189459834,1.046457357476486,1006460000
2005-01-19,1.0469074249267578,1.0705779444342758,1.0449601847553363,1.0560462521041585,751895200
2005-01-20,1.0555967092514038,1.067732307343136,1.040765478394436,1.0434619112584407,914922400
2005-01-21,1.0560461282730103,1.0726752773524901,1.048705223710977,1.0683311420588053,911332800
2005-01-24,1.0600910186767578,1.0753727044864487,1.0569449304392453,1.063387325451726,841629600
2005-01-25,1.0794172286987305,1.0912524872904665,1.0627880793020315,1.0692296731719342,969231200
2005-01-26,1.0824137926101685,1.08990401429297,1.0669826937907487,1.0885558483991726,739496800
2005-01-27,1.0882561206817627,1.092450936124378,1.0719265141631913,1.0810645370079164,496227200
2005-01-28,1.1083316802978516,1.1083316802978516,1.0852601288518042,1.087957362206733,801612000
2005-01-31,1.1520774364471436,1.1669094650470098,1.1162721221087697,1.1173208514037096,1681097600
2005-02-01,1.1615158319473267,1.1651115753552563,1.1472835769014211,1.1543250452177982,678395200
2005-02-02,1.1929765939712524,1.1971714097853878,1.1639123200924535,1.1678075990741417,1020062400
2005-02-03,1.165710210800171,1.1899805945675652,1.1585194267751338,1.1850365867580868,731651200
2005-02-04,1.181141972541809,1.1824902391686085,1.161516147065705,1.1666102766284991,563556000
2005-02-07,1.182639718055725,1.188781773286347,1.1610665654085446,1.1824894995847761,524456800
2005-02-08,1.2120040655136108,1.219194853475132,1.180392661948363,1.184587579961938,890019200
2005-02-09,1.1796433925628662,1.2283336019487667,1.1700557092430635,1.214101345391895,1191456000
2005-02-10,1.1739509105682373,1.1877334095091687,1.1484824711249175,1.1793437753358336,1093019200
2005-02-11,1.216647982597351,1.2248874962938587,1.1826397986153099,1.1964222942575788,1201054400
2005-02-14,1.2678847312927246,1.2702816268320343,1.2292327654716417,1.2394195215075419,1271463200
2005-02-15,1.324514627456665,1.3345519636567735,1.288408980678798,1.2982969984888268,2312217600
2005-02-16,1.3502825498580933,1.3513311789676938,1.3086338219720064,1.320619297651027,1639243200
2005-02-17,1.3155262470245361,1.3615191229329953,1.310132581400747,1.3580734977138076,1518473600
2005-02-18,1.3005447387695312,1.3162752781225182,1.2921551044462942,1.3144774564765402,1163254400
2005-02-22,1.2777730226516724,1.3228673924304106,1.2777730226516724,1.2929037915110244,1219293600
2005-02-23,1.3218183517456055,1.3251137579982502,1.2816680020718796,1.2991956628551047,1345181600
2005-02-24,1.3323051929473877,1.3379975940501678,1.314327078678634,1.3255633625919858,1519028000
2005-02-25,1.3332040309906006,1.3469873309567082,1.3212185527592026,1.3426423950731563,915510400
2005-02-28,1.344140887260437,1.3525305226679951,1.3171740591470817,1.338747121588394,651610400
2005-03-01,1.333353877067566,1.3516307275126742,1.3231663226647878,1.348035784864138,468188000
2005-03-02,1.321967363357544,1.3450389022279128,1.320769315942093,1.325862642657735,458161200
2005-03-03,1.2521541118621826,1.3306568925879363,1.2350754057677436,1.3294588448483085,1411653600
2005-03-04,1.2827165126800537,1.2887083503232752,1.2539517715099477,1.281218128216921,756618800
2005-03-07,1.280918836593628,1.2959002837978937,1.268933458803086,1.2824164212449982,450632000
2005-03-08,1.2144006490707397,1.2632401675034164,1.2015166613930777,1.2554503075687349,1021451200
2005-03-09,1.179044246673584,1.2069095817726283,1.1634638259973034,1.1877334178311147,1322465200
2005-03-10,1.193426489830017,1.2063104767019832,1.1715537958529711,1.1844377827249373,777109200
2005-03-11,1.2066099643707275,1.216198545763606,1.1925280293593579,1.2048121428641838,632830800
2005-03-14,1.2081083059310913,1.222191139385659,1.1841382554599653,1.214100943564261,605385200
2005-03-15,1.2272844314575195,1.232678095209847,1.2060108134942786,1.217696751583296,508608800
2005-03-16,1.23387610912323,1.2677341748277369,1.2218915346091066,1.2347755197816197,697813200
2005-03-17,1.2659372091293335,1.284813932440318,1.2380709794071012,1.2443632538481992,801920000
2005-03-18,1.2872107028961182,1.30159307165909,1.2734273077957297,1.2982967662750393,940150400
2005-03-21,1.3093831539154053,1.317473250849582,1.2842142523780153,1.2970982400583304,541128000
2005-03-22,1.2833155393600464,1.317173606317637,1.2788211862339953,1.309682484375239,551415200
2005-03-23,1.2749253511428833,1.3003937764742974,1.2590446023532575,1.271928583397636,609823200
2005-03-24,1.2734277248382568,1.2884091721824762,1.2734277248382568,1.2857127396886345,352704800
2005-03-28,1.2743271589279175,1.2872111478714439,1.272529237195649,1.2809188718640077,275410800
2005-03-29,1.2509547472000122,1.2833153244407178,1.2434645266227942,1.2752251301243955,461356000
2005-03-30,1.2824162244796753,1.2824162244796753,1.2530525084543271,1.2605436309563984,394959600
2005-03-31,1.2485580444335938,1.2740264785154622,1.2461611494776887,1.2719290204075078,636134800
2005-04-01,1.2251874208450317,1.2638401916291266,1.2155997374688743,1.2611429587185587,641284000
2005-04-04,1.2311798334121704,1.2377716452666996,1.2033145014883797,1.2281839644377748,580014400
2005-04-05,1.2551499605178833,1.2656370527452394,1.2311799069099312,1.2350752869015702,556239600
2005-04-06,1.2683343887329102,1.2827167621147324,1.2629407236808146,1.2704318473546894,414825600
2005-04-07,1.3051881790161133,1.3108813798942935,1.2659372469150778,1.2683341419918712,506987600
2005-04-08,1.3105820417404175,1.3318556639173145,1.304589303078203,1.3093831939709921,649950000
2005-04-11,1.256049394607544,1.3258628983726213,1.255749857692834,1.322867029163894,821662800
2005-04-12,1.2782211303710938,1.2941018825751591,1.2587454362446218,1.2731278042539034,981061200
2005-04-13,1.2296814918518066,1.2881094899479701,1.210205792523382,1.2869114423532884,1371946800
2005-04-14,1.1164212226867676,1.1853363055923762,1.1038367736398984,1.1628637393959242,2753192400
2005-04-15,1.059192419052124,1.116121939570657,1.0570949603946254,1.0972453117148364,1728087200
2005-04-18,1.0672823190689087,1.0876574279438234,1.0187423421324788,1.0487051315797982,1327177600
2005-04-19,1.1113280057907104,1.121814997695451,1.0747726024880242,1.096646097109289,1081642800
2005-04-20,1.063985824584961,1.1308034402835536,1.06188846669997,1.1284065455683903,945131600
2005-04-21,1.1140245199203491,1.1149238307736495,1.0756720924191179,1.0906534390906182,759592400
2005-04-22,1.0636863708496094,1.1086314006696762,1.045709059007718,1.1038367107541145,839129200
2005-04-25,1.1080317497253418,1.1092305974668932,1.0819643372740637,1.0933498403812603,746460400
2005-04-26,1.08436119556427,1.1239124683636923,1.0822637371530126,1.1020389735034368,810507600
2005-04-27,1.0771702527999878,1.0894543644397578,1.0639859303834314,1.0753723315540942,613888800
2005-04-28,1.0648857355117798,1.0888557940610473,1.055896225964766,1.087357409120086,575106000
2005-04-29,1.0804657936096191,1.0855599206413549,1.0552967955791972,1.0831622255111137,671630400
2005-05-02,1.0915520191192627,1.0981445315578378,1.079267905267291,1.084960206766964,465920000
2005-05-03,1.0849602222442627,1.1008409795607297,1.0795673575692337,1.0906534239360774,496739600
2005-05-04,1.1131258010864258,1.1146232853935156,1.0816646289142386,1.0819641657805803,448176400
2005-05-05,1.0990430116653442,1.1167208897337944,1.092750836414585,1.1161218159226864,387366000
2005-05-06,1.1158225536346436,1.1185189862805047,1.1023394902942953,1.1053354598925824,326247600
2005-05-09,1.1077324151992798,1.1221147902572677,1.1011407016567507,1.117021461643871,355695200
2005-05-10,1.0912524461746216,1.1161218101685362,1.0885560139646027,1.101140464413565,440263600
2005-05-11,1.0669832229614258,1.06878114508996,0.9920754683060198,1.0546983051922554,2041981200
2005-05-12,1.022637963294983,1.066383160159146,1.0187425827201693,1.061289831792987,970242000
2005-05-13,1.0418143272399902,1.0555968302148118,1.0208402356679138,1.0247355169713457,702713200
2005-05-16,1.0651848316192627,1.0696791849052338,1.0346222691564624,1.0355215798678303,474294800
2005-05-17,1.0594918727874756,1.062488642395066,1.0349220424591652,1.0529001597963306,588344400
2005-05-18,1.0738738775253296,1.1254106161140958,1.048405445120681,1.0621879402525656,636722800
2005-05-19,1.1251102685928345,1.129005547643018,1.0720759463125293,1.0720759463125293,793161600
2005-05-20,1.1251102685928345,1.1281070371421746,1.1143237420415246,1.1161215631416095,452650800
2005-05-23,1.191329002380371,1.1955238189375714,1.1340999550933104,1.1340999550933104,1042574400
2005-05-24,1.1895309686660767,1.1982200371026985,1.1694562002060855,1.1820406476314043,593460000
2005-05-25,1.1919279098510742,1.1970220364402617,1.1781454145727244,1.1835382779072128,396006800
2005-05-26,1.220692753791809,1.2266853914192946,1.1967227033434193,1.1967227033434193,525520800
2005-05-27,1.2152990102767944,1.2221911587397902,1.1988200816261858,1.2176968054591304,316008000
2005-05-31,1.191329002380371,1.2206928182930892,1.1859353381949334,1.2182958231228243,404205200
2005-06-01,1.2075092792510986,1.2212917762743605,1.1943249558802818,1.1952243666237088,453812800
2005-06-02,1.1997184753417969,1.20810820734855,1.1865350536713808,1.2000180121873179,373973600
2005-06-03,1.1457849740982056,1.1559725284348163,1.1317030402684198,1.14338807898191,956869200
2005-06-06,1.1361972093582153,1.1574708270823362,1.1254106820732646,1.1484822210320547,811966400
2005-06-07,1.0948486328125,1.1305046402051004,1.092152199509894,1.1266093587144324,745264800
2005-06-08,1.1062337160110474,1.1161217335713962,1.0957467246961072,1.097544546070716,404006400
2005-06-09,1.1281075477600098,1.13679672030652,1.1032381780136573,1.1086318437798581,390255600
2005-06-10,1.0729753971099854,1.1206159578374084,1.0642854280726133,1.1206159578374084,678932800
2005-06-13,1.0756723880767822,1.0969460162111104,1.0732754919653285,1.075372851072117,435772400
2005-06-14,1.0786679983139038,1.0831623520450182,1.0711776754615718,1.0762710029898213,347846800
2005-06-15,1.1125264167785645,1.1176205459940292,1.087657845068122,1.1047366546045365,563343200
2005-06-16,1.1379950046539307,1.1409909729770864,1.1032376315962904,1.1143236945124626,547674400
2005-06-17,1.1478824615478516,1.1547745103025913,1.1335000903610613,1.1526771520132417,596125600
2005-06-20,1.1269080638885498,1.1412904310588707,1.1221141748604495,1.1340996475228646,323716400
2005-06-21,1.1343997716903687,1.1442877917566254,1.1200173970732215,1.1302049540988426,370526800
2005-06-22,1.1550737619400024,1.1565713459974585,1.1427888520886902,1.1463845940158783,424925200
2005-06-23,1.1652616262435913,1.1919281107766684,1.1580700404499882,1.1634637047921108,674254000
2005-06-24,1.1314030885696411,1.1721533233950683,1.1290061924252457,1.1712539122698682,410709600
2005-06-27,1.1116276979446411,1.1415903932681315,1.099043145881639,1.103837037116129,600171600
2005-06-28,1.1179200410842896,1.1263096770389207,1.1137252231069739,1.1233138071080506,350299600
2005-06-29,1.0897552967071533,1.1173212039279703,1.0822641707836935,1.1155232816999119,448358400
2005-06-30,1.1029387712478638,1.1134257669462537,1.0879573202466333,1.0969460308276007,418390000
2005-07-01,1.0936497449874878,1.1077325852386772,1.0873575674476412,1.10353776687466,250000800
2005-07-05,1.1379950046539307,1.1430883308254274,1.0936490527802187,1.0951474369909786,454269200
2005-07-06,1.1203163862228394,1.1433879237605666,1.1146231860237161,1.1299049655094575,394626400
2005-07-07,1.1275084018707275,1.1314027819790082,1.1026389359048443,1.1029384728324567,383723200
2005-07-08,1.1460850238800049,1.1469844350219298,1.1227140358831018,1.1346994169391604,290735200
2005-07-11,1.1415897607803345,1.1580695841209236,1.1320020836356575,1.1496799540686797,388788400
2005-07-12,1.1457849740982056,1.1505796644416222,1.135897856752722,1.145485537230218,387038400
2005-07-13,1.1490817070007324,1.1535760620356261,1.135597941809593,1.1472837849645428,684835200
2005-07-14,1.2209924459457397,1.258745900871817,1.205412124923074,1.2221913937736277,2096060400
2005-07-15,1.2449631690979004,1.245562142838367,1.2123031482786082,1.2275840295285458,687682800
2005-07-18,1.243165373802185,1.2614422257430473,1.2395695307485382,1.240768478474163,586297600
2005-07-19,1.294102668762207,1.2953015168635647,1.2305813215647665,1.2440642872015657,671062000
2005-07-20,1.3072857856750488,1.312380013783,1.277922065188113,1.2842143410129077,453395600
2005-07-21,1.2970982789993286,1.3195707489328514,1.285413138700958,1.3093831932252167,404264000
2005-07-22,1.3183726072311401,1.3183726072311401,1.3000949556500858,1.3015933402325701,301106400
2005-07-25,1.312679409980774,1.3267622448559762,1.3102825147054111,1.3180722743318591,294627200
2005-07-26,1.3072857856750488,1.3216681589923889,1.2991956881825037,1.318672289607795,268592800
2005-07-27,1.3180725574493408,1.3204702533382853,1.278522076701098,1.3132786658565834,283749200
2005-07-28,1.3123797178268433,1.3183724553679157,1.297398374035706,1.3138773021382588,251311200
2005-07-29,1.27792227268219,1.3297585724079146,1.2662372300431828,1.3051886389962757,562080400
2005-08-01,1.280918836593628,1.2908060556823466,1.2608432612861467,1.2755251715576719,314249600
2005-08-02,1.294102668762207,1.3033908161863395,1.2767243219041033,1.2851139583294373,296875600
2005-08-03,1.2950009107589722,1.2976981434051267,1.2815179479229,1.2941023999468155,258322400
2005-08-04,1.2797199487686157,1.288409119867056,1.2671354975060192,1.28511361363595,269304000
2005-08-05,1.2881096601486206,1.2991957273725,1.2590453757049285,1.2731283125271151,241931200
2005-08-08,1.27792227268219,1.2959004922787862,1.2767242247708215,1.2884093674221762,176383200
2005-08-09,1.312978982925415,1.3150763413581754,1.2857126232132665,1.286311597017749,380839200
2005-08-10,1.299795389175415,1.3300576164197537,1.297697930842159,1.3183725772330144,360945200
2005-08-11,1.3183726072311401,1.3219675500837234,1.2959001389004432,1.3000949556500858,271983600
2005-08-12,1.381295084953308,1.384890128407656,1.29919575787028,1.3021925275266,916036800
2005-08-15,1.428635597229004,1.4481112910359846,1.3917815674066145,1.392680077844814,1086727600
2005-08-16,1.385789155960083,1.4232430683019692,1.3845903083254352,1.4199467623713478,537622400
2005-08-17,1.4127559661865234,1.4214451361673281,1.3893840881831134,1.3902834989361823,499724400
2005-08-18,1.3872865438461304,1.4082606237728827,1.370807616847818,1.4055641920970123,442559600
2005-08-19,1.373205304145813,1.3992728256353124,1.3714073819540922,1.3866882704045036,376569200
2005-08-22,1.3744025230407715,1.4007703657392363,1.3561256753670967,1.3827921547916928,387732800
2005-08-23,1.3705075979232788,1.3812949273267325,1.3579231470470765,1.3738039041518013,295604400
2005-08-24,1.37140691280365,1.4118567978656456,1.3660132480859886,1.3663127850010524,572070800
2005-08-25,1.3800960779190063,1.3929800656938465,1.3726049547407861,1.3818939994881885,276253600
2005-08-26,1.3705075979232788,1.3884857135012079,1.3591219947900692,1.3818940011550904,261058000
2005-08-29,1.373504400253296,1.3791976020060523,1.356126058172269,1.3564255950936481,256295200
2005-08-30,1.3953769207000732,1.401968732859816,1.3759012211506387,1.3779986795729438,518761600
2005-08-31,1.4049651622772217,1.4091599780949462,1.3863879779240154,1.4040657516807264,402956400
2005-09-01,1.3860890865325928,1.4133554520507101,1.3809948577462128,1.40826122326433,356367200
2005-09-02,1.3848901987075806,1.402269343334901,1.3818942289978724,1.3872870944901574,222378800
2005-09-06,1.462194800376892,1.464591696097333,1.394778182755174,1.3992725372525945,818619200
2005-09-07,1.4585987329483032,1.4801726898774519,1.4358275285727846,1.4696855983452928,963074000
2005-09-08,1.491558313369751,1.501745868841216,1.4723821501800967,1.478674425613642,702640400
2005-09-09,1.5374016761779785,1.5386005237732976,1.4918576690580363,1.5002473019420715,615641600
2005-09-12,1.5400985479354858,1.546990698425848,1.5155295161205544,1.5311099387424265,452796400
2005-09-13,1.5227200984954834,1.5368029344199765,1.5077386518034965,1.528712737179675,492884000
2005-09-14,1.4864649772644043,1.533806111118229,1.4819706234246206,1.5299107310900628,474426400
2005-09-15,1.494254469871521,1.503543512899822,1.4780750789773427,1.4981498492027938,415156000
2005-09-16,1.5344058275222778,1.5344058275222778,1.4966524765868752,1.5050421101280758,591004400
2005-09-19,1.5772526264190674,1.5847437493676637,1.5296112567336313,1.5296112567336313,783731200
2005-09-20,1.5937327146530151,1.6123099076385567,1.5856426160910122,1.5877400749806578,819828800
2005-09-21,1.5613720417022705,1.5895377149722743,1.5538818180400198,1.586841282459784,434747600
2005-09-22,1.5550798177719116,1.5721594234284213,1.5377014752856784,1.5544807439151849,463727600
2005-09-23,1.5940319299697876,1.6030206376336567,1.553282608496983,1.5610723684164658,558457200
2005-09-26,1.6132078170776367,1.6347808704631233,1.5976274007587088,1.6189010173148544,546562800
2005-09-27,1.6012227535247803,1.6251936079748137,1.6009232166063276,1.615605126177543,341703600
2005-09-28,1.5305101871490479,1.5913350660019419,1.5158282819040296,1.5901362185950982,1125544000
2005-09-29,1.5682640075683594,1.5757543308415909,1.5224205568067852,1.5350050079930946,636846000
2005-09-30,1.6063170433044434,1.6075150910121003,1.5544807523927706,1.5679646148221666,531633200
2005-10-03,1.6311862468719482,1.6341822159472856,1.608414241574122,1.6227966133476548,507553200
2005-10-04,1.6105117797851562,1.6584526880320183,1.607215473547734,1.646467210939489,539459200
2005-10-05,1.5814476013183594,1.6287895388435631,1.5805490905269626,1.6278901279411775,610769600
2005-10-06,1.549087643623352,1.602720947646555,1.5242182813871494,1.5940317777240351,757537200
2005-10-07,1.5371021032333374,1.5559788267856398,1.5146296370779542,1.5496866522764128,677882800
2005-10-10,1.5092365741729736,1.555379647877738,1.5065393425241513,1.550884395146097,507505600
2005-10-11,1.5457912683486938,1.5541809010117615,1.5101352795245018,1.5350047406566218,1225884800
2005-10-12,1.4756784439086914,1.507139620785391,1.4343292485579158,1.4577002285012803,2697486400
2005-10-13,1.6102120876312256,1.6165042624735302,1.476277294392171,1.4813707216161416,1865575600
2005-10-14,1.618001937866211,1.6284890298761248,1.5817469712537089,1.6189013486736379,1035552000
2005-10-17,1.6012227535247803,1.6248941710686877,1.5784515469334586,1.6174030477745467,616834400
2005-10-18,1.564368724822998,1.6165044510970796,1.5640691879019366,1.5955303658214879,609588000
2005-10-19,1.6461676359176636,1.646766709733771,1.5344058649620957,1.5601738400159313,1008683200
2005-10-20,1.6821231842041016,1.6929097127621735,1.6284889781716814,1.6320847210531149,1357762000
2005-10-21,1.667741060256958,1.7072924399725489,1.6587524512727527,1.7030975224177949,796726000
2005-10-24,1.7015992403030396,1.7015992403030396,1.650662352806529,1.6554562445501375,609753200
2005-10-25,1.6809242963790894,1.7033966650618872,1.6686401829287685,1.6899138039212112,465127600
2005-10-26,1.7087903022766113,1.7246700566114903,1.675531209051706,1.6863177365588253,631593200
2005-10-27,1.6602503061294556,1.708190405514696,1.6602503061294556,1.7075913317942257,411541200
2005-10-28,1.6320849657058716,1.6908125078779874,1.6230963572472654,1.6791274669002996,769787200
2005-10-31,1.725569725036621,1.7372547641922453,1.6404743444987429,1.653958205201262,940844800
2005-11-01,1.7228721380233765,1.7420490970648304,1.7039954159153783,1.7150823797712054,749686000
2005-11-02,1.7962816953659058,1.797780079794581,1.725869028621509,1.7294648712158618,857060400
2005-11-03,1.8532122373580933,1.867294171656743,1.7998774687706258,1.8055707699445078,884382800
2005-11-04,1.8322378396987915,1.8349343714817619,1.786394399092961,1.8082668902980665,878035200
2005-11-07,1.8046711683273315,1.847818275272622,1.80197463666324,1.8232482532446828,638831200
2005-11-08,1.7947840690612793,1.8091664389792308,1.7708131191570013,1.7962816533564505,473765600
2005-11-09,1.8010765314102173,1.8340351926269591,1.7977803252466427,1.7977803252466427,552930000
2005-11-10,1.8331362009048462,1.8337352745664461,1.7681166061494737,1.8169560114021825,665344400
2005-11-11,1.8439228534698486,1.861001754646688,1.837930116197548,1.8439228534698486,425448800
2005-11-14,1.8412269353866577,1.8571068926273255,1.8250467411410998,1.8439232677157193,369933200
2005-11-15,1.866097092628479,1.8900670558686268,1.841527055205326,1.8457219737939885,536841200
2005-11-16,1.946097731590271,1.949393138214882,1.8903660547844647,1.892164076644776,784515200
2005-11-17,1.933213233947754,1.9739626513687643,1.925123037812775,1.9652733814706378,676205600
2005-11-18,1.9344109296798706,1.9604793360552526,1.928718629535382,1.9568834937719766,524960800
2005-11-21,1.9463971853256226,1.953288435705611,1.9092428004761937,1.9422024676976548,511711200
2005-11-22,1.9931389093399048,2.000330395167245,1.9332133278724715,1.9428009088441864,540282400
2005-11-23,2.010817527770996,2.0368849392119364,1.9982331774100006,2.00392547868751,485853200
2005-11-25,2.0776350498199463,2.083626987695555,2.022502460531787,2.0272972509849922,395012800
2005-11-28,2.0872230529785156,2.129470660051492,2.069545074144441,2.1189835675035824,1018519600
2005-11-29,2.040480613708496,2.1063989292399015,2.0180080469991313,2.0971107857303966,891433200
2005-11-30,2.032090663909912,2.062952858695644,2.023101958667377,2.050368311311824,595674800
2005-12-01,2.1453511714935303,2.1492464511454665,2.0617542776467253,2.0659491941949644,812893200
2005-12-02,2.176213026046753,2.179508431308679,2.1183841143702606,2.165425499419685,895762000
2005-12-05,2.1519432067871094,2.173216828561171,2.1420551881816943,2.155838486843788,583671200
2005-12-06,2.218761444091797,2.242132330681253,2.1977872535235226,2.2151655999612023,857029600
2005-12-07,2.2157630920410156,2.231044768605609,2.1908944382114783,2.224152722273725,679464800
2005-12-08,2.2196598052978516,2.2223571382693827,2.1753145311076025,2.193292750423971,790479200
2005-12-09,2.2271499633789062,2.234940521701299,2.1977861513144727,2.2235541210516585,555402400
2005-12-12,2.2445287704467773,2.257712194906058,2.2340416782290884,2.2433306228112326,524994400
2005-12-13,2.2466259002685547,2.261008271638688,2.2235544587300193,2.242730620515805,493816400
2005-12-14,2.1576361656188965,2.1962881265524046,2.105500543843062,2.17321668474056,1450716400
2005-12-15,2.1627297401428223,2.183104851221722,2.1378602751686726,2.1777111864931893,561162000
2005-12-16,2.130669116973877,2.1663251034077864,2.1291707326411884,2.161531113646533,671171200
2005-12-19,2.1387603282928467,2.1753148460469616,2.1285728692300023,2.130670328453913,529295200
2005-12-20,2.1606318950653076,2.1687220906736266,2.130968644599933,2.146249525119578,479108000
2005-12-21,2.2022805213928223,2.2055767268872972,2.1735157827959135,2.175313603961296,475736800
2005-12-22,2.2178611755371094,2.2319441101421726,2.205276825513774,2.214565769639623,370610800
2005-12-23,2.197786331176758,2.2250526874627385,2.19628794673676,2.2223563555643047,229857600
2005-12-27,2.224153757095337,2.2526188658057835,2.215764122959222,2.2172625076554437,590590000
2005-12-28,2.204378843307495,2.240034843629286,2.196887718824715,2.2313455712825814,398115200
2005-12-29,2.140857696533203,2.211870269923189,2.139958385426019,2.2106713217967515,490025200
2005-12-30,2.154040575027466,2.1702207684064727,2.1075978533439077,2.124676757442919,624262800
2006-01-03,2.239734411239624,2.239734411239624,2.1648267934585825,2.1687220727934364,807234400
2006-01-04,2.2463271617889404,2.276589498384374,2.232244222919739,2.251120953695018,619603600
2006-01-05,2.2286481857299805,2.2442285011440504,2.2097714650621763,2.2421310432866077,449422400
2006-01-06,2.2861766815185547,2.2981621551120637,2.233741434694509,2.2547156134339645,704457600
2006-01-09,2.2786858081817627,2.3131438484839553,2.2693976652109886,2.2990609154808253,675040800
2006-01-10,2.4228086471557617,2.4536708513808803,2.2720946694192006,2.2846790206274235,2279869200
2006-01-11,2.5138967037200928,2.5408626279777007,2.474644864901198,2.512098882091412,1493794400
2006-01-12,2.5255823135375977,2.5888043215587695,2.5055076342819467,2.545957429897721,1280809600
2006-01-13,2.5645337104797363,2.5771180596935026,2.534870458743985,2.5465554972468585,776305600
2006-01-17,2.53816556930542,2.5882039235289547,2.5129966737797655,2.5678288175920905,835623600
2006-01-18,2.4716482162475586,2.5183911808280395,2.452472051345228,2.489326996484786,1200637200
2006-01-19,2.3682758808135986,2.4467795560869883,2.359287373014887,2.434494642018994,1695848000
2006-01-20,2.2798843383789062,2.398237880945384,2.2720937811224156,2.375466682958494,1134758800
2006-01-23,2.3272268772125244,2.3838568482545006,2.2771885175854054,2.280184286358857,1059730000
2006-01-24,2.2783854007720947,2.379661020306684,2.2702952086634194,2.3598847951276154,1142254400
2006-01-25,2.2232553958892822,2.3221331905678118,2.194790085239457,2.3188375841179982,1275786400
2006-01-26,2.167224645614624,2.260110516735588,2.155239965543294,2.2331437864268806,1181387200
2006-01-27,2.1582353115081787,2.205276907401539,2.1303698782683744,2.185801107830366,953864800
2006-01-30,2.2472245693206787,2.2951654652124427,2.123477350576968,2.1324668561289353,1398401200
2006-01-31,2.2625069618225098,2.287376428169608,2.209772259756949,2.262207524902637,913542000
2006-02-01,2.2598092555999756,2.2909708898469967,2.2364381799331685,2.2457271228803433,521186400
2006-02-02,2.1603331565856934,2.258012808964999,2.158834771704784,2.25022224771261,707322000
2006-02-03,2.152841567993164,2.1810072371913107,2.1285719786796964,2.164527407351553,692123600
2006-02-06,2.016509532928467,2.1726173421051236,1.999730268228043,2.1579355354984058,1651767600
2006-02-07,2.0255000591278076,2.0818308190322417,1.9979342532555127,2.045574939464464,1388830800
2006-02-08,2.061753511428833,2.069843704622417,1.9775575751041332,2.0521649342859556,953114400
2006-02-09,1.946097731590271,2.0743393554949945,1.933513178765542,2.0704438748264478,1149764000
2006-02-10,2.016810655593872,2.0275971865510245,1.8846737511342835,1.9529889805953988,1760477600
2006-02-13,1.9389055967330933,2.000030924963821,1.93680833843355,1.9964350820977366,883498000
2006-02-14,2.0266973972320557,2.0404806947093914,1.9475956554838212,1.9505916244513655,1160938800
2006-02-15,2.0740394592285156,2.086024936634306,2.000031136494322,2.0123152507119757,1159771200
2006-02-16,2.1144890785217285,2.127672702578783,2.08183005533988,2.0947140424854274,948175200
2006-02-17,2.1060996055603027,2.1240778216211393,2.0857246940739995,2.10639924249465,575999200
2006-02-21,2.0698442459106445,2.1213799861778107,2.0578587713784025,2.115087812072992,779606800
2006-02-22,2.1369614601135254,2.1474485510751973,2.037483814407994,2.0674475029402646,978238800
2006-02-23,2.149845838546753,2.1872996559500835,2.1402572564415894,2.151044786356135,856917600
2006-02-24,2.1411564350128174,2.184003110612342,2.13336567575693,2.1615313437222374,534744000
2006-02-27,2.1270737648010254,2.160931937867965,2.1168863091829464,2.1570364577446197,791240800
2006-02-28,2.052166223526001,2.169321879746954,2.0404811816703337,2.144752648068815,1266980400
2006-03-01,2.0704433917999268,2.082129431029895,2.0380838064560414,2.062652832329704,763817600
2006-03-02,2.0857245922088623,2.0971109951826117,2.0575597218790476,2.0671481033098713,625273600
2006-03-03,2.0290942192077637,2.094713898209747,2.023401918379744,2.0794320167261326,737668400
2006-03-06,1.9619770050048828,2.0290940632024665,1.945797614264986,2.028195552648192,912665600
2006-03-07,1.9868465662002563,2.004525344107382,1.9499926260414688,1.970366936020106,872877600
2006-03-08,1.9673711061477661,2.0135141939320533,1.9580829612533275,1.9862478329697317,653251200
2006-03-09,1.9155349731445312,1.9916415565968753,1.9119399298988167,1.976959746424091,799304800
2006-03-10,1.893363118171692,1.9323145263629047,1.8711899811029244,1.9191308989659928,1043142800
2006-03-13,1.9679698944091797,1.9859479078435192,1.941303411259474,1.9490931703265186,861187600
2006-03-14,2.017108917236328,2.017108917236328,1.9625764202060691,1.9706664137224918,642020400
2006-03-15,1.9844493865966797,2.0386826600036962,1.9631757688769509,2.028794643282742,891996000
2006-03-16,1.9269211292266846,2.004525287342247,1.9266214923219074,2.0030269027937253,749638400
2006-03-17,1.937408685684204,1.9637755394826035,1.9209288519923233,1.9401050184248194,812042000
2006-03-20,1.9173322916030884,1.9613779105863896,1.9137364492024507,1.9541872259081605,605441200
2006-03-21,1.8520135879516602,1.9278199362937747,1.839429236065449,1.8520135879516604,1345366400
2006-03-22,1.8478187322616577,1.895160566850773,1.8358332551255256,1.8625005417041163,1345895600
2006-03-23,1.802573800086975,1.8547096152075806,1.7860947724031302,1.8523125202538488,1427826400
2006-03-24,1.796582579612732,1.8259464044378704,1.7687163396573544,1.8052718522622972,1071980000
2006-03-27,1.7830982208251953,1.8391293220696405,1.7798028149363034,1.8082671208308618,1108072000
2006-03-28,1.7591288089752197,1.8019754994836175,1.7453455070777435,1.7866946126713796,1370322800
2006-03-29,1.8675931692123413,1.8732864690469628,1.7279662059176188,1.7717121832823106,2346834000
2006-03-30,1.8801780939102173,1.89665792296272,1.8436235931959852,1.8822755521563976,1390650800
2006-03-31,1.8792803287506104,1.9059476226953884,1.8648979522391238,1.8951610903426575,815357200
2006-04-03,1.8771824836730957,1.9212281151346842,1.8759837358502007,1.9077452525032708,815791200
2006-04-04,1.8328373432159424,1.8642984215836818,1.8292414999379847,1.860702578305724,931924000
2006-04-05,2.0138142108917236,2.0138142108917236,1.9221270827582806,1.9389063558720185,2233408800
2006-04-06,2.1345646381378174,2.1588342265567726,2.0434766220780687,2.046473391083144,2663768800
2006-04-07,2.091118335723877,2.133665579781355,2.051567060927331,2.125275945737338,1545238800
2006-04-10,2.0575599670410156,2.1252761187428963,2.0509681540465436,2.1060997536456423,903515200
2006-04-11,2.037184953689575,2.0764365966692306,2.0096189525177333,2.067148450671288,939316000
2006-04-12,1.9988328218460083,2.0425790281353766,1.9865479036384122,2.037785235703912,739894400
2006-04-13,1.9916411638259888,2.0207045414226847,1.9718651294676643,1.9877458843311673,734678000
2006-04-17,1.941902756690979,2.0027276601627952,1.9281194563577326,1.9928396403585098,721938000
2006-04-18,1.9841498136520386,1.9916409349211113,1.9413031443058466,1.9487932654519227,794844400
2006-04-19,1.9670714139938354,2.0075211947499367,1.9616775498240584,2.002128330703309,1086033200
2006-04-20,2.026397943496704,2.097410288407305,1.9835510670605514,2.0827284803963364,1666982800
2006-04-21,2.0087203979492188,2.0566613119929036,1.9916416911012291,2.0431776486334177,788986800
2006-04-24,1.9700673818588257,2.005124502133809,1.9625772588112116,2.003027043652869,707028000
2006-04-25,1.9826514720916748,1.9952358200043014,1.9643746239844104,1.9763592981353615,529062800
2006-04-26,2.0419797897338867,2.045874270712262,1.9895445138430186,1.9970348389173493,710886400
2006-04-27,2.0782346725463867,2.093215921365042,2.018008640121118,2.0293952453289466,845947200
2006-04-28,2.1090972423553467,2.136363614520743,2.0734414326272392,2.0788342995894316,760037600
2006-05-01,2.0854249000549316,2.143553460816488,2.0722414760106607,2.1204818186589316,750380400
2006-05-02,2.1459498405456543,2.1567363667290067,2.1007060779091025,2.101904225219088,771663200
2006-05-03,2.13156795501709,2.155838344512458,2.102804012030095,2.152242501595967,686991200
2006-05-04,2.1312685012817383,2.184003196439464,2.1111936287261814,2.133964833380032,860420400
2006-05-05,2.154040575027466,2.164827103913947,2.1318674433261684,2.1531418643074614,563911600
2006-05-08,2.154040575027466,2.2112696255728626,2.1489471475237507,2.187000035590602,594851600
2006-05-09,2.128272771835327,2.1741162233808806,2.115987657335832,2.1519432899186457,531666800
2006-05-10,2.1153886318206787,2.1372611266768726,2.0857245769855792,2.136062378982123,459888800
2006-05-11,2.0419797897338867,2.1225799440593764,2.0240015693776274,2.1210815590049847,812688800
2006-05-12,2.028496265411377,2.058159533886481,2.003327352756089,2.0329906212311935,641774000
2006-05-15,2.0311925411224365,2.048871125200825,2.011117660996673,2.018607986379482,529177600
2006-05-16,1.9469969272613525,2.0449762515179097,1.9401056745169913,2.04048189537275,936740000
2006-05-17,1.9553850889205933,1.9685695104463579,1.9197291036619268,1.9389052620994898,754194000
2006-05-18,1.8930628299713135,1.9853489901020536,1.8912650086652687,1.9679698507856653,658442400
2006-05-19,1.93291437625885,1.9440003445806344,1.8822761260677223,1.8954603533739627,985866000
2006-05-22,1.8990557193756104,1.917333378456628,1.8807788603934832,1.9137375340176612,718975600
2006-05-23,1.8921641111373901,1.9532884544656082,1.8876697564910678,1.9434012342881322,694414000
2006-05-24,1.897857427597046,1.9071457749144949,1.8445228395893671,1.8873705322322598,916031200
2006-05-25,1.9275195598602295,1.931115401915526,1.8963579290012091,1.9254223020335741,463372000
2006-05-26,1.9041495323181152,1.9344116660339314,1.8918646166158688,1.9269215419089119,432950000
2006-05-30,1.8343350887298584,1.8966575498233411,1.8343350887298582,1.8963579129899788,563402000
2006-05-31,1.7908891439437866,1.8514144042518155,1.7585285551966288,1.8505150934032886,1280977600
2006-06-01,1.8627996444702148,1.8660960501406656,1.783397672907847,1.793285689771504,942508000
2006-06-02,1.847518801689148,1.8906651123489993,1.8241477250622375,1.887369706734289,685787200
2006-06-05,1.79777991771698,1.8322377558544882,1.7968814072047914,1.8322377558544882,605785600
2006-06-06,1.7893908023834229,1.8166571638762419,1.7651212103428682,1.804372049324168,726037200
2006-06-07,1.7546344995498657,1.8097663083970437,1.7483423224581445,1.8007775982801295,750506400
2006-06-08,1.8205522298812866,1.8256454571930092,1.7123853074092439,1.7510380681097615,1397482800
2006-06-09,1.7750084400177002,1.8445224103648368,1.7708135228281865,1.8331368066387108,775838000
2006-06-12,1.7078912258148193,1.7896903136935294,1.706693278077824,1.779803094351455,717785600
2006-06-13,1.74774169921875,1.7708131386821595,1.7186775222131947,1.7261684441408771,1080643200
2006-06-14,1.7261685132980347,1.761225629274881,1.6986027195982383,1.7462441848685348,878136000
2006-06-15,1.7792025804519653,1.7899891068220708,1.700400490517249,1.7168801169419838,1190383600
2006-06-16,1.7246705293655396,1.7735109535842408,1.723472581604757,1.7666189034848045,838101600
2006-06-19,1.713883876800537,1.74324769658714,1.707891138053481,1.7327606038044492,704575200
2006-06-20,1.7219741344451904,1.748341985831482,1.7165804693591937,1.7261688516904505,672974400
2006-06-21,1.7336598634719849,1.7591284023209317,1.7168805955250233,1.730064220329928,863296000
2006-06-22,1.7851955890655518,1.7902898162547745,1.7399520187840123,1.7438464982631297,965633200
2006-06-23,1.7627238035202026,1.8028751646535226,1.7597280333605183,1.7893912985765732,660203600
2006-06-26,1.7675178050994873,1.7738099797504057,1.7489405179867925,1.7729106690332195,466536000
2006-06-27,1.7207756042480469,1.7744098308322362,1.7198770932357466,1.7705145495647525,550611600
2006-06-28,1.6785272359848022,1.7168803574661446,1.6602503860035007,1.7165801205053146,850704400
2006-06-29,1.7669181823730469,1.770514025580477,1.6896142542392132,1.7007004206701308,873398400
2006-06-30,1.7159812450408936,1.730363617252151,1.692909802153071,1.7255698265561439,739695600
2006-07-03,1.7363566160202026,1.7432478662005022,1.7180789610879714,1.7234726265097693,194770800
2006-07-05,1.7078912258148193,1.7258694429798134,1.694707799967828,1.7123855800813998,518240800
2006-07-06,1.6710370779037476,1.7198764950992755,1.6662423871802452,1.7105883507657893,633208800
2006-07-07,1.6599501371383667,1.6944080809305537,1.638077443327974,1.6623478324351675,799360800
2006-07-10,1.6479655504226685,1.692610151208202,1.6329842045293397,1.6689396346979746,529345600
2006-07-11,1.6674412488937378,1.6776288041235419,1.633882714077079,1.6512610552985352,825022800
2006-07-12,1.586841106414795,1.6551563231762785,1.5856422587110233,1.6530588647593685,927329200
2006-07-13,1.565566897392273,1.6215980082827735,1.540397993053645,1.558975184368826,1249906000
2006-07-14,1.5182254314422607,1.5847435170974487,1.5029445509909953,1.5730575790365278,993036800
2006-07-17,1.5691626071929932,1.59133554011863,1.5475894481925128,1.549986343621944,1024542400
2006-07-18,1.5850436687469482,1.613507982578605,1.553582484960949,1.592833430368969,1000448400
2006-07-19,1.6209988594055176,1.6503626797878832,1.5688631313839627,1.586841247977561,1390743200
2006-07-20,1.8127615451812744,1.845421569129702,1.7893906657218532,1.82654504340679,1972146400
2006-07-21,1.8193528652191162,1.8322376492318135,1.7869932870396865,1.7923869501187721,891892400
2006-07-24,1.840327262878418,1.8607021701282078,1.8106640126444804,1.835533272950322,722856400
2006-07-25,1.855608582496643,1.860402371467824,1.8211505489375863,1.8511142303146577,589069600
2006-07-26,1.9137367010116577,1.9368083425777178,1.8481180192365263,1.8577066001922087,898427600
2006-07-27,1.899654507637024,1.9481944793345305,1.8834741170219718,1.9326131624213536,735044800
2006-07-28,1.9652737379074097,1.9679702704168371,1.9026510158994698,1.9158344415477053,691507600
2006-07-31,2.0362865924835205,2.056361270829773,1.9859485779366395,2.002428412476644,892841600
2006-08-01,2.0129151344299316,2.0353867045269616,1.9757607543655469,2.0141130821023583,711765600
2006-08-02,2.0422797203063965,2.0578600467559274,2.0228031120960894,2.0269978307574807,550768400
2006-08-03,2.0851259231567383,2.0974108392250717,2.0317921412918456,2.034788111021261,841044400
2006-08-04,2.046473979949951,2.0557621263117256,1.9463972282752282,2.0090201573235524,1852866400
2006-08-07,2.0138142108917236,2.085425658633523,1.9868472790717788,2.029095098876894,1245512800
2006-08-08,1.9410032033920288,2.0108176071089896,1.9329140065037542,2.0102177331823325,997864000
2006-08-09,1.9053477048873901,1.9655735426027874,1.899655401904565,1.9604803136038529,955838800
2006-08-10,1.9197299480438232,1.9419028848006237,1.8786810814725354,1.8951609155421967,697760000
2006-08-11,1.9071462154388428,1.921528595304313,1.8750858478659,1.8945616580596507,777529200
2006-08-14,1.915833592414856,1.9541869047650555,1.905646940813188,1.9191297974091397,717620400
2006-08-15,1.9910410642623901,1.9925394485382282,1.941602584168323,1.9577819739586988,861352800
2006-08-16,2.0368854999542236,2.0395820329026946,1.9874469956437106,2.010518644364759,781284000
2006-08-17,2.025200128555298,2.057260281910656,2.0129152136956074,2.0374842433163276,581148400
2006-08-18,2.03478741645813,2.0494692233132548,2.015311619618035,2.028794678946147,536354000
2006-08-21,1.9943382740020752,2.0168108490633925,1.9820533569797527,2.016510411963444,526226400
2006-08-22,2.0260982513427734,2.047072433664702,1.9925397196473893,1.9979333837103201,576968000
2006-08-23,2.016810655593872,2.0569610097724933,2.0057236875655917,2.037484406541605,536258800
2006-08-24,2.0317916870117188,2.0431772895513856,1.9856486028588018,2.0341885822741497,655191600
2006-08-25,2.0599570274353027,2.0689455367427483,2.016810702576888,2.0177092134656665,543958800
2006-08-28,2.006922483444214,2.0557619060727035,1.9979337750025363,2.052466499699998,738161200
2006-08-29,1.991940975189209,2.015312056478254,1.9511909513481716,2.0072218590833604,947332400
2006-08-30,2.0063233375549316,2.0320913142055845,1.9979337032891245,2.017708941160873,680142400
2006-08-31,2.032989978790283,2.0464738420876736,1.9973339804566852,2.015911272052198,574697200
2006-09-01,2.0488696098327637,2.0569598033426613,2.0320903492687705,2.051865577750265,408494800
2006-09-05,2.1417558193206787,2.1423548932258827,2.0539641888400246,2.0665485413181517,1012457600
2006-09-06,2.0983083248138428,2.1480472387390286,2.0884211094737775,2.1297693920195373,974103200
2006-09-07,2.181306838989258,2.2016819501555887,2.104901622294246,2.1153887147943644,1267957600
2006-09-08,2.1729164123535156,2.2043776783773708,2.154638766359493,2.1983849419778294,895921600
2006-09-11,2.1723179817199707,2.20917191791998,2.1399573985883804,2.1702205235524383,949124400
2006-09-12,2.176213026046753,2.200782047492725,2.140856477973713,2.1816058892495933,1684687200
2006-09-13,2.2232553958892822,2.2268510393429026,2.1663257747129774,2.182805407159399,1146138000
2006-09-14,2.2223563194274902,2.237337563263783,2.201081701025844,2.208872459883739,801729600
2006-09-15,2.220259189605713,2.246626038638918,2.195988798906855,2.23524043565739,981853600
2006-09-18,2.2139666080474854,2.2430301866766276,2.196288031265649,2.2112694759467604,705278000
2006-09-19,2.21037220954895,2.2280499961832416,2.181307814460703,2.220260232637044,710049200
2006-09-20,2.2550156116485596,2.2676001620301487,2.2238539726213418,2.2286487633262144,822791200
2006-09-21,2.2367377281188965,2.278986328651603,2.217861004514866,2.254715941122015,794124800
2006-09-22,2.187300443649292,2.227450807947211,2.174716087686022,2.226251859706059,665112000
2006-09-25,2.269698143005371,2.2729943498477057,2.2088732355434515,2.2115695683448755,858992400
2006-09-26,2.325429677963257,2.3305231067550785,2.280185092447779,2.2825821883730537,1102948000
2006-09-27,2.289473533630371,2.3212342447533687,2.2717947566050793,2.312244737754617,810373200
2006-09-28,2.307450771331787,2.3215337056986756,2.2756902599041013,2.3077504082332103,723609600
2006-09-29,2.3065521717071533,2.3227315636367543,2.2975626649619394,2.310447451275403,405812400
2006-10-02,2.243030548095703,2.273293479278052,2.226251079318646,2.250222034749673,712639200
2006-10-03,2.2196598052978516,2.245728023281894,2.192993313460057,2.230746773925663,790708800
2006-10-04,2.2586123943328857,2.261009290620935,2.192094371826463,2.220260053476842,829082800
2006-10-05,2.2421319484710693,2.281982863752572,2.2211579615028794,2.2331434398127104,683883200
2006-10-06,2.2238547801971436,2.2484248160785163,2.2115698622688145,2.229847520662043,466958800
2006-10-09,2.2361392974853516,2.2496229599094355,2.2031796338313576,2.211269831285808,438222400
2006-10-10,2.211569309234619,2.2346407541809956,2.189696612106174,2.233442806461725,531588400
2006-10-11,2.1941912174224854,2.2166637910934535,2.17531448756751,2.1998845201167394,571855200
2006-10-12,2.2550156116485596,2.258911091560845,2.205276883975713,2.2055771209640747,592855200
2006-10-13,2.247824192047119,2.303554839718624,2.239434561206129,2.2661010377385056,684196800
2006-10-16,2.2592101097106934,2.2735924789131445,2.240932461342581,2.2529179356984614,508692800
2006-10-17,2.2259514331817627,2.255315250750862,2.2184611103875715,2.248424001761477,480925200
2006-10-18,2.233142852783203,2.258311750543649,2.214565566311075,2.2397344640715207,1133907600
2006-10-19,2.3667774200439453,2.3955421642622996,2.3419089559017303,2.3748676168692207,1512977200
2006-10-20,2.3955419063568115,2.3967408539548423,2.357189584943526,2.366178291510144,639413600
2006-10-23,2.440786361694336,2.453969784038321,2.3895490564625246,2.3967407414669344,832507200
2006-10-24,2.428501844406128,2.447378570430579,2.403033306126604,2.433295635105721,463212400
2006-10-25,2.447378158569336,2.4569657383550596,2.4273024881868372,2.437489941789163,485214800
2006-10-26,2.4626595973968506,2.4749445118847087,2.43089888192654,2.4539703261809485,432756800
2006-10-27,2.4093260765075684,2.4704504183804,2.3973405976702598,2.449476230464471,594966400
2006-10-30,2.4096262454986572,2.4240086244481165,2.3820604358970714,2.396742251883752,499917600
2006-10-31,2.4294004440307617,2.4473786599970375,2.403931904819168,2.440487410592608,501474400
2006-11-01,2.3718719482421875,2.438390152641158,2.3479011916733463,2.4300005178581,611192400
2006-11-02,2.36647891998291,2.3766663792526996,2.3520965421800852,2.3646810977544663,465483200
2006-11-03,2.345803737640381,2.382958120360262,2.3308222897889594,2.3778646921233455,431888800
2006-11-06,2.3883516788482666,2.3988387718852624,2.349998349961722,2.3655796711065626,434576800
2006-11-07,2.412320852279663,2.427002857781779,2.4009352521490666,2.4105230311947596,525932400
2006-11-08,2.4704504013061523,2.4776410884847992,2.393744737450282,2.3976400180454855,690916800
2006-11-09,2.497117042541504,2.5375668226777957,2.4605617418896135,2.483932819313186,923053600
2006-11-10,2.4905247688293457,2.5049071415240665,2.471948479214744,2.50340955693976,373864400
2006-11-13,2.527378559112549,2.530374527013881,2.476142067331659,2.4935204013706262,450674000
2006-11-14,2.5468554496765137,2.5468554496765137,2.51389678558336,2.5408627107190944,588954800
2006-11-15,2.5183911323547363,2.5738223673501857,2.516892747595133,2.548353826930206,655323200
2006-11-16,2.5651330947875977,2.585807844096035,2.5354698371474567,2.5429601607448777,693940800
2006-11-17,2.572323799133301,2.5750211315378118,2.5468552605297288,2.5510501774883796,466424000
2006-11-20,2.5909008979797363,2.60678165509576,2.552848008409876,2.5588407469442243,570794000
2006-11-21,2.6547231674194336,2.6547231674194336,2.610077855251936,2.6193668021188414,622666800
2006-11-22,2.7059597969055176,2.7191432251118623,2.632250893559845,2.6664085121629633,671941200
2006-11-24,2.7455105781555176,2.7889571360133747,2.681689707724143,2.6825882185290815,518677600
2006-11-27,2.682887554168701,2.7913539262180307,2.6816896064822315,2.7718783252093817,1074836000
2006-11-28,2.7509047985076904,2.7556985906486533,2.693974366321077,2.7074582318812217,1036173600
2006-11-29,2.750603675842285,2.7910544623420215,2.704161150721483,2.786560108308413,1157083200
2006-11-30,2.7464098930358887,2.7769724709797408,2.7284324707857897,2.7628897301644146,870486400
2006-12-01,2.736222982406616,2.766485120431735,2.699667467013994,2.75060435881601,795079600
2006-12-04,2.7302298545837402,2.758095092584805,2.711652562525446,2.7530018641844785,709536800
2006-12-05,2.7347238063812256,2.766484320303296,2.7227383293829925,2.7461094094555984,662838400
2006-12-06,2.6915764808654785,2.7383192374655687,2.6867826904866448,2.71584686988311,638184400
2006-12-07,2.607980251312256,2.7116526455410885,2.603785333616708,2.697569907587863,1004827600
2006-12-08,2.6445350646972656,2.6783932367663517,2.606781612644287,2.6136728617972627,784277200
2006-12-11,2.6592166423797607,2.675696471621914,2.6382426597504725,2.663710995791526,499780400
2006-12-12,2.5810141563415527,2.6619139412304165,2.5627365004596254,2.6550226906920513,1026620000
2006-12-13,2.668205499649048,2.668804573449716,2.6112758864171615,2.635246039330965,857052000
2006-12-14,2.653223752975464,2.6966705003060834,2.6445346835438057,2.6682051968588043,832330800
2006-12-15,2.6283552646636963,2.6733002095980702,2.616670023035543,2.667307470263616,739939200
2006-12-18,2.5609378814697266,2.6367442141177944,2.534570035278805,2.6256580492809634,721576800
2006-12-19,2.5861077308654785,2.597193899778255,2.5055075784121708,2.538765885125801,911405600
2006-12-20,2.5396645069122314,2.596893557987526,2.5390654331015625,2.59090081963439,567691600
2006-12-21,2.483933925628662,2.561238477713765,2.4629597339667444,2.537867589905696,903599200
2006-12-22,2.462958812713623,2.518091404515906,2.444981398069946,2.500712263573765,613303600
2006-12-26,2.442284345626831,2.474045859376138,2.4237078565759465,2.461461308669928,490688800
2006-12-27,2.4425837993621826,2.4569653668910596,2.3002595073679712,2.3416077891702116,1935754800
2006-12-28,2.4231085777282715,2.43449498265148,2.3865540674126575,2.4036327746864092,1119876800
2006-12-29,2.542060375213623,2.5588396357741434,2.4977153294640786,2.515393100365274,1076429200
2007-01-03,2.5109000205993652,2.594197492060924,2.4539704005735063,2.5855082205816053,1238319600
2007-01-04,2.5666310787200928,2.575320148095484,2.5114984934790794,2.518390541692672,847260400
2007-01-05,2.548353672027588,2.5828109187133794,2.5288780717558623,2.569926930825386,834741600
2007-01-08,2.5609378814697266,2.592698591585406,2.5552445805576536,2.575619688972314,797106800
2007-01-09,2.7736752033233643,2.7859601172080426,2.551349605873228,2.5903020060242365,3349298400
2007-01-10,2.906412363052368,2.9303823202173995,2.8000434403564687,2.838995645876114,2952880000
2007-01-11,2.8704566955566406,2.8998205178370298,2.849482708234656,2.8746516130358426,1440252800
2007-01-12,2.835099458694458,2.8482828809131955,2.793450733823181,2.8341999480097617,1312690400
2007-01-16,2.909407377243042,2.913901730543033,2.8599690908938964,2.8668603392757235,1244076400
2007-01-17,2.8449878692626953,2.9243898729893147,2.841093388413047,2.9231919250792715,1646260000
2007-01-18,2.668804407119751,2.759892422692672,2.6682053333564193,2.7595927857986924,2364605600
2007-01-19,2.6517252922058105,2.686183332233962,2.6403396912187356,2.6556207715407356,1364473600
2007-01-22,2.600489377975464,2.67150192665822,2.5663317697885546,2.6709020527542897,1454026000
2007-01-23,2.56782865524292,2.622061721946249,2.5621363555061003,2.568727965792387,1207424400
2007-01-24,2.597792863845825,2.611275723977992,2.579215576441515,2.5971929899839084,927813600
2007-01-25,2.5843095779418945,2.651726093856666,2.577717764833189,2.610077556455501,905973600
2007-01-26,2.558241367340088,2.6178675084328007,2.546555528594865,2.610076949269319,986874000
2007-01-29,2.5750210285186768,2.596294649312502,2.5627359150598346,2.585807557360084,901664400
2007-01-30,2.5633349418640137,2.5915006112042054,2.5543462346691954,2.5897027897553864,577970400
2007-01-31,2.5687291622161865,2.5768193604869314,2.5273800600422187,2.5426609455906912,856069200
2007-02-01,2.5390663146972656,2.5849089787941053,2.5390663146972656,2.5837110307814695,664342000
2007-02-02,2.539365291595459,2.554346538711578,2.5079040125702248,2.520488564185251,621530000
2007-02-05,2.515094518661499,2.553747278514839,2.515094518661499,2.525881046957148,578852400
2007-02-06,2.5213871002197266,2.5309756825420884,2.482735134230118,2.53037580857449,864393600
2007-02-07,2.581312894821167,2.5882041429608287,2.503409106820407,2.531274536355304,1066825200
2007-02-08,2.582212448120117,2.592100469079646,2.5591409992886454,2.5597398732367953,679030800
2007-02-09,2.4950199127197266,2.5828109330163027,2.4932220911371243,2.5732231513163843,860540800
2007-02-12,2.5432605743408203,2.55224928261431,2.5058065564030816,2.529776711831937,724071600
2007-02-13,2.5378668308258057,2.555544609881914,2.525881353432766,2.551650129827801,580986000
2007-02-14,2.555845260620117,2.5660321179545815,2.533971760837031,2.535769782761699,507981600
2007-02-15,2.553147077560425,2.565431988799235,2.5402630926260543,2.5600391253915538,363661200
2007-02-16,2.541762351989746,2.5591406957835083,2.536668123565355,2.5543467043963797,399868000
2007-02-20,2.573822259902954,2.5816128201994135,2.5216864334268503,2.5363684431916758,617702400
2007-02-21,2.6726999282836914,2.681388998945122,2.5756199661561925,2.5762190399736644,1155313600
2007-02-22,2.68198823928833,2.7209396296519452,2.6526246280597316,2.720640192826269,838224800
2007-02-23,2.668804407119751,2.7068580926305956,2.6622125954768174,2.671501739239458,517893600
2007-02-26,2.6520252227783203,2.6966707213070085,2.6250591016374307,2.6918759307817792,615848800
2007-02-27,2.5147955417633057,2.609178989280984,2.499215219052396,2.5858081051652513,1145813200
2007-02-28,2.535170555114746,2.564833814567202,2.4869302038715215,2.4869302038715215,919475200
2007-03-01,2.608579635620117,2.646033450771648,2.509401414634977,2.5177910484263566,1415528800
2007-03-02,2.5591418743133545,2.6229635767506285,2.553149132288837,2.599891920005771,860000400
2007-03-05,2.5864064693450928,2.6562200710304777,2.5696272019832125,2.573522681942593,838899600
2007-03-06,2.6424379348754883,2.646033778409393,2.618767415205066,2.630752093470484,723186800
2007-03-07,2.6283552646636963,2.6658090854053254,2.620265066562183,2.6382432845655455,626284400
2007-03-08,2.636744499206543,2.658317557435091,2.620564105461191,2.654423077557946,511011200
2007-03-09,2.6358463764190674,2.662213229218188,2.6187674694458156,2.660715644465673,451836000
2007-03-12,2.6927762031555176,2.6963720473027544,2.6364456453841125,2.638842541441093,729408400
2007-03-13,2.6487302780151367,2.7146484079497046,2.6487302780151367,2.6789924103594265,867890800
2007-03-14,2.6966712474823,2.6966712474823,2.634347959602355,2.6547228729467727,796586000
2007-03-15,2.6837868690490723,2.7074573854904833,2.6759961091505065,2.695471908761374,559498800
2007-03-16,2.6843860149383545,2.6963714928823688,2.67629601735081,2.682887630170687,571704000
2007-03-19,2.7305285930633545,2.743113142520937,2.6843855117517217,2.703861309686021,712961200
2007-03-20,2.741016149520874,2.751802679430081,2.72843159792725,2.7371208692580713,488916400
2007-03-21,2.812627077102661,2.8165223566707254,2.7461090877280996,2.756296541958411,686896000
2007-03-22,2.8153235912323,2.8273088667257085,2.7865596501367675,2.80843234285868,561492400
2007-03-23,2.8021395206451416,2.818619346825603,2.7955479102123055,2.7970462944373575,450884000
2007-03-26,2.8719542026519775,2.8734525874501435,2.7955489794750172,2.8162235292999305,864987200
2007-03-27,2.86026930809021,2.9013181728148547,2.8464860074677243,2.867759632267522,932052800
2007-03-28,2.7937519550323486,2.8584723602031947,2.79105562152686,2.8428910329719583,942337200
2007-03-29,2.8090312480926514,2.8222156713596203,2.763488240834916,2.8222156713596203,725723600
2007-03-30,2.783862590789795,2.836897725078756,2.7790688001622117,2.8249122483865765,600558000
2007-04-02,2.8060359954833984,2.8240132121462564,2.78715926790724,2.8207178058094486,501992400
2007-04-03,2.831505298614502,2.8533780030429625,2.8093323570635254,2.8207187649244316,583934400
2007-04-04,2.8246119022369385,2.8506793055279767,2.82041698674504,2.8446865691109795,476784000
2007-04-05,2.836897611618042,2.836897611618042,2.8021401306501232,2.8201183449693605,355516000
2007-04-09,2.8060359954833984,2.8554742914234112,2.787758141750785,2.852777958954812,413341600
2007-04-10,2.8240129947662354,2.824313431788201,2.7988440932769696,2.8066346532846302,352466800
2007-04-11,2.7742745876312256,2.8150238020151064,2.76648382894146,2.8135254176318094,549018400
2007-04-12,2.762289524078369,2.7658853670992585,2.7182438974975773,2.757795170357706,656675600
2007-04-13,2.703862428665161,2.738619922522406,2.698469562443431,2.723638471749988,719941600
2007-04-16,2.7395176887512207,2.7416151472960584,2.704161130497922,2.713749712441837,609033600
2007-04-17,2.7071573734283447,2.7655853642382326,2.6876809764424805,2.75659585788783,751920400
2007-04-18,2.70865535736084,2.7221392188265576,2.6846854038110592,2.701464671332876,464044000
2007-04-19,2.7047605514526367,2.7341243660885914,2.6915763284970735,2.702362856300416,425913600
2007-04-20,2.7257349491119385,2.7320271241660894,2.713150398978998,2.7233372537699125,522779600
2007-04-23,2.8018407821655273,2.8105298526446862,2.739218067150271,2.7443112946275,780290000
2007-04-24,2.7937519550323486,2.888135629208907,2.7356235652180967,2.81532522339789,1055252800
2007-04-25,2.8569719791412354,2.8584705635571224,2.8105294639225575,2.823413449426578,1187144000
2007-04-26,2.961542844772339,3.0712071325540897,2.945362654745538,3.043641342194551,1737778000
2007-04-27,2.993903636932373,2.9948029478440263,2.927086796438287,2.9417686071401006,699403600
2007-04-30,2.9903080463409424,3.0262634741304932,2.986412766650399,2.998997116370583,616509600
2007-05-01,2.9804201126098633,3.0067879604638827,2.95285431719891,2.9840159555270453,532523600
2007-05-02,3.007986307144165,3.0124806613315536,2.980420508075564,2.985814173154692,505145200
2007-05-03,3.0082857608795166,3.039746838349172,2.9966005207138324,3.018173779543828,576077600
2007-05-04,3.0205702781677246,3.044240792368236,3.011282134655913,3.0202706412778637,381987200
2007-05-07,3.1137568950653076,3.1266406859904183,3.026564128268254,3.028661387243426,861557200
2007-05-08,3.147913932800293,3.150610465449818,3.0987742708357846,3.1002726556794604,783997200
2007-05-09,3.202446460723877,3.204843356260404,3.1428197087625778,3.1434195827268643,717757600
2007-05-10,3.2162296772003174,3.2611746289196843,3.1736824216507262,3.194956049425522,1197257600
2007-05-11,3.2581777572631836,3.2698638003901954,3.1994503049219185,3.2282150571243564,653696400
2007-05-14,3.276754379272461,3.295930543432831,3.2434952788774893,3.2845449397426663,651946400
2007-05-15,3.221623182296753,3.301923897237456,3.190461534686075,3.2830471664778074,954514400
2007-05-16,3.2162296772003174,3.2608751919324352,3.0987747688592373,3.2518856815243224,1126767600
2007-05-17,3.2791504859924316,3.2920352714123307,3.2105358432425963,3.2105358432425963,735291200
2007-05-18,3.2965307235717773,3.315107815599929,3.289039599322296,3.3028228998959324,621345200
2007-05-21,3.355257749557495,3.36933968521499,3.29742882190018,3.305219382119326,639892400
2007-05-22,3.4020001888275146,3.408292565273483,3.356156932012124,3.3705391066964014,572409600
2007-05-23,3.382524013519287,3.4457458040617657,3.3735345057818873,3.4163821857125525,911374800
2007-05-24,3.3166048526763916,3.4295653710116154,3.307017271350625,3.3801272795387707,887362000
2007-05-25,3.4043967723846436,3.4091905631918773,3.3408753437327334,3.35585679011011,632959600
2007-05-29,3.4262704849243164,3.4415511691476275,3.3765315517397023,3.429266454349883,645694000
2007-05-30,3.5587069988250732,3.562002605368068,3.401700830688454,3.424772076736165,1478444800
2007-05-31,3.6312170028686523,3.6605806240000156,3.581778506097058,3.597658464418713,1297066400
2007-06-01,3.5476186275482178,3.6312157069363957,3.5443234223583056,3.6285189753368816,885262000
2007-06-04,3.6354122161865234,3.6473976965343793,3.532639122500124,3.554512624134961,886673200
2007-06-05,3.6755616664886475,3.6761613403745543,3.61054205541289,3.6378082148803723,920785600
2007-06-06,3.7046256065368652,3.7169107200517812,3.6539885680993534,3.6644754600749962,1112241200
2007-06-07,3.7175099849700928,3.8235794637930347,3.6911431338239433,3.7450769840996507,1915079600
2007-06-08,3.730095624923706,3.7702465852692573,3.6641770811893513,3.7699461481525383,1241682400
2007-06-11,3.60125470161438,3.7798339535068983,3.5817790966656387,3.7753397985453274,1874258400
2007-06-12,3.6069467067718506,3.6467976156407955,3.5449230666469576,3.5760845051395296,1426566400
2007-06-13,3.520653247833252,3.6312164661866375,3.4577310975516387,3.6300183186077466,1721353200
2007-06-14,3.558105945587158,3.5790797247640196,3.4882921604820316,3.511663034433207,973266000
2007-06-15,3.6105425357818604,3.6156363640708173,3.591366170508072,3.614138179279948,811218800
2007-06-18,3.748072624206543,3.750768956439031,3.671667209802549,3.6938391417493133,910604800
2007-06-19,3.705225944519043,3.7456757307785713,3.6827535743419846,3.736087348815319,943026000
2007-06-20,3.642003297805786,3.7351887834516293,3.640505513195238,3.7115182659245125,897512000
2007-06-21,3.712418794631958,3.724104641330919,3.617136598768355,3.646500233964128,867045200
2007-06-22,3.6854498386383057,3.728896393508074,3.666872748976994,3.7109181776590883,631876000
2007-06-25,3.6656746864318848,3.74807284407342,3.6273215584460052,3.7211059197229894,965403600
2007-06-26,3.585073232650757,3.715412488688502,3.5572078000054286,3.7148132148660524,1345005200
2007-06-27,3.6521921157836914,3.656686671685949,3.5733899692609885,3.6138397722328666,974696800
2007-06-28,3.612339735031128,3.67016845784528,3.5955604683142335,3.666273178060276,838143600
2007-06-29,3.6566848754882812,3.7154125102817788,3.6282205689043554,3.654587417097519,1137841600
2007-07-02,3.633314609527588,3.6581836774020666,3.5745869648233115,3.62702223329341,994862400
2007-07-03,3.810396194458008,3.8172874440995477,3.6405056481749867,3.655487095279714,1162481600
2007-07-05,3.977588176727295,3.9841805878149237,3.8559380096774194,3.8592344152458433,1453051600
2007-07-06,3.9641056060791016,3.995267445439929,3.907176191969314,3.988975070174425,874694800
2007-07-09,3.9050772190093994,3.982082276719818,3.870619386921181,3.9665011630577105,995820000
2007-07-10,3.9656052589416504,4.030025213290257,3.8595357618544988,3.8616332208413318,1255007600
2007-07-11,3.9668009281158447,4.0060529542508325,3.934441349424544,3.9572133492990003,821772000
2007-07-12,4.017141342163086,4.022235171282946,3.9668031250774067,4.010549328007974,704608800
2007-07-13,4.126806259155273,4.130401102943027,4.030624785437615,4.045905871905967,907606000
2007-07-16,4.13789176940918,4.194222314520971,4.119913552836915,4.146580840703117,936112800
2007-07-17,4.162160873413086,4.182835420990199,4.119913267541791,4.143884221311539,709959600
2007-07-18,4.138490676879883,4.148079059129683,4.076167392404158,4.140588135497027,756856800
2007-07-19,4.194820880889893,4.219091471483488,4.184333988707385,4.203809588467856,732891600
2007-07-20,4.307180881500244,4.3200648647293125,4.194819474136241,4.244258749407865,1167773600
2007-07-23,4.305683612823486,4.351227619112646,4.2226857961166555,4.2939977743424445,1036490000
2007-07-24,4.0417094230651855,4.22478315439712,4.019536294163974,4.161261736660859,1795292800
2007-07-25,4.112723350524902,4.145683019675167,4.045006990366807,4.11541968341003,1496182800
2007-07-26,4.374600887298584,4.449508149031822,4.10373539676831,4.371903753817821,2186629200
2007-07-27,4.310177326202393,4.462089610510782,4.308080268276727,4.380290349687708,1161098400
2007-07-30,4.237668991088867,4.358120667978604,4.181938107812296,4.324562123189727,1106988400
2007-07-31,3.9479269981384277,4.299093987644829,3.94073610964631,4.283812099444612,1762392800
2007-08-01,4.045004844665527,4.056390644299977,3.8283718143837793,4.004255035369847,1750156800
2007-08-02,4.089652061462402,4.103735001357801,4.019538199152731,4.094445853717795,852644800
2007-08-03,3.9506242275238037,4.073472209369134,3.940136931478854,4.052797654358529,679187600
2007-08-06,4.052496433258057,4.053095307034236,3.844253579501154,3.9820837590126006,925170400
2007-08-07,4.045904159545898,4.112122706282068,3.97399291244812,4.043207427772349,949936400
2007-08-08,4.015341758728027,4.100736676587899,3.955116740976323,4.097740707582542,808096800
2007-08-09,3.7870261669158936,3.9850814512810846,3.7480741515161276,3.9284512504352205,1125395600
2007-08-10,3.7453765869140625,3.827774755011757,3.6045508087331704,3.6890460356120856,1410749200
2007-08-13,3.8289730548858643,3.8757152150508833,3.7903202915994822,3.844853011816654,752911600
2007-08-14,3.7163119316101074,3.844253696857922,3.706723150060696,3.843954459985339,739006800
2007-08-15,3.592564344406128,3.7411810432475923,3.5850730220163705,3.677658821898666,992852000
2007-08-16,3.507169485092163,3.5506160352519998,3.3444708498143156,3.5059713375480923,1866690000
2007-08-17,3.6572823524475098,3.700428841848836,3.5901653244571965,3.655784168782633,1195062400
2007-08-20,3.6620781421661377,3.730394154485422,3.6105417960668347,3.7142141621082723,803317200
2007-08-21,3.8223791122436523,3.86402783241697,3.625522911311107,3.661778168427661,1303047200
2007-08-22,3.970396041870117,3.977586924325917,3.905076825980375,3.9317440985535947,1061765600
2007-08-23,3.927250862121582,3.9952676456829352,3.888000024171433,3.987776322323057,866838000
2007-08-24,4.053994655609131,4.056092114017801,3.889497589429876,3.9110714473476245,911834000
2007-08-27,3.9626076221466064,4.034818922749899,3.958113068157941,3.9967658324111524,707439600
2007-08-28,3.79990816116333,3.967401579271132,3.794215060353904,3.924853541692035,1179365600
2007-08-29,4.017439842224121,4.020436611794355,3.881408666468687,3.8915951226917356,1166860800
2007-08-30,4.08245849609375,4.142384666333036,3.964104739924052,3.9751909033964252,1435582400
2007-08-31,4.149277210235596,4.1843343328156095,4.117216857160407,4.179540141686811,876887200
2007-09-04,4.319466590881348,4.366508786834898,4.190027042952212,4.193023012078218,1316842800
2007-09-05,4.097739219665527,4.369802630200242,4.077963191085778,4.343735028988828,2328222400
2007-09-06,4.0453057289123535,4.12201078176688,3.9763908360890996,4.061785759852028,1901261600
2007-09-07,3.9482250213623047,3.964105778676216,3.895190884869676,3.955416707742439,1430576000
2007-09-10,4.0962419509887695,4.1360924537021555,4.0135441768766125,4.104631383120823,1487838800
2007-09-11,4.059688568115234,4.1438845496563514,4.007552539633573,4.131899071821795,971885600
2007-09-12,4.100436210632324,4.176841605830943,4.06747695779383,4.074668242070968,1022770000
2007-09-13,4.110925197601318,4.164858651801355,4.0944451643282855,4.159764423285788,656163200
2007-09-14,4.159163951873779,4.16425737833426,4.080960733353463,4.0920468968841615,607320000
2007-09-17,4.14717960357666,4.2124988551775635,4.12291021200143,4.164558945847499,793371600
2007-09-18,4.222387790679932,4.280216931562432,4.129802358006268,4.16665730894495,1064089600
2007-09-19,4.217891216278076,4.289502417930543,4.176841370887626,4.285307902387343,1026880400
2007-09-20,4.204107761383057,4.2484536101855825,4.1744445166413895,4.19931357231801,691840800
2007-09-21,4.3191657066345215,4.334147148135225,4.20410796387568,4.228977020750129,1138880400
2007-09-24,4.4429144859313965,4.48995708495583,4.394075265434254,4.396471960879143,1052161600
2007-09-25,4.589731216430664,4.5909301636607145,4.399166215154911,4.399766288843625,1192550800
2007-09-26,4.577447414398193,4.644265238659629,4.531904208719854,4.628385284077906,975268000
2007-09-27,4.629284381866455,4.629883255654695,4.563965133772718,4.607411686895148,658198800
2007-09-28,4.598421573638916,4.632280540999968,4.5768485184276955,4.59752306305025,615101200
2007-10-01,4.6844162940979,4.716477446591695,4.582242898177854,4.633179977692939,837068400
2007-10-02,4.747638702392578,4.751833619377151,4.670933249157607,4.690708486271987,792069600
2007-10-03,4.7317585945129395,4.769512052455891,4.704492430470451,4.7275640770021115,692518400
2007-10-04,4.681421279907227,4.736552887770235,4.599322742063973,4.734156191816999,656958400
2007-10-05,4.837527275085449,4.841422555379929,4.7251666208316045,4.745241496096809,943471200
2007-10-08,5.031087875366211,5.031087875366211,4.8830700617741565,4.89865157907987,835928800
2007-10-09,5.029591083526611,5.126970700790691,4.994234720326535,5.0997041359231785,1104286400
2007-10-10,4.997530460357666,5.030189686357029,4.961874464937675,5.020302467530327,667590000
2007-10-11,4.860900402069092,5.15004251593053,4.590633819649813,5.078431270750374,1643992000
2007-10-12,5.011312961578369,5.012212272439475,4.848014431213605,4.884270100573172,988176000
2007-10-15,5.0032219886779785,5.080825943152561,4.898951151019449,5.033185677759388,1077930000
2007-10-16,5.0811262130737305,5.099103625832969,4.948389475103011,4.960075713509768,1067830400
2007-10-17,5.176111221313477,5.184800295037844,5.069143203084309,5.174313399153379,1127613200
2007-10-18,5.198580265045166,5.2192540064824104,5.125171240823362,5.138654098280296,823676000
2007-10-19,5.106295108795166,5.232439030290427,5.09371036029317,5.2207531923957164,1291780000
2007-10-22,5.224352836608887,5.2405332399339954,5.092515713615354,5.1042015604612665,1649499600
2007-10-23,5.577914714813232,5.651024547053947,5.476040928974529,5.6498263990306095,1795164000
2007-10-24,5.571021556854248,5.609373881908874,5.370569660928858,5.567425913866515,1288481600
2007-10-25,5.476637840270996,5.570122956245909,5.443079306359082,5.539260754481986,973602000
2007-10-26,5.534167289733887,5.554242162524096,5.479634572482389,5.551845067253796,706876800
2007-10-29,5.545853614807129,5.590798761495887,5.534168572753956,5.556640145974909,540554000
2007-10-30,5.603082656860352,5.67409501517794,5.535066668100356,5.578513226586771,939414000
2007-10-31,5.691473007202148,5.696566434549278,5.541657754760958,5.62195804518508,833310800
2007-11-01,5.616265773773193,5.695967590905963,5.393340715366664,5.651022454866965,805036400
2007-11-02,5.629149913787842,5.676191709358102,5.497911745186754,5.669300460353141,1002114400
2007-11-05,5.578512668609619,5.661809333683112,5.520384305154487,5.551845382263713,804176800
2007-11-06,5.7466044425964355,5.752896416958467,5.551245599512072,5.604579363372523,954727200
2007-11-07,5.582108020782471,5.773272782728712,5.5770145929938,5.711248737976649,994327600
2007-11-08,5.257608413696289,5.600085372746777,5.026893212562852,5.593194124431356,1890378000
2007-11-09,4.954982280731201,5.247121885709115,4.950188089867336,5.128168825244591,1526380800
2007-11-12,4.60711145401001,5.024795663555515,4.513327110814578,4.952284738741974,1769065200
2007-11-13,5.092513561248779,5.123076132340423,4.607112868038467,4.819550680573311,1739446800
2007-11-14,4.977154731750488,5.3205310320050305,4.906142383795571,5.308246318660921,1449168000
2007-11-15,4.922919750213623,5.081424415090947,4.803067832016613,4.985542640503862,1487410400
2007-11-16,4.9855451583862305,5.004421886040732,4.774006273916206,4.952885131138456,1383494000
2007-11-19,4.912436008453369,5.039778928113193,4.857004765824976,4.976856760778594,1154428800
2007-11-20,5.05925178527832,5.147343011746361,4.8998485945242845,4.963970075095234,1543642800
2007-11-21,5.047568321228027,5.164123882277359,4.934007929219607,4.969064648629787,1217809600
2007-11-23,5.139854431152344,5.155135113735668,5.086220223406612,5.153636929159012,465757600
2007-11-26,5.169816493988037,5.311540731731851,5.164122993459989,5.201277564956789,1305754800
2007-11-27,5.237832069396973,5.267195682332567,5.09400997334672,5.250116780923216,1317030400
2007-11-28,5.399932861328125,5.411318263144327,5.254012495029094,5.298058318126972,1150912000
2007-11-29,5.5218825340271,5.548249381649653,5.367871964440503,5.376261797821986,1050926800
2007-11-30,5.45985746383667,5.624054457100651,5.384350977902912,5.613267930552742,1187802000
2007-12-03,5.359183311462402,5.517388410008156,5.324426627752246,5.449072390159169,961469600
2007-12-04,5.387648105621338,5.42030732891864,5.303152096538356,5.307946687185091,773799600
2007-12-05,5.5581374168396,5.573118862160968,5.465552012744667,5.479934184251211,892402000
2007-12-06,5.691473007202148,5.69596756078721,5.5767144726258895,5.578811930965585,899810800
2007-12-07,5.821812629699707,5.842487177451675,5.634243515308714,5.709151146275529,1066066400
2007-12-10,5.819113731384277,5.86256027516279,5.773570529723909,5.800537446563828,722377600
2007-12-11,5.6492228507995605,5.897616567892355,5.614765817486031,5.835293310997341,1110925200
2007-12-12,5.718740940093994,5.827206325622764,5.5659292818671275,5.796044479992389,1225660800
2007-12-13,5.747801303863525,5.756491572047292,5.627650135213676,5.69866246385301,864617600
2007-12-14,5.704656600952148,5.788852570755748,5.67918826420284,5.704057727193235,674312800
2007-12-17,5.525178909301758,5.772373808777899,5.482631659724092,5.714545873834072,1024693600
2007-12-18,5.482630729675293,5.612969989125939,5.351392559467435,5.588700198779808,1222603200
2007-12-19,5.486825466156006,5.532369476258829,5.420307272457088,5.482630549426931,827478400
2007-12-20,5.609374523162842,5.62795161400721,5.493118586996923,5.556040746278257,774057200
2007-12-21,5.8101277351379395,5.8101277351379395,5.689676863925764,5.6965681147394776,993960800
2007-12-24,5.9566450119018555,5.972525767219813,5.836493818286448,5.843684303614936,480202800
2007-12-26,5.9611406326293945,6.021366458716118,5.897319563234704,5.962938454308042,703732400
2007-12-27,5.94975471496582,6.081291731494871,5.926683470629572,5.961140518663587,795527600
2007-12-28,5.987508773803711,6.039344369582274,5.899117867617441,6.010280783547278,699647200
2007-12-31,5.935073375701904,6.007583520859456,5.925185355874044,5.977620624510098,539333200
2008-01-02,5.837993144989014,6.000393194519564,5.769378674006793,5.970729932362548,1079178800
2008-01-03,5.840688705444336,5.91439778555237,5.773571637396114,5.855071277211197,842066400
2008-01-04,5.394839763641357,5.782860819576661,5.360083076982882,5.736418291664278,1455832000
2008-01-07,5.322628021240234,5.501207604579219,5.100601889584374,5.430794136605497,2072193200
2008-01-08,5.131163597106934,5.467049315238685,5.117680338497991,5.39753436403285,1523816000
2008-01-09,5.375363826751709,5.378359796067997,5.042774028057469,5.132663108778978,1813882000
2008-01-10,5.334015369415283,5.423305186973904,5.255812119839217,5.320831742674582,1482975200
2008-01-11,5.174312114715576,5.328921581709192,5.093711774792772,5.273489545631825,1232285600
2008-01-14,5.356786727905273,5.375962691714896,5.248619794231868,5.319033274059533,1100450400
2008-01-15,5.064946174621582,5.369968915679123,4.933707622271668,5.325024984148215,2343278000
2008-01-16,4.783294200897217,5.0640467719499895,4.6952029535979465,4.950786825450505,2213845200
2008-01-17,4.820748329162598,4.954683252531871,4.7467399988555785,4.839325821042496,1757859600
2008-01-18,4.834830284118652,4.966368085033027,4.782395025905708,4.845317175741532,1724343600
2008-01-22,4.663442611694336,4.79348225699367,4.374599772026046,4.4363233879641815,2434754000
2008-01-23,4.166954517364502,4.194819944691417,3.7795328661787764,4.080661103648228,3372969600
2008-01-24,4.062983989715576,4.215795639808917,3.9554171207958424,4.194521815574624,2005866800
2008-01-25,3.895491123199463,4.167555497311749,3.883506444229793,4.164559527594016,1554739200
2008-01-28,3.895491123199463,3.9910733185231573,3.788822359737493,3.840059882705559,1474844000
2008-01-29,3.9413323402404785,3.978786142842389,3.866725171956581,3.929647304296328,1099982800
2008-01-30,3.96051025390625,4.058489532846237,3.895191001312471,3.9362404619127984,1243051600
2008-01-31,4.055791854858398,4.094443407021468,3.877212298711123,3.8787096828127443,1345674400
2008-02-01,4.0075531005859375,4.092647604826318,3.960510893599286,4.082160710302519,1010744000
2008-02-04,3.944629430770874,4.071971501636974,3.937737382627265,4.021334070134665,899234000
2008-02-05,3.876014232635498,4.015042557613793,3.8622309348614996,3.9080745817068983,1141042000
2008-02-06,3.6554856300354004,3.9527189576412503,3.648594383156109,3.920058943986,1573272400
2008-02-07,3.6327145099639893,3.7387839707003976,3.513761062773291,3.5946618243919835,2083331600
2008-02-08,3.7597570419311523,3.7663486516328755,3.643499961116165,3.6578825278453233,1355972800
2008-02-11,3.878711223602295,3.894591982430732,3.8112949080679144,3.8355651016997667,1201432400
2008-02-12,3.7411816120147705,3.925153892075443,3.704027031606582,3.916165183949558,1225980000
2008-02-13,3.8772127628326416,3.8885985640663376,3.764252060926351,3.7957131327938725,968534000
2008-02-14,3.819085121154785,3.9191618561079875,3.805601059177368,3.8772134857635976,954097200
2008-02-15,3.7342891693115234,3.8076986193492792,3.717210663845276,3.783429227378715,901300400
2008-02-19,3.6608800888061523,3.7978113687782806,3.6387077555492406,3.7750393615975795,1005046000
2008-02-20,3.710017681121826,3.7333885491175915,3.645896612395957,3.661477724458591,967439200
2008-02-21,3.6417043209075928,3.7894225547971994,3.6213302059888015,3.7768382014228856,938114800
2008-02-22,3.5793817043304443,3.6707685816913993,3.471814030220166,3.669870070812991,1529878000
2008-02-25,3.587771415710449,3.6006554051807615,3.495485230560541,3.553313164669483,1256774400
2008-02-26,3.5700924396514893,3.6282212109548118,3.458929925614733,3.5248488579844377,1504888000
2008-02-27,3.684251546859741,3.6869478790823185,3.5383315676540623,3.5425260844721222,1475138000
2008-02-28,3.8924949169158936,3.9611101802149604,3.768448016442405,3.811294901359837,1618254400
2008-02-29,3.745976209640503,3.901483814064918,3.739384195559181,3.873918009823653,1255480800
2008-03-03,3.6473968029022217,3.774740100101922,3.5356350263865877,3.728596812166856,1593043200
2008-03-04,3.73399019241333,3.7417807533888805,3.6075465954357053,3.6551876720227634,1785383600
2008-03-05,3.730095624923706,3.7495720310854472,3.6629785331178595,3.7028290563466917,1221836000
2008-03-06,3.6234281063079834,3.8202844296325074,3.619832061985182,3.73369133029595,1473698800
2008-03-07,3.662977933883667,3.6848510325607027,3.567096904195665,3.607845931762474,1230462800
2008-03-10,3.586273431777954,3.699234186431698,3.5766850472728917,3.6548891082440456,999588800
2008-03-11,3.815786838531494,3.819682116728646,3.655485159370587,3.718407683946476,1163943200
2008-03-12,3.7762374877929688,3.8556396755113624,3.750469511435951,3.8065008182815734,1059629200
2008-03-13,3.8334691524505615,3.8802113363159267,3.68545163680265,3.718411315224468,1262102800
2008-03-14,3.7936172485351562,3.9041800895464625,3.721405539205997,3.8915953368660863,1156640800
2008-03-17,3.7972116470336914,3.852943316559288,3.671967009289728,3.671967009289728,1072598800
2008-03-18,3.9796853065490723,3.9850791702725044,3.855339205565373,3.8706202859263947,1205120000
2008-03-19,3.8853015899658203,4.023730605970239,3.8853015899658203,3.988674296770264,1010536800
2008-03-20,3.9931697845458984,3.993768658301054,3.8706206918368076,3.9287490507181273,908787600
2008-03-24,4.180738925933838,4.220290208669425,4.004257138678315,4.015342907252808,1066920400
2008-03-25,4.224184513092041,4.2877059403387925,4.114819836941658,4.193621947106992,1052391200
2008-03-26,4.346432209014893,4.366807113242957,4.21399593160623,4.220887178592007,1182084400
2008-03-27,4.2023115158081055,4.353924186949864,4.194520956398591,4.343137658585957,999829600
2008-03-28,4.285011291503906,4.334150165803939,4.242763669065704,4.248756409858124,714610400
2008-03-31,4.299691677093506,4.365910240689029,4.270328057070601,4.2928004275224625,768065200
2008-04-01,4.480367183685303,4.4842624628903005,4.302986962017508,4.383586877579487,1032567200
2008-04-02,4.419244766235352,4.530407689561575,4.370105899925898,4.45789673791282,1044968400
2008-04-03,4.5426926612854,4.603218136697797,4.404563201119052,4.406361023165407,1051568000
2008-04-04,4.586738109588623,4.635577337479152,4.516924292948634,4.5600708182279694,854417200
2008-04-07,4.670933246612549,4.784792478643787,4.647561966331968,4.6781237327692935,1158326400
2008-04-08,4.5795464515686035,4.687713402571672,4.56396612849562,4.600821077487087,1014294400
2008-04-09,4.53759765625,4.6110071103933885,4.50823403461238,4.593628967015484,873398400
2008-04-10,4.630782127380371,4.6568497367427275,4.512427955985769,4.52830871117457,955763200
2008-04-11,4.40875768661499,4.593329664719374,4.3865845502190295,4.575951520075335,1210076000
2008-04-14,4.427932262420654,4.471978084301766,4.330852712279717,4.3976701372626765,845087600
2008-04-15,4.4459099769592285,4.4860605148435155,4.366208574941089,4.476471735574569,698037200
2008-04-16,4.6053147315979,4.617299409559278,4.513028550782215,4.545987415299339,795774000
2008-04-17,4.628983497619629,4.674227860063086,4.594826098232292,4.619395118802819,704267200
2008-04-18,4.825241565704346,4.861796059338844,4.745539767982856,4.767712093621142,1026765600
2008-04-21,5.038577556610107,5.048765209310399,4.846814776959627,4.860297634846924,1039152800
2008-04-22,4.800075054168701,5.03378630995709,4.736852448219722,5.015808090227868,1439572400
2008-04-23,4.880675792694092,4.939103811298614,4.826442692359001,4.9154332868771,1504190800
2008-04-24,5.061951160430908,5.093113008977457,4.769812280733154,4.9540850387632425,1696066400
2008-04-25,5.085620403289795,5.12666905285468,4.98644220296742,5.114684378570116,992474000
2008-04-28,5.160828590393066,5.206072164193682,5.067643110369668,5.086220198981713,787214400
2008-04-29,5.245024681091309,5.263301333102562,5.1012017595284265,5.126969734605011,923476400
2008-04-30,5.212064743041992,5.393340669859796,5.18120254190439,5.279181809503738,1139524400
2008-05-01,5.393342018127441,5.393342018127441,5.23933221104073,5.242328180787682,903576800
2008-05-02,5.421505451202393,5.450869064042669,5.3498942403020315,5.399033086247492,1006082000
2008-05-05,5.535065650939941,5.552444191131043,5.424801671779408,5.450869682090694,854557200
2008-05-06,5.592895030975342,5.60667752894535,5.458660893658255,5.532968448167051,918870400
2008-05-07,5.470944881439209,5.6390379923855996,5.409520913321137,5.574617255032128,1157133600
2008-05-08,5.544953346252441,5.58809985729612,5.48532680662871,5.50630058835938,899085600
2008-05-09,5.496714115142822,5.520684270533433,5.434390831018723,5.48802504382729,673072400
2008-05-12,5.637838840484619,5.65911266088626,5.478735242907865,5.549448352991254,818563200
2008-05-13,5.691773414611816,5.73641811945256,5.628851256100184,5.651322826919681,823236400
2008-05-14,5.580909252166748,5.760087716812937,5.560234706232771,5.729825190182373,916823600
2008-05-15,5.684881210327148,5.689975438324016,5.519185584006563,5.597389624700417,873208000
2008-05-16,5.621659278869629,5.701960776162921,5.603082189212386,5.696267274429349,765769200
2008-05-19,5.501208305358887,5.6537198991258135,5.432293013034403,5.628850834549595,945820400
2008-05-20,5.570122718811035,5.577912478061427,5.396936192189985,5.447872864658938,969850000
2008-05-21,5.339109420776367,5.631548317303605,5.280981045833177,5.563232284870181,1157657200
2008-05-22,5.30495023727417,5.4331916430795895,5.153637187879296,5.3711687987388,1206735600
2008-05-23,5.428398609161377,5.452968440828638,5.327423349841671,5.416413130275219,906917200
2008-05-27,5.586002826690674,5.586002826690674,5.448473087184111,5.475739245550602,789905200
2008-05-28,5.603381156921387,5.631546222938719,5.504803025811491,5.615365831765817,743979600
2008-05-29,5.593792915344238,5.63903728427443,5.558136926605554,5.59589037351113,647186400
2008-05-30,5.655517101287842,5.679188417349466,5.614468044468061,5.616565502853268,610184400
2008-06-02,5.576115608215332,5.682483509512649,5.529073013995403,5.6510224344630045,679840000
2008-06-03,5.554241180419922,5.639036810416068,5.463453613406077,5.59888587178733,750520400
2008-06-04,5.548850059509277,5.605779881893713,5.490122815410005,5.513793335206393,726983600
2008-06-05,5.675890922546387,5.6881760335889915,5.564129176088589,5.5833055347400355,755445600
2008-06-06,5.562333106994629,5.691473831701881,5.559636774502259,5.633045826779686,966422800
2008-06-09,5.441582679748535,5.541359799367657,5.2659998002872745,5.536865644468129,1888392800
2008-06-10,5.562333106994629,5.596490519041515,5.363977447198377,5.408622952561652,1140941200
2008-06-11,5.4176106452941895,5.573118592267095,5.381056144507897,5.523379668143852,961550800
2008-06-12,5.191390037536621,5.47124489723428,5.129666437251935,5.437985601878339,1308333600
2008-06-13,5.164722919464111,5.218356725337918,4.953184865118918,5.142850225486798,1345957200
2008-06-16,5.2986578941345215,5.3304186088497,5.065845598501069,5.132663034185689,1051730400
2008-06-17,5.436187744140625,5.452967010129495,5.315736113233899,5.336410658838763,899656800
2008-06-18,5.355889320373535,5.459261692034841,5.313941337698333,5.426901293906153,811468000
2008-06-19,5.420309543609619,5.4634568765670375,5.297461959798977,5.349897240735371,791949200
2008-06-20,5.25161600112915,5.423303946612174,5.2435258047219175,5.3738646575554005,888367200
2008-06-23,5.188394546508789,5.269893789356518,5.140453438904905,5.235735580167799,645780800
2008-06-24,5.191092014312744,5.266898172203307,5.142552022293812,5.164724359357786,621947200
2008-06-25,5.315138816833496,5.358285742208869,5.209968636286572,5.231841335907342,644450800
2008-06-26,5.041574954986572,5.238731622512943,5.034084032947514,5.215659982681884,869610000
2008-06-27,5.096408367156982,5.110790540422521,4.9184280228788015,4.989140741479579,1042249600
2008-06-30,5.017006874084473,5.153638139160346,4.992437041307943,5.099405044900076,684196800
2008-07-01,5.233938694000244,5.235137241907002,4.913934003833945,4.920825254248433,1111280800
2008-07-02,5.039180755615234,5.316937481544216,5.039180755615234,5.249520750001816,837519200
2008-07-03,5.097307205200195,5.158731982577403,4.9663690526341595,5.081427246244149,523362000
2008-07-07,5.248318672180176,5.307345531685185,5.1506398590078755,5.188393302170533,820391600
2008-07-08,5.379857540130615,5.384352093810907,5.175809603636744,5.255511422036793,888350400
2008-07-09,5.2210540771484375,5.420607479070351,5.217758470849933,5.399333656329166,895776000
2008-07-10,5.292365074157715,5.313638492851311,5.13475967340885,5.241128367073808,840688800
2008-07-11,5.171014785766602,5.306747500601977,5.123673755944949,5.257608649387209,930011600
2008-07-14,5.209968566894531,5.372367808730649,5.1859984087158075,5.370570786958581,886054400
2008-07-15,5.082923889160156,5.205772625887329,4.985544690645565,5.168019174120332,1040043200
2008-07-16,5.177908420562744,5.1815036644009895,5.051764447900069,5.099704366154901,747790400
2008-07-17,5.147942543029785,5.242925821288316,5.135357795726562,5.2165577793196585,757526000
2008-07-18,4.948391437530518,5.083225687140386,4.943897282583041,5.049366706163925,868414400
2008-07-21,4.982547760009766,5.018802620133479,4.827638702880413,5.000824408428674,1360469600
2008-07-22,4.854606628417969,4.876778960692749,4.390479034429343,4.464488154500691,1879592400
2008-07-23,4.981649398803711,5.044871188484551,4.840823247337082,4.943596310207949,1061768400
2008-07-24,4.765017509460449,4.951686925125651,4.747638966748857,4.923521052375201,839619200
2008-07-25,4.857602596282959,4.883970245535346,4.753630583942122,4.806065845473715,633637200
2008-07-28,4.626288890838623,4.868089908532377,4.614902286699475,4.864194628185861,780712800
2008-07-29,4.7065887451171875,4.777601089211798,4.603815690172088,4.656550183626232,684070800
2008-07-30,4.790485382080078,4.808762833840315,4.6766261547592,4.727563230146078,725183200
2008-07-31,4.762619972229004,4.859999569752181,4.703593099902081,4.720372367169281,637498400
2008-08-01,4.694005012512207,4.793782520216448,4.666738849190335,4.7910849874717645,544639200
2008-08-04,4.591233253479004,4.731160953938726,4.581644867984806,4.692208537918008,592527600
2008-08-05,4.813256740570068,4.818050530514968,4.638872080025824,4.656849492405357,688371600
2008-08-06,4.919625759124756,5.015806401956889,4.734154521839997,4.79318138988551,791408800
2008-08-07,4.901048183441162,4.978352894357778,4.839024552579157,4.875279413069999,672372400
2008-08-08,5.080227851867676,5.083224621286627,4.90644242892192,4.909738435228521,713997200
2008-08-11,5.200379848480225,5.288471114226609,5.083823871712308,5.095809350078717,891304400
2008-08-12,5.295361042022705,5.3720656725294065,5.198879980088227,5.199179616927297,836278800
2008-08-13,5.372367858886719,5.393342047525943,5.270494085602,5.332817377557143,842346400
2008-08-14,5.372966766357422,5.406824940311277,5.328621699604767,5.343303509542813,711300800
2008-08-15,5.2656989097595215,5.385850107267989,5.24502436353627,5.364576687289006,708251600
2008-08-18,5.255211353302002,5.327721479806117,5.208169162078986,5.26060441722592,552014400
2008-08-19,5.199480056762695,5.305549113879287,5.147943312581877,5.2297421820347845,616204400
2008-08-20,5.26869535446167,5.301654616614156,5.201877519318726,5.23663500309785,506951200
2008-08-21,5.222252368927002,5.257008649486059,5.150341112387248,5.227645033083725,539744800
2008-08-22,5.297159194946289,5.318432611754727,5.260603898338644,5.268094819784721,439611200
2008-08-25,5.170115947723389,5.280380319272367,5.1434486654634695,5.277982424134864,484425200
2008-08-26,5.202777862548828,5.239931649038246,5.171915652729907,5.176410207565097,445550000
2008-08-27,5.233638763427734,5.2662987920053554,5.159330797624117,5.1928893370320335,477780800
2008-08-28,5.2057719230651855,5.280979179526013,5.17610867213131,5.251915202350367,431384800
2008-08-29,5.079628944396973,5.198582007238415,5.064947134632318,5.182402012798867,599289600
2008-09-02,4.979552745819092,5.198582568337496,4.943896746806764,5.165623302031045,780763200
2008-09-03,5.002621650695801,5.054158384853982,4.913931550177268,4.999026008770928,734834800
2008-09-04,4.830636978149414,5.031090133885197,4.818352261000878,4.9696653479942965,743386000
2008-09-05,4.799473762512207,4.8659919529428395,4.723667228401416,4.751833096484164,786884000
2008-09-08,4.7317585945129395,4.940601161073509,4.538197913399544,4.9310127780788005,1045979200
2008-09-09,4.544787883758545,4.7928812033227395,4.488158117364634,4.699996176934755,1245025600
2008-09-10,4.5426926612854,4.643967569600286,4.458497062410888,4.563966488784527,973142800
2008-09-11,4.573855876922607,4.584043538229839,4.3746016077818695,4.439920894788943,971135200
2008-09-12,4.462689399719238,4.521716661248577,4.389579605757803,4.521716661248577,793027200
2008-09-15,4.205608367919922,4.425237480380116,4.205608367919922,4.255646945010538,920634400
2008-09-16,4.191224575042725,4.269727835709172,3.9596108724976604,4.010847177673395,1199836400
2008-09-17,3.8301706314086914,4.150175618792834,3.8301706314086914,4.1495759449827885,1200455200
2008-09-18,4.0177388191223145,4.057888955962725,3.615934613481493,3.9122686505640165,1676253600
2008-09-19,4.2220869064331055,4.320665450033137,4.084257127589174,4.272724344309724,1430875600
2008-09-22,3.9266510009765625,4.202310908753093,3.9149659636488146,4.193022166183577,856713200
2008-09-23,3.8005080223083496,4.068976311709846,3.7951141575007528,3.95062292435295,1280364400
2008-09-24,3.856539011001587,3.923656084791942,3.7498706615671593,3.813392092108178,1047015200
2008-09-25,3.9530184268951416,4.0387129631094645,3.850844664546294,3.889196979995297,1006045600
2008-09-26,3.8424556255340576,3.8891977821605974,3.6854494891200567,3.7426785372813156,1126451200
2008-09-29,3.153907060623169,3.585973614417703,3.0139795816602484,3.584175792413419,2622057200
2008-09-30,3.4055962562561035,3.4457464108521223,3.185068442756236,3.2434956527713665,1626682400
2008-10-01,3.269564390182495,3.366644385470042,3.2177281852565205,3.353460956514244,1296484000
2008-10-02,2.9992966651916504,3.2596749222495967,2.99630069633617,3.2363040448911793,1609364400
2008-10-03,2.9085090160369873,3.1910596153638524,2.835998285514034,3.116152789734476,2294398400
2008-10-06,2.9405694007873535,2.95974556278601,2.6229618798966494,2.7553981925661315,2107417200
2008-10-07,2.671502113342285,3.0412452912069186,2.6652097376875523,3.0106827237903873,1878772000
2008-10-08,2.690378427505493,2.8863361675239725,2.5672302568921044,2.574121505824515,2207741200
2008-10-09,2.6589181423187256,2.870457064664938,2.5947968241575947,2.797047799561377,1617383600
2008-10-10,2.9004201889038086,2.996302036494163,2.546856100942183,2.567830292607207,2219299600
2008-10-13,3.303719997406006,3.311810192107768,3.026861957288255,3.132631761846837,1539076000
2008-10-14,3.1185500621795654,3.4876943711573833,3.0903843898492975,3.4834994539981388,1980994400
2008-10-15,2.934875249862671,3.206040971851536,2.933077428938845,3.111357136702088,1584175600
2008-10-16,3.0529305934906006,3.0990736733672053,2.748806157990613,2.989408574393325,1980521200
2008-10-17,2.918396472930908,3.057425407321241,2.5735227695435716,2.9843155970239796,1762227600
2008-10-20,2.9495577812194824,2.997199247348255,2.8057358723220354,2.989708124960844,1549170000
2008-10-21,2.7413153648376465,2.93337862946895,2.7314273465083185,2.90491352220654,2193660000
2008-10-22,2.9025158882141113,3.033753433993377,2.7844619643780826,2.9174973313381374,2248808800
2008-10-23,2.9432663917541504,2.9738289630994585,2.7536009875148806,2.891730432344906,1675430400
2008-10-24,2.887834072113037,2.9333780751060674,2.699965759852913,2.7065573707774617,1590058400
2008-10-27,2.7592930793762207,2.925287901932722,2.752401031438699,2.8485822647395285,1208771200
2008-10-28,2.993603467941284,3.0112822451162025,2.7676830454130306,2.8593693367535953,1634133200
2008-10-29,3.1326327323913574,3.2821479618333065,2.994503306378371,3.0220691041745162,1950978400
2008-10-30,3.327091932296753,3.3615497778613666,3.2243188695875467,3.242895958477926,1638089600
2008-10-31,3.2237186431884766,3.3193009857565796,3.1503094246529932,3.218025543774696,1659756000
2008-11-03,3.2048425674438477,3.2689638578000326,3.1419202246224835,3.173980569763655,1057938000
2008-11-04,3.325594425201416,3.349564579131423,3.196154073792042,3.2956309326903086,1398681200
2008-11-05,3.0951790809631348,3.2875410020084685,3.085890135499962,3.2632714092118285,1256455200
2008-11-06,2.969334363937378,3.079597761085661,2.936374899535805,3.0277623689960755,1319074400
2008-11-07,2.9435651302337646,2.991805671551163,2.8680584308093655,2.9735288205695247,1095253600
2008-11-10,2.8728532791137695,3.008285771165922,2.831504182838415,3.001394521819567,1123822000
2008-11-11,2.8395943641662598,2.9115052267789614,2.7643870952898735,2.8407923118066245,1224538000
2008-11-12,2.700265407562256,2.793750315723766,2.696970001891849,2.769479927995079,1178976400
2008-11-13,2.8896331787109375,2.8896331787109375,2.5774184516322283,2.6927758866589375,1854087200
2008-11-14,2.703862428665161,2.816224109557135,2.6966717403448106,2.8093320581296677,1405266800
2008-11-17,2.6409385204315186,2.7131497992741895,2.614571678458168,2.6511261730691453,1162526400
2008-11-18,2.6939735412597656,2.726334128609295,2.6025868809401347,2.685884144514807,1209695200
2008-11-19,2.585507869720459,2.744011793428302,2.583110974483084,2.679891495415837,1171900800
2008-11-20,2.4117228984832764,2.590302327178702,2.3970408873813307,2.5540472549281743,1716814400
2008-11-21,2.474346160888672,2.5204892629024407,2.3712734239433955,2.4548695541176677,1569271200
2008-11-24,2.7850613594055176,2.840192948446965,2.5420612357639203,2.5531474009419646,1442257600
2008-11-25,2.720641613006592,2.837797082299897,2.641539043438964,2.835400186271108,1235292800
2008-11-26,2.8464858531951904,2.8539769770652206,2.692176822474128,2.694274281150829,899836000
2008-11-28,2.7766709327697754,2.8392936263904613,2.7524005509895213,2.8374958055160295,297774400
2008-12-01,2.664609432220459,2.764686152370771,2.6643099953576685,2.7356219743654044,923767600
2008-12-02,2.7706797122955322,2.7760733778941495,2.5918008379697732,2.6975698902685674,1148722400
2008-12-03,2.8734519481658936,2.883339965471089,2.6607149583004146,2.678692371484089,1338680000
2008-12-04,2.7389183044433594,2.852777526483173,2.6685048328532646,2.8294064482781125,1091370000
2008-12-05,2.8165225982666016,2.8312046071040737,2.6625124240664584,2.707157724409982,1043795200
2008-12-08,2.9879112243652344,3.020270810131583,2.8704561572933383,2.9148014193488323,1185142000
2008-12-09,2.9980976581573486,3.1041671150363332,2.9127037463851115,2.937573207752229,1203496000
2008-12-10,2.94266676902771,2.9810192944821887,2.891430456148406,2.932479313820777,938047600
2008-12-11,2.8464858531951904,3.03345491183269,2.8413924250296825,2.9168991371689033,1040617200
2008-12-12,2.944465160369873,2.9663376580497283,2.7724773479750366,2.7805675457926613,1041174400
2008-12-15,2.8389952182769775,2.8827404085175026,2.7865599572542377,2.8761487963053467,891758000
2008-12-16,2.859369993209839,2.890831074923653,2.7790692855922656,2.8159242328090155,1093506400
2008-12-17,2.671502113342285,2.72962967866801,2.637343502645164,2.7275322201164323,1293860400
2008-12-18,2.6795918941497803,2.7215400616697756,2.649927839887804,2.675996051184294,857416000
2008-12-19,2.6966712474823,2.7248361217561943,2.660715612180233,2.694873225687588,801920000
2008-12-22,2.569028615951538,2.6975696678012997,2.537567336105573,2.697270030849681,844740400
2008-12-23,2.588205337524414,2.632850052771031,2.57382296077762,2.602887151262571,635031600
2008-12-24,2.5480546951293945,2.584309769933041,2.533372883018215,2.581014163170864,271334000
2008-12-26,2.5711264610290527,2.6193670211193836,2.5540477509653527,2.59599593363648,308324800
2008-12-29,2.595094919204712,2.625358038332599,2.548951848540687,2.5923983878196672,686000000
2008-12-30,2.585507869720459,2.6382427653369147,2.5384654752773694,2.619366040197839,967601600
2008-12-31,2.5573418140411377,2.62895322395264,2.557042377203264,2.5759190994903554,607541200
2009-01-02,2.7191429138183594,2.7278329860824586,2.551650446998383,2.573223508888765,746015200
2009-01-05,2.8339006900787354,2.8818415922280884,2.7778695919209007,2.791653088848865,1181608400
2009-01-06,2.7871592044830322,2.9115053340298664,2.76828247733643,2.8749508275444517,1289310400
2009-01-07,2.7269322872161865,2.7715769764590417,2.704459924149392,2.750903234539901,753048800
2009-01-08,2.7775702476501465,2.7910541081384093,2.697868632686822,2.709554671779934,673500800
2009-01-09,2.7140495777130127,2.79794613252609,2.700866150567248,2.7928527038768958,546845600
2009-01-12,2.6565208435058594,2.726334454007131,2.623261741475635,2.7104536953447487,617716400
2009-01-13,2.6280555725097656,2.688880475304456,2.5873063460639227,2.643936331412585,798397600
2009-01-14,2.5567429065704346,2.6142715877102303,2.538465256795355,2.5840092627551416,1021664000
2009-01-15,2.4983153343200684,2.520488265509286,2.398538844178015,2.414119363335458,1831634000
2009-01-16,2.466855049133301,2.528279039790207,2.4090269028438245,2.5258821435864514,1047625600
2009-01-20,2.343106746673584,2.456965968100327,2.343106746673584,2.4548685098045344,919914800
2009-01-21,2.4818360805511475,2.4833344654651155,2.3763664646665226,2.3787633604646907,1089270000
2009-01-22,2.647531270980835,2.696671130489294,2.5714254862644177,2.6379434886972786,1409528400
2009-01-23,2.647531270980835,2.692775650131873,2.591800598749551,2.6013881810084416,763770000
2009-01-26,2.685884475708008,2.7257353909008484,2.6457333234840754,2.6625127930558357,692238400
2009-01-27,2.718543767929077,2.7431137989637517,2.6888805085780763,2.702363571890278,618038400
2009-01-28,2.8225150108337402,2.8464851612130637,2.7416146531681127,2.7601917397391706,861406000
2009-01-29,2.786560535430908,2.8267108910490206,2.7745750561050713,2.789256868229845,592729200
2009-01-30,2.700566053390503,2.8051361342426104,2.696970210457681,2.774574369670886,651478800
2009-02-02,2.741915225982666,2.756597039183663,2.6637119678959147,2.66970470799812,558247200
2009-02-03,2.7859601974487305,2.797945674778644,2.7050606257676764,2.7541994826230805,599309200
2009-02-04,2.8030381202697754,2.883938669495565,2.789555262135175,2.7931511043552404,808421600
2009-02-05,2.8902313709259033,2.913901886268719,2.775173399986905,2.7796677535270846,749246400
2009-02-06,2.9879112243652344,2.996300857725753,2.906411785988314,2.9070106597522645,687209600
2009-02-09,3.0715081691741943,3.086189981603264,2.981319435624896,2.9963016851420923,715010800
2009-02-10,2.931281328201294,3.0715076133765207,2.908209884269783,3.0361518552030544,849060800
2009-02-11,2.901017427444458,2.9456621187769008,2.8695563577079275,2.887534569042181,674973600
2009-02-12,2.9744277000427246,2.988810073162588,2.871354992802892,2.871354992802892,817188400
2009-02-13,2.97113299369812,2.9945040804896537,2.9399713446180353,2.966038764460038,608977600
2009-02-17,2.832402229309082,2.9076094862761055,2.8249119073546574,2.902516059346112,678238400
2009-02-18,2.827608823776245,2.871953888066294,2.778170331863566,2.8479839344392968,684779200
2009-02-19,2.7158467769622803,2.824012694425994,2.6999660217125423,2.7976456480967347,922804400
2009-02-20,2.73262619972229,2.7685816286439593,2.666707079929902,2.6786925562781896,750316000
2009-02-23,2.6052825450897217,2.7565955505106152,2.592099124058559,2.746108661044506,786982000
2009-02-24,2.7041609287261963,2.723337291084552,2.606781532445244,2.620264593439191,807105600
2009-02-25,2.73142671585083,2.7841616012834454,2.6741976777191003,2.6924753255376426,833053200
2009-02-26,2.6724002361297607,2.78416199666482,2.665508987652913,2.7565960026342906,629868400
2009-02-27,2.6759955883026123,2.735621723227316,2.62685594337624,2.6346465017338296,706658400
2009-03-02,2.63494610786438,2.732625930248631,2.6268561121517067,2.64033977171386,770929600
2009-03-03,2.647829532623291,2.718842057766208,2.633147728704374,2.6646087942519325,724340400
2009-03-04,2.731727123260498,2.779668032642581,2.68019117073948,2.7020638668526784,741403600
2009-03-05,2.6619138717651367,2.752701474668617,2.6502288298678693,2.710453861446568,706899200
2009-03-06,2.555845260620117,2.648730525180828,2.46685467676863,2.64693250325616,1011147200
2009-03-09,2.4902262687683105,2.6247601012991923,2.4740468684954453,2.5222872324922245,698297600
2009-03-10,2.655620813369751,2.671801004581292,2.5276786681988344,2.5429595487369125,844258800
2009-03-11,2.7769711017608643,2.818619829568412,2.6840860657191423,2.690977314172329,846372800
2009-03-12,2.8869361877441406,2.893828239034527,2.756597088557207,2.783564019450732,768457200
2009-03-13,2.8743512630462646,2.912405158474638,2.8467854617323085,2.885438231055074,601168400
2009-03-16,2.859070062637329,2.918097139422683,2.8219156822910634,2.892329162778247,797244000
2009-03-17,2.9861133098602295,2.98701182050279,2.8485825743315702,2.853676801634494,786646000
2009-03-18,3.041844606399536,3.1005720503306513,2.9879117538731808,2.9936040560090444,796037200
2009-03-19,3.0448408126831055,3.0921818433613013,3.003791156871484,3.0517320614321344,500180800
2009-03-20,3.0439419746398926,3.0894859940566994,3.01338020379729,3.058923423115377,695587200
2009-03-23,3.2258169651031494,3.2407984096302958,3.048735962751892,3.077499904190818,666397200
2009-03-24,3.1910595893859863,3.2791508381102976,3.1578012935184834,3.18686487279297,640612000
2009-03-25,3.1907615661621094,3.2467924913743125,3.1119592264884868,3.2234216028201437,646618000
2009-03-26,3.292036294937134,3.29533170144781,3.2234208307556615,3.230910954713099,616252000
2009-03-27,3.201547384262085,3.251885194584932,3.1880643208171233,3.242896485621624,492872800
2009-03-30,3.1308341026306152,3.146414419059479,3.074503573794999,3.131433176318599,502796000
2009-03-31,3.149712085723877,3.2195257009734113,3.146116241983913,3.159599305842162,570080000
2009-04-01,3.2566795349121094,3.265967679530935,3.1128566109819786,3.1188493494934466,589372000
2009-04-02,3.3771305084228516,3.4382552470620675,3.2893388809016093,3.300125611251157,812366800
2009-04-03,3.475409984588623,3.4796049026265465,3.4014016451665547,3.421476524249241,636241200
2009-04-06,3.5491180419921875,3.5581067493772554,3.3942089576011174,3.4439478853059673,658064400
2009-04-07,3.4457452297210693,3.4957837874124382,3.4214750430578675,3.4915888711905367,536580800
2009-04-08,3.4852969646453857,3.499379099467665,3.4331613418947846,3.4586296794190248,455630000
2009-04-09,3.582676649093628,3.595560636628641,3.5344359049812084,3.5482196033765034,530756800
2009-04-13,3.602152109146118,3.624924114176723,3.565597606402562,3.5958597340582563,389236400
2009-04-14,3.5449228286743164,3.600654490007059,3.5131621184947983,3.582676276642141,454622000
2009-04-15,3.5248491764068604,3.5431262328846183,3.4685186218601274,3.511664748662919,412882400
2009-04-16,3.639007091522217,3.689943766442535,3.5593052730061636,3.571290749504387,593446000
2009-04-17,3.6980345249176025,3.7229039923805267,3.603052009534279,3.6309174465276515,497495600
2009-04-20,3.6105425357818604,3.6851505381697973,3.57039198348524,3.647397081538568,466466000
2009-04-21,3.648296356201172,3.659682963045119,3.5536134578906755,3.5623025314475925,470685600
2009-04-22,3.6408047676086426,3.7558629371012695,3.631515623644181,3.674363300365009,938767200
2009-04-23,3.75736141204834,3.8112952696918945,3.700731221567051,3.793916724468752,945156800
2009-04-24,3.712418794631958,3.7495729942937053,3.6845533449104106,3.7345915396009737,540764000
2009-04-27,3.7372875213623047,3.745377722161048,3.675263848720404,3.682455538368775,480690000
2009-04-28,3.712418794631958,3.7816333633430848,3.6932424206113943,3.695938754415475,455856800
2009-04-29,3.7495713233947754,3.8008076435830596,3.7103196815605854,3.7408822515658504,458110800
2009-04-30,3.77024507522583,3.80530139212808,3.7429789176187707,3.781930114143984,498489600
2009-05-01,3.8124916553497314,3.8337654693441676,3.7693447537258287,3.7693447537258287,397516000
2009-05-04,3.9572150707244873,3.9626081361611445,3.825677240605461,3.8424565109570454,609358400
2009-05-05,3.9763925075531006,3.9808866632855424,3.928751016363784,3.9476277505983406,398255200
2009-05-06,3.9700980186462402,4.000060907829444,3.901782007231696,3.9949674807008084,473538800
2009-05-07,3.867025852203369,3.966802150696924,3.8322683679725222,3.9650043290962267,531776000
2009-05-08,3.8709211349487305,3.9320458692657465,3.783129513635334,3.8664261808946443,467964000
2009-05-11,3.8823065757751465,3.9239553055641676,3.80889713408408,3.8163884567750017,404658800
2009-05-12,3.7279977798461914,3.886502545495901,3.6929414525326405,3.8820079906931193,609481600
2009-05-13,3.58027982711792,3.7160125621534275,3.5769834206906967,3.6917419697343488,595971600
2009-05-14,3.6839499473571777,3.7013292832299496,3.586570779724224,3.588967474271419,447826400
2009-05-15,3.668070077896118,3.7339885805755033,3.6437998946136445,3.6650733095343955,367567200
2009-05-18,3.7948150634765625,3.7963136483953455,3.642603481237249,3.707323867448051,458841600
2009-05-19,3.81878399848938,3.8745148459123904,3.7675469031954534,3.7999072791834996,372422400
2009-05-20,3.771441698074341,3.871518381256116,3.754362801849924,3.8241765706312334,388584000
2009-05-21,3.7208073139190674,3.798710939083128,3.682155338382563,3.7498717048884327,407946000
2009-05-22,3.6704680919647217,3.720805892077182,3.647995724040655,3.7169106122951363,297998400
2009-05-26,3.9185614585876465,3.9200600431718944,3.7318920660720765,3.7381844411189618,636927200
2009-05-27,3.986577033996582,4.044404939358841,3.9224555553378,3.948523958383907,646422000
2009-05-28,4.047102451324463,4.05669043030881,3.9560144507026114,3.9985616825163643,487552800
2009-05-29,4.069276332855225,4.071972665439645,4.010548688979027,4.056691980613662,456534400
2009-06-01,4.175344944000244,4.194520905291486,4.074968583847004,4.089051517992612,452499600
2009-06-02,4.179540157318115,4.234971392254855,4.145381945447001,4.1645591100832435,456223600
2009-06-03,4.223285675048828,4.228079465378475,4.166955138244422,4.194820569723311,565199600
2009-06-04,4.306881904602051,4.3200659279454365,4.1960194541540075,4.19871578615226,550634000
2009-06-05,4.334748268127441,4.386583452155053,4.291002080341598,4.353924229841234,632716000
2009-06-08,4.310177326202393,4.321563126588192,4.177741037325725,4.309278815690938,931652400
2009-06-09,4.276319980621338,4.33145156687652,4.211299977181473,4.308979200708852,676964400
2009-06-10,4.2023115158081055,4.265234064737149,4.143883920433816,4.263136606434588,688623600
2009-06-11,4.1933207511901855,4.241561477583393,4.151372797866754,4.181336478917376,524823600
2009-06-12,4.104033946990967,4.16785462105017,4.076167708913704,4.159165549010918,563085600
2009-06-15,4.07766580581665,4.1028349105845985,4.041710570511415,4.075269110169113,539750400
2009-06-16,4.085454940795898,4.148975948124492,4.077963620042195,4.09474288237118,514805200
2009-06-17,4.062385559082031,4.1184164768930795,4.030924474765207,4.0950447913272,571412800
2009-06-18,4.071372985839844,4.134894408444634,4.062683915788856,4.078264234490779,427680400
2009-06-19,4.179239749908447,4.179838623584729,4.101935039516092,4.136990952260851,721856800
2009-06-22,4.116018772125244,4.241563866079893,4.084857726432724,4.2148973750759255,634914000
2009-06-23,4.015341758728027,4.1034330086877935,3.981483988558524,4.086954179035146,706532400
2009-06-24,4.081561088562012,4.11991381963451,4.040812061890011,4.0575913317280605,485525600
2009-06-25,4.1906256675720215,4.200813322162287,4.051298109648543,4.067477702134551,589447600
2009-06-26,4.267931938171387,4.3014904830336365,4.187031546052163,4.188529731095068,439384400
2009-06-29,4.253849029541016,4.313175557471585,4.240965038128239,4.2984937439943165,567616000
2009-06-30,4.267631530761719,4.308680593378826,4.248755202727529,4.272126085079067,434224000
2009-07-01,4.279616355895996,4.334449520402458,4.270328410086338,4.299692032536649,414178800
2009-07-02,4.195418357849121,4.2796143043455555,4.188527111011907,4.232273286801011,370479200
2009-07-06,4.153172969818115,4.164559575112392,4.0824602427051495,4.155869302589904,498688400
2009-07-07,4.056992530822754,4.18523439057436,4.05040091563355,4.149278743916881,461596800
2009-07-08,4.111523628234863,4.1360934569619365,4.02762728631816,4.0725724267134575,575929200
2009-07-09,4.085756778717041,4.134596412656185,4.072872786951994,4.127705161269962,343025200
2009-07-10,4.150475025177002,4.163957883947891,4.084555715247633,4.0851557890735934,445275600
2009-07-13,4.264934062957764,4.264934062957764,4.120812699667409,4.181037722540351,483501200
2009-07-14,4.262836456298828,4.290103016017735,4.229578358317207,4.255645970304702,347247600
2009-07-15,4.400965213775635,4.404560855953881,4.324260180885702,4.345833233856785,485587200
2009-07-16,4.420144557952881,4.435126811888388,4.361717328044979,4.367410032472158,393570800
2009-07-17,4.546885967254639,4.5549761635947865,4.453401254237054,4.466884914803965,602154000
2009-07-20,4.5816426277160645,4.6454644873561595,4.521117974125762,4.592429956171858,735526400
2009-07-21,4.539694309234619,4.597223794572161,4.486959814448625,4.59302927797505,874781600
2009-07-22,4.6964006423950195,4.756027578858494,4.677523919814086,4.727861713346834,874104000
2009-07-23,4.728761196136475,4.747337482428043,4.661044461844236,4.693105207746656,526962800
2009-07-24,4.793781757354736,4.794080994218437,4.689210474970216,4.702693736005151,438362400
2009-07-27,4.797077655792236,4.820448938329414,4.711983160516856,4.799175114485898,433311200
2009-07-28,4.794083118438721,4.797079088846755,4.722171427607239,4.760524569413706,363554800
2009-07-29,4.794979572296143,4.807564322818277,4.7416458012328215,4.7611218008011225,382158000
2009-07-30,4.877677917480469,4.935505839361848,4.83902515714385,4.845017895188174,469604800
2009-07-31,4.895654678344727,4.943895013017579,4.881272108957249,4.883669203855162,422536800
2009-08-03,4.9867448806762695,4.993036857505372,4.940001909628278,4.950189167382162,394240000
2009-08-04,4.960376262664795,4.960975536585264,4.920226110141435,4.941799171179614,395810800
2009-08-05,4.947192192077637,5.015507007054338,4.920225270308874,4.966368154160798,423183600
2009-08-06,4.911238670349121,4.989142299892045,4.886668833310901,4.961276055390176,341616800
2009-08-07,4.959176540374756,4.991836563890927,4.937903119618761,4.958577666597151,387354800
2009-08-10,4.935505390167236,4.991835922509267,4.903744681521493,4.9636712564121,300294400
2009-08-11,4.878878593444824,4.925321137208669,4.850413873081416,4.90464618024127,355342400
2009-08-12,4.953184604644775,4.995132569011854,4.8677896913651555,4.870486023320429,445071200
2009-08-13,5.046369552612305,5.053860875899439,4.988840862342989,4.993335416285687,439980800
2009-08-14,4.997230052947998,5.04067580193631,4.959776241679845,5.031986732148498,305816000
2009-08-17,4.781795978546143,4.901647935817568,4.776701751298195,4.900448988192148,524381200
2009-08-18,4.913930892944336,4.921121775783142,4.836326965357769,4.842918574622582,431152400
2009-08-19,4.931912422180176,4.952886614751152,4.867492459378973,4.876481170452563,413271600
2009-08-20,4.9837470054626465,4.995432845645478,4.932211054084291,4.9432968203129874,342031200
2009-08-21,5.070340156555176,5.07483551099517,4.997830013428695,5.023298754646795,416074400
2009-08-24,5.06554651260376,5.1149858116971245,5.041875992483232,5.0973072307739,406929600
2009-08-25,5.075733661651611,5.121876549466876,5.06764346441131,5.077531483260567,324354800
2009-08-26,5.016107082366943,5.080227380683515,4.996630683270717,5.061350655454912,303998800
2009-08-27,5.077231407165527,5.080826249973875,4.93880235564398,5.056257223591204,449181600
2009-08-28,5.095208644866943,5.168318447907612,5.049665436489679,5.16172683618954,453700800
2009-08-31,5.040078639984131,5.059254607418159,4.9888419143805836,5.038580054971241,311337600
2009-09-01,4.952885627746582,5.093712206930985,4.94209909659791,5.033486374556694,469028000
2009-09-02,4.949287414550781,5.022097156205753,4.917226677219803,4.932508153914995,364249200
2009-09-03,4.9903388023376465,5.006818433924734,4.94389627696482,4.987043196059683,293955200
2009-09-04,5.102999687194824,5.1146855273429095,5.00651899703721,5.012212098647815,374628800
2009-09-08,5.181502819061279,5.187794794788741,5.153637383577027,5.183001003770038,315047600
2009-09-09,5.127871513366699,5.227647855615799,5.08472417607759,5.1770103918043775,811087200
2009-09-10,5.170415878295898,5.191090424132621,5.1179806214864785,5.155434433500244,491134000
2009-09-11,5.158430099487305,5.188992661126862,5.119778142205072,5.18090246538571,348961200
2009-09-14,5.205172538757324,5.210565201953922,5.101200552149809,5.118578689335283,322011200
2009-09-15,5.248318672180176,5.263000477843609,5.201277286726295,5.214760144935415,426470800
2009-09-16,5.449373722076416,5.475741380051942,5.329821350241092,5.333117357494211,754023200
2009-09-17,5.529672145843506,5.596789210906113,5.452368226331084,5.452667863229565,810572000
2009-09-18,5.543755054473877,5.589598299581943,5.535964095100092,5.568025243089478,601582800
2009-09-21,5.513792991638184,5.5479504028812565,5.4418821257983945,5.521883189072903,437715600
2009-09-22,5.527574062347412,5.554540980111261,5.478734453566957,5.548848279733276,356753600
2009-09-23,5.5581374168396,5.660011965113606,5.544054482191193,5.555141447814746,593563600
2009-09-24,5.5077996253967285,5.624055545265628,5.476338550166346,5.609074099920173,550880400
2009-09-25,5.464352130889893,5.5581364666305495,5.436486703362868,5.453565604116349,445239200
2009-09-28,5.577612400054932,5.593493154394866,5.493117201786896,5.509297192951938,337444800
2009-09-29,5.554541110992432,5.615066158868811,5.522480765824342,5.594991688615948,345385600
2009-09-30,5.553644180297852,5.5866034454569675,5.471545654356951,5.577015062836517,539585200
2009-10-01,5.419109344482422,5.579710321934649,5.414314353996008,5.55364311184832,524711600
2009-10-02,5.540160179138184,5.571322022953756,5.433792258647894,5.435590080409331,553308000
2009-10-05,5.573718547821045,5.598887651660705,5.521283281533643,5.579112412989449,423133200
2009-10-06,5.693272113800049,5.693272113800049,5.612073282967668,5.625256511547227,605085600
2009-10-07,5.7004618644714355,5.709450571829045,5.663906561066021,5.685780055756127,465668000
2009-10-08,5.6710991859436035,5.7364184437174295,5.659712581293765,5.712747923725639,438211200
2009-10-09,5.707054138183594,5.713945387945217,5.651623302994313,5.662110196135564,293272000
2009-10-12,5.717240810394287,5.738214993116117,5.682184093575414,5.723533185225614,288024800
2009-10-13,5.693570137023926,5.728027179040078,5.68398175659571,5.711847187116713,348020400
2009-10-14,5.731624126434326,5.762485130611774,5.699863411351221,5.7603880721113505,375510800
2009-10-15,5.709749698638916,5.720536226514246,5.678888299446897,5.681884268265587,373556400
2009-10-16,5.634541034698486,5.703755538085113,5.628248661645466,5.673493020166504,431426800
2009-10-19,5.68877649307251,5.692971410207667,5.5596365731411606,5.628551468735764,942230800
2009-10-20,5.955446243286133,6.045036076726643,5.928180085321056,6.010579033167685,1141039200
2009-10-21,6.140017032623291,6.253577389644854,5.969527678800585,5.9782167467217455,1193726800
2009-10-22,6.148407936096191,6.227810113953419,6.067808010744219,6.133426491229553,791392000
2009-10-23,6.110654830932617,6.166386497057991,6.089381410053232,6.163390527955452,420786800
2009-10-26,6.066908836364746,6.194850577555321,5.995596862563801,6.102564823265219,484338400
2009-10-27,5.9137983322143555,6.0767963957225515,5.886231338980211,6.042339354389149,756551600
2009-10-28,5.764881134033203,5.933273036120402,5.725928745229587,5.923983894114014,818386800
2009-10-29,5.883235931396484,5.897019629352981,5.7570919922486,5.842786148555757,570270400
2009-10-30,5.648026943206787,5.896719595627943,5.638138924466659,5.8745472627941515,717525200
2009-11-02,5.672295570373535,5.779263132626534,5.560234181330175,5.686977376955349,678983200
2009-11-03,5.655517101287842,5.678588343426558,5.570721855389445,5.628550979340166,522541600
2009-11-04,5.717240810394287,5.808328026704601,5.699862670482477,5.71484411526971,487530400
2009-11-05,5.813720703125,5.842784676071371,5.747502162624236,5.764881099083971,384801200
2009-11-06,5.823009967803955,5.848478304510093,5.764882408754923,5.768178014645082,295097600
2009-11-09,6.036346912384033,6.049530135758789,5.880539326324993,5.9009134351813675,528855600
2009-11-10,6.0818915367126465,6.141816921960475,6.022864262148628,6.0231638990761,401195200
2009-11-11,6.089980125427246,6.142415377183511,6.047432090217277,6.129231354990521,443870000
2009-11-12,6.0522284507751465,6.138521488011967,6.035449182415324,6.086685498253111,363731200
2009-11-13,6.125937461853027,6.1373232659712915,6.054625467526981,6.078595623570626,343240800
2009-11-16,6.191257476806641,6.232306544089043,6.142717484810634,6.156799623173443,485206400
2009-11-17,6.202340602874756,6.215523823805115,6.1424148347590775,6.174774813549414,396513600
2009-11-18,6.171179294586182,6.202341128701318,6.112452068857933,6.188558632919372,374320800
2009-11-19,6.007880687713623,6.13072940052611,5.98660727066412,6.13072940052611,542326400
2009-11-20,5.990204811096191,6.004287748036814,5.925484828757923,5.967133565568745,406666400
2009-11-23,6.168783664703369,6.172379307727715,6.080991647722749,6.082490232365518,474896800
2009-11-24,6.125637531280518,6.168784050120533,6.079494643066338,6.1523040185626305,318438400
2009-11-25,6.118146896362305,6.161893091189435,6.105262907495137,6.154401767351436,286454000
2009-11-27,6.010277271270752,6.081288791594404,5.9437591027375944,5.969227430287295,295257200
2009-11-30,5.98990535736084,6.04293949648817,5.955747545691083,6.025860590653291,424858000
2009-12-01,5.9018120765686035,6.075597444915839,5.897617160769038,6.059716692246057,465763200
2009-12-02,5.879639148712158,6.035147074946566,5.865256979820114,5.961438009319486,715260000
2009-12-03,5.887131214141846,5.962039241787537,5.88083923905647,5.915296283693653,448719600
2009-12-04,5.792449474334717,5.989006125559448,5.70136143586236,5.983613460210611,826884800
2009-12-07,5.661509990692139,5.805932196075378,5.653420193325133,5.792448933764155,714758800
2009-12-08,5.689074993133545,5.7633837388160245,5.654018678514593,5.673793912387057,690398800
2009-12-09,5.926684856414795,5.937471388753258,5.702261535937772,5.73132592593347,684782000
2009-12-10,5.88563346862793,5.983612745644285,5.876345123737942,5.977620006973771,489669600
2009-12-11,5.832898139953613,5.932675231240864,5.795743963024628,5.926082819138309,429774800
2009-12-14,5.9021124839782715,5.915595744530505,5.76967617357544,5.853872142862923,495790400
2009-12-15,5.817916393280029,5.917993116298617,5.79094987273831,5.867655317917951,419459600
2009-12-16,5.843684673309326,5.8877304992376995,5.82930250159471,5.845782131691561,352984800
2009-12-17,5.748703479766846,5.842787491202839,5.7229354995957635,5.820614754740965,388838800
2009-12-18,5.855670928955078,5.857768387616408,5.770875271844354,5.787954978135949,608770400
2009-12-21,5.939566135406494,5.985110143214321,5.862860690708632,5.874247292734476,611906400
2009-12-22,6.00338888168335,6.018070693574221,5.952451795508176,5.975823079771842,349515600
2009-12-23,6.055522918701172,6.063912751882879,6.0168709588332465,6.028555997809237,345525600
2009-12-24,6.263467788696289,6.272756935090811,6.092978348209648,6.098971087787166,500889200
2009-12-28,6.340469837188721,6.410582856217886,6.280543670434499,6.343766242417495,644565600
2009-12-29,6.265264511108398,6.373731078180319,6.254178344884822,6.371034345843674,445205600
2009-12-30,6.341368198394775,6.352155524232383,6.241591935195897,6.257172250125305,412084400
2009-12-31,6.3141045570373535,6.392608236888527,6.309011128995133,6.3860162240641705,352410800
2010-01-04,6.412384510040283,6.427066322741706,6.363544880017381,6.395005964384629,493729600
2010-01-05,6.423469066619873,6.459724331548339,6.389610496850538,6.430061078442964,601904800
2010-01-06,6.321294784545898,6.4489372939698555,6.314702773243294,6.423468559440848,552160000
2010-01-07,6.309609413146973,6.35215745553289,6.2637661647555,6.344666532568945,477131200
2010-01-08,6.35155725479126,6.352156928627924,6.26406608217472,6.301219456796891,447610800
2010-01-11,6.295528888702393,6.382121574520934,6.24578995075598,6.376128834997422,462229600
2010-01-12,6.2239155769348145,6.285340348320906,6.184963975653417,6.267961006095432,594459600
2010-01-13,6.311707019805908,6.32009685372256,6.115450034182275,6.228410754835679,605892000
2010-01-14,6.275152683258057,6.306014887372378,6.26286796902864,6.2955279947447265,432894000
2010-01-15,6.170281887054443,6.340172420550783,6.16848406553127,6.320096746875335,594067600
2010-01-19,6.443246364593506,6.44774091954804,6.209535507698652,6.242194740220082,730007600
2010-01-20,6.344069480895996,6.458527616264899,6.2772516290143585,6.43935124801874,612152800
2010-01-21,6.234402179718018,6.3914087254773335,6.208634204684514,6.354554584447921,608154400
2010-01-22,5.925184726715088,6.217323935224247,5.90750694778653,6.195750876171056,881767600
2010-01-25,6.084587574005127,6.133426790617881,5.998294143323644,6.067808306929541,1065699600
2010-01-26,6.1705803871154785,6.403393030832656,6.069904800661809,6.170880023980803,1867110000
2010-01-27,6.228710651397705,6.309610229580589,5.978518992669106,6.197848444842119,1722568400
2010-01-28,5.971328258514404,6.157398813283011,5.953650477678382,6.14032030637698,1173502400
2010-01-29,5.754696369171143,6.058521473841055,5.700463274548872,6.024962931319451,1245952400
2010-02-01,5.834698677062988,5.872751782437545,5.731925568876267,5.7639859332313765,749876400
2010-02-02,5.86855411529541,5.882337413184987,5.79424616170235,5.870052699897905,698342400
2010-02-03,5.969527721405029,5.998592093739911,5.825405607192939,5.847877969296386,615328000
2010-02-04,5.754395008087158,5.9437607138080955,5.740012437987531,5.894621066066173,757652000
2010-02-05,5.856567859649658,5.8727482506715685,5.718438462615686,5.77177302551538,850306800
2010-02-08,5.816418647766113,5.929079728870104,5.812823004742717,5.8634608438902935,478270800
2010-02-09,5.878441333770752,5.917692563578256,5.835294424605493,5.885332581728925,632886800
2010-02-10,5.846380233764648,5.890726087766112,5.820612264617394,5.869451471246659,370361600
2010-02-11,5.952750205993652,5.985110592941017,5.814620787818912,5.83919061493375,550345600
2010-02-12,6.0039873123168945,6.041740763674654,5.8577676975469775,5.93597093246009,655468800
2010-02-16,6.094476222991943,6.103165294317474,6.038145677675341,6.050730029272358,543737600
2010-02-17,6.0690083503723145,6.121742856374403,6.018370102991459,6.118147212769891,436396800
2010-02-18,6.080392837524414,6.109157581970718,6.020167016384638,6.041440437735919,422825200
2010-02-19,6.042639255523682,6.088482903479071,6.025859988311388,6.04833275696529,415469600
2010-02-22,6.005184173583984,6.067507438680664,5.968330040918864,6.06271364909569,390563600
2010-02-23,5.904510498046875,6.0324526748753,5.864060710095441,5.992601760772304,575094800
2010-02-24,6.012378215789795,6.0357490993227,5.927881790500464,5.939567632316276,460566400
2010-02-25,6.05252742767334,6.0782954029533,5.899416560460721,5.91409836963874,665126000
2010-02-26,6.131031036376953,6.14751066906895,6.052528153383103,6.063913957773231,507460800
2010-03-01,6.261969566345215,6.277250250125308,6.155900090257104,6.164888798371744,550093600
2010-03-02,6.257775783538818,6.31710230797769,6.224516477352633,6.290135378646883,566546400
2010-03-03,6.272156238555908,6.288336633809385,6.230508302822989,6.2604711976381715,372052800
2010-03-04,6.313504695892334,6.319797071184843,6.2511814169525035,6.270658216716701,366041200
2010-03-05,6.56040096282959,6.582873333896936,6.430960601542845,6.440249346937738,899620400
2010-03-08,6.564297199249268,6.594559335279428,6.539427728973893,6.5921626393939,429889600
2010-03-09,6.6823506355285645,6.741677153166666,6.528640476126194,6.541224828344982,920259200
2010-03-10,6.736881732940674,6.756058494803572,6.687742880864082,6.706619605773602,596218000
2010-03-11,6.756656646728516,6.756656646728516,6.691337804990175,6.709016381490595,405700400
2010-03-12,6.78961706161499,6.823474831799158,6.7641483246888745,6.8126879031978165,416323600
2010-03-15,6.706918239593506,6.756655957990287,6.599350607352944,6.75306111577718,493502800
2010-03-16,6.725196838378906,6.74107719553344,6.66706887447151,6.717107041362104,446908000
2010-03-17,6.71530818939209,6.7851215827445825,6.689839854486754,6.738679066120639,450956800
2010-03-18,6.731189250946045,6.741676142881947,6.670064520665953,6.714708820634325,342109600
2010-03-19,6.659275531768799,6.748864935671437,6.628712977894427,6.73538167957785,559445600
2010-03-22,6.734185695648193,6.771639910251987,6.596355914119157,6.605944295470346,456419600
2010-03-23,6.842352867126465,6.854937619571367,6.7147099211956895,6.7608532133949675,602431200
2010-03-24,6.87261438369751,6.897483846448694,6.816882720170938,6.820778399935938,597780400
2010-03-25,6.791116714477539,6.920557493009965,6.779131234956361,6.9190589080204346,542284400
2010-03-26,6.918457984924316,6.949918657381796,6.848044517812773,6.860029993090946,640875200
2010-03-29,6.9631028175354,7.007448281936411,6.940031974666603,6.981381069844667,540744400
2010-03-30,7.066774368286133,7.115614783640011,7.018833263694467,7.089246736060397,527310000
2010-03-31,7.0413055419921875,7.0895466829244205,7.025125949463385,7.055988150166258,430659600
2010-04-01,7.070369243621826,7.153066619939685,6.973888571201762,7.113516153060706,603145200
2010-04-05,7.145879745483398,7.146479019529749,7.034417173158883,7.040709950694988,684507600
2010-04-06,7.177337646484375,7.198311427527553,7.1012314808244925,7.13718710554027,447017200
2010-04-07,7.209100246429443,7.248651524003747,7.150971477826927,7.177638766511642,628502000
2010-04-08,7.189624309539795,7.23726538520095,7.132394851325851,7.204306120274415,572989200
2010-04-09,7.24475622177124,7.24775339154705,7.204905705213912,7.233970091032401,334182800
2010-04-12,7.259737491607666,7.283108373127822,7.245354918303786,7.257040359063864,333026400
2010-04-13,7.263930797576904,7.275017763309914,7.224379525506478,7.24685269383359,306210800
2010-04-14,7.361610412597656,7.365206055318159,7.313070836067905,7.3493257000185315,404076400
2010-04-15,7.458390712738037,7.461686318332014,7.35621653804464,7.364306333665108,376784800
2010-04-16,7.412847995758057,7.524909806805479,7.3274534713178765,7.447904316271,750545600
2010-04-19,7.402959823608398,7.427529249828101,7.244155463652925,7.401761275983118,566924400
2010-04-20,7.3286519050598145,7.468279511279908,7.279812286585048,7.447005689720563,738326400
2010-04-21,7.767016410827637,7.797878636554727,7.662445048007029,7.754431650802194,982391200
2010-04-22,7.984243392944336,7.992633227973944,7.676523030375932,7.737648171207226,793424800
2010-04-23,8.114883422851562,8.155333220568648,8.000125244068398,8.029788109021386,796955600
2010-04-26,8.075027465820312,8.163717564130383,8.035775442500357,8.14633942869123,479068800
2010-04-27,7.851505756378174,8.025291167866804,7.805962545159483,8.008212263635151,709343600
2010-04-28,7.838324069976807,7.910234543919992,7.682816079878434,7.887762970868285,758402400
2010-04-29,8.049263954162598,8.090012983985005,7.850609033358632,7.880871168739997,558840800
2010-04-30,7.823042392730713,8.107091023610067,7.82034606019998,8.069337567587755,542463600
2010-05-03,7.98064661026001,8.026490659364706,7.876674598372924,7.905439742940135,454342000
2010-05-04,7.750829219818115,7.888959021685233,7.693001302001676,7.876974346537571,723819600
2010-05-05,7.670228958129883,7.734649687926516,7.452697381327278,7.581538840920545,883103200
2010-05-06,7.378390312194824,7.737945794543371,5.970128472643247,7.605509483873232,1285860800
2010-05-07,7.067075729370117,7.38798014951037,6.747969931294922,7.302286369414325,1676018400
2010-05-10,7.6103034019470215,7.630079438907151,7.446705642133466,7.498242392900664,984306400
2010-05-11,7.686113357543945,7.787088229550541,7.505735878049363,7.545885637184747,848906800
2010-05-12,7.853003978729248,7.884165416582882,7.7514298688261825,7.767608661411963,654379600
2010-05-13,7.741241931915283,7.940196027919962,7.682513901090954,7.886861461159975,599712400
2010-05-14,7.605210781097412,7.684912611043231,7.475770816748323,7.645361333025747,759362800
2010-05-17,7.617194175720215,7.675922202820566,7.422134971637124,7.631576745646455,762834800
2010-05-18,7.561464309692383,7.746935158162723,7.498541358106595,7.699893363003698,782678400
2010-05-19,7.441014289855957,7.5782448253708985,7.336443784890289,7.475771379201646,1025726800
2010-05-20,7.124005317687988,7.306479809821557,7.077561993000389,7.247451733914924,1282915200
2010-05-21,7.260635852813721,7.3259550978279355,6.931940969262358,6.975986394096475,1223891200
2010-05-24,7.39367151260376,7.51771880550266,7.3786904656981935,7.409252633488133,754238800
2010-05-25,7.347529411315918,7.393671902323759,7.106027625569062,7.17164611865963,1048006400
2010-05-26,7.314270496368408,7.554574547108452,7.303483565385907,7.4931501680506285,850654000
2010-05-27,7.591125965118408,7.607306355853461,7.464083134555454,7.5087278273619225,666282400
2010-05-28,7.696896553039551,7.772403450539019,7.591126729131615,7.772104213692658,815614800
2010-06-01,7.815252780914307,7.968363682219164,7.759221863983942,7.781094964184461,876472800
2010-06-02,7.908737659454346,7.934205602588908,7.8002706729656035,7.926415041114207,688548000
2010-06-03,7.8838701248168945,7.956679928527436,7.802669683514321,7.945592957504953,650106800
2010-06-04,7.66933012008667,7.847309620673434,7.629479616435351,7.736746415741099,758304400
2010-06-07,7.518917560577393,7.764913494429337,7.507231319542576,7.739145516970259,886942000
2010-06-08,7.470674991607666,7.604609867364801,7.360411027685051,7.587830203244688,1000770400
2010-06-09,7.287003040313721,7.5476823732337275,7.2657300180716184,7.534797584976363,854630000
2010-06-10,7.506036758422852,7.520118500825305,7.257043549282467,7.33614613703025,776356000
2010-06-11,7.595922470092773,7.606409362426432,7.411949398496153,7.43771737396711,545759200
2010-06-14,7.6189961433410645,7.76491577968644,7.610906343404186,7.669334365379311,602960400
2010-06-15,7.781092643737793,7.7858868341436835,7.655547582828389,7.659742499433544,585074000
2010-06-16,8.007614135742188,8.022595182151106,7.809258488475544,7.823341024143317,783678000
2010-06-17,8.146042823791504,8.176905026133475,8.07503007474783,8.107989335455454,872855200
2010-06-18,8.211959838867188,8.239826469746962,8.132558063091002,8.157427524965762,784621600
2010-06-21,8.09510326385498,8.359975828984993,8.051956359098098,8.32042456629938,776490400
2010-06-22,8.20536994934082,8.268891380195724,8.134957268939951,8.154732506810388,717262000
2010-06-23,8.119077682495117,8.229641734110569,8.02709112468853,8.22724463813523,768457200
2010-06-24,8.060052871704102,8.185897236203253,8.033085536369462,8.119977883261983,714277200
2010-06-25,7.9911322593688965,8.098100623841313,7.964464977457474,8.091808649495336,549942400
2010-06-28,8.039076805114746,8.0825237707022,7.925816417750948,7.998026935562428,584948000
2010-06-29,7.675624370574951,7.921920350616414,7.619593459291187,7.913829752659804,1133344800
2010-06-30,7.536596298217773,7.729557706640394,7.491053078896159,7.6918042484535825,739452000
2010-07-01,7.445206642150879,7.634573146483663,7.287601646538762,7.6195913027475,1022896000
2010-07-02,7.399064540863037,7.518616859628069,7.287001944200235,7.505432036369586,693842800
2010-07-06,7.449705123901367,7.57465015939856,7.375695980937712,7.520717096599705,615235600
2010-07-07,7.75053071975708,7.753527889261412,7.483261769657079,7.505433303061923,654556000
2010-07-08,7.733152389526367,7.8772749540953475,7.637270971168323,7.864690202897022,738144400
2010-07-09,7.778994083404541,7.787383114896444,7.6453584519402185,7.69719442554688,433322400
2010-07-12,7.709182262420654,7.845813504094652,7.636372487617557,7.746336442182761,562878400
2010-07-13,7.544685363769531,7.682515156430367,7.3837839266683085,7.68011886099761,1190924000
2010-07-14,7.572549819946289,7.664536353681003,7.460788049688798,7.472175052690585,812047600
2010-07-15,7.5341973304748535,7.699592896613459,7.409850818950199,7.4377166502355445,824866000
2010-07-16,7.487753868103027,7.639666154823267,7.44310917636248,7.586032357333422,1039858400
2010-07-19,7.358313083648682,7.487154531341795,7.179135044478615,7.487154531341795,1024478000
2010-07-20,7.547381401062012,7.5776443309132,7.191421529653795,7.2780146020928385,1074950800
2010-07-21,7.617795944213867,7.944692279282033,7.6106054569944,7.942894457452486,1185671200
2010-07-22,7.761017322540283,7.790380938492737,7.649854033450745,7.720866778242571,645318800
2010-07-23,7.7885847091674805,7.801768735395523,7.6789199822030225,7.703190175891663,533388800
2010-07-26,7.768808364868164,7.793377791972367,7.721766569030219,7.790381422801297,420551600
2010-07-27,7.912631034851074,7.93420409319362,7.799370678330877,7.816449582880815,584771600
2010-07-28,7.819144248962402,7.969858788666879,7.797871232124994,7.900344637588659,519985200
2010-07-29,7.733750820159912,7.869782772648705,7.6735258033809846,7.811654814124873,643806800
2010-07-30,7.707983493804932,7.781392540373158,7.637570016395849,7.667234472096815,448210000
2010-08-02,7.84581184387207,7.867984172224339,7.778994821895084,7.803564245214997,428055600
2010-08-03,7.848212718963623,7.888063241847218,7.773005828376169,7.820646913656969,417653600
2010-08-04,7.879668712615967,7.918619897251514,7.799667685552646,7.8754737973263556,420375200
2010-08-05,7.841320037841797,7.8856655079178255,7.806862187417542,7.84221854867437,289097200
2010-08-06,7.793078422546387,7.83502679012927,7.719368542290408,7.783789278224784,444897600
2010-08-09,7.8428168296813965,7.854802306589614,7.777497580728791,7.834726232719053,303128000
2010-08-10,7.772705078125,7.803867324854519,7.7169733984959725,7.785889105587488,451920000
2010-08-11,7.49644136428833,7.6612384013928185,7.485055966159482,7.652549334373895,620054400
2010-08-12,7.544384956359863,7.583636189448686,7.374494437374551,7.391573340336637,534920400
2010-08-13,7.463784217834473,7.547080869710429,7.463484180906922,7.5401896215584365,354869200
2010-08-16,7.420035362243652,7.491048076689532,7.389472411659255,7.418237541621041,318430000
2010-08-17,7.549781322479248,7.629483166971221,7.466783070826637,7.4931511277164375,422640400
2010-08-18,7.582738399505615,7.630679512211889,7.538093693354022,7.561465375846436,339696000
2010-08-19,7.487155914306641,7.595022802018943,7.4512002850692065,7.575846039706412,426706000
2010-08-20,7.479964733123779,7.608206132489361,7.460787970542865,7.472474210289896,384230000
2010-08-23,7.3649067878723145,7.550677680681986,7.348427957162716,7.544385705312969,414041600
2010-08-24,7.189025402069092,7.281011151528237,7.150672670001698,7.27112433166474,602565600
2010-08-25,7.27771520614624,7.310675271317278,7.107226178667891,7.132394882881639,596867600
2010-08-26,7.1995110511779785,7.363408845011984,7.1995110511779785,7.354419737464765,466505200
2010-08-27,7.239663124084473,7.269326785193447,7.058087113851355,7.243558804892014,548391200
2010-08-30,7.266030311584473,7.363410329396995,7.211497181569963,7.213894277399117,383289200
2010-08-31,7.284007549285889,7.327753742177426,7.201609391503042,7.246553332049101,420786800
2010-09-01,7.5006422996521,7.534500084565785,7.379292100439635,7.414947707569004,697037600
2010-09-02,7.5557684898376465,7.555768489837647,7.447901634630184,7.528501939190361,415427600
2010-09-03,7.7535271644592285,7.753826401322505,7.625585003141477,7.6432631809331815,520788800
2010-09-07,7.7247633934021,7.7762993459842455,7.678020831677551,7.689706272084032,342557600
2010-09-08,7.877871036529541,7.921916447732355,7.763411374577843,7.783786677787487,526551200
2010-09-09,7.882369518280029,7.985741474823799,7.877875363682034,7.941396802500624,438575200
2010-09-10,7.8925557136535645,7.925215737992542,7.832329892681789,7.885963701391711,387542400
2010-09-13,8.001321792602539,8.038475973850653,7.9629698636677,7.964766885247115,388780000
2010-09-14,8.03188419342041,8.065142695278993,7.955778007044104,7.97645255689076,408150400
2010-09-15,8.096601486206055,8.1013964759923,8.025289514796375,8.035177931076735,429368800
2010-09-16,8.286867141723633,8.289863510514575,8.07502906884404,8.097202197897019,652103200
2010-09-17,8.25091552734375,8.328519508983243,8.200278075218526,8.320428910049934,634477200
2010-09-20,8.48642349243164,8.502903124984774,8.265296219194152,8.27218746914221,658677600
2010-09-21,8.502601623535156,8.60986923515819,8.473238006963227,8.505298755727635,668074400
2010-09-22,8.621855735778809,8.628746985358756,8.461852809998218,8.470841918210304,585289600
2010-09-23,8.656912803649902,8.771970998383603,8.569421209808763,8.579308829644784,786116800
2010-09-24,8.7587890625,8.795044744017536,8.705755307066614,8.752197847768537,649488000
2010-09-27,8.724029541015625,8.830997133407909,8.719535386748255,8.808525561972383,482834800
2010-09-28,8.59518814086914,8.742306272903868,8.239827543339862,8.742306272903868,1035042400
2010-09-29,8.61047077178955,8.683580595577022,8.569421705192019,8.606275854019922,469644000
2010-09-30,8.502006530761719,8.68927527019013,8.42709887497058,8.659312367893449,673391600
2010-10-01,8.465147972106934,8.586797351634813,8.430090855282131,8.573913365140614,448142800
2010-10-04,8.348892211914062,8.47653353164338,8.32282340139692,8.437582334589608,435302000
2010-10-05,8.657509803771973,8.67279008347594,8.444172360061321,8.449566623636782,501967200
2010-10-06,8.664999961853027,8.748896686638636,8.547245470347162,8.676985436850533,670868800
2010-10-07,8.665905952453613,8.703659427698742,8.596691781236931,8.699464508216051,408399600
2010-10-08,8.811217308044434,8.824101290329876,8.689268731505885,8.740504623800046,658403200
2010-10-11,8.849872589111328,8.906203528349828,8.827101784044533,8.831296700803676,427753200
2010-10-12,8.945155143737793,8.973920285997465,8.763878420565527,8.85137079474164,558544000
2010-10-13,8.993098258972168,9.047630586506807,8.982910602143104,8.994896080765532,630092400
2010-10-14,9.058117866516113,9.062911257647384,9.000887608758024,9.03954037550009,435296400
2010-10-15,9.430554389953613,9.43834494821852,9.136018161005406,9.211824285414037,922194000
2010-10-18,9.528237342834473,9.558199437510327,9.417074035101638,9.542319879375535,1093010800
2010-10-19,9.2732515335083,9.401492947632795,8.989502142875837,9.090777031615996,1232784000
2010-10-20,9.304413795471191,9.415876350319536,9.194749862578753,9.258570538261456,721624400
2010-10-21,9.274151802062988,9.430558305521714,9.192652143495982,9.35924630430027,551460000
2010-10-22,9.212726593017578,9.289731289901919,9.177670269568974,9.260666905430986,372778000
2010-10-25,9.253775596618652,9.336472995049604,9.241790118542282,9.26126692046572,392462000
2010-10-26,9.230106353759766,9.280743803291331,9.15819427857375,9.194749990176836,392929600
2010-10-27,9.22351360321045,9.285536452940912,9.156695762078723,9.218120137995044,399002800
2010-10-28,9.14590835571289,9.228605743848492,9.01586913516808,9.227107159226176,551051200
2010-10-29,9.018265724182129,9.165084616727931,9.014969317964786,9.11564572435515,430511200
2010-11-01,9.114145278930664,9.156692913405717,9.054818780215205,9.055418053941592,423889200
2010-11-02,9.269352912902832,9.294222371799309,9.19864101547299,9.19864101547299,433930000
2010-11-03,9.372427940368652,9.374825035603122,9.24448578257371,9.32958026310177,508348400
2010-11-04,9.536328315734863,9.59355777984806,9.439247532578074,9.451832285975854,642488000
2010-11-05,9.502167701721191,9.575277510655132,9.49078229875838,9.527936477070686,361253200
2010-11-08,9.54681396484375,9.581271013551905,9.491082292879431,9.504266318528737,281758400
2010-11-09,9.470706939697266,9.6271142115273,9.423365906539164,9.619622888478755,383544000
2010-11-10,9.529135704040527,9.55130803779995,9.394900753411932,9.48748656886996,384227200
2010-11-11,9.487786293029785,9.540221551935973,9.415874234997112,9.438346603113843,361284000
2010-11-12,9.22950553894043,9.483292040190069,9.097669278659941,9.468310992473535,795846800
2010-11-15,9.199843406677246,9.304713949366501,9.17677175926981,9.242391057732615,403606000
2010-11-16,9.036542892456055,9.216620277798059,8.968526512910564,9.160290137984852,657650000
2010-11-17,9.003887176513672,9.108457700223235,8.921788230031641,9.024860968632256,479449600
2010-11-18,9.24148941040039,9.27864358642355,9.129428408621042,9.144708690587798,494491200
2010-11-19,9.190555572509766,9.240593750803201,9.145910860156146,9.22770975999637,384843200
2010-11-22,9.389205932617188,9.389205932617188,9.164783131952145,9.18905251672534,393075200
2010-11-23,9.250479698181152,9.340969262529226,9.18546047629233,9.302016456641537,519447600
2010-11-24,9.432353973388672,9.45033218812819,9.340967515474425,9.34845723813471,413725200
2010-11-26,9.438345909118652,9.519246268370624,9.376622310624953,9.400592461474298,237585600
2010-11-29,9.494378089904785,9.51265474232472,9.329881017237922,9.453328230908276,445785200
2010-11-30,9.322991371154785,9.419172841124473,9.314601535746489,9.39460260885732,501858000
2010-12-01,9.480295181274414,9.520744964725743,9.43834681319605,9.446436609866602,461750800
2010-12-02,9.532731056213379,9.558198995529924,9.435051015640964,9.51415356625105,462837200
2010-12-03,9.511454582214355,9.547709441079055,9.47849532866521,9.49857059765588,342092800
2010-12-06,9.592657089233398,9.657976337067803,9.540820302542045,9.547412314728716,448481600
2010-12-07,9.534530639648438,9.70771601941701,9.531834306785624,9.702024116750525,391454000
2010-12-08,9.618425369262695,9.61872540626404,9.5015701583738,9.5770762699841,321935600
2010-12-09,9.580970764160156,9.663068878549838,9.558797632456802,9.651983512846018,294151200
2010-12-10,9.604940414428711,9.619622222441421,9.546212382279338,9.577673856648593,262511200
2010-12-13,9.638197898864746,9.739773596896665,9.618123428870726,9.719099053068627,439815600
2010-12-14,9.596850395202637,9.664267495813709,9.558197636150156,9.639997307589782,351008000
2010-12-15,9.59894847869873,9.678050219816043,9.563891361530914,9.588160750225715,417312000
2010-12-16,9.625612258911133,9.666362065670267,9.591155225318845,9.620818069869081,322030800
2010-12-17,9.606440544128418,9.641796903825236,9.595054340126485,9.637002712666527,386929200
2010-12-20,9.654379844665527,9.68554208393432,9.535127552473478,9.636102392836003,385610400
2010-12-21,9.714006423950195,9.719699125325205,9.649586487026951,9.678050794000574,256354000
2010-12-22,9.74277400970459,9.75955368264369,9.694533650152941,9.718803848461862,265921600
2010-12-23,9.69603157043457,9.742474104701062,9.683147579646347,9.7379799498071,223157200
2010-12-27,9.728384971618652,9.75115736976845,9.633702137501272,9.673553434214263,249816000
2010-12-28,9.752056121826172,9.78771170095041,9.739771413050622,9.765239340954393,175924000
2010-12-29,9.74666976928711,9.78142686341282,9.740976265873316,9.774534811922319,163139200
2010-12-30,9.69782543182373,9.753256253240218,9.679547982567982,9.752357742667892,157494400
2010-12-31,9.66486644744873,9.692432240519455,9.627412237213722,9.676551885808175,193508000
2011-01-03,9.874913215637207,9.895587774103614,9.733188477270774,9.757158643567024,445138400
2011-01-04,9.926443099975586,9.9626979613231,9.832358722408099,9.960900140091933,309080800
2011-01-05,10.00763988494873,10.017827536548953,9.872806520044852,9.874305104152857,255519600
2011-01-06,9.999555587768555,10.045098804351925,9.97468612076,10.029218445918511,300428800
2011-01-07,10.0711669921875,10.07805824216416,9.944722596354287,10.007345520355589,311931200
2011-01-10,10.260834693908691,10.284205580852856,10.102630351342563,10.15236849536461,448560000
2011-01-11,10.236568450927734,10.336044769630853,10.171548399134855,10.333648472884164,444108000
2011-01-12,10.31985855102539,10.320158588011592,10.247348812594923,10.28480302965633,302590400
2011-01-13,10.357608795166016,10.386373932192775,10.302777252954712,10.342028479374903,296780400
2011-01-14,10.441507339477539,10.441507339477539,10.320457233689064,10.363903383532547,308840000
2011-01-18,10.206894874572754,10.33004281485007,9.767936907406611,9.873406674261883,1880998000
2011-01-19,10.152663230895996,10.44510160235148,10.093936007139058,10.437610280879596,1135612800
2011-01-20,9.968095779418945,10.136487774471965,9.891390306911852,10.080456855105407,764789200
2011-01-21,9.789511680603027,10.03400976312476,9.786814548753686,10.000750470972507,754401200
2011-01-24,10.111017227172852,10.111017227172852,9.789513606802503,9.794008560736357,574683200
2011-01-25,10.22936725616455,10.230566603619097,10.024720495736407,10.077455779309908,546868000
2011-01-26,10.30278205871582,10.355217330731854,10.232369367770827,10.276114767207421,506875600
2011-01-27,10.28360366821289,10.327949134714721,10.272218264724916,10.300682573543483,285026000
2011-01-28,10.070564270019531,10.319258078882338,9.99356039249722,10.3123668307178,592057200
2011-01-31,10.167048454284668,10.188622315311905,10.016634701504872,10.06157864511424,377246800
2011-02-01,10.33813762664795,10.356714318114056,10.216787457900724,10.226375840643845,426633200
2011-02-02,10.316861152648926,10.344726182691085,10.293789512648473,10.32075683218708,258955200
2011-02-03,10.290494918823242,10.31446587374502,10.143976057307713,10.301281848538043,393797600
2011-02-04,10.382184028625488,10.388176768399202,10.292594569255384,10.296489450058914,321840400
2011-02-07,10.543384552001953,10.58443281540459,10.416340880857641,10.423831404831903,485021600
2011-02-08,10.642861366271973,10.65244974951196,10.551474888861414,10.597318146079502,381040800
2011-02-09,10.731551170349121,10.75672067367873,10.632973415986756,10.64256099810891,482745200
2011-02-10,10.623085021972656,10.786683593608615,10.427126460363368,10.708480351181294,928550000
2011-02-11,10.692298889160156,10.720763195957261,10.593121070472028,10.62937673716317,367572800
2011-02-14,10.762115478515625,10.771103788536212,10.688107138779621,10.69050423481146,310416400
2011-02-15,10.783682823181152,10.78578068114574,10.713270164838846,10.762409007231335,284174800
2011-02-16,10.880468368530273,10.93350210957328,10.801665049134828,10.810653357729317,481157600
2011-02-17,10.73574447631836,10.79477174535822,10.682409908318398,10.704283802026033,530583200
2011-02-18,10.50383186340332,10.771700869743892,10.47266962364779,10.748029953055811,816057200
2011-02-22,10.145772933959961,10.349221994367046,10.119106449241118,10.251841999313772,872555600
2011-02-23,10.2659273147583,10.326451581680182,10.145774891468335,10.150569883029856,671854400
2011-02-24,10.273712158203125,10.341728516877211,10.138579551471448,10.307870756025414,499900800
2011-02-25,10.431921005249023,10.440010802371566,10.331245396295161,10.345027895081921,380018800
2011-02-28,10.583234786987305,10.638366386141557,10.52061186395877,10.524207507394744,403074000
2011-03-01,10.466376304626465,10.658439145611599,10.417536692966285,10.650948623604414,456136800
2011-03-02,10.550576210021973,10.61739405958093,10.439113648475033,10.485856219471822,602590800
2011-03-03,10.773500442504883,10.780391692752469,10.664434985927658,10.702488480996207,500788400
2011-03-04,10.786684036254883,10.795373107970342,10.719266920986348,10.788781094907389,453266800
2011-03-07,10.647655487060547,10.836722003066221,10.526305321950923,10.828631405319888,546123200
2011-03-08,10.659642219543457,10.70878188900131,10.55447162945885,10.634173473786056,356316800
2011-03-09,10.561058044433594,10.629673683080549,10.50502795361155,10.627575825076931,453306000
2011-03-10,10.387276649475098,10.48016250854559,10.334242106750837,10.460685705746515,507539200
2011-03-11,10.546676635742188,10.55656505294995,10.337236454850437,10.347123271861223,471080400
2011-03-14,10.593719482421875,10.681211854347914,10.526303182230858,10.582333280570245,435957200
2011-03-15,10.350123405456543,10.422333914839639,10.190420501200645,10.250346294886935,721081200
2011-03-16,9.888090133666992,10.277310050959692,9.775729100776479,10.247347162195455,1162011200
2011-03-17,10.026822090148926,10.175738054204947,9.907568984064627,10.092440582106493,659422400
2011-03-18,9.907867431640625,10.133488836905132,9.8877921575921,10.101428085783278,753214000
2011-03-21,10.166448593139648,10.179631818462791,10.045397669108278,10.067271565880105,409402000
2011-03-22,10.223379135131836,10.265927585486363,10.161655518617797,10.264129763640398,325922800
2011-03-23,10.163150787353516,10.19401218549125,10.066070039545776,10.1658471191933,372996400
2011-03-24,10.33634090423584,10.367203114423363,10.153267102305787,10.242856562843665,404712000
2011-03-25,10.533190727233887,10.548771039980673,10.397757300491142,10.429218762917536,448910000
2011-03-28,10.500234603881836,10.616492119887635,10.500234603881836,10.581435002937585,309355200
2011-03-29,10.515817642211914,10.515817642211914,10.368999536162164,10.416939848305429,352900800
2011-03-30,10.446001052856445,10.513418951677911,10.410345463823669,10.506226866366548,329406000
2011-03-31,10.442407608032227,10.481059571077147,10.368998561904768,10.377986869525431,274019200
2011-04-01,10.324055671691895,10.534696082738886,10.286302209684878,10.520314306797374,418661600
2011-04-04,10.223078727722168,10.325252924022708,10.139482021702927,10.31656385281142,460084800
2011-04-05,10.15416431427002,10.254839930605533,10.067571234735414,10.097234893157868,482731200
2011-04-06,10.128695487976074,10.304278741201868,10.10172896241822,10.223978438431784,402539200
2011-04-07,10.129892349243164,10.200304215272146,10.068467189264334,10.130490822901063,373447200
2011-04-08,10.039405822753906,10.191917426888052,10.006147322099983,10.185026177221667,377535200
2011-04-11,9.911767959594727,10.057686813789257,9.88839706796961,10.009446445122597,398946800
2011-04-12,9.959702491760254,9.999552995966448,9.893783179393637,9.902472248714801,425639200
2011-04-13,10.071466445922852,10.071765682813831,9.963299510721388,10.038207145598944,346220000
2011-04-14,9.960304260253906,10.067571896635542,9.94951812929006,10.031616259859023,301800800
2011-04-15,9.811681747436523,9.996853287877839,9.791906518891494,9.986665636758568,453605600
2011-04-18,9.943222999572754,9.954609201888532,9.592955860945738,9.770936180862826,609898800
2011-04-19,10.123300552368164,10.12689539488407,9.939027468823577,9.980676595724418,419378400
2011-04-20,10.259631156921387,10.359707470427114,10.232365402111279,10.292590412266406,700666400
2011-04-21,10.508025169372559,10.640761514667004,10.442705925891586,10.636865834948868,753810400
2011-04-25,10.57724380493164,10.599416943136697,10.496043377328897,10.497242725438788,266546000
2011-04-26,10.499634742736816,10.636565186324637,10.467573998997656,10.595516136948836,338800000
2011-04-27,10.49154281616211,10.557462116422364,10.400156386463653,10.554165711355276,356213200
2011-04-28,10.389674186706543,10.47956207282342,10.352819241286129,10.37289451722438,360959200
2011-04-29,10.490949630737305,10.605407753206393,10.387276839021307,10.390573245749998,1006345200
2011-05-02,10.375588417053223,10.501133471433057,10.35221754013855,10.479260378893061,442713600
2011-05-03,10.433117866516113,10.483755303623344,10.355813144749874,10.42682589152186,313348000
2011-05-04,10.474167823791504,10.54188416519258,10.39356669522291,10.43491578866661,389250400
2011-05-05,10.389674186706543,10.515518507428055,10.368699599853837,10.43911228404122,335969200
2011-05-06,10.38697624206543,10.487052576928884,10.373492980192077,10.477764232098137,280134400
2011-05-09,10.415140151977539,10.463081255590582,10.383079403919691,10.422929911232142,204747200
2011-05-10,10.47057056427002,10.477761848993156,10.386973879609636,10.453790899916033,282091600
2011-05-11,10.404054641723633,10.487052873983972,10.3444288908899,10.4576892539526,336000000
2011-05-12,10.384278297424316,10.400758727423412,10.255438427400307,10.370795836704112,322000000
2011-05-13,10.202404975891113,10.374691829319163,10.19791082148905,10.357014448624982,326116000
2011-05-16,9.986669540405273,10.22397717629535,9.965694956372818,10.163452119713119,449775200
2011-05-17,10.071765899658203,10.071765899658203,9.909665911910137,9.947719404098123,452334400
2011-05-18,10.183527946472168,10.218884307013674,10.06757124539592,10.081653782211738,334776400
2011-05-19,10.203300476074219,10.259630603962886,10.147568821790186,10.249742987911977,261170000
2011-05-20,10.04419994354248,10.21588831090098,10.038207204701209,10.174239176003471,337968400
2011-05-23,10.019628524780273,10.066970355907324,9.87041334584043,9.886892975648166,383600000
2011-05-24,9.953415870666504,10.06457921970904,9.927947120609124,10.052593737305813,321927200
2011-05-25,10.090937614440918,10.144272168402466,9.97318314430454,9.990561279798763,294224000
2011-05-26,10.03760814666748,10.094238329787304,10.020529240651914,10.066672530623325,222560800
2011-05-27,10.109817504882812,10.116409517002644,10.016932461671814,10.031614270434881,203599200
2011-05-31,10.42203426361084,10.42203426361084,10.217386606465471,10.220383776369319,417754400
2011-06-01,10.35251522064209,10.550870007958832,10.32674805262131,10.453191598597524,554682800
2011-06-02,10.370196342468262,10.426527284256094,10.31626329617845,10.382181819465375,338783200
2011-06-03,10.290494918823242,10.347125099677998,10.24764803704851,10.282705158572293,313250000
2011-06-06,10.128695487976074,10.398662380753027,10.12180423813541,10.358212592416246,461941200
2011-06-07,9.9489164352417,10.134088054503723,9.94472151828932,10.132590269927173,529785200
2011-06-08,9.954906463623047,10.031611895387076,9.9072662057371,9.941123968915972,333723600
2011-06-09,9.9324369430542,9.997756188194108,9.910263812068244,9.985171438175053,275088800
2011-06-10,9.764942169189453,9.93752900234171,9.753255931445562,9.904269710490698,433955200
2011-06-13,9.785917282104492,9.837153992671867,9.740074035822927,9.80389469629198,329473200
2011-06-14,9.960906028747559,9.985176229667061,9.86712163265801,9.887796188989517,334569200
2011-06-15,9.790412902832031,9.89678121092729,9.734381197871905,9.880301580091464,399196000
2011-06-16,9.74277400970459,9.848243839310976,9.538127127893402,9.794910050523665,510591200
2011-06-17,9.595952033996582,9.865320426153374,9.568985511123218,9.857529866183699,615020000
2011-06-20,9.4479341506958,9.519246128520974,9.303512373750777,9.509058474517811,640645600
2011-06-21,9.746964454650879,9.761945498515093,9.444338407490838,9.488683865521923,493382400
2011-06-22,9.666363716125488,9.854831704578189,9.659471668151625,9.742769116783041,390583200
2011-06-23,9.92464828491211,9.938430785093974,9.5318334280511,9.556402058788619,559759200
2011-06-24,9.778427124023438,9.982175426268547,9.740673672714061,9.928841655429068,439807200
2011-06-27,9.9489164352417,10.004648103224708,9.805393948528998,9.815581603984775,339813600
2011-06-28,10.045395851135254,10.088542762790272,9.990863537866,9.997155512447472,294299600
2011-06-29,10.008842468261719,10.078655867730111,9.944121696092497,10.068768249794033,352545200
2011-06-30,10.0576810836792,10.07146518130081,9.972886640566927,10.028617504267487,322954800
2011-07-01,10.285100936889648,10.292291422346693,10.013635507856502,10.066070764884756,435313200
2011-07-05,10.469972610473633,10.481958086523182,10.262329438555673,10.277310483519074,355054000
2011-07-06,10.539785385131836,10.609899615778197,10.38847235939491,10.455589421107533,444626000
2011-07-07,10.702786445617676,10.726756600224084,10.6069042269948,10.626980301609573,399663600
2011-07-08,10.777989387512207,10.786679255474901,10.552967332873404,10.587125130779981,489633200
2011-07-11,10.606902122497559,10.779789798660065,10.571545771421254,10.677016350999907,442674400
2011-07-12,10.59941291809082,10.71716741511765,10.445701994385646,10.592820106434623,451609200
2011-07-13,10.727354049682617,10.78668054786576,10.678213604559794,10.736641592210635,391638800
2011-07-14,10.719867706298828,10.834925913869133,10.677020815496666,10.816947693889961,430533600
2011-07-15,10.934100151062012,10.936497246443338,10.761813321071418,10.8217391054074,484467200
2011-07-18,11.200172424316406,11.22564036324685,10.944887360362411,10.94938151426811,572653200
2011-07-19,11.291556358337402,11.345489389697276,11.18578655336396,11.326013395017682,819145600
2011-07-20,11.592686653137207,11.873440442830944,11.565720130782234,11.868946289137973,941340400
2011-07-21,11.6043701171875,11.687366722763658,11.502795227155302,11.594182464475237,526534400
2011-07-22,11.784452438354492,11.83688770814117,11.618157519862782,11.635236427163601,516728800
2011-07-25,11.940258026123047,11.985201962411747,11.674186050816934,11.696058345092192,589806000
2011-07-26,12.087377548217773,12.120037575130368,11.975615768225465,11.985203350354169,476582400
2011-07-27,11.763178825378418,12.064307185875316,11.749994798414447,12.002882805850374,659324400
2011-07-28,11.740105628967285,11.89501432490723,11.629542399591763,11.734113690327664,594034000
2011-07-29,11.69995403289795,11.839881669573643,11.50579411573902,11.614859550722823,632584400
2011-08-01,11.88782024383545,11.97021757622557,11.75658170544806,11.918681638857509,612836000
2011-08-02,11.652912139892578,11.922279719069381,11.636133273166555,11.914789196429115,639539600
2011-08-03,11.762578010559082,11.79194163030627,11.45306065536616,11.714936137593241,732508000
2011-08-04,11.307141304016113,11.725124868504174,11.306542030086762,11.667896208497977,871407600
2011-08-05,11.19477653503418,11.490812178556784,10.863686176094355,11.399124891376351,1204590800
2011-08-08,10.583234786987305,11.019495789269376,10.57754128483101,10.83732052234007,1143833600
2011-08-09,11.206462860107422,11.22444107345735,10.636865535330665,10.825632775012394,1082583600
2011-08-10,10.897246360778809,11.22564043761391,10.86159076598081,11.120769911598222,878656800
2011-08-11,11.197173118591309,11.24960836750081,10.928104826404239,11.10189019993006,741969200
2011-08-12,11.295753479003906,11.375154457283326,11.213055294671529,11.328112664057493,528976000
2011-08-15,11.488118171691895,11.53486073865827,11.328714504916057,11.374857797945703,460544000
2011-08-16,11.400328636169434,11.486922541876844,11.267892262903311,11.431490888795738,498750000
2011-08-17,11.399126052856445,11.521374714755192,11.326016245211674,11.455156956259563,442061200
2011-08-18,10.967957496643066,11.165714657517576,10.827730622683104,11.111480776673456,851435200
2011-08-19,10.667731285095215,10.996426261062416,10.666832774177944,10.8517043957767,775888400
2011-08-22,10.680017471313477,10.932906324140847,10.639567672395696,10.921819353976996,535315200
2011-08-23,11.194180488586426,11.195379036393724,10.696794349939246,10.7956721437453,656835200
2011-08-24,11.271488189697266,11.354784883940132,11.104293926952336,11.190287754521101,626267600
2011-08-25,11.197773933410645,11.249609915750666,10.93649616341033,10.938893258554273,871346000
2011-08-26,11.493208885192871,11.499800096382394,11.110280957720574,11.121367122110236,641477200
2011-08-29,11.684676170349121,11.730520230179177,11.625649683038873,11.631042348808263,405269200
2011-08-30,11.685273170471191,11.74070480318154,11.57201280957554,11.63313714398959,417922400
2011-08-31,11.530662536621094,11.747894076166922,11.441672382611808,11.702650106979362,522586400
2011-09-01,11.416804313659668,11.605870809357377,11.40751596920272,11.560327597782011,343725200
2011-09-02,11.207664489746094,11.326018293168717,11.141146682256123,11.228338240635992,438939200
2011-09-06,11.378150939941406,11.3958283158548,10.980840434874631,11.007507717358266,509698000
2011-09-07,11.50369644165039,11.553734602812234,11.445866921144223,11.552536055235956,350576800
2011-09-08,11.509989738464355,11.643924645152994,11.455157380699113,11.457853713006195,416158400
2011-09-09,11.310436248779297,11.565720508896883,11.236726365095066,11.503697665472465,564813200
2011-09-12,11.384145736694336,11.412310008536409,11.143242440268843,11.176202503293593,467832400
2011-09-13,11.524368286132812,11.572008540877341,11.393428994361138,11.450059153919153,440560400
2011-09-14,11.664596557617188,11.751788889840503,11.558527501918784,11.59628094886896,534724400
2011-09-15,11.774262428283691,11.795237012065881,11.68257593376009,11.72841918102189,417818800
2011-09-16,12.000185012817383,12.000185012817383,11.836287996257022,11.851569081166108,698513200
2011-09-19,12.333670616149902,12.381611719026292,11.841379601503334,11.895311842054557,823860800
2011-09-20,12.388209342956543,12.67016178682268,12.320492974523752,12.442142408039755,775754000
2011-09-21,12.34895133972168,12.632101376776799,12.344756423604762,12.573673388153123,605976000
2011-09-22,12.039735794067383,12.27944055154829,11.886325677394044,12.016065675355675,968480800
2011-09-23,12.114045143127441,12.187154959265824,11.980709499745753,11.993593488640828,546277200
2011-09-26,12.08018970489502,12.10445990427668,11.724528951307123,11.98101184820772,812876400
2011-09-27,11.963032722473145,12.26236247188038,11.92707708409197,12.246782148637838,632497600
2011-09-28,11.895612716674805,12.097263146059674,11.880630071849303,11.990894048744368,429637600
2011-09-29,11.702652931213379,12.05142234622766,11.572013618986677,12.042733274572505,651086800
2011-09-30,11.425493240356445,11.652313985061083,11.4212983235355,11.599278651016999,547640800
2011-10-03,11.224143028259277,11.465046346478417,11.181296942697545,11.397030755966245,669099200
2011-10-04,11.16121768951416,11.439873585653993,10.614094351199139,11.223241323198726,1233677200
2011-10-05,11.33350658416748,11.380547575866153,10.795669965588377,11.022190654872343,786469600
2011-10-06,11.307141304016113,11.529167094198836,11.140247115136212,11.186090370583457,812582400
2011-10-07,11.080321311950684,11.318227460987513,11.041070069763304,11.259500216163962,535458000
2011-10-10,11.649914741516113,11.649914741516113,11.33230684842798,11.358674893965482,442514800
2011-10-11,11.993890762329102,12.080484627191542,11.730516725298143,11.762576673787347,605687600
2011-10-12,12.050823211669922,12.262361303886477,11.989398835265531,12.205132645003866,622286000
2011-10-13,12.237789154052734,12.237789154052734,12.070594979523989,12.134415633146139,426185200
2011-10-14,12.644392013549805,12.644392013549805,12.442739921778271,12.489483291742152,573367200
2011-10-17,12.5841646194458,12.785216612223188,12.462813655020902,12.63659988551391,686044800
2011-10-18,12.651580810546875,12.728586305754352,12.464312119271732,12.637198237095271,881602400
2011-10-19,11.943855285644531,12.237492296208643,11.919285055706702,12.025654172873809,1104059600
2011-10-20,11.844675064086914,11.995688866438979,11.81171660416083,11.985201974630876,549270400
2011-10-21,11.771564483642578,11.959433213539848,11.708043063054589,11.928271777026843,621244400
2011-10-24,12.158085823059082,12.17995811187274,11.847370026010479,11.87074089904874,502138000
2011-10-25,11.91838264465332,12.181458218037749,11.90669800677268,12.135914213512981,430427200
2011-10-26,12.003182411193848,12.061610419352947,11.779957272306818,12.037938699015053,456304800
2011-10-27,12.125727653503418,12.254869156961584,12.041831721926021,12.211721443426905,494664800
2011-10-28,12.13351821899414,12.175466584853202,12.060408415665114,12.075090223701006,322842800
2011-10-31,12.128426551818848,12.264758560620587,12.01666397225924,12.057713833425607,385501200
2011-11-01,11.880629539489746,11.970218966696413,11.78205180594816,11.90759685878994,531790000
2011-11-02,11.90759563446045,11.998383599856822,11.838679958988731,11.987896710145353,327350800
2011-11-03,12.077190399169922,12.087078018707693,11.846175505821552,11.95733801659188,441386400
2011-11-04,11.992392539978027,12.088273945189329,11.960032555717982,12.046026343535646,302229200
2011-11-07,11.97711181640625,11.985202413327366,11.869245725176315,11.982506081086052,270275600
2011-11-08,12.17187213897705,12.224907475389397,12.031945293502202,12.051421293848419,400442000
2011-11-09,11.843778610229492,12.011871345605758,11.812317929341635,11.894416056701141,558684000
2011-11-10,11.54234790802002,11.90160412763604,11.450361385714453,11.896210663773068,744752400
2011-11-11,11.524368286132812,11.646616909865676,11.39372903123414,11.583994013830887,653786000
2011-11-14,11.363770484924316,11.543249410443424,11.332009769577084,11.491412620189582,432905200
2011-11-15,11.6505126953125,11.670587162546028,11.369459752764758,11.409909524205899,430810800
2011-11-16,11.5288667678833,11.719731095803118,11.51538270569772,11.663100914978738,349210400
2011-11-17,11.308335304260254,11.52316972089573,11.251105867170006,11.505191510245107,479900400
2011-11-18,11.234328269958496,11.3856413036526,11.232530448562803,11.353581355577203,371938000
2011-11-21,11.056647300720215,11.136648341811338,10.963761474645429,11.098294823866922,447980400
2011-11-22,11.281371116638184,11.32391875719395,11.114476960430567,11.116874055678696,409021200
2011-11-23,10.996123313903809,11.261295978148322,10.992826907849084,11.22144466922265,428271200
2011-11-25,10.89365005493164,11.12076923512325,10.886158732030061,11.038970357822608,254760800
2011-11-28,11.269684791564941,11.287663005789222,11.096199424842615,11.156724479200609,346413200
2011-11-29,11.182195663452148,11.35088767673537,11.092306972952144,11.261298223155329,375855200
2011-11-30,11.451858520507812,11.454255615422055,11.335002543733784,11.424592766005954,405938400
2011-12-01,11.623549461364746,11.655609412916215,11.408414944945566,11.462048755584476,387181200
2011-12-02,11.676581382751465,11.794335870216594,11.643022854008473,11.68047626194277,379055600
2011-12-05,11.775761604309082,11.87763656594953,11.697259124600656,11.790144177745,357210000
2011-12-06,11.71403694152832,11.824301727770697,11.666995945386171,11.760779500898675,283598000
2011-12-07,11.658307075500488,11.713738710250713,11.588492867371269,11.683475778815074,304746400
2011-12-08,11.705350875854492,11.850371981810927,11.692466885050337,11.729021798536039,376356400
2011-12-09,11.794035911560059,11.806620659959098,11.716431963345418,11.770965072976148,296993200
2011-12-12,11.740700721740723,11.802424308566431,11.669089519567395,11.73590653245743,301067200
2011-12-13,11.649914741516113,11.84737184572311,11.59867803499437,11.775459794355674,338928800
2011-12-14,11.391633987426758,11.607068516443483,11.316427126311162,11.586693207389262,406887600
2011-12-15,11.354179382324219,11.49800187778923,11.335302659791974,11.48571716631718,256200000
2011-12-16,11.41650390625,11.510288258781511,11.37305775447197,11.396728670299543,421478400
2011-12-19,11.45216178894043,11.531264343234369,11.400324996842077,11.459952349610024,235530400
2011-12-20,11.863850593566895,11.868345546802267,11.603472146388743,11.618453190244049,337215200
2011-12-21,11.87883472442627,11.904303464001686,11.745798324800038,11.886025210809917,262948000
2011-12-22,11.941757202148438,11.95913614494805,11.868348150913938,11.89531387575052,202358800
2011-12-23,12.084982872009277,12.09277343412863,11.96992466254296,11.975917402634769,269399200
2011-12-27,12.18086051940918,12.25756596849654,12.07568996380069,12.078087859189392,265076000
2011-12-28,12.064303398132324,12.232395288605298,12.025351403521533,12.191646272798717,228662000
2011-12-29,12.138615608215332,12.154496769132065,12.00048735291261,12.087079644843447,215978000
2011-12-30,12.135017395019531,12.173370119951594,12.089773421107813,12.090371894837848,179662000
2012-01-03,12.32168960571289,12.359743102469352,12.254872558812515,12.26685803812144,302220800
2012-01-04,12.387904167175293,12.425059143400807,12.26325841507097,12.284831472135627,260022000
2012-01-05,12.525439262390137,12.541019587021268,12.364837023261211,12.433153462362997,271269600
2012-01-06,12.656373977661133,12.666860869905097,12.561091836549576,12.577571467246832,318292800
2012-01-09,12.636298179626465,12.816675599093925,12.62491197703761,12.749259294537902,394024400
2012-01-10,12.681541442871094,12.764239625267923,12.629405423508265,12.761542493177561,258196400
2012-01-11,12.660868644714355,12.669857752758704,12.563788678131258,12.664763524817594,215084800
2012-01-12,12.62610912322998,12.67135309150542,12.547006587905663,12.652776405231473,212587200
2012-01-13,12.578767776489258,12.597944537346978,12.544310734470795,12.575472970864588,226021600
2012-01-17,12.725288391113281,12.76394115263409,12.673152368628932,12.71030654554348,242897200
2012-01-18,12.857427597045898,12.868213727543075,12.77323161125265,12.793006850579717,276791200
2012-01-19,12.816676139831543,12.925141505517818,12.779521961493671,12.888587401124289,261738400
2012-01-20,12.593451499938965,12.809185291819036,12.576971868618902,12.808886054934359,413974400
2012-01-23,12.806489944458008,12.83765218798963,12.653379059857286,12.664465227218233,306062400
2012-01-24,12.596748352050781,12.737275278719398,12.570980374914475,12.737275278719398,547638000
2012-01-25,13.38327693939209,13.616688111688084,13.295485317431393,13.616388874801537,958314000
2012-01-26,13.322452545166016,13.447097509088257,13.277807842194026,13.434214321087486,323985200
2012-01-27,13.40185546875,13.437811103743105,13.296685696451915,13.313763802972483,299709200
2012-01-30,13.573540687561035,13.600207972238378,13.345222965085924,13.354810546012674,379341200
2012-01-31,13.677510261535645,13.730244750683786,13.575336088675746,13.650842980041068,391683600
2012-02-01,13.668821334838867,13.752718059474761,13.649646175074006,13.735339920857854,270046000
2012-02-02,13.636756896972656,13.698180435743911,13.602599104642028,13.660127765378393,186796400
2012-02-03,13.773388862609863,13.782977239986348,13.649941704280621,13.702077706167005,286599600
2012-02-06,13.901927947998047,13.932190860781663,13.729042737700784,13.73443539929558,249412800
2012-02-07,14.04755973815918,14.075126341191387,13.920216017876882,13.940292096221462,316223600
2012-02-08,14.28276538848877,14.286060194259308,14.07362283161746,14.097593783750868,407890000
2012-02-09,14.77685546875,14.884123082378935,14.3990217257655,14.405014463973579,884214800
2012-02-10,14.784348487854004,14.910192811078714,14.638428088193029,14.710640195744388,631302000
2012-02-13,15.059404373168945,15.096258506389905,14.894307265496414,14.967417058323438,517216000
2012-02-14,15.26495361328125,15.267949182525927,15.041430060961382,15.12113108519731,460398400
2012-02-15,14.911689758300781,15.769228997825866,14.888317279065065,15.408774993805567,1506120000
2012-02-16,15.047715187072754,15.128016248724308,14.580891457158716,14.726811777411866,944552000
2012-02-17,15.04501724243164,15.214308414670198,14.99048415115314,15.074680082099166,535805200
2012-02-21,15.426465034484863,15.426465034484863,15.10496119816991,15.187659444994472,605595200
2012-02-22,15.372224807739258,15.44563387346268,15.253270917413763,15.373423355755103,483302400
2012-02-23,15.47259521484375,15.515742928944151,15.266150588989975,15.433343980636332,568027600
2012-02-24,15.652975082397461,15.667656892918481,15.540015552534864,15.570876958279648,415072000
2012-02-27,15.753351211547852,15.835449330198358,15.469301802259615,15.620014777739186,547582000
2012-02-28,16.042491912841797,16.042491912841797,15.756045446244952,15.819267630007458,600387200
2012-02-29,16.253137588500977,16.408047926847427,16.051187838686012,16.226771131065725,952011200
2012-03-01,16.3139591217041,16.42602254194392,16.14317005911474,16.424822393935468,683270000
2012-03-02,16.33523178100586,16.383770561222633,16.25552916125057,16.307066710930513,431712400
2012-03-05,15.975075721740723,16.404144550586256,15.760538907022418,16.3424217510031,809124400
2012-03-06,15.888187408447266,15.990960098398997,15.467506664508297,15.690431790391763,810238800
2012-03-07,15.901061058044434,16.113498340102186,15.679633872248267,16.084134734975827,798520800
2012-03-08,16.239648818969727,16.269610907520907,15.94391321176397,16.020917891600536,516457200
2012-03-09,16.334930419921875,16.41193509726481,16.273206023197943,16.306165279655122,418919200
2012-03-12,16.539581298828125,16.539581298828125,16.389764430317218,16.449091743827022,407282400
2012-03-13,17.021987915039062,17.024385010981767,16.651943829822148,16.705579251589597,690855200
2012-03-14,17.66558837890625,17.819597745697653,17.24071205390294,17.320115432706356,1418844000
2012-03-15,17.54513168334961,17.978096879636844,17.335091476750705,17.966111407041243,1159718000
2012-03-16,17.545433044433594,17.654198421063395,17.318613148738564,17.51996431213346,825487600
2012-03-19,18.010765075683594,18.030839551254697,17.649710950726767,17.92896618829869,901236000
2012-03-20,18.156391143798828,18.184554624516302,17.722526322555076,17.963128858561774,816662000
2012-03-21,18.052703857421875,18.2669397725392,18.02004544590994,18.059895140744658,644042000
2012-03-22,17.958024978637695,18.112634396814936,17.84386533610173,17.911281628837187,623870800
2012-03-23,17.85944938659668,18.031736207533076,17.810009697004322,17.992484972874514,430488800
2012-03-26,18.18694496154785,18.192039989347705,17.835780091665416,17.971510416103666,595742000
2012-03-27,18.411666870117188,18.46559991042837,18.159378207985053,18.162973850685603,607129600
2012-03-28,18.505748748779297,18.62050686738698,18.286718601659953,18.528519550254405,655460400
2012-03-29,18.27324104309082,18.47399380417302,18.194439323593844,18.360733434505512,608238400
2012-03-30,17.964319229125977,18.294211050220902,17.916078088972846,18.240577246044285,731038000
2012-04-02,18.536020278930664,18.540214396877175,17.989194349455886,18.032641314875843,598351600
2012-04-03,18.8563175201416,18.94291218503066,18.652269989906667,18.795791665854182,834559600
2012-04-04,18.706212997436523,18.752655541979287,18.487182705275828,18.707411545686618,572980800
2012-04-05,18.98696517944336,19.01632880753596,18.67894472124626,18.786212374955223,641298000
2012-04-09,19.06336212158203,19.17152904272725,18.735867389428353,18.76073605209357,597536800
2012-04-10,18.829952239990234,19.29617608842153,18.756842431348073,19.174226661727197,889725200
2012-04-11,18.76283836364746,19.08254341234346,18.677142989617515,19.062468935335527,696614800
2012-04-12,18.660066604614258,18.91655108713331,18.592050202815738,18.726884458360853,614336800
2012-04-13,18.13450813293457,18.71788876558746,18.082972187225625,18.70020978874487,859644800
2012-04-16,17.38243865966797,18.28582193274815,17.32610852127516,18.27923072088405,1050786800
2012-04-17,18.268444061279297,18.27743236853492,17.136142974865294,17.346783323323,1025528000
2012-04-18,18.227699279785156,18.584559323787353,18.05900645955866,18.388899975326584,954531200
2012-04-19,17.601472854614258,18.119533631373884,17.513980449934973,17.984400143365317,834719200
2012-04-20,17.168209075927734,17.816609183634593,17.091503599217642,17.719528389620873,1030985200
2012-04-23,17.129846572875977,17.278764093223554,16.678005385812906,17.097188155124655,966529200
2012-04-24,16.787670135498047,17.00969585063989,16.62946507201497,16.857483524424875,1076149200
2012-04-25,18.277427673339844,18.517132340616968,18.15757613979964,18.446419647792837,905777600
2012-04-26,18.208507537841797,18.41794921510177,18.041613476860736,18.405363672131607,536068400
2012-04-27,18.067691802978516,18.162975543324148,17.992784973365293,18.12971704539244,406722400
2012-04-30,17.49779510498047,17.92986272031784,17.46843148842902,17.91188450604233,506144800
2012-05-01,17.44236946105957,17.880727581409698,17.415402931731467,17.525366908048692,610999200
2012-05-02,17.557716369628906,17.600263999038592,17.34437974902377,17.385728831123373,427389200
2012-05-03,17.43307876586914,17.7201253795828,17.387535547079604,17.69315885264976,390549600
2012-05-04,16.936586380004883,17.32940111430517,16.934189285051826,17.291049195253134,529992400
2012-05-07,17.06333351135254,17.161912061479462,16.81613824373182,16.82422884092424,460118400
2012-05-08,17.024383544921875,17.123859817582648,16.74123341191285,17.06633112010935,497252000
2012-05-09,17.054344177246094,17.198168308877605,16.80475340597333,16.89014793400007,480704000
2012-05-10,17.09449577331543,17.255097983290455,17.032174486104005,17.21614597863528,333200000
2012-05-11,16.98032569885254,17.21283901471979,16.909613026518358,16.929089015089964,399546000
2012-05-14,16.72595977783203,17.00431585668773,16.707383076810274,16.856299122446057,352626400
2012-05-15,16.574634552001953,16.87576283205727,16.532086912810158,16.82272910163888,476336000
2012-05-16,16.362201690673828,16.686102463889107,16.211187853766752,16.601007162114804,560896000
2012-05-17,15.883993148803711,16.404750245114272,15.883993148803711,16.339130943296674,717220000
2012-05-18,15.891780853271484,16.282198606439554,15.646084949741379,15.99904848339788,732292400
2012-05-21,16.81763458251953,16.825425942160205,16.001742091250325,16.015226952144133,631106000
2012-05-22,16.688501358032227,17.19517514220634,16.55696351052188,17.065434316663538,694870400
2012-05-23,17.095691680908203,17.162808743023508,16.57643256007209,16.70437310956318,584897600
2012-05-24,16.938678741455078,17.273665451554148,16.816129301993975,17.254787934875434,496230000
2012-05-25,16.847900390625,16.95456954701255,16.733441473461955,16.916816090567135,328507200
2012-05-29,17.14692497253418,17.19876174815758,16.93838412321664,17.105876723837156,380508800
2012-05-30,17.353670120239258,17.378239541738417,16.975836454997815,17.0549389828712,529429600
2012-05-31,17.310527801513672,17.423487317763836,17.122659856785337,17.400714912276506,491674400
2012-06-01,16.808950424194336,17.15831995717345,16.79486868567029,17.05374864685438,520987600
2012-06-04,16.907827377319336,17.004008846974063,16.43471299076698,16.824231460834586,556995600
2012-06-05,16.864076614379883,16.973142844614294,16.729244011317125,16.817334858677732,388214400
2012-06-06,17.122663497924805,17.194273935327157,16.944083059416947,17.01209945328048,401455600
2012-06-07,17.13045310974121,17.298245015378214,17.093898198839966,17.297347304600084,379766800
2012-06-08,17.38813018798828,17.39592154751202,17.04894921707622,17.126853211131206,347516400
2012-06-11,17.113971710205078,17.633229309104397,17.097790515860403,17.609858428625362,591264800
2012-06-12,17.26348876953125,17.277271270335774,16.98003939097461,17.212552883880633,435380400
2012-06-13,17.143640518188477,17.333006323406785,17.09030592614421,17.214353258135553,293580000
2012-06-14,17.124752044677734,17.18378010271662,16.99681151322081,17.11606297627741,345573200
2012-06-15,17.20265769958496,17.217339506277334,17.06542641237718,17.108873358808207,335255200
2012-06-18,17.55173110961914,17.614953307009493,17.09000216315126,17.10768114355493,440412000
2012-06-19,17.600576400756836,17.678179589731098,17.471435643585316,17.480423954218534,361404400
2012-06-20,17.550535202026367,17.65570497917378,17.40251693770283,17.624542733990683,358943200
2012-06-21,17.30872917175293,17.624838515261043,17.30183712267784,17.541541853418764,326351200
2012-06-22,17.44146728515625,17.44416361760666,17.241314606879097,17.349780780461288,284471600
2012-06-25,17.10198211669922,17.372548199062738,17.089996642364703,17.29763978457044,304382400
2012-06-26,17.13973617553711,17.213444445042946,16.99890924735052,17.118760794600927,276536400
2012-06-27,17.2137451171875,17.28086218126774,17.136441198806544,17.22872616179373,202997200
2012-06-28,17.050451278686523,17.198768781527395,16.947379359291286,17.128955366334957,282836400
2012-06-29,17.498403549194336,17.498403549194336,17.20626342821212,17.31862452083671,421500800
2012-07-02,17.753686904907227,17.782151222694807,17.48641707413168,17.52027565857442,400092000
2012-07-03,17.960126876831055,17.977805857036348,17.79802848655084,17.82439493811154,241712800
2012-07-05,18.275630950927734,18.407467960014618,17.967311443683673,17.994577195951376,484383200
2012-07-06,18.15398597717285,18.230691429845557,18.02514609979843,18.190241645081592,418930400
2012-07-09,18.39398956298828,18.3942887998579,18.100951857182725,18.136607450384997,379405600
2012-07-10,18.223800659179688,18.5731685067994,18.136906752482215,18.51623829210057,511957600
2012-07-11,18.110538482666016,18.207318397745144,17.894505485719215,18.161175116805634,469322000
2012-07-12,17.944849014282227,18.08177951928913,17.758478805605936,17.984999571142943,428041600
2012-07-13,18.126724243164062,18.193241255052673,17.977808258672002,18.066199971111935,311427200
2012-07-16,18.184846878051758,18.325971452996708,18.12821590577194,18.131213074776745,301260400
2012-07-17,18.185749053955078,18.32238029721472,18.07218785466239,18.3011056745789,293624800
2012-07-18,18.165374755859375,18.22769764221022,18.084473578227218,18.175262375310474,252700000
2012-07-19,18.406877517700195,18.437738925510043,18.15758435886535,18.31578947887617,436861600
2012-07-20,18.106643676757812,18.410468283421697,18.08866546329329,18.36821988182932,397471200
2012-07-23,18.09256362915039,18.154587276721173,17.60956007438348,17.810011990282586,487975600
2012-07-24,18.005373001098633,18.267848578019937,17.93316089358141,18.19893287712149,565132400
2012-07-25,17.227825164794922,17.4025090401869,17.078909257280973,17.212544886258794,877312800
2012-07-26,17.225139617919922,17.390534454870952,17.089706883224828,17.37135768530061,406632800
2012-07-27,17.533153533935547,17.55322960896763,17.12655620753259,17.229029640730776,403936400
2012-07-30,17.828889846801758,17.9610261417615,17.61285520555392,17.705741860274212,379142400
2012-07-31,18.300214767456055,18.328381452646045,18.059312959597474,18.07459325029621,462327600
2012-08-01,18.181852340698242,18.469198159664213,18.067692669090942,18.454516349947543,384501600
2012-08-02,18.211210250854492,18.298102534177485,17.98528967413601,18.062894415564624,332158400
2012-08-03,18.448223114013672,18.516538730101068,18.324175832108516,18.386199473061094,344920800
2012-08-06,18.653472900390625,18.722987077925243,18.435042747727685,18.49586625289771,302103200
2012-08-07,18.604328155517578,18.726876038281567,18.518333571605524,18.660058214577962,290446800
2012-08-08,18.5728759765625,18.69332766159618,18.490177756981236,18.558792636188375,244706000
2012-08-09,18.67879295349121,18.70888529772347,18.59062439372543,18.592128609170096,221642400
2012-08-10,18.707977294921875,18.70978203157591,18.617703499670853,18.61800402126863,194938800
2012-08-13,18.957738876342773,18.957738876342773,18.75462001594375,18.758833746762924,278832400
2012-08-14,19.008594512939453,19.21683029352597,18.964059456396033,19.014011937723225,340169200
2012-08-15,18.982715606689453,19.078106315042096,18.89003441422007,18.996859408165466,257342400
2012-08-16,19.148527145385742,19.16116512823951,18.972791044034626,18.994157013266676,254534000
2012-08-17,19.50269889831543,19.50510628536532,19.22284738556929,19.258656062635808,442761200
2012-08-20,20.015460968017578,20.015460968017578,19.55656285861141,19.55987341755162,613384800
2012-08-21,19.741928100585938,20.308253883788968,19.56950260907659,20.186081394549102,812719600
2012-08-22,20.12740707397461,20.131318677271533,19.502704421227634,19.692582709123254,565322800
2012-08-23,19.93962860107422,20.158393857321883,19.89509194378807,20.04434671623399,420128800
2012-08-24,19.957382202148438,20.145756210963267,19.726580007704342,19.845742446105334,437340400
2012-08-27,20.33232879638672,20.488503628830404,20.267931989318896,20.462022368396088,427008400
2012-08-28,20.305845260620117,20.3449644965263,20.181565913387658,20.311261077931917,267416800
2012-08-29,20.265825271606445,20.39220989228493,20.239646139695754,20.319388836160364,202806800
2012-08-30,19.976945877075195,20.20805024712964,19.94625249114515,20.180667420653805,302699600
2012-08-31,20.018178939819336,20.119286031987848,19.777745458251935,20.078662560648628,338321200
2012-09-04,20.31096649169922,20.316081788892394,19.995907254019908,20.033822807484746,367892000
2012-09-05,20.168325424194336,20.35248569833961,20.149366850847635,20.32901447991725,336375200
2012-09-06,20.350082397460938,20.410868124531063,20.185481706796192,20.256798548224673,391196400
2012-09-07,20.47556495666504,20.536951725547127,20.33503653585439,20.403643859545294,329666400
2012-09-10,19.94293785095215,20.561319646346703,19.92367875717346,20.475860631838245,487998000
2012-09-11,19.87824821472168,20.164418788284095,19.75517252984661,20.014262402925503,503983200
2012-09-12,20.155092239379883,20.15840279957574,19.74012958951001,20.066623142883852,712233200
2012-09-13,20.552003860473633,20.627834978080184,20.304950881231118,20.38318938692258,598360000
2012-09-14,20.801753997802734,20.97327629252805,20.699742185732287,20.762033721999952,600474000
2012-09-17,21.057540893554688,21.05814193695007,20.90196707822519,21.044600782807077,398031200
2012-09-18,21.121631622314453,21.134269601926807,20.956428287091846,21.060545375742084,373503200
2012-09-19,21.127344131469727,21.18421663215611,21.05121253761242,21.071975845670522,326874800
2012-09-20,21.025035858154297,21.065961439029955,20.872169990783156,21.038877530504962,336568400
2012-09-21,21.066864013671875,21.216719850804235,21.04489700700404,21.136676636150288,571589200
2012-09-24,20.787006378173828,20.917304174754417,20.552593124264863,20.668747122186065,639766400
2012-09-25,20.26793098449707,20.846894747839464,20.25168031741149,20.710878978510433,518789600
2012-09-26,20.016368865966797,20.24235635074735,19.89660374329105,20.123494400189898,576503200
2012-09-27,20.502042770385742,20.527620856303038,19.871021298422313,19.98958270132182,594090000
2012-09-28,20.074134826660156,20.495718332118862,20.063602109235315,20.424702039319993,535110800
2012-10-01,19.842140197753906,20.364532142427944,19.755175315396887,20.1963187188926,543594800
2012-10-02,19.899913787841797,20.051576001052517,19.57913660387078,19.914959157655712,627992400
2012-10-03,20.20503807067871,20.2173771351442,19.939630868741247,20.006735580361596,424281200
2012-10-04,20.065114974975586,20.28929771052793,20.027501554527962,20.19902228731815,370725600
2012-10-05,19.637510299682617,20.041038529079273,19.598090540152914,20.01696626449468,594006000
2012-10-08,19.20359230041504,19.48615338791424,19.141602874465757,19.46569059371591,637994000
2012-10-09,19.13377571105957,19.273400946104825,18.763648790250393,19.218032650911184,838597200
2012-10-10,19.286041259765625,19.408514278641128,19.168383015582755,19.250833621592648,510356000
2012-10-11,18.900564193725586,19.475315790456214,18.900564193725586,19.454251957612158,546081200
2012-10-12,18.949010848999023,19.11962996975727,18.81630726697231,18.944496596962534,460014800
2012-10-15,19.10098648071289,19.11212025049603,18.772686515333547,19.028465912694152,432502000
2012-10-16,19.553255081176758,19.568602577476,18.987832425632888,19.119333952300753,549771600
2012-10-17,19.397380828857422,19.64353056427795,19.37902490181065,19.525571796528585,389037600
2012-10-18,19.037185668945312,19.320648327688197,18.957743485031504,19.246323047736958,476624400
2012-10-19,18.351091384887695,19.010999864057887,18.34447026720195,18.989334988445854,744086000
2012-10-22,19.079011917114258,19.11963537572682,18.378778749532806,18.428731236440562,546730800
2012-10-23,18.45701789855957,19.07510099902979,18.407067016926263,18.987834002876006,707145600
2012-10-24,18.561433792114258,18.85392492725502,18.375166615098,18.700157479506696,558527200
2012-10-25,18.342063903808594,18.71700721263124,18.221998284627812,18.656822535163126,656325600
2012-10-26,18.175355911254883,18.47627286281496,17.784165159880747,18.338752887067017,1018432800
2012-10-31,17.91416358947754,18.113971923083888,17.68486556366509,17.900922958737155,510003200
2012-11-01,17.95087432861328,18.145265224941706,17.87955748993631,18.001427853958877,361298000
2012-11-02,17.356868743896484,17.963215472008677,17.295181441594373,17.931318387832768,599373600
2012-11-05,17.59218406677246,17.686972140633078,17.38093982370243,17.5590832909882,529135600
2012-11-06,17.538909912109375,17.776333139542455,17.455858307091578,17.760987258695014,374917200
2012-11-07,16.867835998535156,17.367824588087124,16.799819378580573,17.34666454351793,793648800
2012-11-08,16.255691528320312,16.99570039217424,16.181328691781825,16.94733274459721,1056146000
2012-11-09,16.537132263183594,16.77352359806493,16.133875696899807,16.336411277449287,929913600
2012-11-12,16.409255981445312,16.762029851143193,16.282897920674554,16.751449024375358,515802000
2012-11-13,16.411376953125,16.64051310129091,16.21367817083313,16.290762921295507,532949200
2012-11-14,16.22939682006836,16.548918809183395,16.208236776255834,16.489971935014886,477170400
2012-11-15,15.889018058776855,16.308597854570774,15.798331918232208,16.24904718670062,789910800
2012-11-16,15.951288223266602,16.021419710633126,15.288363966059894,15.876319970260468,1266893600
2012-11-19,17.10150909423828,17.155013807931866,16.32008713511978,16.345176651609794,823317600
2012-11-20,16.955793380737305,17.28952361852116,16.764444163614776,17.28831442759575,642754000
2012-11-21,16.97968292236328,17.15108137331113,16.82551343182267,17.056767667633586,373002000
2012-11-23,17.27592658996582,17.29104229036928,17.00688875584902,17.145035247275313,272826400
2012-11-26,17.82095718383789,17.83516397139785,17.34273249845446,17.408934514076197,630579600
2012-11-27,17.67737579345703,17.847868615024236,17.535903576210487,17.821568288756552,533330000
2012-11-28,17.621746063232422,17.70820081685978,17.29889845388738,17.450346027045853,520864400
2012-11-29,17.815813064575195,17.96363304282466,17.69157311977059,17.84181148019864,514698800
2012-11-30,17.692489624023438,17.786804972269568,17.613893769553048,17.738135404758292,391319600
2012-12-03,17.719995498657227,17.973920910431374,17.699137345598665,17.945505712909412,364280000
2012-12-04,17.407419204711914,17.587281951482634,17.29496765480827,17.587281951482634,557068400
2012-12-05,16.287134170532227,17.20791167433186,16.286528767597318,17.19763435410886,1044638000
2012-12-06,16.542573928833008,16.72606271586133,15.677717724747643,15.98938083238382,1177212400
2012-12-07,16.119667053222656,16.783195204246905,16.021422253584255,16.72878319657272,787040800
2012-12-10,16.015975952148438,16.27866587215973,15.76688741476759,15.870270838018426,630484400
2012-12-11,16.3657283782959,16.612700463091656,16.244207070027947,16.316756936145325,592345600
2012-12-12,16.293485641479492,16.56554732323067,16.210960323876602,16.5585940671777,487144000
2012-12-13,16.012042999267578,16.25236527620422,15.89445118993009,16.056177664538495,625259600
2012-12-14,15.410490036010742,15.66260081035749,15.28322626455557,15.560426551425277,1009579200
2012-12-17,15.683765411376953,15.719133869009521,15.151733918327475,15.384497696536622,757607200
2012-12-18,16.139318466186523,16.169546646418596,15.726690244989339,15.870278944316468,625685200
2012-12-19,15.909869194030762,16.133262802419416,15.885383478703348,16.06585161172835,449369200
2012-12-20,15.771430015563965,16.027470316852416,15.685277120627376,16.021424358049124,481689600
2012-12-21,15.69887638092041,15.709153701231253,15.424092865660047,15.491504079436282,596268400
2012-12-24,15.724273681640625,15.847608029233696,15.680138983560889,15.729715852509992,175753200
2012-12-26,15.507525444030762,15.70280583055475,15.45069505930827,15.688899321435963,302436400
2012-12-27,15.569798469543457,15.605770706086034,15.2554151352218,15.52384919225799,455120400
2012-12-28,15.40444564819336,15.552267304375814,15.360009067370962,15.42560730855376,354278400
2012-12-31,16.087018966674805,16.184659978242536,15.386611275223979,15.432860836233095,659492400
2013-01-02,16.5966796875,16.777147887033934,16.37298571691673,16.74147754487389,560518000
2013-01-03,16.387195587158203,16.61602987546083,16.35394362175435,16.561919756295854,352965200
2013-01-04,15.930732727050781,16.282297477765113,15.895364280230787,16.232116839071217,594333600
2013-01-07,15.837020874023438,16.00025685894732,15.574027412435889,15.779585093545977,484156400
2013-01-08,15.879644393920898,16.078552349315704,15.756915499067736,15.99753813743318,458707200
2013-01-09,15.631463050842285,15.870574578092475,15.597907588426292,15.794699034282552,407604400
2013-01-10,15.825235366821289,15.982727318209498,15.583703796130285,15.977588657762272,601146000
2013-01-11,15.728194236755371,15.87994368580484,15.689500121040853,15.749354274083068,350506800
2013-01-14,15.167444229125977,15.34126101084677,15.069501364029872,15.195555904307595,734207600
2013-01-15,14.688924789428711,15.084018889573402,14.612141924651276,15.063160736613531,876772400
2013-01-16,15.2986421585083,15.39991073405831,14.887830250813035,14.952519573321148,690804800
2013-01-17,15.195560455322266,15.439510394194066,15.175913111991205,15.426209288055643,453678400
2013-01-18,15.114543914794922,15.18165160211084,15.00571832553687,15.069803842176897,472922800
2013-01-22,15.258739471435547,15.352751277649995,15.01267467175849,15.252391620182214,461546400
2013-01-23,15.538054466247559,15.567678845010438,15.258737741906442,15.380862830749793,861509600
2013-01-24,13.618209838867188,14.078598650663038,13.610651180440508,13.905385583615784,1460852400
2013-01-25,13.297174453735352,13.791419769109316,13.149656321280428,13.654180571487833,1208026400
2013-01-28,13.597952842712402,13.700127093147874,13.175652841489256,13.2352043064032,785517600
2013-01-29,13.8530855178833,13.911428597565276,13.66717678538219,13.860038771824756,571158000
2013-01-30,13.809556007385254,13.983978226159362,13.739122629679782,13.814694666990015,417155200
2013-01-31,13.769044876098633,13.883612897090574,13.753628901794713,13.81408683683582,319334400
2013-02-01,13.712518692016602,13.889661165385563,13.553212192307306,13.878476550476607,539484400
2013-02-04,13.37093448638916,13.782654530623757,13.361260953803376,13.721289269088668,477117200
2013-02-05,13.840091705322266,13.897527503582339,13.367912842475215,13.423232151668785,573347600
2013-02-06,13.825272560119629,14.101867352623362,13.681078541114932,13.798670356226088,593706400
2013-02-07,14.236360549926758,14.290480751642777,13.807645218039871,14.08524650234374,704580800
2013-02-08,14.44189739227295,14.55834941737391,14.237268864808014,14.41210035315139,633158400
2013-02-11,14.592401504516602,14.744733376455846,14.38929613083666,14.488111874565977,517490400
2013-02-12,14.226624488830566,14.666893089439318,14.221759534758661,14.579629193636851,609053200
2013-02-13,14.199566841125488,14.401153956171923,14.084331056823507,14.205648035108677,475207600
2013-02-14,14.186796188354492,14.340342672480945,14.108654880714468,14.123857052738197,355275200
2013-02-15,13.991291999816895,14.295345220555603,13.983994566632742,14.255512991804546,391745200
2013-02-19,13.986123085021973,14.069434643151656,13.799436085157371,14.019874122634054,435783600
2013-02-20,13.647407531738281,13.916189812768234,13.64588601536719,13.916189812768234,476302400
2013-02-21,13.562576293945312,13.657137644711678,13.464063384860953,13.560751935708096,447182400
2013-02-22,13.707000732421875,13.73102022945619,13.57899444787864,13.659569045809361,330654800
2013-02-25,13.463455200195312,13.838047802839013,13.456461421454092,13.7994334405297,372579200
2013-02-26,13.651053428649902,13.729194726074738,13.30716969019047,13.494465556298964,501499600
2013-02-27,13.5172700881958,13.756559754831343,13.398081953283262,13.634633865212232,587350400
2013-02-28,13.42088794708252,13.617609291040685,13.42088794708252,13.501461735953146,322515200
2013-03-01,13.088557243347168,13.322981968236746,13.073658725679552,13.317508082344919,552448400
2013-03-04,12.771737098693848,13.019539689740455,12.739811232945232,13.007377300520318,582755600
2013-03-05,13.108928680419922,13.232070009544527,12.793018384993255,12.815214335751872,638433600
2013-03-06,12.942307472229004,13.23389460431858,12.904908539046097,13.211394188902783,460250000
2013-03-07,13.091902732849121,13.135382863212628,12.802444398924292,12.90703849811722,468473600
2013-03-08,13.126564979553223,13.239368286722154,13.032004442499876,13.068187140893261,391482000
2013-03-11,13.313552856445312,13.348215650904553,12.926493510019325,13.066662144180373,474236000
2013-03-12,13.026528358459473,13.34426377075157,13.000380042174363,13.244534647785395,465911600
2013-03-13,13.02409839630127,13.21109063945857,12.933187391009277,13.027139805098324,405549200
2013-03-14,13.15027904510498,13.215345372444915,13.087947224758818,13.160311795378746,303875600
2013-03-15,13.489603996276855,13.506934993057266,13.29470538402456,13.315381443427254,643960800
2013-03-18,13.856291770935059,13.909195722119517,13.41480683686565,13.422407923283526,606197200
2013-03-19,13.818892478942871,14.01591827313247,13.636763578773095,13.971221095806365,526775200
2013-03-20,13.745614051818848,13.914364320985067,13.669905226453615,13.907979474096424,308660800
2013-03-21,13.765377044677734,13.925004706605204,13.685412198775042,13.689060914558235,383255600
2013-03-22,14.044499397277832,14.050275313264622,13.776933377418597,13.82162893196917,395105200
2013-03-25,14.095271110534668,14.28895340155403,14.040542012170231,14.129020504683922,501135600
2013-03-26,14.021084785461426,14.163988749078769,14.002537554367313,14.15182636412912,294294000
2013-03-27,13.745614051818848,13.889126963318919,13.70456721569191,13.878789746815078,331237200
2013-03-28,13.459195137023926,13.737707247704478,13.427573749130376,13.676896948825206,442839600
2013-04-01,13.04112434387207,13.4908184267484,13.005550581942483,13.43608850051511,389732000
2013-04-02,13.067880630493164,13.321764351288552,12.96480643795675,13.001293596295556,529519200
2013-04-03,13.134774208068848,13.295618136268805,13.083692990222339,13.115922506611675,363216000
2013-04-04,13.004941940307617,13.22629250360382,12.929841233289551,13.188590729194464,358447600
2013-04-05,12.867509841918945,12.920719060179525,12.760482474219572,12.907035970650938,383695200
2013-04-08,12.959027290344238,12.998249760371035,12.845920368250361,12.917675997191104,300829200
2013-04-09,12.982439041137695,13.02865447438094,12.853824677972971,12.963588158718917,306614000
2013-04-10,13.247270584106445,13.288926346872298,12.952947361701199,13.016494605608745,375928000
2013-04-11,13.205921173095703,13.317203757519083,13.110751720374287,13.187373128465481,328364400
2013-04-12,13.068185806274414,13.200448108852934,13.046597975704932,13.200448108852934,238613200
2013-04-15,12.765654563903809,13.010112878205096,12.756532772946342,12.983051970985478,317520000
2013-04-16,12.959943771362305,12.971192761935432,12.787545582165171,12.817950739001914,305771200
2013-04-17,12.247239112854004,12.788453805198222,12.104638821666285,12.778419432980742,945056000
2013-04-18,11.920389175415039,12.33815749648868,11.850152596495867,12.313833530290879,666299200
2013-04-19,11.87417221069336,12.149948276943482,11.709070630684993,11.796334549147247,609274400
2013-04-22,12.12166690826416,12.228998737291487,11.896669282571363,11.938323421140453,429920400
2013-04-23,12.348491668701172,12.416903055977665,12.12592407811587,12.283423719506862,664238400
2013-04-24,12.328121185302734,12.625788709452719,11.934068772800442,11.965690979377136,969651200
2013-04-25,12.41690731048584,12.585960463882861,12.374947878894961,12.503562305332869,384837600
2013-04-26,12.685078620910645,12.732814770680044,12.412951308754689,12.460383804811803,764097600
2013-04-29,13.077916145324707,13.184334597367236,12.770214245103531,12.783896524719472,640326400
2013-04-30,13.462847709655762,13.537949242369274,13.137207463809974,13.229335528875216,691538400
2013-05-01,13.356734275817871,13.528219905025027,13.207749066765809,13.513929503583471,506909200
2013-05-02,13.546158790588379,13.639501467472783,13.397476434870562,13.432442083471496,421828400
2013-05-03,13.68176555633545,13.780582927334429,13.656528195723073,13.722203465956476,361300800
2013-05-06,14.008011817932129,14.05331467332292,13.813416901113545,13.855983625770852,496641600
2013-05-07,13.945686340332031,14.161259440004404,13.794875941942705,14.137543589836692,483753200
2013-05-08,14.103179931640625,14.149700653012381,13.859026117405772,13.957234544525871,472598000
2013-05-09,13.980137825012207,14.17081629322293,13.943716462447089,14.073182130787911,398487600
2013-05-10,13.863837242126465,14.07012585292999,13.78762729481811,14.016870098527676,334852000
2013-05-13,13.918011665344238,14.014728873775338,13.818847513174397,13.81915317682112,316948800
2013-05-14,13.58501148223877,13.932089219480815,13.532673539362147,13.890770694206054,447118000
2013-05-15,13.125609397888184,13.497479477665843,12.926973787812138,13.441163809112412,741613600
2013-05-16,13.300983428955078,13.40106701477066,12.821073567221093,12.953905658933591,603204000
2013-05-17,13.260581970214844,13.469624817115646,13.191717758750755,13.437794121128324,427904400
2013-05-20,13.556550025939941,13.644390731542627,13.163867852277747,13.219265711839771,451578400
2013-05-21,13.456462860107422,13.634592802439975,13.289351517490989,13.410247181666001,456022000
2013-05-22,13.508190155029297,13.722436655396345,13.412391578718385,13.590828032507842,443038400
2013-05-23,13.53237247467041,13.655411101538853,13.338021036926667,13.342918194288508,353021200
2013-05-24,13.624496459960938,13.640105738412014,13.477891507982678,13.4928886418419,276166800
2013-05-28,13.510943412780762,13.80690832634697,13.492886376276683,13.769875627964023,386145200
2013-05-29,13.618376731872559,13.696423951255369,13.448510263976713,13.466874604048883,330576400
2013-05-30,13.821296691894531,13.91066816929696,13.604908069958661,13.639799495019606,353519600
2013-05-31,13.76467227935791,13.99024220257505,13.75763220936301,13.849450610065013,384302800
2013-06-03,13.794971466064453,13.845165674987465,13.542773680736982,13.795277129639697,372352400
2013-06-04,13.751819610595703,13.908525360908317,13.693055362869734,13.871491020814096,292728800
2013-06-05,13.623270988464355,13.794973853807258,13.580421688035667,13.639798073727643,290589600
2013-06-06,13.4197359085083,13.681115876043862,13.284761730735775,13.63428805004427,416934000
2013-06-07,13.522272109985352,13.566039226732679,13.245588447923112,13.359751382453423,404535600
2013-06-10,13.432900428771973,13.744780360598794,13.368933356702295,13.611642578345934,450153200
2013-06-11,13.393415451049805,13.551345475764004,13.262419786526051,13.33648845976733,286112400
2013-06-12,13.227836608886719,13.505132405929574,13.20671802774496,13.451570976606574,265227200
2013-06-13,13.343220710754395,13.379336420496857,13.12254792152283,13.2373229769128,285832400
2013-06-14,13.16234016418457,13.353325223026353,13.11489935886031,13.326085192680985,271866000
2013-06-17,13.222017288208008,13.335261562865242,13.171823076430258,13.204878060397808,259414400
2013-06-18,13.214982032775879,13.310780627725373,13.167236384426257,13.208554922563255,195025600
2013-06-19,12.946560859680176,13.211612900994897,12.946560859680176,13.203655022162422,310940000
2013-06-20,12.758023262023926,13.037765929011487,12.706910424750193,12.833315397198895,357310800
2013-06-21,12.655797958374023,12.854740843204036,12.49052302252344,12.808524340064391,481118400
2013-06-24,12.320350646972656,12.507662781481637,12.18292706433439,12.469098494456777,480746000
2013-06-25,12.323107719421387,12.481036943119722,12.206802694830657,12.41706987428497,314162800
2013-06-26,12.183540344238281,12.389216002219406,12.10977815444193,12.361975979329172,367724000
2013-06-27,12.052237510681152,12.285153193961701,12.044892593542036,12.219656180550249,337246000
2013-06-28,12.136406898498535,12.25087466441885,11.901960430940807,11.978171204288493,578516400
2013-07-01,12.524799346923828,12.618150139351503,12.27994731484755,12.324939518329712,391053600
2013-07-02,12.808526039123535,12.904631108030204,12.532456176413094,12.547453310670285,469865200
2013-07-03,12.879227638244629,12.945950583881249,12.776696275899008,12.88106407208644,240928800
2013-07-05,12.775776863098145,12.955437618446688,12.712421942665879,12.866679106742655,274024800
2013-07-08,12.703238487243652,12.88534781416652,12.56856995458301,12.858108607455309,298138400
2013-07-09,12.926667213439941,12.961864299485491,12.560307278147725,12.658860099814207,352584400
2013-07-10,12.877081871032715,13.001651229169054,12.801178407565587,12.842496933930022,281405600
2013-07-11,13.077863693237305,13.107246633858859,12.89055235046992,12.945031584974043,326292400
2013-07-12,13.05399227142334,13.154381544133795,12.95911230067035,13.088883699871353,279563200
2013-07-15,13.082452774047852,13.205491371052162,13.00165214903735,13.00808007515587,241917200
2013-07-16,13.1669282913208,13.182536751162242,12.982370390339835,13.054295330561118,216538000
2013-07-17,13.170295715332031,13.228755118476107,13.106328645118822,13.151626530162098,198990400
2013-07-18,13.214673042297363,13.30985865134855,13.179475959548764,13.264255112122964,218878800
2013-07-19,13.006243705749512,13.282620011737102,12.987879370009441,13.255686469934073,268721600
2013-07-22,13.047868728637695,13.1531551417292,13.022159474249033,13.144279454198259,207796400
2013-07-23,12.823831558227539,13.067765075606054,12.815261532987963,13.038382949210098,369395600
2013-07-24,13.4824800491333,13.607354256970904,13.321795796983086,13.434121451315672,591936800
2013-07-25,13.420961380004883,13.509720701350561,13.338629984797375,13.488296460309746,229493600
2013-07-26,13.49716854095459,13.4986984932134,13.293635036319282,13.323017148315266,200152400
2013-07-29,13.705296516418457,13.772630780103464,13.47299297979222,13.491356498396124,248057600
2013-07-30,13.874550819396973,13.99177363647106,13.749369306145883,13.77171217286255,309422400
2013-07-31,13.850371360778809,13.997588449562047,13.755491405907197,13.925664324312061,322957600
2013-08-01,13.977387428283691,13.981060295359889,13.872713168459246,13.948924751649145,206250800
2013-08-02,14.156742095947266,14.166230744811353,13.97677650767231,14.018095037557998,274783600
2013-08-05,14.368229866027832,14.405569855568464,14.144802890440394,14.222542774110174,318855600
2013-08-06,14.239684104919434,14.442911151829234,14.145415497336595,14.324464065203438,334857600
2013-08-07,14.231423377990723,14.293249163867255,14.133176215186817,14.19530766471497,298858000
2013-08-08,14.203080177307129,14.29827892015341,14.108804480049896,14.290884683295683,255777200
2013-08-09,14.000974655151367,14.18613497207894,13.97632884373929,14.130062830606732,266865200
2013-08-12,14.398712158203125,14.438454117225179,14.06813520627318,14.075221759949919,364434000
2013-08-13,15.082976341247559,15.239792097122429,14.419972856830695,14.509011391152772,881941200
2013-08-14,15.358098030090332,15.535247133351117,15.200974577785162,15.338997070272429,756372400
2013-08-15,15.339921951293945,15.478253787615495,15.067881734892534,15.294018105853798,490294000
2013-08-16,15.47608757019043,15.494880839215291,15.369182136674288,15.408924092551237,362306000
2013-08-19,15.6427583694458,15.82760925999398,15.527534038888785,15.5380083797188,510518400
2013-08-20,15.437272071838379,15.729954842469109,15.429570153457172,15.703459650909068,358688400
2013-08-21,15.47701358795166,15.624585680699612,15.441274782883333,15.514907811032026,335879600
2013-08-22,15.495501518249512,15.576528802777036,15.348852433193796,15.557735527305457,244207600
2013-08-23,15.435737609863281,15.50752129217065,15.384287262706605,15.505056545767046,222731600
2013-08-26,15.495808601379395,15.71855544708171,15.419710819494966,15.427412737700394,330965600
2013-08-27,15.052777290344238,15.481634705228984,14.98222601949576,15.34268593609064,424188800
2013-08-28,15.123943328857422,15.274906473807993,14.972981829263794,14.972981829263794,307608000
2013-08-29,15.14859676361084,15.29647821345828,15.131035862008424,15.14705670890271,239657600
2013-08-30,15.010573387145996,15.187105438086366,14.988390677405402,15.157837818974537,272297200
2013-09-03,15.052469253540039,15.422788141669297,15.014575033045412,15.19172405583098,331928800
2013-09-04,15.363948822021484,15.47332068503078,15.289700410032292,15.390753344463445,345032800
2013-09-05,15.258581161499023,15.425257518300148,15.208363206237701,15.412009099972957,236367600
2013-09-06,15.349466323852539,15.38520348549786,15.094679447466671,15.35624519613517,359525600
2013-09-09,15.59439754486084,15.64831262600928,15.511522522815982,15.558351048345944,340687200
2013-09-10,15.239174842834473,15.633833635701867,15.080819034658399,15.5953223929629,743195600
2013-09-11,14.409499168395996,14.593733153106957,14.320152958291912,14.387931820562686,898696400
2013-09-12,14.562925338745117,14.646415720247232,14.35712236279442,14.433837161634383,404051200
2013-09-13,14.322924613952637,14.536427854062847,14.316764395312424,14.459714703987721,298835600
2013-09-16,13.867569923400879,14.221560279132005,13.778225386895006,14.20276865556276,543706800
2013-09-17,14.027779579162598,14.163029622700133,13.786856441061758,13.80102790643309,399380800
2013-09-18,14.316147804260254,14.367598136125686,14.19229680232528,14.269934645606453,456862000
2013-09-19,14.55090618133545,14.65966100577929,14.456939827981525,14.501612923059662,404541200
2013-09-20,14.40025520324707,14.74346198870727,14.356814472104691,14.72651809622548,699302800
2013-09-23,15.11594295501709,15.309112914162498,14.868240897407793,15.284157770168235,762106800
2013-09-24,15.068489074707031,15.264739035330866,15.029054802594086,15.246562776139823,364344400
2013-09-25,14.835274696350098,15.085132148372912,14.832194586573818,15.071577690927938,316957200
2013-09-26,14.979766845703125,15.051858197691438,14.908290857531851,14.97298961692668,237221600
2013-09-27,14.872862815856934,14.932015079867677,14.810321114449119,14.90459518946855,228040400
2013-09-30,14.688006401062012,14.839275620357139,14.615913423124564,14.703410236634642,260156400
2013-10-01,15.033374786376953,15.069728968260037,14.738227203007353,14.740384267159818,353883600
2013-10-02,15.082669258117676,15.151680508246617,14.903672407861913,14.961592299787599,289184000
2013-10-03,14.89319133758545,15.168620880340288,14.810933338323299,15.111931735511346,322753200
2013-10-04,14.881484031677246,14.929852602081592,14.745001638404448,14.907054530457868,258868400
2013-10-07,15.026900291442871,15.177861825251908,14.952959578986803,14.990238439711723,312292400
2013-10-08,14.817095756530762,15.115938746674356,14.804772028932728,15.094371400699055,290917200
2013-10-09,14.991162300109863,15.028131835668962,14.73514304235334,14.931085365138598,301725200
2013-10-10,15.085132598876953,15.16954768263299,15.005029998008055,15.136892265669612,278602800
2013-10-11,15.182792663574219,15.21452502760141,14.947106724533105,15.003486543352752,267738800
2013-10-14,15.282301902770996,15.329747424420152,15.076192936186697,15.090981407146005,261898000
2013-10-15,15.363643646240234,15.465928970280375,15.266289460059186,15.327597143665331,320073600
2013-10-16,15.438506126403809,15.482254541303725,15.38058624595299,15.42864714328747,251101200
2013-10-17,15.542940139770508,15.551566746273332,15.39444338407858,15.4036853540817,253593200
2013-10-18,15.678187370300293,15.689586401264327,15.580216253134818,15.588842858121023,290542000
2013-10-21,16.06237030029297,16.152947177454408,15.759213359021482,15.766915272954138,398106800
2013-10-22,16.016469955444336,16.28080808423555,15.651695941147526,16.21795873535211,534063600
2013-10-23,16.173294067382812,16.19516910085306,15.989673769507958,15.989673769507958,313723200
2013-10-24,16.38741111755371,16.404664337223835,16.09596234652108,16.174523235286056,384764800
2013-10-25,16.204099655151367,16.42807724026355,16.17791214463071,16.369232673396198,337792000
2013-10-28,16.32486343383789,16.359369860503282,16.119369864053375,16.298983613838846,550440800
2013-10-29,15.91818904876709,16.61353995710394,15.852259593289851,16.52173068118244,635807200
2013-10-30,16.171443939208984,16.252161895831758,15.928671414856376,16.008466325825733,354163600
2013-10-31,16.103668212890625,16.251242031588973,16.059612102807485,16.17452885275284,275696400
2013-11-01,16.02139663696289,16.168353322154502,15.892308526284033,16.144322886541357,274890000
2013-11-04,16.228437423706055,16.23059448738605,15.983817188392752,16.054368472553286,244627600
2013-11-05,16.18837547302246,16.294357815767803,16.112894747494344,16.161572617025662,265213200
2013-11-06,16.14252471923828,16.264619682615557,16.058235751704995,16.24261693726685,223375600
2013-11-07,15.881282806396484,16.212859636294496,15.877875237292153,16.1009924028767,262620400
2013-11-08,16.13136863708496,16.14903206706152,15.884390095667193,15.94605736145812,279316800
2013-11-11,16.084575653076172,16.16576487063662,15.940789082076806,16.11370467216137,227452400
2013-11-12,16.11432647705078,16.23549135587743,16.021051051435812,16.04181257472922,204276800
2013-11-13,16.13353729248047,16.183738965076902,16.019808178587578,16.052036944069975,197220800
2013-11-14,16.366878509521484,16.401584751473678,16.171960204974933,16.201089219547466,282419200
2013-11-15,16.268646240234375,16.395697807872107,16.253152469539774,16.31791782121276,317920400
2013-11-18,16.071557998657227,16.336820550211378,16.058233885666063,16.26864597431299,244944000
2013-11-19,16.100067138671875,16.21875285579391,16.05110503951472,16.08395275775272,208938800
2013-11-20,15.959061622619629,16.12702049229613,15.938300113671854,16.090142955119305,193916800
2013-11-21,16.149341583251953,16.15151124096334,15.9178584685246,16.039642299194366,262026800
2013-11-22,16.107818603515625,16.180951467364153,16.068463557072583,16.099141626707347,223725600
2013-11-25,16.229907989501953,16.295912900207885,16.145000085287933,16.14561904165039,229311600
2013-11-26,16.529258728027344,16.61416830050491,16.237968550430644,16.241685599114707,401382800
2013-11-27,16.918472290039062,16.919711857740104,16.529256306729913,16.61943361575799,363448400
2013-11-29,17.231761932373047,17.301795005170842,16.975797067087917,17.027547762704028,318127600
2013-12-02,17.081783294677734,17.487730979853463,17.069078138846113,17.291574759963055,472544800
2013-12-03,17.54939842224121,17.55125860138765,17.281658402391322,17.300870875443845,450968000
2013-12-04,17.508499145507812,17.638341009533338,17.378966759770407,17.523992919483124,377809600
2013-12-05,17.598363876342773,17.82272072174652,17.55219203657529,17.745559681661955,447580000
2013-12-06,17.354169845581055,17.56272339080855,17.340226777435156,17.53297376552776,344352400
2013-12-09,17.552810668945312,17.65042375195451,17.381444118025485,17.381444118025485,320493600
2013-12-10,17.52553367614746,17.5977380710444,17.390733603417264,17.464487043986203,278269600
2013-12-11,17.395689010620117,17.693489682123868,17.343939970934155,17.5704646936965,359718800
2013-12-12,17.370283126831055,17.519027933895977,17.354479880623273,17.419865832495013,262290000
2013-12-13,17.18094825744629,17.44280161224653,17.157398121000845,17.441871522528867,332822000
2013-12-16,17.27608299255371,17.435365001393905,17.19892360663074,17.199233084896136,282592800
2013-12-17,17.198301315307617,17.3361995210146,17.14840912089246,17.22371162986795,229902400
2013-12-18,17.067529678344727,17.08860233308485,16.6965976650825,17.034372477550072,565863200
2013-12-19,16.871992111206055,17.043668128703622,16.849370410672247,17.028174357367202,320308800
2013-12-20,17.013303756713867,17.093564557250644,16.8831524043289,16.9020554058286,436413600
2013-12-23,17.666227340698242,17.68574929385931,17.439081902133495,17.601460331800446,501306400
2013-12-24,17.591232299804688,17.721693070152078,17.540410026601617,17.66002582132949,167554800
2013-12-26,17.47442054748535,17.64795686025542,17.45830615394893,17.60457195458044,204008000
2013-12-27,17.356338500976562,17.49020849708562,17.338056119384067,17.47192611549313,225884400
2013-12-30,17.18373680114746,17.356342916441818,17.115562218100788,17.274844219006916,253629600
2013-12-31,17.385160446166992,17.393216809517696,17.167620431097077,17.17288983555654,223084400
2014-01-02,17.140657424926758,17.26151277925325,17.106260666452766,17.21967861543947,234684800
2014-01-03,16.764158248901367,17.158331036159243,16.747113771137155,17.132301756979174,392467600
2014-01-06,16.855571746826172,16.944507866306182,16.53546030242972,16.65476666937577,412610800
2014-01-07,16.735021591186523,16.91847264995258,16.66932615659733,16.86765202809232,317209200
2014-01-08,16.841007232666016,16.906082075551673,16.693192460224434,16.69690950956502,258529600
2014-01-09,16.625947952270508,16.946368890942075,16.589690995447498,16.94450871112333,279148800
2014-01-10,16.51500129699707,16.758570545952914,16.458292318673845,16.728511444415393,304976000
2014-01-13,16.601472854614258,16.811264462834632,16.42018966940658,16.421119759603556,378492800
2014-01-14,16.931800842285156,16.942336341995592,16.661270525655244,16.678624476324995,332561600
2014-01-15,17.271751403808594,17.359759109599313,17.095117035478772,17.152756141448894,391638800
2014-01-16,17.17537498474121,17.25594526631287,17.09573313813713,17.195517555134124,229278000
2014-01-17,16.754549026489258,17.107817669630506,16.730687753666196,17.08953528088891,426739600
2014-01-21,17.014850616455078,17.04583815980695,16.746799429656505,16.764462858955508,328526800
2014-01-22,17.090457916259766,17.26956964100819,16.975800396396004,17.07186440237184,379985200
2014-01-23,17.235177993774414,17.24509453745605,16.882839489646738,17.041810356874198,403239200
2014-01-24,16.921884536743164,17.21782351713646,16.880978795304163,17.167621843761427,429354800
2014-01-27,17.05916404724121,17.19241513140517,16.911969891090546,17.045839931803236,554878800
2014-01-28,15.695669174194336,15.959069887820366,15.558388279762433,15.765702273369449,1065523200
2014-01-29,15.517488479614258,15.722632872421672,15.45148354388382,15.616652277323363,502810000
2014-01-30,15.487430572509766,15.695674729424583,15.391987126801792,15.572959127141871,678501600
2014-01-31,15.512838363647461,15.54165790713428,15.29436987297284,15.344881029901815,464797200
2014-02-03,15.541654586791992,15.733784284002562,15.472551578798166,15.575122917067628,401464000
2014-02-04,15.766633987426758,15.787397166409313,15.579773651404011,15.675528216424869,376681200
2014-02-05,15.884383201599121,15.967742043382177,15.687915899420524,15.697522960838274,328344800
2014-02-06,15.976980209350586,16.007843579664744,15.830461611450708,15.900604272725165,257765200
2014-02-07,16.200496673583984,16.301812366518412,16.12879736158145,16.25349283063745,370280400
2014-02-10,16.490724563598633,16.584246984663434,16.14812257025691,16.168697036727497,345559200
2014-02-11,16.708009719848633,16.763809515194698,16.506623670061952,16.541228000717993,282256800
2014-02-12,16.706758499145508,16.82023271643346,16.62321365191222,16.738868849050622,308100800
2014-02-13,16.972055435180664,16.985147977526697,16.653144478414365,16.667484008834816,307398000
2014-02-14,16.95832633972168,17.020364374003613,16.871664884699875,16.910942487275605,272924400
2014-02-18,17.020679473876953,17.1827828638778,17.008832259489676,17.02099080455295,260251600
2014-02-19,16.75196647644043,17.048742983526264,16.657821372587083,16.982029952888443,313768000
2014-02-20,16.558063507080078,16.740431764671914,16.49103914759047,16.615423292898935,305858000
2014-02-21,16.374130249023438,16.664671688605665,16.35386711755956,16.609181575082456,278784800
2014-02-24,16.445838928222656,16.51972256651602,16.285918094478294,16.308675214038256,288909600
2014-02-25,16.274690628051758,16.508806365166773,16.241646280832928,16.50288442124006,231952000
2014-02-26,16.127859115600586,16.366340119190802,16.073304648536617,16.32300854221711,276217200
2014-02-27,16.44957160949707,16.484174264181604,16.087329230442958,16.12130922380859,301882000
2014-02-28,16.405000686645508,16.607943419533804,16.276562578477133,16.49353351113504,371968800
2014-03-03,16.452377319335938,16.542470087888564,16.298065524997366,16.31708166873851,238781200
2014-03-04,16.560863494873047,16.604508062901317,16.452690229068402,16.553383233795383,259140000
2014-03-05,16.595783233642578,16.670287851018706,16.495090204134286,16.550893331778653,200062800
2014-03-06,16.54558753967285,16.66062006465972,16.462976692278744,16.609182242388695,185488800
2014-03-07,16.535926818847656,16.58393501534391,16.399072825222024,16.55618995380243,220729600
2014-03-10,16.55088996887207,16.62601889740071,16.470460093917087,16.47108442020788,178584000
2014-03-11,16.712055206298828,16.794666048671832,16.602946295259787,16.692105070785814,279224400
2014-03-12,16.728273391723633,16.751341838613826,16.584561762425018,16.662809015267992,199326400
2014-03-13,16.5424747467041,16.823351693105003,16.49602486403947,16.754146362545736,257742800
2014-03-14,16.356679916381836,16.54995806083201,16.30399508985524,16.484492023585087,237199200
2014-03-17,16.42058563232422,16.521276997241475,16.392840566247067,16.450513343563514,199544800
2014-03-18,16.565853118896484,16.583622278599712,16.37257500700036,16.394396460783764,209647200
2014-03-19,16.56148910522461,16.716734918501277,16.491035129522803,16.592663799090488,224756000
2014-03-20,16.48168182373047,16.605443264299176,16.439597240081735,16.518778456884238,208398400
2014-03-21,16.611679077148438,16.639112809064798,16.407802396543165,16.58237569594563,374046400
2014-03-24,16.808700561523438,16.849538165588214,16.6799511451126,16.784696461258203,355700800
2014-03-25,16.9895076751709,17.013200443106683,16.821167653788645,16.88071173679218,282293200
2014-03-26,16.827085494995117,17.114510254137528,16.798406450614078,17.037198702766208,299768000
2014-03-27,16.75477409362793,16.880718243700127,16.68182777732858,16.8345796778299,222031600
2014-03-28,16.736064910888672,16.800906619002124,16.654701028761355,16.781579138336372,200564000
2014-03-31,16.732324600219727,16.85920270212311,16.707071847268363,16.809947513827613,168669200
2014-04-01,16.885385513305664,16.89224477808533,16.733256343765138,16.76411804066337,200760000
2014-04-02,16.913448333740234,16.9424403925463,16.842060341920707,16.908149050222395,180420800
2014-04-03,16.796226501464844,16.911881684021548,16.760376857801667,16.877279027917176,162344000
2014-04-04,16.578954696655273,16.833958010441968,16.540299719150333,16.828036063892522,275251200
2014-04-07,16.318639755249023,16.550263108801797,16.269386245491503,16.460481672191,289850400
2014-04-08,16.317705154418945,16.401251650309653,16.169939636050213,16.372259607755733,243888400
2014-04-09,16.532180786132812,16.537480066289213,16.27343673139613,16.29276420338346,206169600
2014-04-10,16.318954467773438,16.592038104030046,16.309289897254747,16.54340558561118,239652000
2014-04-11,16.198320388793945,16.298700453617744,16.121320106868996,16.179302567811703,271717600
2014-04-14,16.262842178344727,16.27780436574673,16.12349421758362,16.26969977820106,205674000
2014-04-15,16.146875381469727,16.26159492904835,15.94019173251897,16.218887678090713,266490000
2014-04-16,16.179609298706055,16.244451002899066,16.027791439470256,16.149681589907594,214765600
2014-04-17,16.364463806152344,16.452375585902963,16.18552527543844,16.210465023576162,284334400
2014-04-21,16.558683395385742,16.58892076661092,16.33391760404916,16.376937848100397,182548800
2014-04-22,16.575210571289062,16.579262866398878,16.41310544793147,16.469529578402593,202563200
2014-04-23,16.35854721069336,16.557437604916018,16.349193969650166,16.492907234173025,394940000
2014-04-24,17.69965171813965,17.769170039799157,17.480186858491265,17.713368584030842,759911600
2014-04-25,17.829654693603516,17.831211347850346,17.58088636112231,17.598653862857258,390275200
2014-04-28,18.520153045654297,18.571902211910643,17.84866420198284,17.856459125137366,669485600
2014-04-29,18.46528434753418,18.57906990659444,18.377374202314208,18.509240252579303,337377600
2014-04-30,18.39545440673828,18.68662023514853,18.3864141612768,18.474948631470298,456640800
2014-05-01,18.438783645629883,18.542280282292356,18.279172569351733,18.45499281887119,244048000
2014-05-02,18.47307014465332,18.52357396409988,18.38360171698763,18.465589885521183,191514400
2014-05-05,18.734310150146484,18.73555880248209,18.392643908859426,18.397009197424705,287067200
2014-05-06,18.53012466430664,18.841863247941095,18.53012466430664,18.760499386044653,374564400
2014-05-07,18.46528434753418,18.619907509611327,18.32188407599219,18.55631279478239,282864400
2014-05-08,18.432363510131836,18.633618665149687,18.38252016275228,18.440513362847263,230297200
2014-05-09,18.35556411743164,18.377820518468376,18.19223889857053,18.324215305229682,291597600
2014-05-12,18.584091186523438,18.61010944456126,18.413870069092404,18.416692717766992,213208800
2014-05-13,18.61324691772461,18.637698158227053,18.517323721844566,18.55807467323587,159737200
2014-05-14,18.616695404052734,18.727354635035386,18.54992451674478,18.571554781870745,166404000
2014-05-15,18.458391189575195,18.702279172373803,18.43393994477489,18.642718920061885,230846000
2014-05-16,18.730796813964844,18.731422952997548,18.35117072743943,18.452424440535314,276256400
2014-05-19,18.952743530273438,19.03863675698611,18.72515535889545,18.74145673982326,317755200
2014-05-20,18.956506729125977,19.009484128180112,18.83174096983162,18.9502369667869,234836000
2014-05-21,19.00666618347168,19.018890966354963,18.873437479408576,18.92892279224311,196859600
2014-05-22,19.036762237548828,19.117641359700077,18.937390240562497,19.015759782831637,200760000
2014-05-23,19.251806259155273,19.270615547401217,19.01168020547344,19.036131443108687,232209600
2014-05-27,19.612308502197266,19.619517473150268,19.298827086715217,19.306663870976948,348866000
2014-05-28,19.5615234375,19.743969325634563,19.554312792683245,19.624532452666802,315481600
2014-05-29,19.917951583862305,19.96466089432377,19.679392570066735,19.681900474979685,376474000
2014-05-30,19.843339920043945,20.193497283474695,19.71481233044235,19.999452783953096,564020800
2014-06-02,19.70698356628418,19.90071507512442,19.51419294052149,19.873442859228817,369350800
2014-06-03,19.985668182373047,20.023286765177563,19.69444476904734,19.701027602495824,292709200
2014-06-04,20.213876724243164,20.310116315162833,19.940834867712237,19.982528366403436,335482000
2014-06-05,20.29319190979004,20.356515683748558,20.144602700983075,20.257142025466624,303805600
2014-06-06,20.237384796142578,20.415757411951255,20.202903620335444,20.373123035222545,349938400
2014-06-09,20.561220169067383,20.600718845969826,20.133319231098685,20.34178344720255,301660000
2014-06-10,20.681909561157227,20.85745959580025,20.53269253396142,20.787239916776883,251108000
2014-06-11,20.596324920654297,20.793818248328986,20.510744757690073,20.655572081872283,182724000
2014-06-12,20.251813888549805,20.65338346413304,20.166233706759176,20.635828125773628,218996000
2014-06-13,20.030179977416992,20.28472733102392,19.9424049701674,20.232061322172754,218100000
2014-06-16,20.232065200805664,20.3527560681823,20.06748765847535,20.08065500029692,142244000
2014-06-17,20.205732345581055,20.341782032205113,20.14429033559997,20.256201850564427,118904000
2014-06-18,20.227670669555664,20.2518088352345,20.045537846404006,20.24741916465537,134056000
2014-06-19,20.157445907592773,20.25399854587847,20.043337939769973,20.25180371114424,142112000
2014-06-20,19.948993682861328,20.3088697817073,19.946798846820858,20.15526306809247,403592000
2014-06-23,19.931432723999023,20.104787890599354,19.88096155431279,20.03895622129886,174776000
2014-06-24,19.810739517211914,20.13111680951299,19.79099102328678,19.91387500549303,156144000
2014-06-25,19.82830047607422,19.902908150962702,19.672500618951943,19.795384636024348,147476000
2014-06-26,19.946792602539062,19.979708436164422,19.70541261290115,19.83049144134245,130516000
2014-06-27,20.18379020690918,20.188178204667004,19.918270302904894,19.929242808553415,256116000
2014-06-30,20.392253875732422,20.56780391639994,20.2079261656146,20.210121001519493,197929200
2014-07-01,20.521718978881836,20.642409830794286,20.43613880176905,20.521718978881836,152892000
2014-07-02,20.51294708251953,20.640219118672494,20.427365214139694,20.59852727672991,113860000
2014-07-03,20.633634567260742,20.648995070733818,20.45150168738762,20.554637213922263,91567200
2014-07-07,21.059341430664062,21.06372942825129,20.64899417823478,20.657771847578477,225872000
2014-07-08,20.92328643798828,21.241470618374205,20.609491928597446,21.125167775369654,260888000
2014-07-09,20.932064056396484,21.05494805726568,20.79381955541864,20.943036559689354,145744000
2014-07-10,20.855266571044922,20.967179769702636,20.521721811091947,20.574387830559903,158744000
2014-07-11,20.894763946533203,21.041786141505387,20.81576659642323,20.92548495222383,136072000
2014-07-14,21.164663314819336,21.261215972411012,20.989115006852032,21.035196500474775,171240000
2014-07-15,20.916698455810547,21.25243621500872,20.853061635401243,21.241465388560005,181911600
2014-07-16,20.79821014404297,21.307303220731313,20.78943247514862,21.278777052451535,213585200
2014-07-17,20.427352905273438,20.90791960947264,20.31324660647287,20.85306045782135,229192000
2014-07-18,20.721399307250977,20.789424121135703,20.411992881191132,20.543656187529738,199952000
2014-07-21,20.613880157470703,20.846482478869323,20.565603824915783,20.844287643525327,156316000
2014-07-22,20.785049438476562,20.822353284553863,20.65338772197638,20.776271767487277,220788000
2014-07-23,21.327051162719727,21.47846133133925,20.88378813786633,20.93864730708895,371672000
2014-07-24,21.29193878173828,21.355575613828748,21.158082285646067,21.294133617098325,182916000
2014-07-25,21.432384490966797,21.469688332350046,21.206364932484448,21.252446443752458,173876000
2014-07-28,21.728612899780273,21.776889222989706,21.406042481748063,21.465289631216034,221272000
2014-07-29,21.588180541992188,21.820784567328694,21.559654375544742,21.79664639796199,172572000
2014-07-30,21.53770637512207,21.65839552163623,21.432376052147163,21.601343201103145,132040000
2014-07-31,20.9781494140625,21.384106998009592,20.91890223822624,21.320471824550715,227372000
2014-08-01,21.094446182250977,21.20197135441246,20.804789848966653,20.824540019551602,194044000
2014-08-04,20.975950241088867,21.193193747298547,20.88378724254659,21.147112248027412,159832000
2014-08-05,20.872814178466797,20.99569816336389,20.70604186027165,20.925478504255732,223732000
2014-08-06,20.837703704833984,20.951811698297103,20.78284454332984,20.791622210070752,154232000
2014-08-07,20.835500717163086,21.159675690043077,20.751698941897967,20.934737713402388,186844000
2014-08-08,20.892841339111328,20.91048399903061,20.570870366819378,20.786988744588946,167460000
2014-08-11,21.168498992919922,21.188347403517227,20.914891255820343,21.009718438127265,146340000
2014-08-12,21.164091110229492,21.364770892467213,21.084700825554005,21.179528016555473,135180000
2014-08-13,21.444154739379883,21.444154739379883,21.17952165823831,21.203779886967503,127664000
2014-08-14,21.501495361328125,21.516932265056916,21.347126324040193,21.464005978343387,112464000
2014-08-15,21.607351303100586,21.65366201790022,21.360359141672753,21.589708645320787,195804000
2014-08-18,21.86757469177246,21.913885406731264,21.607351377363635,21.719819535479385,190288000
2014-08-19,22.16969108581543,22.202770639496087,21.902852269117833,21.922700674324627,277596000
2014-08-20,22.17851448059082,22.293188370549085,22.04178643112476,22.14984642872529,210796000
2014-08-21,22.180727005004883,22.260117292482267,22.077078480659598,22.17852125188144,133912000
2014-08-22,22.343915939331055,22.3769955040281,22.094719692606866,22.116772174906046,176736000
2014-08-25,22.39242935180664,22.531361485564744,22.335091559662015,22.447561391273616,161080000
2014-08-26,22.24909019470215,22.383612532700376,22.242474617832837,22.36596987271777,132608000
2014-08-27,22.522537231445312,22.619570146700458,22.207181939362194,22.27775087341245,209476000
2014-08-28,22.549007415771484,22.66588708721124,22.39684242635173,22.403458002848836,273840000
2014-08-29,22.604141235351562,22.692352854720564,22.537982100200633,22.683531524533997,178380000
2014-09-02,22.780559539794922,22.87759078583672,22.652652803539443,22.727631570139756,214256000
2014-09-03,21.81905174255371,22.75850027978913,21.739661488351285,22.736447805287558,501684000
2014-09-04,21.638225555419922,22.07266465527973,21.565450852462508,21.79921018408712,342872000
2014-09-05,21.82567596435547,21.91829740345782,21.68012654648324,21.788186574599273,233828000
2014-09-08,21.691146850585938,21.90064789963088,21.622783669160007,21.898443829743403,185426800
2014-09-09,21.609554290771484,22.732043518949734,21.201577524408627,21.84993086411269,759385200
2014-09-10,22.273347854614258,22.297606090837824,21.55883696879301,21.613969017938096,403478400
2014-09-11,22.368175506591797,22.37038125970203,21.96902000096905,22.143237481751036,249412400
2014-09-12,22.418893814086914,22.535773471047627,22.290987075999343,22.31965513143427,250504400
2014-09-15,22.412275314331055,22.725426566524646,22.37037610986209,22.672498599043433,245266000
2014-09-16,22.24247932434082,22.33069096042278,21.808038404697218,22.008719918846097,267632400
2014-09-17,22.401256561279297,22.449773037947235,22.182932416273584,22.33289167029413,243706000
2014-09-18,22.44756507873535,22.57106032902912,22.39684285379521,22.478438891308794,149197600
2014-09-19,22.264524459838867,22.57105849005508,22.16308170072022,22.557827337886355,283609600
2014-09-22,22.286575317382812,22.524746134047994,22.1807227427514,22.44976736722544,211153600
2014-09-23,22.635013580322266,22.701172711178234,22.171904711820257,22.185135864992812,253608800
2014-09-24,22.438735961914062,22.68131655473285,22.31744482425666,22.52915329771249,240687200
2014-09-25,21.58309555053711,22.209394831253228,21.55001598402117,22.165289864229738,400368000
2014-09-26,22.218223571777344,22.218223571777344,21.699982465163366,21.72865053504086,249482000
2014-09-29,22.07707977294922,22.149854487812824,21.750697273937657,21.755108780442775,199065200
2014-09-30,22.218223571777344,22.392441109872582,22.169707082371428,22.231454729798156,221056400
2014-10-01,21.87198257446289,22.204980561046995,21.76612831930831,22.182926399454907,205965200
2014-10-02,22.03076934814453,22.101338310711792,21.620586727442085,21.891835493795675,191031200
2014-10-03,21.96902084350586,22.099131679556365,21.841114078153467,21.92932569848259,173878400
2014-10-06,21.96902084350586,22.196164630168074,21.924914192092942,22.041793873967926,148204800
2014-10-07,21.777162551879883,22.079286830450403,21.77275272761103,21.927121814473715,168376800
2014-10-08,22.229251861572266,22.297615091709417,21.680135219027907,21.7793739570467,229618800
2014-10-09,22.277753829956055,22.577672260096705,22.18733815987489,22.39242941456671,309506000
2014-10-10,22.21380043029785,22.500486004707604,22.11897326216707,22.204979102739618,265326400
2014-10-13,22.010910034179688,22.44535067837132,22.010910034179688,22.346113702259785,214333600
2014-10-14,21.777162551879883,22.167496775802302,21.737467403472785,22.13882871181262,254754400
2014-10-15,21.51032066345215,21.86537119730449,20.989873980879647,21.605147856018238,403734400
2014-10-16,21.228038787841797,21.550009663673865,21.04059020922331,21.071464013584183,288618000
2014-10-17,21.538991928100586,21.832294879267778,21.34933751475164,21.501502532612204,272718800
2014-10-20,21.999895095825195,22.044000065618647,21.660281444426005,21.68233392932273,310069200
2014-10-21,22.597518920898438,22.71880838918382,22.332884141692134,22.71880838918382,378495600
2014-10-22,22.712194442749023,22.95918658455324,22.626188596026264,22.679114882664198,273052400
2014-10-23,23.11796760559082,23.16648407038686,22.8533328019296,22.95257148423869,284298800
2014-10-24,23.203981399536133,23.26352328331267,23.05181637738942,23.19516006814388,188215600
2014-10-27,23.17971420288086,23.261310224860214,23.08929685291755,23.122376412233304,136750800
2014-10-28,23.539175033569336,23.539175033569336,23.232641029594102,23.243668110455037,192243600
2014-10-29,23.67149543762207,23.678112696711608,23.45537875060164,23.519332128494465,210751600
2014-10-30,23.592105865478516,23.673700216763716,23.353935022950665,23.587694359600302,162619200
2014-10-31,23.81704330444336,23.82586463349273,23.642825841335355,23.819249057329824,178557200
2014-11-03,24.125783920288086,24.32425962447853,23.819249875898173,23.865560593126517,209130400
2014-11-04,23.94935417175293,24.145624069495273,23.755290026371757,24.11695601878435,166297600
2014-11-05,24.006694793701172,24.103727719110864,23.845708502225662,24.059621079153604,149743600
2014-11-06,24.075355529785156,24.095290006071416,23.876020905674586,24.053207425971983,139874000
2014-11-07,24.144020080566406,24.212679718516515,24.042137437552874,24.086433651109285,134766000
2014-11-10,24.10415267944336,24.214894902515553,24.068714356959994,24.14623357515208,108782000
2014-11-11,24.29684066772461,24.307915564855488,24.008911930034355,24.075356243443466,109769200
2014-11-12,24.640140533447266,24.680007794711038,24.223750452308266,24.225964079750963,187769600
2014-11-13,24.987873077392578,25.127407658584712,24.717661805103482,24.761959704539777,238091600
2014-11-14,25.28908920288086,25.291304520052655,24.631280255584667,25.060960538150802,176254400
2014-11-17,25.247007369995117,25.97569128014729,25.094184276473023,25.3090227342988,186986800
2014-11-18,25.574804306030273,25.62353114509747,25.2248585434494,25.23593343952536,176896000
2014-11-19,25.397615432739258,25.634603670257636,25.204925088555814,25.56815936494301,167476800
2014-11-20,25.760854721069336,25.882671839200906,25.437487640874473,25.450777856356574,173582000
2014-11-21,25.796289443969727,26.0399219564532,25.698835763059563,26.026633432617064,228717200
2014-11-24,26.274696350097656,26.305704033966634,25.82951387892503,25.880454349656052,189803200
2014-11-25,26.04656982421875,26.522761708509506,26.01334682023713,26.372152221612712,275361600
2014-11-26,26.35664939880371,26.378797505718207,26.097512999340402,26.121876423884018,163073200
2014-11-28,26.341144561767578,26.445242519112067,26.146238862559972,26.41644846039591,99257600
2014-12-01,25.48621368408203,26.41201868329791,24.644572161234095,26.314564991867147,335256000
2014-12-02,25.38875961303711,25.63682278306449,24.972369492790676,25.13848281535913,237395600
2014-12-03,25.67669677734375,25.769719856811186,25.495079564662902,25.63682950188734,172253600
2014-12-04,25.579238891601562,25.95797710179481,25.53494267711282,25.64125426780271,168178000
2014-12-05,25.47071075439453,25.709914356594624,25.390976220327836,25.689979878181855,153275600
2014-12-08,24.894853591918945,25.393193625917267,24.72209598383297,25.271376497245193,230659600
2014-12-09,25.275806427001953,25.31567369620039,24.21932463813952,24.40537245766298,240832000
2014-12-10,24.795181274414062,25.437486459678954,24.704373536762624,25.340034459491083,178261200
2014-12-11,24.722089767456055,25.204925835467957,24.660072714949365,24.863839650744698,165606800
2014-12-12,24.303489685058594,24.777466277615275,24.270266679267895,24.46517238889186,224112400
2014-12-15,23.97125816345215,24.717659535142577,23.554866395951,24.518323230465633,268872400
2014-12-16,23.64346694946289,24.398729796138586,23.534940033328535,23.5593034599821,243162800
2014-12-17,24.23261260986328,24.327849293790877,23.65896705007462,23.725413055848236,213647200
2014-12-18,24.950220108032227,24.950220108032227,24.509466587898828,24.777462531788583,236024800
2014-12-19,24.757526397705078,25.080893424625746,24.730949350703757,24.86383965508607,353719200
2014-12-22,25.014453887939453,25.136269319441872,24.799613704815574,24.841696290315944,180670000
2014-12-23,24.925857543945312,25.100830443535045,24.908138384287398,25.078682338858687,104113600
2014-12-24,24.8084716796875,24.963510106034576,24.8084716796875,24.93471773822501,57918400
2014-12-26,25.247007369995117,25.36439383668308,24.808469185395097,24.828401971153305,134884000
2014-12-29,25.229291915893555,25.419766968695274,25.182778699160025,25.202713176301835,110395600
2014-12-30,24.921424865722656,25.231503375143216,24.830617137057683,25.169488011217492,119526000
2014-12-31,24.447450637817383,25.05653281689776,24.40979869047888,24.987873184716715,165613600
2015-01-02,24.21489143371582,24.682223683318185,23.7763515496625,24.67114878668056,212818400
2015-01-05,23.532726287841797,24.064289384302135,23.346680133466553,23.98455483534346,257142000
2015-01-06,23.534936904907227,23.794073292366384,23.173916188735014,23.59695227731193,263188400
2015-01-07,23.864944458007812,23.964611763586213,23.632385158602347,23.743127360263635,160423600
2015-01-08,24.781892776489258,24.83947920152161,24.07535690294467,24.19274507045464,237458000
2015-01-09,24.8084716796875,25.08311190198466,24.409799026520567,24.9546505259873,214798000
2015-01-12,24.197174072265625,24.945790840272345,24.097506754292127,24.93914657771306,198603200
2015-01-13,24.41201400756836,24.983444239302276,24.121869946634853,24.680009963584943,268367600
2015-01-14,24.318986892700195,24.471809973965815,24.03105650747729,24.150658281810262,195826400
2015-01-15,23.658967971801758,24.376577089070306,23.623531339856147,24.363288563314725,240056000
2015-01-16,23.475139617919922,23.82730082065002,23.300166675528455,23.70548368044315,314053200
2015-01-20,24.079792022705078,24.135163140605048,23.588096225386572,23.88488460623004,199599600
2015-01-21,24.263622283935547,24.59806258830847,23.98012076721873,24.130730261496435,194303600
2015-01-22,24.894853591918945,24.91035743649609,24.301275172720366,24.42087698365504,215185600
2015-01-23,25.023311614990234,25.19385388237781,24.702158177998953,24.872702135178624,185859200
2015-01-26,25.049890518188477,25.32896139344122,24.983446198227874,25.191640428521755,222460000
2015-01-27,24.172813415527344,24.91257237795925,24.14844999016091,24.899282161527914,382274800
2015-01-28,25.539363861083984,26.161736131199586,25.539363861083984,26.053207566037766,585908400
2015-01-29,26.334497451782227,26.39872813532269,25.59473862220585,25.763067251836308,337745600
2015-01-30,25.949119567871094,26.57813460918825,25.8804582377386,26.2237598190242,334982000
2015-02-02,26.274696350097656,26.39429814064602,25.709912088376672,26.146236669694193,250956400
2015-02-03,26.279129028320312,26.376581032432806,26.048785008958852,26.24590602450807,207662800
2015-02-04,26.48067283630371,26.691084018363664,26.20381735184991,26.245899926220257,280598800
2015-02-05,26.66969108581543,26.734175283533336,26.516263108608634,26.687478484544016,168984800
2015-02-06,26.445096969604492,26.73861012725943,26.338364141156898,26.687466924856036,174826400
2015-02-09,26.62076187133789,26.647443807587482,26.33391918142884,26.36060281413928,155559200
2015-02-10,27.132183074951172,27.16109076531462,26.71859783100896,26.720820194528688,248034000
2015-02-11,27.768129348754883,27.777023892483754,27.23891672034267,27.298952769936612,294247200
2015-02-12,28.11946678161621,28.346273490964776,27.921567774388155,28.030523007292487,297898000
2015-02-13,28.257326126098633,28.301797159379046,27.93935331840626,28.301797159379046,217088800
2015-02-17,28.424097061157227,28.657574243588314,28.221749943522113,28.348494263466083,252609600
2015-02-18,28.621984481811523,28.635325448054,28.339588255634634,28.37961285082267,179566800
2015-02-19,28.56195831298828,28.6909266937872,28.53527636969285,28.568628798812142,149449600
2015-02-20,28.79543113708496,28.79543113708496,28.473011930350665,28.599754534742676,195793600
2015-02-23,29.573686599731445,29.573686599731445,28.831009870851535,28.91105908307897,283896400
2015-02-24,29.389123916625977,29.707098350862747,29.166765406194134,29.560340919676545,276912400
2015-02-25,28.637557983398438,29.26238839870181,28.495248638062286,29.253492156099437,298846800
2015-02-26,29.0000057220459,29.10006640489472,28.152820071444435,28.63756014934092,365150000
2015-02-27,28.564180374145508,29.033357042942402,28.515261222485382,28.90661104284422,248059200
2015-03-02,28.704267501831055,28.968874747744586,28.528605721266338,28.73984568797058,192386800
2015-03-03,28.76430320739746,28.799881390989704,28.481906888632807,28.67536114133918,151265200
2015-03-04,28.581966400146484,28.808773070180983,28.53305064084708,28.706490037661048,126665200
2015-03-05,28.10834312438965,28.628661280150922,27.963809737857854,28.590860736485048,226068400
2015-03-06,28.150590896606445,28.76652330753673,28.074989807114648,28.55083525175208,291368400
2015-03-09,28.27065658569336,28.8109894482743,27.808150547108717,28.45299046868877,354114000
2015-03-10,27.68585968017578,28.288451063187917,27.52798533523556,28.108341205636272,275426400
2015-03-11,27.181110382080078,27.7436772774365,27.152204379492783,27.739230852600457,275756000
2015-03-12,27.672527313232422,27.772589701911393,27.045476124064574,27.196680041135053,193450800
2015-03-13,27.481298446655273,27.88376866459354,27.25671748303135,27.661410065508203,207309200
2015-03-16,27.78369903564453,27.78369903564453,27.32119455940393,27.54577546449357,143497200
2015-03-17,28.248424530029297,28.310684639667738,27.939346345423655,27.99493597138094,204092400
2015-03-18,28.566402435302734,28.719830373617224,28.09944983193032,28.239535104003725,261083600
2015-03-19,28.350717544555664,28.73984504026525,28.328482026950223,28.628665755776797,183238000
2015-03-20,27.994937896728516,28.55083249807218,27.830393067587416,28.517480077372603,274780400
2015-03-23,28.286230087280273,28.42853941926363,28.132802149548414,28.266218632686233,150838800
2015-03-24,28.170608520507812,28.470790562185886,28.14170081990879,28.290682355055825,131369200
2015-03-25,27.434598922729492,28.199512923167894,27.434598922729492,28.137252796892433,206620800
2015-03-26,27.62582015991211,27.76812946725988,27.26115234777586,27.29673052284318,190291600
2015-03-27,27.405689239501953,27.728108434323467,27.330088152452873,27.69920243570958,158184800
2015-03-30,28.09944725036621,28.106117734643387,27.572456938477448,27.58357554324668,188398800
2015-03-31,27.668071746826172,28.126129772299695,27.65250671770215,28.037186021679155,168362400
2015-04-01,27.6280517578125,27.821504320484593,27.37233906824674,27.754796072263535,162485600
2015-04-02,27.8659725189209,27.91933809418971,27.614707976255076,27.801488337926436,128880400
2015-04-06,28.317359924316406,28.352938105262208,27.64583787534428,27.67696793544134,148776000
2015-04-07,28.019397735595703,28.48857265465359,28.01272725139245,28.381841514479785,140049200
2015-04-08,27.928232192993164,28.106119702993404,27.788146923979166,27.983821827810612,149316800
2015-04-09,28.141698837280273,28.14614695850273,27.719218930050666,27.983824463106682,129936000
2015-04-10,28.261762619018555,28.286222187665487,27.852623827943617,28.006050026366427,160752000
2015-04-13,28.206186294555664,28.588645030367445,28.152820708925326,28.544170598829634,145460400
2015-04-14,28.083890914916992,28.304025446510874,27.997171199547843,28.239541251102274,102098400
2015-04-15,28.190610885620117,28.268436022782996,28.01939558386178,28.108339324816825,115881600
2015-04-16,28.054977416992188,28.261770933185833,28.04163644706391,28.07943699283474,113476000
2015-04-17,27.739225387573242,28.04830359485218,27.674741213157088,27.91711288227029,207828000
2015-04-20,28.372953414916992,28.488579125779587,27.832622017726813,27.921565785715647,188217200
2015-04-21,28.219524383544922,28.506365420044734,28.166157110114217,28.48413160080693,129740400
2015-04-22,28.599754333496094,28.65534396850471,28.088330709293473,28.23731052396591,150618000
2015-04-23,28.833240509033203,29.000009466287295,28.493032107668707,28.528610299517798,183083600
2015-04-24,28.968873977661133,29.04670083365714,28.7353968025956,29.015570769843237,178103600
2015-04-27,29.495868682861328,29.60260326009858,29.162330763072063,29.420267568677325,387816800
2015-04-28,29.031129837036133,29.916115857851434,28.810997058474765,29.89833016079196,475696000
2015-04-29,28.604209899902344,29.26016708516319,28.52860879091319,28.9421959187496,253544400
2015-04-30,27.828170776367188,28.60420158242397,27.701426480269312,28.60420158242397,332781600
2015-05-01,28.67313575744629,28.93552062370091,27.861528367104484,28.03941419799725,234050400
2015-05-04,28.617544174194336,29.033356962148268,28.519705871146353,28.795431689470476,203953200
2015-05-05,27.972705841064453,28.561954632389803,27.968257720114217,28.495246389824892,197085600
2015-05-06,27.797040939331055,28.183944315277262,27.43014901723643,28.141695650753707,288564000
2015-05-07,27.968976974487305,28.152072553223462,27.69209940387363,27.859564934554776,175763600
2015-05-08,28.49593162536621,28.49593162536621,28.158767256911965,28.286040975612977,222201600
2015-05-11,28.205659866333008,28.482535721818746,28.05159103941516,28.44457727863671,168143200
2015-05-12,28.105180740356445,28.330699748396363,27.8707283299041,28.044892198904186,192640000
2015-05-13,28.136442184448242,28.399921351191814,28.10518208869455,28.167702280201933,138776800
2015-05-14,28.792905807495117,28.792905807495117,28.39322291254819,28.449044755295212,180814000
2015-05-15,28.752716064453125,28.913483246079785,28.627675680320152,28.819702957980056,152832000
2015-05-18,29.069778442382812,29.188120456362167,28.661162213945016,28.665628914593572,203531600
2015-05-19,29.042980194091797,29.223842358517313,28.946964885228947,29.181417227189105,178532800
2015-05-20,29.040756225585938,29.2461802072394,28.879989038710175,29.02735952786213,145819600
2015-05-21,29.33772087097168,29.391311054384847,28.989393196521394,29.04298337993456,158921600
2015-05-22,29.594499588012695,29.690514906309943,29.339952182125543,29.384612371339564,182384000
2015-05-26,28.942508697509766,29.67712607533172,28.830865009082903,29.607907533642262,282790400
2015-05-27,29.48285675048828,29.531980234316904,29.038517156439617,29.10326898125325,183332800
2015-05-28,29.4248046875,29.462763125539038,29.272970935343846,29.44266808312325,122933200
2015-05-29,29.089879989624023,29.351125818927084,29.005029693799155,29.302002322091116,203538000
2015-06-01,29.147932052612305,29.337727681720942,29.038523420832306,29.089878562424854,128451200
2015-06-02,29.018428802490234,29.174729283831766,28.875525018535836,28.99609870211503,134670400
2015-06-03,29.05414581298828,29.237243055991655,29.005022328626115,29.174722877184216,123934000
2015-06-04,28.884456634521484,29.156867520322322,28.783977991387278,28.933580132426236,153800400
2015-06-05,28.725914001464844,28.958134735546285,28.661162174075283,28.915709597179813,142507200
2015-06-08,28.53612518310547,28.850961177235256,28.319536172144808,28.78173923393358,210699200
2015-06-09,28.451278686523438,28.598649180909273,28.04936240860745,28.29051149393801,224301600
2015-06-10,28.777271270751953,28.87998153133153,28.547283897144407,28.56291394160831,156349200
2015-06-11,28.712526321411133,29.067552474321754,28.687964570808145,28.844265071420175,141563600
2015-06-12,28.395450592041016,28.654464723898236,28.38205389678882,28.623204632611635,147544800
2015-06-15,28.33962631225586,28.411078186682165,28.06944885884555,28.15653077756676,175955600
2015-06-16,28.491466522216797,28.547288361681776,28.216824026035603,28.364192796378532,125976400
2015-06-17,28.42447853088379,28.553983890961618,28.299436464414363,28.51825880307548,131672400
2015-06-18,28.553991317749023,28.650004965264884,28.406622523624463,28.408855874556725,141628800
2015-06-19,28.268177032470703,28.54058786108312,28.223520245685513,28.516026117287105,218867600
2015-06-22,28.493701934814453,28.594180571703895,28.37535989915212,28.466906836655117,136157200
2015-06-23,28.364194869995117,28.493701955873092,28.33070142315806,28.464675210506293,121075600
2015-06-24,28.605344772338867,28.982700968359474,28.384290755618192,28.404385800980332,221123600
2015-06-25,28.469141006469727,28.848728871803647,28.469141006469727,28.772811980155872,127752400
2015-06-26,28.301671981811523,28.578547822431265,28.248083494105483,28.507095937640774,176267200
2015-06-29,27.80597686767578,28.239154925475177,27.79481352092118,28.0136341970433,196645600
2015-06-30,28.006935119628906,28.161003951342472,27.879661385814753,28.038195215404492,177482800
2015-07-01,28.268177032470703,28.344095614262187,28.131971618164496,28.335163916195704,120955200
2015-07-02,28.23245620727539,28.288278050960418,28.08285237150343,28.230222856534695,108844000
2015-07-06,28.134199142456055,28.185555969816395,27.877418412748074,27.89751515512277,112241600
2015-07-07,28.06499481201172,28.167706815102605,27.636281694637407,28.10965161212159,187787200
2015-07-08,27.36833381652832,27.830538620225102,27.361635467764923,27.794813525637824,243046400
2015-07-09,26.81011390686035,27.70103001819271,26.620319986898956,27.65413987586442,314380000
2015-07-10,27.5268611907959,27.65413489807677,27.06465649556041,27.22765699259238,245418000
2015-07-13,28.05828857421875,28.08061696799642,27.75908264624676,27.91761645667965,165762000
2015-07-14,28.047119140625,28.216817973189364,27.919845442088477,28.14313275205059,127072400
2015-07-15,28.317298889160156,28.3909841163044,28.040423079234454,28.07168316889314,134596800
2015-07-16,28.69465446472168,28.708054566907215,28.435642039525213,28.52272396471212,144889600
2015-07-17,28.942508697509766,28.942508697509766,28.65000277896658,28.821935013130545,184658800
2015-07-20,29.48955726623535,29.690514486480552,29.18365132849646,29.243939857407636,235600800
2015-07-21,29.19481658935547,29.679349656595203,29.098804678807095,29.663721316152145,307025600
2015-07-22,27.960033416748047,28.022553582452172,27.23881475426859,27.23881475426859,461802400
2015-07-23,27.9466495513916,28.377592563285585,27.924319450351526,28.17886692957112,203998000
2015-07-24,27.799272537231445,28.076148348962484,27.665300480171084,27.98236807937494,168649200
2015-07-27,27.412982940673828,27.6005451713077,27.26784754861487,27.484434813404107,177822000
2015-07-28,27.5491943359375,27.667538069746648,27.3638671186555,27.5491943359375,134472400
2015-07-29,27.46211814880371,27.575995205186924,27.301350940626886,27.497844952197564,148046800
2015-07-30,27.323673248291016,27.368330036243712,27.176302781662045,27.31250819952921,134513200
2015-07-31,27.084758758544922,27.38396301770405,26.997676820219656,27.37503131844666,171540000
2015-08-03,26.446147918701172,27.368323839136117,26.240722311411144,27.129406500238854,279904000
2015-08-04,25.5976619720459,26.280920726034005,25.28729268813971,26.218400539858273,496554400
2015-08-05,25.767358779907227,26.22286514738283,25.030509893554626,25.220303787449335,397250400
2015-08-06,25.82343292236328,26.130721855515446,25.5968931323742,26.0118441672273,211612000
2015-08-07,25.910911560058594,26.074649899477837,25.682128288087846,25.70007254388198,154681600
2015-08-10,26.852962493896484,26.913522213707832,26.13745117547773,26.13745117547773,219806400
2015-08-11,25.455585479736328,26.507543892764915,25.419698681217923,26.424552997349956,388331200
2015-08-12,25.848106384277344,25.88848010107389,24.58979420725311,25.2402588839715,404870000
2015-08-13,25.827917098999023,26.108289621325852,25.691095171202885,26.027542197995082,194143200
2015-08-14,26.009599685668945,26.088103654920044,25.572219206085563,25.64175104867108,171718000
2015-08-17,26.278764724731445,26.38867030833621,25.906429078476485,26.02755025094767,163538800
2015-08-18,26.130720138549805,26.341560831476333,26.020814584501316,26.115019345114305,138242800
2015-08-19,25.796520233154297,26.135209069986114,25.722501463015533,26.041004295950447,193146000
2015-08-20,25.267179489135742,25.64848554719514,25.038394485293242,25.587925817506584,274006400
2015-08-21,23.721759796142578,25.098949543946166,23.6970868762912,24.769231170712416,513102000
2015-08-24,23.12961196899414,24.40362476518599,20.635417421165577,21.279153341552664,648825200
2015-08-25,23.268678665161133,24.921755869739176,23.214847613615213,24.921755869739176,414406400
2015-08-26,24.603254318237305,24.648113244948537,23.56251147495979,24.020078003441117,387098400
2015-08-27,25.32773780822754,25.399513122615115,24.67727305900723,25.17297330263905,338464400
2015-08-28,25.41072654724121,25.415211755332983,25.018204955765285,25.15951211264362,212657600
2015-08-31,25.291845321655273,25.688852065786055,25.12137834657979,25.128107013407043,224917200
2015-09-01,24.161386489868164,25.094465498443444,24.080639054064935,24.706430825910797,307383600
2015-09-02,25.1976375579834,25.1976375579834,24.477641153063455,24.72437033244307,247555200
2015-09-03,24.75577735900879,25.296334790713942,24.68175858892311,25.231288148328805,212935600
2015-09-04,24.509048461914062,24.7737202433098,24.33858316703833,24.441760070123664,199985200
2015-09-08,25.19091796875,25.246992491313335,24.744565248298265,25.065311585810885,219374400
2015-09-09,24.706432342529297,25.574464763811182,24.621197982139098,25.516148498685553,340043200
2015-09-10,25.24923324584961,25.40848466751426,24.65035781974626,24.73334700904198,251571200
2015-09-11,25.617076873779297,25.617076873779297,25.067547404671917,25.074276071527077,199662000
2015-09-14,25.863807678222656,26.218199009025287,25.762874239912513,26.148667160912005,233453600
2015-09-15,26.081378936767578,26.137453453474166,25.664184395569876,26.00287495563004,173364800
2015-09-16,26.110530853271484,26.139688977053208,25.892961520704546,26.074642352071283,148694000
2015-09-17,25.552034378051758,26.128480319144057,25.507175450917547,25.942314231404556,256450400
2015-09-18,25.446611404418945,25.63726610331166,25.0922218094221,25.16848231997262,297141200
2015-09-21,25.841373443603516,25.87726194649189,25.493712555976934,25.495954303963952,200888000
2015-09-22,25.435400009155273,25.61035221983528,25.238016623765834,25.43091308971004,201384800
2015-09-23,25.641756057739258,25.731475630663425,25.41297277247823,25.486989837226535,143026800
2015-09-24,25.794275283813477,25.90642430678658,25.20437203902794,25.401753703407618,200878000
2015-09-25,25.729225158691406,26.173335982439163,25.574458980357516,26.117261478551004,224607600
2015-09-28,25.220073699951172,25.697827938171578,25.220073699951172,25.53633306574261,208436000
2015-09-29,24.461944580078125,25.460071920955418,24.192787606840596,25.307549179785273,293461600
2015-09-30,24.740074157714844,25.01820324435386,24.387926308187456,24.710914317708884,265892000
2015-10-01,24.57857322692871,24.587545351540907,24.069415850547735,24.464180777195438,255716400
2015-10-02,24.75801658630371,24.899325444124337,24.123254445270266,24.22643133643209,232079200
2015-10-05,24.847740173339844,24.98007692583926,24.464190675092638,24.64587156603645,208258800
2015-10-06,24.966611862182617,25.063060078474173,24.621192708749092,24.814089141332204,192787200
2015-10-07,24.847740173339844,25.069794785744335,24.540452909522134,25.063066117377303,187062400
2015-10-08,24.560632705688477,24.715398884039228,24.271288060243098,24.715398884039228,247918400
2015-10-09,25.148298263549805,25.18418506209718,24.558393290241394,24.672785776174173,211064400
2015-10-12,25.031661987304688,25.289605086536547,24.99577518923133,25.285119878499245,121868800
2015-10-13,25.07427978515625,25.222315611668947,24.82530880709283,24.856710397906387,132197200
2015-10-14,24.71988296508789,25.01371280450353,24.574088919353986,24.962125221575796,177849600
2015-10-15,25.089982986450195,25.143814045684113,24.782694005441982,24.88138570675293,150694000
2015-10-16,24.906057357788086,25.121383294965348,24.79166486541758,25.072037446834603,156930400
2015-10-19,25.060821533203125,25.0653067411875,24.69745808117051,24.85222428113486,119036800
2015-10-20,25.518386840820312,25.60810639760575,24.856708318136878,24.973342544077195,195871200
2015-10-21,25.51614761352539,25.924370011535668,25.502688566360003,25.569978668411807,167180800
2015-10-22,25.90642547607422,25.90642547607422,25.592407855324677,25.643997161174436,166616400
2015-10-23,26.70941162109375,26.74305667011026,26.092591997071434,26.175581178552775,237467600
2015-10-26,25.85708236694336,26.496331552156278,25.7763349213103,26.485117674920797,265335200
2015-10-27,25.693342208862305,26.13969484741818,25.56773413771088,25.883995208345304,279537600
2015-10-28,26.75202751159668,26.758757890513674,26.032030980725605,26.227170899119155,342205600
2015-10-29,27.034645080566406,27.070533591812794,26.527730982390814,26.624179217292475,204909200
2015-10-30,26.80361557006836,27.189408469648065,26.792399983652906,27.1378191678985,197461200
2015-11-02,27.180437088012695,27.22081080445379,26.828289226765772,27.095204447196274,128813200
2015-11-03,27.492216110229492,27.69856993697857,27.07277807674856,27.09296579417976,182076000
2015-11-04,27.36436653137207,27.77258898002908,27.27913387462253,27.617822752863653,179544400
2015-11-05,27.23821449279785,27.63692237202805,27.0715239466286,27.44770463648238,158210800
2015-11-06,27.269746780395508,27.438690366202188,27.170634378692046,27.281010373549165,132169200
2015-11-09,27.159379959106445,27.438699634115476,27.042246456226405,27.24723051591238,135485600
2015-11-10,26.30339241027832,26.596228681477918,26.143459336143636,26.33267706854822,236511600
2015-11-11,26.15472984313965,26.44981753636232,25.951997118619467,26.213297456575184,180872000
2015-11-12,26.066877365112305,26.31466102415357,26.051109360952868,26.188516990878064,130102400
2015-11-13,25.305496215820312,26.033080694994815,25.28972821626337,25.949734572432085,183249600
2015-11-16,25.7199764251709,25.73349136463906,25.003655417441404,25.089252898378675,152426800
2015-11-17,25.609603881835938,25.91595515426298,25.526257733787073,25.88667049000019,110467600
2015-11-18,26.420528411865234,26.465579354077473,26.01731612030753,26.07588372005007,186698800
2015-11-19,26.756168365478516,26.974669091548368,26.301147563701857,26.49937415837761,173183200
2015-11-20,26.8732967376709,27.01295568430863,26.771929543716215,26.850769548847712,137148400
2015-11-23,26.524150848388672,26.9701628035447,26.43179416913448,26.866542527791964,129930000
2015-11-24,26.7786922454834,26.88456386674009,26.382239079760044,26.42954309208214,171212800
2015-11-25,26.58722496032715,26.857535830351882,26.562446420943623,26.85302970396378,85553200
2015-11-27,26.53766632080078,26.67282260715604,26.490362308009868,26.645791006168274,52185600
2015-11-30,26.648038864135742,26.898075539036938,26.524146198704255,26.57820767153652,156721200
2015-12-01,26.43178939819336,26.762919139912682,26.323666453091068,26.749404201420703,139409600
2015-12-02,26.19301986694336,26.60524273261725,26.14796892014572,26.431792978421072,133546400
2015-12-03,25.94974136352539,26.307902759454652,25.728989311956983,26.25384127805187,166278000
2015-12-04,26.812477111816406,26.862034179405825,25.92946558311689,25.970012118546116,231108000
2015-12-07,26.643537521362305,26.99944586177476,26.53766590073221,26.801219280086283,128336800
2015-12-08,26.63227653503418,26.71562096536293,26.32367219633195,26.472341707929797,137238000
2015-12-09,26.04434585571289,26.51063012048139,25.922706258132,26.499366526441563,185445600
2015-12-10,26.168235778808594,26.34168549620589,26.01956631105115,26.13895284146111,116850800
2015-12-11,25.494720458984375,25.992540822311103,25.420384848355226,25.947489874490497,187544800
2015-12-14,25.337038040161133,25.38208898374484,24.73109305303525,25.269459906202233,257274800
2015-12-15,24.888774871826172,25.409122416293304,24.85723886532313,25.215400251441203,213292400
2015-12-16,25.08024024963379,25.22665838298991,24.508086091703493,25.019421308575538,224954000
2015-12-17,24.54863929748535,25.28523285246727,24.54863929748535,25.2334227104903,179091200
2015-12-18,23.884117126464844,24.670267449100322,23.834560067295428,24.532861583107387,385813200
2015-12-21,24.176963806152344,24.18597434067595,23.7805088800323,24.1657002083519,190362400
2015-12-22,24.154430389404297,24.26480639351558,23.978727601824296,24.19272385960449,131157600
2015-12-23,24.465290069580078,24.519351549372036,24.147675223812477,24.163443227026107,130629600
2015-12-24,24.334644317626953,24.553145057793564,24.316623248243697,24.553145057793564,54281600
2015-12-28,24.06207275390625,24.258047940614375,23.917907691931227,24.23552075333201,106816800
2015-12-29,24.494577407836914,24.65000612353172,24.07109258941657,24.093618066822714,123724800
2015-12-30,24.17470359802246,24.485559213586477,24.143167595802193,24.458529336588093,100855200
2015-12-31,23.710674285888672,24.10938047094601,23.611560146030712,24.104876063944907,163649200
2016-01-04,23.730941772460938,23.735447897110646,22.976327440437675,23.11373502634262,270597600
2016-01-05,23.136262893676758,23.8435733017427,23.06868648416878,23.821047831906707,223164000
2016-01-06,22.68349266052246,23.059675038056618,22.496529721573108,22.651956660286036,273829600
2016-01-07,21.726146697998047,22.555096713640157,21.721642291419773,22.2284731013443,324377600
2016-01-08,21.84103012084961,22.325335489351968,21.795979178070308,22.19919147470328,283192000
2016-01-11,22.194683074951172,22.314069607807568,21.926625352707706,22.29379720120922,198957600
2016-01-12,22.516807556152344,22.681246784383312,22.264517774858547,22.64971077654453,196616800
2016-01-13,21.937894821166992,22.793876624144982,21.91762240914001,22.597901381632845,249758400
2016-01-14,22.417695999145508,22.633945390167895,21.56622025186088,22.066293746255656,252680400
2016-01-15,21.879323959350586,22.009974101608417,21.480617781489038,21.66983380662107,319335600
2016-01-19,21.773454666137695,22.22171792530289,21.51215437447018,22.167656447868826,212350800
2016-01-20,21.8027400970459,22.11810190214439,21.04361938917253,21.422053211574006,289337600
2016-01-21,21.69236183166504,22.04826842385823,21.386010591829923,21.863556798538532,208646000
2016-01-22,22.845678329467773,22.85468886058117,22.15864208825636,22.21720796261881,263202000
2016-01-25,22.399669647216797,22.870458327659843,22.34785951963661,22.868205265091177,207178000
2016-01-26,22.523561477661133,22.724041089583306,22.091066250947,22.510046538883586,300308000
2016-01-27,21.043617248535156,21.76669574806189,21.02559618297217,21.633794256347503,533478800
2016-01-28,21.19453239440918,21.291393439710163,20.811594337311966,21.126956000053507,222715200
2016-01-29,21.92662811279297,21.92662811279297,21.25310670655269,21.35222084528705,257666000
2016-02-01,21.72164535522461,21.784717367715892,21.48962971559591,21.730655888235283,163774000
2016-02-02,21.282390594482422,21.63379275566783,21.237337933700136,21.49413208511767,149428800
2016-02-03,21.703628540039062,21.814004583516873,21.19229315126392,21.39953029534824,183857200
2016-02-04,21.87801170349121,22.04334319664708,21.558675159051454,21.7104166498697,185886800
2016-02-05,21.29369354248047,21.950487266896594,21.218956298789394,21.859894731130765,185672400
2016-02-08,21.517913818359375,21.674184195858096,21.071746935546646,21.0921293521255,216085600
2016-02-09,21.513376235961914,21.728533687948552,21.273307525570605,21.354840621157955,177324800
2016-02-10,21.350313186645508,21.82139297982677,21.311811921371458,21.724006308427843,169374400
2016-02-11,21.221221923828125,21.45223299889895,20.969828433379384,21.241606067115114,200298800
2016-02-12,21.28689193725586,21.402397423035772,21.064942116793762,21.332189053203027,161405600
2016-02-16,21.887073516845703,21.93463421044413,21.427318417485296,21.52017451606062,196231600
2016-02-17,22.222257614135742,22.242640020871907,21.776090946777472,21.893859995261423,179452800
2016-02-18,21.801006317138672,22.39664921619739,21.76250333146128,22.38532450372018,156084000
2016-02-19,21.75118064880371,21.914246834451163,21.696825829557408,21.742121224277902,141496800
2016-02-22,21.94142723083496,21.945957807847254,21.724006187783868,21.812333432526223,137123200
2016-02-23,21.445436477661133,21.855365579643816,21.413729349767934,21.832717877992803,127770400
2016-02-24,21.764768600463867,21.828182843300198,21.135153292433845,21.284631203041073,145022800
2016-02-25,21.914255142211914,21.914255142211914,21.572269080326027,21.75345418371292,110330800
2016-02-26,21.94822120666504,22.199612916119857,21.873482243576703,22.01389901650893,115964400
2016-02-29,21.898395538330078,22.2471756430575,21.88933611286731,21.93689680061531,140865200
2016-03-01,22.76807403564453,22.822428847114264,22.06371986268928,22.11581111428282,201628400
2016-03-02,22.817907333374023,22.84961446091474,22.566513873652035,22.763552504434063,132678400
2016-03-03,22.987764358520508,23.035325042947726,22.74995920847582,22.779402771151197,147822800
2016-03-04,23.329753875732422,23.49734894099103,22.958326040343685,23.18480651206408,184220400
2016-03-07,23.071563720703125,23.288984742123198,22.865465684869566,23.18933279267324,143315600
2016-03-08,22.881322860717773,23.046654373151963,22.738640778851057,22.824702740117004,126247600
2016-03-09,22.901702880859375,23.005883676665537,22.709193123136984,22.944732989793426,108806800
2016-03-10,22.91302490234375,23.155358895590112,22.68201562186655,22.967381450145442,134054400
2016-03-11,23.159894943237305,23.164423792669737,22.987769290352173,23.155364365895892,109632800
2016-03-14,23.218774795532227,23.307103760030373,23.05117974763284,23.080623311768452,100304400
2016-03-15,23.68532943725586,23.82121738210756,23.519997923615165,23.54491091509402,160270800
2016-03-16,24.000133514404297,24.077136037852313,23.687589388175116,23.692119964794824,153214000
2016-03-17,23.961633682250977,24.11337517779888,23.771389194773242,23.89821770115253,137682800
2016-03-18,23.988805770874023,24.12016482971511,23.823476031219283,24.08392713296923,176820800
2016-03-21,23.986555099487305,24.380630759851293,23.81216411403186,23.99108395005979,142010800
2016-03-22,24.16999626159668,24.299090061591315,23.828010264874134,23.83706969110818,129777600
2016-03-23,24.036376953125,24.249269194745885,23.984287401181106,24.115646517411406,102814000
2016-03-24,23.932188034057617,24.063547105898483,23.755533564710287,23.886892636551153,104532000
2016-03-28,23.823482513427734,24.049962995987833,23.79403894483319,24.00693115137055,77645600
2016-03-29,24.387422561645508,24.41233555717931,23.753276411909358,23.755541700933136,124760400
2016-03-30,24.813196182250977,25.00796949675472,24.595775169576513,24.607099882616183,182404400
2016-03-31,24.68410301208496,24.890201044722406,24.659190025108817,24.849434495844047,103553600
2016-04-01,24.910587310791016,24.91285259938728,24.50518704750646,24.636546139546827,103496000
2016-04-04,25.1665096282959,25.40884365418212,24.973999852742512,25.007972267717157,149424800
2016-04-05,24.869815826416016,25.078179138251425,24.781488595666413,24.801872733174786,106314800
2016-04-06,25.13027572631836,25.13480630388501,24.7316695679972,24.96494593122594,105616400
2016-04-07,24.582189559936523,25.007972206572465,24.48706818056713,24.901526112936278,127207600
2016-04-08,24.609371185302734,24.860762942718786,24.49839449969899,24.665991308521736,94326800
2016-04-11,24.69090461730957,25.05100952930948,24.647874495078657,24.67958162847372,117630000
2016-04-12,25.012508392333984,25.02609667017418,24.60937335592244,24.763378445869154,108929200
2016-04-13,25.3748722076416,25.442815312275144,25.09403690709012,25.09403690709012,133029200
2016-04-14,25.388458251953125,25.454137790196775,25.21406906468522,25.27974860292887,101895600
2016-04-15,24.878877639770508,25.433755791346098,24.851701091028172,25.390723951959068,187756000
2016-04-18,24.34212303161621,24.675047889615044,24.21982336365566,24.661459613589077,243286000
2016-04-19,24.213022232055664,24.459885057405643,24.059015479244547,24.432706785294815,129539600
2016-04-20,24.262855529785156,24.480276604110284,24.020521462035465,24.151880567745156,122444000
2016-04-21,24.000133514404297,24.217554538615328,23.89821627536529,24.217554538615328,126210000
2016-04-22,23.93445587158203,24.115640936723352,23.69438712899229,23.782714373073755,134732400
2016-04-25,23.79857063293457,23.927664444903044,23.669476820966093,23.780451778785896,112126400
2016-04-26,23.633228302001953,23.848385708801565,23.53357810558582,23.53357810558582,224064800
2016-04-27,22.15431785583496,22.355885320885914,21.66964982437439,21.742123500258902,458408400
2016-04-28,21.477140426635742,22.167904728247734,21.345781357430408,22.106755770050007,328970800
2016-04-29,21.230283737182617,21.452235409950184,20.95171366158771,21.28690386791922,274126000
2016-05-02,21.207632064819336,21.30728402921264,20.926796752694237,21.282371038114313,192640400
2016-05-03,21.556415557861328,21.683244093748378,21.216694784241685,21.334463892149778,227325200
2016-05-04,21.33219337463379,21.719474722918175,21.24839498908705,21.560937376849367,164102000
2016-05-05,21.245603561401367,21.43472722358323,21.11800289218408,21.41877713993107,143562000
2016-05-06,21.127126693725586,21.293463104624514,20.9288883631719,21.275235671374006,174799600
2016-05-09,21.143068313598633,21.366369492712273,21.09749540265691,21.19091856626584,131745600
2016-05-10,21.286624908447266,21.320804166418394,20.988129648253217,21.26611839672215,134747200
2016-05-11,21.079273223876953,21.320803627490353,21.06787955869815,21.300297116283584,114876400
2016-05-12,20.584814071655273,21.14079147509542,20.38657753793249,21.127120469577704,305258800
2016-05-13,20.62582778930664,20.887866391934395,20.507341691111154,20.507341691111154,177571200
2016-05-16,21.391441345214844,21.507650134118606,20.883315821127283,21.05193130218317,245039200
2016-05-17,21.30257797241211,21.578287678610693,21.193206417743497,21.5441101542952,187667600
2016-05-18,21.546384811401367,21.694493772549624,21.393719427055466,21.455242440014104,168249600
2016-05-19,21.464357376098633,21.564616080500596,21.320806562601753,21.564616080500596,121768400
2016-05-20,21.696767807006836,21.744618062384657,21.53726521731853,21.564608965432527,128104000
2016-05-23,21.972482681274414,22.145656317313065,21.799309045235763,21.844881969682415,152074400
2016-05-24,22.307432174682617,22.350724271888282,22.065900065721316,22.15248773699063,140560800
2016-05-25,22.699350357055664,22.726692368008063,22.35528223232984,22.48288291925164,152675200
2016-05-26,22.879356384277344,22.95227130105576,22.47604439269927,22.71301830683631,225324800
2016-05-27,22.865692138671875,22.893035894534986,22.6150471277629,22.658340973272143,145364800
2016-05-31,22.75403594970703,22.877080213373,22.51706200543505,22.694792029031795,169228800
2016-06-01,22.435039520263672,22.68112812464078,22.40541841986679,22.562640246194242,116693200
2016-06-02,22.266420364379883,22.29376237919357,22.01805271977049,22.239076611136976,160766400
2016-06-03,22.31199836730957,22.391748832272583,22.20490414074649,22.28237726273181,114019600
2016-06-06,22.473772048950195,23.216594181455072,22.227685217578443,22.32794217168202,93170000
2016-06-07,22.564916610717773,22.75631941500039,22.548966521896663,22.61504595799249,89638000
2016-06-08,22.54440689086914,22.685678589346253,22.48516296720797,22.562634319478764,83392400
2016-06-09,22.706188201904297,22.783659558832454,22.435034975797432,22.444149559864716,106405600
2016-06-10,22.51934051513672,22.63782661505563,22.439590088419287,22.45098201313382,126851600
2016-06-13,22.179834365844727,22.58542558014755,22.125148593635664,22.487445963290416,152082000
2016-06-14,22.20718002319336,22.439597617239645,22.045400035164416,22.1752798418034,127727600
2016-06-15,22.134262084960938,22.423644497893772,22.109197411764256,22.289206547254377,117780800
2016-06-16,22.22768211364746,22.273253292019113,21.890449483038555,21.977035417316305,125307200
2016-06-17,21.721834182739258,22.022608481926333,21.714998679780535,22.01577297896761,244032800
2016-06-20,21.6694278717041,22.004381456714007,21.653477783771688,21.87450167257029,137647600
2016-06-21,21.853992462158203,21.954249400307937,21.573724679189954,21.632968600661833,142185600
2016-06-22,21.771963119506836,22.077293835540676,21.7263902032435,21.931463980356007,116876400
2016-06-23,21.897281646728516,21.940575476479815,21.703601560540676,21.86082505727644,128960800
2016-06-24,21.282066345214844,21.569169649500544,21.111171810973445,21.17041573627061,301245600
2016-06-27,20.972179412841797,21.202317893911776,20.84913512806466,21.190924228524736,181958400
2016-06-28,21.325366973876953,21.3413188056778,20.994971437578087,21.168145121627944,161779600
2016-06-29,21.509920120239258,21.544099365868664,21.334467470608345,21.411940543263576,146124000
2016-06-30,21.78335952758789,21.82209521056146,21.48714333384785,21.519043512582478,143345600
2016-07-01,21.849435806274414,21.981594663880156,21.72183510978838,21.758291706600488,104106000
2016-07-05,21.644359588623047,21.737782758376927,21.5235944089345,21.735503678072735,110820800
2016-07-06,21.76740264892578,21.79702547596092,21.503086716361018,21.555493391466726,123796400
2016-07-07,21.8608341217041,21.988434845338166,21.787919174137567,21.806146607207094,100558400
2016-07-08,22.029443740844727,22.077293999454746,21.885892965014673,21.98614990468037,115648400
2016-07-11,22.097806930541992,22.250472322052435,22.040842076536958,22.045398499948433,95179600
2016-07-12,22.198057174682617,22.261857513714595,22.129700413617865,22.14109233791423,96670000
2016-07-13,22.072738647460938,22.255025107420934,22.06590140581734,22.19578292060921,103568800
2016-07-14,22.510231018066406,22.555802204078333,22.175277411747874,22.191227500694982,155676000
2016-07-15,22.50794792175293,22.62643576573226,22.444147577346676,22.539848093956056,120548000
2016-07-18,22.747201919555664,22.81555868928696,22.466934122213043,22.489719712123474,145975600
2016-07-19,22.756317138671875,22.78593823253969,22.63555020575895,22.685679548019195,95119600
2016-07-20,22.776824951171875,22.890754648849864,22.726695606044885,22.78593953559762,105104000
2016-07-21,22.656057357788086,23.013796501190217,22.587698851026794,22.74720145399346,130808000
2016-07-22,22.480606079101562,22.62643593553281,22.40085390956624,22.617321352202232,113254800
2016-07-25,22.179834365844727,22.52162348440273,22.08413382987153,22.38718726554934,161531600
2016-07-26,22.02716636657715,22.32338426293091,21.970201520234436,22.061345622068604,224959200
2016-07-27,23.458120346069336,23.777123796795603,23.41254916957799,23.758894630827488,369379200
2016-07-28,23.774845123291016,23.79990979231886,23.42849965611466,23.430778736506912,159479200
2016-07-29,23.74522590637207,23.822698999963638,23.62446071248406,23.740669483656855,110934800
2016-08-01,24.164487838745117,24.1872734289597,23.7907985962529,23.7907985962529,152671600
2016-08-02,23.80674934387207,24.169044932095982,23.697376074006293,24.164488509298266,135266400
2016-08-03,24.105241775512695,24.116633700395067,23.872824256021797,23.88193883898506,120810400
2016-08-04,24.254150390625,24.283931942084056,24.118984200180545,24.187713008589075,109634800
2016-08-05,24.622995376586914,24.661940892005887,24.32517282231439,24.345790419472735,162213600
2016-08-08,24.82689094543457,24.82689094543457,24.54968771065634,24.63215985472597,112148800
2016-08-09,24.927692413330078,24.957475721883466,24.74441844707523,24.794819355845505,105260800
2016-08-10,24.74212646484375,24.948311201620122,24.68714445098562,24.904782827232136,96034000
2016-08-11,24.726085662841797,24.955179386486087,24.70775774546712,24.861250120825655,109938000
2016-08-12,24.783355712890625,24.842920562309494,24.691717886364554,24.691717886364554,74641600
2016-08-15,25.0811824798584,25.09492754442996,24.760450906365758,24.774195970937317,103472800
2016-08-16,25.058273315429688,25.2530043978627,25.019327798081715,25.115546751946088,135177600
2016-08-17,25.021617889404297,25.05598229904924,24.820014285005414,24.994126012119047,101424000
2016-08-18,24.989547729492188,25.108675715492865,24.975800915373384,25.02391214301918,87938800
2016-08-19,25.053695678710938,25.129297044864174,24.824601900923053,24.918529440935743,101472400
2016-08-22,24.858957290649414,24.99412173149837,24.707754613245992,24.939139734190846,103280800
2016-08-23,24.93685531616211,25.044529662541454,24.863545383200147,24.87729044942843,85030800
2016-08-24,24.74899673461914,24.913944508954565,24.668814274274574,24.87270756537071,94700400
2016-08-25,24.643613815307617,24.71463231618468,24.439720524273138,24.60237687173623,100344800
2016-08-26,24.499286651611328,24.730670085075193,24.354956467736542,24.60696099582057,111065200
2016-08-29,24.471797943115234,24.613836718455794,24.35037851722022,24.425979885442466,99881200
2016-08-30,24.283937454223633,24.398484329007708,24.16939057943956,24.238119403448643,99455600
2016-08-31,24.306840896606445,24.414515213827364,24.201458005751938,24.20604085848477,118649600
2016-09-01,24.451168060302734,24.46720454721816,24.196873947896698,24.31600188671901,106806000
2016-09-02,24.680273056030273,24.742127605992668,24.471796882605915,24.673398774615084,107210000
2016-09-06,24.67339324951172,24.810850881486054,24.629866630709817,24.719213042785295,107521600
2016-09-07,24.824596405029297,24.9162342454262,24.52906528736866,24.703177009338134,169457200
2016-09-08,24.17397689819336,24.574891046389727,24.109830914137458,24.57030993946301,212008000
2016-09-09,23.626440048217773,24.219793825851863,23.626440048217773,23.97237213291147,186228000
2016-09-12,24.155651092529297,24.219797077567453,23.488987288353467,23.516479173875677,181171200
2016-09-13,24.730676651000977,24.92311636464402,24.568020251955232,24.62987656085186,248704800
2016-09-14,25.60581398010254,25.894472665651946,24.879587033075833,24.90937034653904,443554800
2016-09-15,26.476362228393555,26.513018064052147,25.999846851910497,26.084612160986165,359934400
2016-09-16,26.32744789123535,26.60465106172326,26.125846062111304,26.373267680476893,319547600
2016-09-19,26.02046775817871,26.616111140609824,25.9448664034801,26.389308824360544,188092000
2016-09-20,26.018169403076172,26.14417162735456,25.77533065938992,25.899041457450675,138057200
2016-09-21,26.01359748840332,26.114397555589942,25.759303271639574,26.08232456859692,144012800
2016-09-22,26.258726119995117,26.332036049706506,26.116687366496414,26.196869829017217,124296000
2016-09-23,25.821149826049805,26.297665125086127,25.55540205210204,26.212899829787133,209924800
2016-09-26,25.860097885131836,25.976936169021382,25.555404572955588,25.576022168311567,119477600
2016-09-27,25.908206939697266,25.92882628256868,25.736386656436167,25.88758934467216,98429600
2016-09-28,26.105228424072266,26.263303648543392,25.986100459960383,26.0456653159395,118564400
2016-09-29,25.699737548828125,26.07087006177409,25.61268255100721,25.92425019815642,143548000
2016-09-30,25.899051666259766,25.972361603506254,25.612684450789608,25.76388543167753,145516400
2016-10-03,25.777626037597656,25.899047184134982,25.722644031139744,25.821154406127008,86807200
2016-10-04,25.88759422302246,26.187706481695248,25.802828904748836,25.9013392889627,118947200
2016-10-05,25.899051666259766,26.038799007236946,25.816577768376618,25.979234137022054,85812400
2016-10-06,26.091489791870117,26.194581291074226,25.917378034160695,26.047961415481065,115117200
2016-10-07,26.13043212890625,26.244979001991542,26.004431617220373,26.187705565448898,97433600
2016-10-10,26.586332321166992,26.746697258697147,26.281637192012965,26.35036427330586,144944000
2016-10-11,26.643598556518555,27.191132370939677,26.620687787770887,26.964328344830818,256164000
2016-10-12,26.881858825683594,27.028480428464434,26.74669435697869,26.88415025249878,150347200
2016-10-13,26.799386978149414,26.904769890789296,26.510728370924866,26.75585860742008,140769600
2016-10-14,26.948301315307617,27.07201216901802,26.833754422743933,27.005574761589457,142608800
2016-10-17,26.929967880249023,26.996403521918943,26.753564734466906,26.879566981454133,94499600
2016-10-18,26.911636352539062,27.081165195686054,26.907053499892672,27.074292664562634,98214000
2016-10-19,26.831462860107422,26.9780827324703,26.070871616782476,26.86124442085881,80138400
2016-10-20,26.81771469116211,26.89102462364147,26.650477226996685,26.771896638805003,96503200
2016-10-21,26.71232032775879,26.783340550684848,26.639010426688536,26.76042978647559,92770800
2016-10-24,26.952878952026367,26.973496549729994,26.803967670951774,26.826876695460204,94154800
2016-10-25,27.09033966064453,27.11554011643567,26.8749909467373,27.021610827060186,192516000
2016-10-26,26.48094367980957,26.5061441301924,25.958610249777237,26.187703982096433,264536800
2016-10-27,26.226654052734375,26.542802807956477,26.139597306511195,26.43512846258359,138248000
2016-10-28,26.05254364013672,26.393892865891907,25.990687343831727,26.086908054989856,151446800
2016-10-31,26.011302947998047,26.169378184862182,25.933410169019165,26.036503398740056,105677600
2016-11-01,25.54166030883789,26.063993750771612,25.32173053054193,25.99297525144537,175303200
2016-11-02,25.564573287963867,25.738685044826394,25.482101137709808,25.52104665963332,113326800
2016-11-03,25.290552139282227,25.665891571470034,25.22607682644707,25.55536296570134,107730400
2016-11-04,25.062578201293945,25.38725964409757,24.89448213712963,24.99119508556555,123348000
2016-11-07,25.424108505249023,25.447135151133345,25.2053509772968,25.348118992692342,130240000
2016-11-08,25.573781967163086,25.725760988623172,25.26061467156694,25.401079491951407,97016800
2016-11-09,25.53232765197754,25.633646977193415,24.88066512492281,25.302057735992395,236705600
2016-11-10,24.8207950592041,25.58068474636516,24.36946622370248,25.58068474636516,228538000
2016-11-11,24.96817398071289,25.069493334010403,24.53526705113169,24.666520869348684,136575600
2016-11-14,24.34184455871582,24.825411268329997,23.966505043840524,24.802384616790444,204702000
2016-11-15,24.664213180541992,24.795466974827097,24.44545744234022,24.539867203300282,129058000
2016-11-16,25.327394485473633,25.38266054531642,24.546779397604602,24.56980604412884,235362000
2016-11-17,25.31818389892578,25.410292243383676,25.060282642628334,25.2859462418886,110528000
2016-11-18,25.343515396118164,25.454045768065143,25.25140880245312,25.265224440138745,113715600
2016-11-21,25.728057861328125,25.787926773120184,25.331993334359158,25.357323165048104,117058400
2016-11-22,25.74418067932129,25.88694692155281,25.652072349507886,25.77871976578358,103862000
2016-11-23,25.612924575805664,25.677399873827863,25.405681291577086,25.64285903365308,109705600
2016-11-25,25.74188232421875,25.76030434500653,25.548454619588256,25.589903287950463,45903600
2016-11-28,25.69122314453125,25.89846649036812,25.649774475363877,25.658985485936697,108776000
2016-11-29,25.6658878326416,25.797141630884603,25.345812749964455,25.509304199928877,114115200
2016-11-30,25.44943618774414,25.836289805737298,25.39186869552385,25.69812817577269,144649200
2016-12-01,25.212255477905273,25.54614794816539,25.106331515318686,25.414894151392858,148347600
2016-12-02,25.306665420532227,25.350415512183364,25.064881293576455,25.138567600211147,106112000
2016-12-05,25.1247501373291,25.33659803387616,24.926717873263808,25.329690217635278,137298000
2016-12-06,25.31818389892578,25.41259543512077,25.143179976958383,25.21456310942349,104782000
2016-12-07,25.566871643066406,25.60371567744042,25.136267971446728,25.159294614520356,119994800
2016-12-08,25.8178653717041,25.88924848834048,25.467854091740875,25.52772476588567,108273200
2016-12-09,26.239259719848633,26.41196217984804,25.861617147862216,25.861617147862216,137610400
2016-12-12,26.08959197998047,26.481050281412198,25.903072083360275,26.087288788046205,105497600
2016-12-13,26.524799346923828,26.69289544716425,26.19321001618473,26.213933470945666,174935200
2016-12-14,26.524799346923828,26.757370759958963,26.476442862327794,26.490258498835086,136127200
2016-12-15,26.669862747192383,26.87940922303289,26.534004334186427,26.568543417614983,186098000
2016-12-16,26.70440673828125,26.826449532315554,26.630720423572594,26.819541714814793,177404400
2016-12-19,26.858686447143555,27.02908571582107,26.653746335091068,26.66526053515615,111117600
2016-12-20,26.930072784423828,27.056721972983006,26.86790066438054,26.881716300652275,85700000
2016-12-21,26.95539665222168,27.033689339669525,26.890921354805865,26.895527737089903,95132800
2016-12-22,26.778095245361328,26.82875492027494,26.628419412249425,26.791910881493962,104343600
2016-12-23,26.8310546875,26.8310546875,26.61690355665161,26.61690355665161,56998000
2016-12-27,27.001455307006836,27.125801293026985,26.82414645854798,26.831054276079044,73187600
2016-12-28,26.88631248474121,27.176451277307546,26.75736015344747,27.06131633386445,83623600
2016-12-29,26.87941551208496,26.966917471943905,26.80342599712243,26.814938442018846,60158000
2016-12-30,26.669862747192383,26.98763461247589,26.58005761663791,26.860987207324253,122345200
2017-01-03,26.74586296081543,26.78731163435732,26.425787776116692,26.66526880582309,115127600
2017-01-04,26.715925216674805,26.828758784076165,26.653753088303635,26.676779737447745,84472400
2017-01-05,26.851781845092773,26.909349338670825,26.66756516291481,26.692895000634792,88774400
2017-01-06,27.151126861572266,27.20869434104453,26.819537617629607,26.8909207299928,127007600
2017-01-09,27.39982032775879,27.501139665978368,27.158037939035147,27.160339373579944,134247600
2017-01-10,27.42745018005371,27.48962228515436,27.24093210793169,27.349157494083194,97848400
2017-01-11,27.574831008911133,27.616279676942654,27.310020171866448,27.342257829577566,110354400
2017-01-12,27.45969009399414,27.471204293616978,27.22020914776478,27.379095967094887,108344800
2017-01-13,27.411338806152344,27.54489581704745,27.358375937410994,27.427457634583096,104447600
2017-01-17,27.632400512695312,27.687664821810905,27.222520186181647,27.250151462329086,137759200
2017-01-18,27.63009262084961,27.747530794962067,27.565617311711918,27.63239581241036,94852000
2017-01-19,27.58173942565918,27.653122561164782,27.487329642263447,27.494237460948423,102389200
2017-01-20,27.632400512695312,27.736021311889637,27.57022838454286,27.736021311889637,130391600
2017-01-23,27.650815963745117,27.81891204309813,27.579431084746446,27.632393946144152,88200800
2017-01-24,27.625492095947266,27.65542656339956,27.51726491518952,27.528779117882305,92844000
2017-01-25,28.065305709838867,28.115965388659937,27.69687407771373,27.729111735723393,129510400
2017-01-26,28.079116821289062,28.194251790368554,28.0008241287685,28.016942954166822,105350400
2017-01-27,28.0814208984375,28.173529233733234,28.00082676386137,28.125172752987556,82251600
2017-01-30,28.00773048400879,28.00773048400879,27.78437013138144,27.846542238438513,121510000
2017-01-31,27.943262100219727,27.952473110362984,27.775165996361807,27.897208806323995,196804000
2017-02-01,29.64725112915039,30.04792204038873,29.246581974732056,29.25118659996491,447940000
2017-02-02,29.596599578857422,29.794631897723733,29.423897097763813,29.469952146814403,134841600
2017-02-03,29.72324562072754,29.748575455818408,29.511397687986015,29.54593677509147,98029200
2017-02-06,30.001869201660156,30.050227435489187,29.68179412277796,29.73475873926701,107383600
2017-02-07,30.287410736083984,30.416361365033605,30.03871873154924,30.05944218685019,152735200
2017-02-08,30.40484619140625,30.446296614324577,30.216026637519,30.245962858868847,92016400
2017-02-09,30.624542236328125,30.63148000174361,30.323892795787284,30.446464689958976,113399600
2017-02-10,30.555166244506836,30.744807941745723,30.538979298745115,30.63380014736456,80262000
2017-02-13,30.825754165649414,30.948329627164423,30.700870820103,30.77718979249929,92141600
2017-02-14,31.225849151611328,31.24203609878774,30.816503242407816,30.867382554461336,132904800
2017-02-15,31.33917236328125,31.514938565098177,31.133343676054785,31.34148730522616,142492400
2017-02-16,31.302165985107422,31.429360727692984,31.18421689299279,31.376170006491336,90338400
2017-02-17,31.387741088867188,31.413180748801448,31.244355839533174,31.244355839533174,88792800
2017-02-21,31.614391326904297,31.62595545332055,31.447877787362845,31.505694890568183,98028800
2017-02-22,31.709203720092773,31.711515133205836,31.477935369287305,31.551939406530067,83347600
2017-02-23,31.575069427490234,31.794773667326492,31.52187869190097,31.771648948271466,83152800
2017-02-24,31.605117797851562,31.605117797851562,31.28596650475825,31.431666621844016,87106400
2017-02-27,31.667570114135742,31.785519218610354,31.51724711412349,31.716138015191394,81029600
2017-02-28,31.68145179748535,31.785521846781478,31.614382001380704,31.7022651015696,93931600
2017-03-01,32.32899856567383,32.412255306318166,31.82252388303502,31.889590146585466,145658400
2017-03-02,32.13704299926758,32.44231530580074,32.090786518358094,32.37756046717631,104844000
2017-03-03,32.32667922973633,32.33824334927274,32.05146941758944,32.09541095450349,84432400
2017-03-06,32.22493362426758,32.324380857751315,32.05379729003433,32.231871393013506,87000000
2017-03-07,32.26655197143555,32.372933405905044,32.09772358332801,32.16016700809209,69785200
2017-03-08,32.14629364013672,32.33130898556702,32.104667040073856,32.13472951938341,74828800
2017-03-09,32.07229232788086,32.097731986936,31.69532732590461,32.086171392808566,88623600
2017-03-10,32.17866897583008,32.229548280748425,32.0630348335382,32.204108628289255,78451200
2017-03-13,32.19255065917969,32.24574138671217,32.10467109388138,32.11160886143455,69686800
2017-03-14,32.14399337768555,32.29662782640295,32.109301003391494,32.215686010801,61236400
2017-03-15,32.483943939208984,32.55101018724552,32.153228466057726,32.24111154109597,102767200
2017-03-16,32.53714370727539,32.61346268385059,32.43769648487442,32.54408147524815,76928000
2017-03-17,32.37525177001953,32.60883149115717,32.352123527625004,32.60883149115717,175540000
2017-03-20,32.715213775634766,32.72446295450743,32.43075123884514,32.47006642458355,86168000
2017-03-21,32.34056091308594,33.02511669068808,32.31512125681653,32.86554098580492,158119600
2017-03-22,32.705970764160156,32.74760090361427,32.322064442958755,32.34288127712336,103440800
2017-03-23,32.590328216552734,32.742966140564654,32.51863560860373,32.66895859115008,81385200
2017-03-24,32.52557373046875,32.77997027326692,32.458507475844264,32.7244646105998,89582400
2017-03-27,32.58108139038086,32.65971177065704,32.058412739296315,32.23649033017133,94300400
2017-03-28,33.25638961791992,33.31189176374392,32.520954425876965,32.58802422391429,133499200
2017-03-29,33.330387115478516,33.41595878829196,33.11530928486144,33.22862849626748,116760000
2017-03-30,33.28645706176758,33.41828173548406,33.18701334977137,33.34658910053321,84829200
2017-03-31,33.224002838134766,33.365076633853526,33.073676334799764,33.23787837068514,78646800
2017-04-03,33.23324966430664,33.33038191415727,33.082926700486944,33.23556460548382,79942800
2017-04-04,33.48072814941406,33.508479228914275,33.11069728799065,33.1291991839494,79565600
2017-04-05,33.30726623535156,33.64029319877768,33.25869833282079,33.35351919607748,110871600
2017-04-06,33.224002838134766,33.42289370539606,33.17543494533447,33.36969945878765,84596000
2017-04-07,33.14999771118164,33.34426223880752,33.13381076498328,33.240192208213244,66688800
2017-04-10,33.11069107055664,33.27489316080977,33.04824762453078,33.21013830155154,75733600
2017-04-11,32.75453186035156,33.152313635689204,32.391438919949145,33.05749278170043,121517600
2017-04-12,32.79384994506836,32.87479174335535,32.61114598794621,32.74759698477941,81400000
2017-04-13,32.62040328979492,32.92799063588841,32.62040328979492,32.81929422302548,71291600
2017-04-17,32.80078887939453,32.81235300209678,32.5787697216858,32.71984354935364,66328400
2017-04-18,32.65509033203125,32.849354899207185,32.6342770274499,32.70365823826272,58790000
2017-04-19,32.53483581542969,32.84011178788156,32.481645073154205,32.81236070997707,69313600
2017-04-20,32.941856384277344,33.05286417738773,32.6458332500669,32.659708783096434,93278400
2017-04-21,32.90254211425781,32.99735943555886,32.805409851471275,32.94185730189468,69283600
2017-04-24,33.21939468383789,33.29108732720819,33.11300966121117,33.18701724719079,68537200
2017-04-25,33.42521667480469,33.510784841033605,33.27257870622726,33.281831417042675,75486000
2017-04-26,33.22861862182617,33.441388505425266,33.15924097377565,33.41132250535454,80164800
2017-04-27,33.254066467285156,33.33963813576577,33.14305867416402,33.284132474768136,56985200
2017-04-28,33.221675872802734,33.37200232172977,33.13379635549881,33.32343444650775,83441600
2017-05-01,33.89930725097656,34.042692465256124,33.52465374069815,33.55703116098302,134411600
2017-05-02,34.1143798828125,34.248515897551556,33.95943057152953,34.12131764832714,181408800
2017-05-03,34.01032257080078,34.1097697951006,33.365085434890055,33.670357818144886,182788000
2017-05-04,33.887752532958984,34.02882637381585,33.72123903132874,33.88544111975236,93487600
2017-05-05,34.44973373413086,34.45435656017521,33.94094055926449,33.94094055926449,109310800
2017-05-08,35.386375427246094,35.5459511825163,34.46592821419008,34.46592821419008,195009600
2017-05-09,35.61300277709961,35.81883139976677,35.48811593299326,35.585248184590526,156521600
2017-05-10,35.444175720214844,35.601439987394336,35.178218606779424,35.52974738440952,103222800
2017-05-11,35.7507209777832,35.77859014018026,35.36987549713816,35.402386567067346,109020400
2017-05-12,36.24999237060547,36.32430184835647,35.917911815248516,35.92487821805518,130108000
2017-05-15,36.1571044921875,36.37771553649131,36.00616102593758,36.229093023581775,104038800
2017-05-16,36.10369110107422,36.240701748573535,35.92952394269511,36.21283613713365,80194000
2017-05-17,34.89148712158203,35.89469164682741,34.766088327646294,35.669435173615554,203070800
2017-05-18,35.42328643798828,35.60906550250236,35.09585477886025,35.12836584939215,134272800
2017-05-19,35.54404067993164,35.757685347800766,35.44418652206005,35.61835371750733,107843200
2017-05-22,35.760013580322266,35.897024271293674,35.50921236746691,35.7623345341987,91865600
2017-05-23,35.71587371826172,35.97131671775423,35.602083250330374,35.97131671775423,79675600
2017-05-24,35.60905075073242,35.80179614026602,35.453461867396996,35.7251621750221,76712000
2017-05-25,35.73214340209961,35.8436129669423,35.5370769787863,35.69963233154739,76942400
2017-05-26,35.67176055908203,35.818062123052115,35.602092978932454,35.76232735024439,87710400
2017-05-30,35.68568801879883,35.862176124415456,35.6067330933998,35.62763230128075,80507600
2017-05-31,35.474365234375,35.801800339704464,35.38612295110314,35.755356473228765,97804800
2017-06-01,35.571895599365234,35.6067311540426,35.34896364056432,35.56957464642925,65616400
2017-06-02,36.09904861450195,36.09904861450195,35.504558565386986,35.6647929311988,111082800
2017-06-05,35.746063232421875,35.86682011210074,35.63692174790094,35.841275455696355,101326800
2017-06-06,35.8668327331543,36.1826560764517,35.71124378701055,35.73910940618827,106499600
2017-06-07,36.080467224121094,36.22212332066588,35.87378900556623,35.99919134332844,84278400
2017-06-08,35.992225646972656,36.11994539693089,35.85521145399643,36.05260232047,85003200
2017-06-09,34.596561431884766,36.038666982496004,33.909183735883566,36.038666982496004,259530800
2017-06-12,33.76985168457031,33.92544059310496,33.094082235331136,33.8441647090024,289229200
2017-06-13,34.04155731201172,34.24126916682456,33.707155737121326,34.17392607850608,136661600
2017-06-14,33.709476470947266,34.25287719776067,33.40294054703805,34.25287719776067,126124800
2017-06-15,33.507442474365234,33.551565394676025,33.02442193475349,33.282189509280364,128661600
2017-06-16,33.03834915161133,33.55620516651621,33.02209184964148,33.38900441439125,201444400
2017-06-19,33.98350143432617,34.07639272886052,33.3611457064286,33.3611457064286,130165600
2017-06-20,33.674644470214844,34.10657924464875,33.658390708347625,34.10657924464875,99600400
2017-06-21,33.87435531616211,33.92080273369375,33.581755720291255,33.79307942236266,85063200
2017-06-22,33.81861877441406,34.06709541067822,33.70018283912189,33.851129835517035,76425200
2017-06-23,33.96955871582031,34.173915960736686,33.697858402523515,33.702503851755125,141757600
2017-06-26,33.86273193359375,34.43399806319301,33.76055333000653,34.176230601757574,102769600
2017-06-27,33.37739944458008,33.94170298522307,33.35185478153137,33.67464449999742,99047600
2017-06-28,33.86506652832031,33.93008865798964,33.24503179961903,33.55388868726849,88329600
2017-06-29,33.365787506103516,33.70251357547515,33.04067683488191,33.60498037410866,125997600
2017-06-30,33.44473648071289,33.66302653078526,33.389001720022215,33.54459060724752,92096400
2017-07-03,33.323997497558594,33.7419995685856,33.23110972330435,33.644466342586206,57111200
2017-07-05,33.46100616455078,33.62356153130485,33.14286183651487,33.36811839596024,86278400
2017-07-06,33.14517593383789,33.32398857199731,33.070866443025984,33.2125225640592,96515200
2017-07-07,33.481895446777344,33.614264198357915,33.184650423351705,33.184650423351705,76806800
2017-07-10,33.68624496459961,33.89292315267783,33.29378779384179,33.465633972922305,84362400
2017-07-11,33.79539108276367,33.86970409562724,33.52833622259411,33.60961209404422,79127200
2017-07-12,33.844173431396484,33.946348551163354,33.630528746253304,33.87436000484174,99538000
2017-07-13,34.315582275390625,34.48278306318964,33.774502440352215,33.788435248762035,100797600
2017-07-14,34.61050033569336,34.677846962729916,34.21340115093702,34.36202366897313,80528400
2017-07-17,34.73124694824219,35.04242469951747,34.501348607324154,34.55940431659667,95174000
2017-07-18,34.852012634277344,34.863624487757846,34.524577500704176,34.64765535202909,71475200
2017-07-19,35.07029724121094,35.16318496765457,34.82181708064278,34.94489491272844,83692000
2017-07-20,34.912384033203125,35.2374981643027,34.877552021468006,35.18176340208686,68974800
2017-07-21,34.89614486694336,34.93562234456341,34.5733550972819,34.83112272222315,105010400
2017-07-24,35.31877899169922,35.40005842173057,34.81021028841995,34.968123698453404,85972800
2017-07-25,35.4697265625,35.72516962312926,35.25143647237522,35.25143647237522,75415600
2017-07-26,35.636932373046875,35.74607389010833,35.54404107504466,35.61138770902635,63124000
2017-07-27,34.96348190307617,35.760008352946,34.206436467421675,35.704273577089516,129905200
2017-07-28,34.71733856201172,34.88686036015082,34.645349998833815,34.80790539043581,68854800
2017-07-31,34.53850555419922,34.91006355379913,34.39917396192902,34.81020587973777,79383600
2017-08-01,34.84505081176758,34.88452828403903,34.464205354244626,34.62443974039623,141474400
2017-08-02,36.491512298583984,37.0976143078871,36.26393481173815,36.98846924366249,279747200
2017-08-03,36.12691879272461,36.50776421266773,35.99919548713142,36.47060769768784,108389200
2017-08-04,36.317344665527344,36.551888554255555,36.154789319703795,36.2430351689112,82239600
2017-08-07,36.879310607910156,36.904855263401494,36.382353845710945,36.47292061637306,87481200
2017-08-08,37.17424392700195,37.58063402025614,36.75392102607237,36.830555011727434,144823600
2017-08-09,37.40182113647461,37.450589506452154,36.94898717285623,36.983819191811335,104526000
2017-08-10,36.21051788330078,37.30158761346341,36.04965421754066,37.278272698262356,163217200
2017-08-11,36.714080810546875,36.96820053959595,36.38536332524164,36.50892453009627,105028400
2017-08-14,37.266605377197266,37.35053406139659,37.0101556317673,37.14304419731428,88490800
2017-08-15,37.674591064453125,37.81446983217427,37.33421263735661,37.45544374859917,117862000
2017-08-16,37.52305221557617,37.88674200095783,37.33654362997252,37.75385699046317,110686400
2017-08-17,36.80266189575195,37.46709753887228,36.797998203410614,37.42280135501694,111762400
2017-08-18,36.7187385559082,37.185008251856246,36.5368936590769,36.80266724347307,109712400
2017-08-21,36.651126861572266,36.809656832697826,36.16154231336909,36.718734394586384,105474000
2017-08-22,37.250282287597656,37.30157223400783,36.83996627367142,36.888922595109676,86418400
2017-08-23,37.29690933227539,37.411146680312214,37.040463152141896,37.084759339285874,77596400
2017-08-24,37.131385803222656,37.47409429190808,36.96352843907652,37.40181950558678,79275600
2017-08-25,37.26893615722656,37.4321298359122,37.13138745357405,37.21997627494317,101920400
2017-08-28,37.64427185058594,37.76783299493163,37.28524231024411,37.33420217751046,103864000
2017-08-29,37.980003356933594,38.028959688586106,37.30158001661598,37.32489492706872,118067600
2017-08-30,38.08258056640625,38.20847182478453,37.9100594904343,38.18749054128076,109078400
2017-08-31,38.234107971191406,38.35533906569599,38.11287687668682,38.15017929920435,107140400
2017-09-01,38.24576950073242,38.45325935674631,38.14785329919999,38.42062062290216,66364400
2017-09-05,37.786495208740234,38.29239738351499,37.43212925668109,38.17582996377826,117874000
2017-09-06,37.746856689453125,37.99864270278832,37.42279945659071,37.933365242740834,86606800
2017-09-07,37.5953254699707,37.8238001893692,37.38550552322698,37.78882782667486,87714000
2017-09-08,36.98218536376953,37.56968267165352,36.95887045395499,37.5020751249606,114446000
2017-09-11,37.65127182006836,37.7794966770566,37.27592463362364,37.41813701003698,126323200
2017-09-12,37.5020751953125,38.224794712649675,37.01482417253426,37.91006121634185,286856000
2017-09-13,37.2199821472168,37.292256948153394,36.81432973296265,37.271272105375175,179629600
2017-09-14,36.900577545166016,37.16168739474096,36.85628136196564,37.066104825964,95042800
2017-09-15,37.273597717285156,37.5277138279372,36.835303099019114,36.944876753585625,196458400
2017-09-18,36.99150466918945,37.41814185365583,36.835304753131595,37.32721940826826,113077600
2017-09-19,37.005489349365234,37.24795155668751,36.93788181613128,37.1873342261794,83242400
2017-09-20,36.38534927368164,36.89591148810429,35.863126050647985,36.811982819355215,211805600
2017-09-21,35.76055145263672,36.322407247035535,35.611345303642345,36.322407247035535,150046800
2017-09-22,35.410850524902344,35.499442902004716,35.100780762399374,35.329251908375916,186581600
2017-09-25,35.09845733642578,35.39686970198637,34.774399991448774,34.96790237116252,177549200
2017-09-26,35.70227813720703,35.88412307305742,35.36423324658035,35.38521453363472,146640000
2017-09-27,35.95638656616211,36.070623922187686,35.795522952065745,35.85614028917769,102016800
2017-09-28,35.734901428222656,35.96803622540958,35.59968281897168,35.87711379680086,88022000
2017-09-29,35.93074417114258,35.933077796494764,35.43649939685604,35.71859414808069,105199200
2017-10-02,35.85846710205078,36.00767324874679,35.604350994879546,35.963377062526,74795200
2017-10-03,36.01466369628906,36.15687606969623,35.881778707204724,35.90509005330215,64921200
2017-10-04,35.78152847290039,35.87012083615752,35.54373353577037,35.81650082766994,80655200
2017-10-05,36.2268180847168,36.23847553672031,35.914418292210044,35.944723398593304,85135200
2017-10-06,36.20583724975586,36.25013343349978,36.03331620710981,36.12890233441458,69630400
2017-10-09,36.33172607421875,36.53921590218833,36.25013102931436,36.32473231486565,65051600
2017-10-10,36.3457145690918,36.83529908108613,36.1592095715271,36.38301699154666,62468000
2017-10-11,36.49726104736328,36.59750732414715,36.31075245809779,36.362042409079685,67622400
2017-10-12,36.369049072265625,36.68844278794355,36.30610164511913,36.45064772069096,64500400
2017-10-13,36.59983825683594,36.66744579232641,36.46461962849979,36.539220924304615,65576800
2017-10-16,37.273597717285156,37.30157275850037,36.753704485667825,36.81198819310298,96486000
2017-10-17,37.41114807128906,37.50440058437659,37.12205958894918,37.25028446246104,75989200
2017-10-18,37.24562072753906,37.467101671243675,37.20832185675938,37.39949057557953,65496800
2017-10-19,36.36437225341797,36.62082200675138,36.14056479355921,36.543887080751354,170336800
2017-10-20,36.42731857299805,36.77702083129883,36.359711034962906,36.511247257284445,95896400
2017-10-23,36.408653259277344,36.76301907318215,36.25245340460941,36.5765105628452,87937200
2017-10-24,36.6254768371582,36.70007811994076,36.41565339228846,36.43663466956906,71028800
2017-10-25,36.4646110534668,36.730384554978386,36.1988375519552,36.5811784411009,84828400
2017-10-26,36.69775390625,36.79567010653239,36.550877827148845,36.65578778764032,68002000
2017-10-27,38.012638092041016,38.1408629713092,36.998500069249204,37.13604877730256,177816800
2017-10-30,38.868228912353516,39.18296227296006,38.168824606431635,38.20845709021803,178803200
2017-10-31,39.409114837646484,39.551327243344396,38.919533770178326,39.14334124177645,144187200
2017-11-01,38.90787124633789,39.618933182180236,38.609458951518015,39.60261203671337,134551200
2017-11-02,39.19229507446289,39.28321751276203,38.53252310122351,38.84026277383908,165573600
2017-11-03,40.21575927734375,40.62607530874295,39.89403206477131,40.56546153192935,237594400
2017-11-06,40.623741149902344,40.79626219210494,40.03391035782357,40.185446563274354,140105200
2017-11-07,40.75429153442383,40.856871409850676,40.47220043435453,40.544471649126756,97446000
2017-11-08,41.087677001953125,41.087677001953125,40.642388695693164,40.71932360389682,97638000
2017-11-09,41.00376510620117,41.05505506598256,40.36497423451421,40.82425024696634,117930400
2017-11-10,40.868045806884766,41.03416813590348,40.77445807541765,40.97099445358447,100582000
2017-11-13,40.70427322387695,40.82827859819119,40.57090693255195,40.59430565493508,67928400
2017-11-14,40.08892059326172,40.58962251595852,40.05148406797848,40.48667385650138,99130000
2017-11-15,39.56014633178711,39.85027407149938,39.39636598281399,39.768382111940895,116632400
2017-11-16,40.032772064208984,40.21292866021531,39.84559299536479,40.05148675796399,94550000
2017-11-17,39.81049346923828,40.10062119394135,39.69116855761888,40.01872923861939,87598000
2017-11-20,39.77070999145508,39.90641469316812,39.67244180817521,39.843241014580016,65049600
2017-11-21,40.51008224487305,40.64110654448915,39.95790586067347,39.95790586067347,100525200
2017-11-22,40.935890197753906,40.94524754061488,40.489001210619335,40.56153222075424,102355600
2017-11-24,40.938236236572266,41.062241580805996,40.863363199223556,40.96865385426304,56106800
2017-11-27,40.73234558105469,40.963980061627794,40.55686588762935,40.95696115950226,82867200
2017-11-28,40.493709564208984,40.91485811579513,40.210600658167905,40.78149535983144,105715200
2017-11-29,39.65373229980469,40.45859977302255,39.11091694330612,40.39074919226411,166665600
2017-11-30,40.208248138427734,40.276098715053735,39.41039961629005,39.87600344692711,166108800
2017-12-01,40.02106475830078,40.16612681204002,39.424433156736974,39.76369314346366,159037200
2017-12-04,39.72861099243164,40.38841291089833,39.68883601597658,40.35565683792686,130169600
2017-12-05,39.69118118286133,40.131051583102135,39.40105336587242,39.55547640895417,109400800
2017-12-06,39.54374694824219,39.822175188820914,38.94711908430728,39.19044925809203,114240000
2017-12-07,39.616294860839844,39.87834337776579,39.52036511084257,39.54844071761512,102693200
2017-12-08,39.62800216674805,40.00937926357805,39.49931988488124,39.890054329973715,93420800
2017-12-11,40.40010070800781,40.451575032247945,39.492284702474436,39.588214449480425,141095200
2017-12-12,40.17314529418945,40.33458716270803,40.11699408436946,40.27843238274499,77636800
2017-12-13,40.306514739990234,40.60365776912856,40.243341053812145,40.36032751036392,95273600
2017-12-14,40.29481506347656,40.507731269561084,40.16144879038737,40.33692847383528,81906000
2017-12-15,40.70427322387695,40.75106709849942,40.35097536481199,40.62472328000438,160677200
2017-12-18,41.277496337890625,41.45999490432386,40.91249920502416,40.91717966240892,117684400
2017-12-19,40.83763122558594,41.03650963242742,40.732344127317134,40.9522792397837,109745600
2017-12-20,40.793182373046875,41.0435315553513,40.53581071820715,40.914845727931436,93902400
2017-12-21,40.94761276245117,41.18392777340611,40.7347000493088,40.75107630256071,83799600
2017-12-22,40.94761276245117,41.04354254768744,40.82828781969152,40.87040124532036,65397600
2017-12-26,39.90876007080078,40.11933425698644,39.70052075826751,39.96257283924499,132742000
2017-12-27,39.91579055786133,39.95790397926457,39.70755475503096,39.79880407154889,85992800
2017-12-28,40.02809143066406,40.20825159602638,39.887706237108844,40.00937316684711,65920800
2017-12-29,39.59523391723633,39.91343721247929,39.59289547342585,39.89706096551949,103999600
2018-01-02,40.304176330566406,40.313537247208004,39.60225752847971,39.81283531119191,102223600
2018-01-03,40.29714584350586,40.839964608071945,40.233975739981666,40.36733841756425,118071600
2018-01-04,40.48432540893555,40.58727404295443,40.262051896472606,40.36967741738859,89738400
2018-01-05,40.945255279541016,41.03182410540059,40.48900886331186,40.58025814655769,94640000
2018-01-08,40.793182373046875,41.08798698392758,40.694910599276334,40.793182373046875,82271200
2018-01-09,40.78850173950195,40.959300980537996,40.57324707008062,40.83997607024875,86336000
2018-01-10,40.77914810180664,40.78149011644093,40.47732453595691,40.514761068662935,95839600
2018-01-11,41.01077651977539,41.05991240789748,40.82593946856962,40.84933462041617,74670800
2018-01-12,41.43425750732422,41.49743118615743,41.09733598040432,41.221341324320264,101672400
2018-01-16,41.223690032958984,41.97240267540656,41.21199067273534,41.623781733545634,118263600
2018-01-17,41.904537200927734,41.93963169897878,40.96162693843934,41.21431446469129,137547200
2018-01-18,41.94198226928711,42.138522225627405,41.705670917084234,41.967719432013624,124773600
2018-01-19,41.75480651855469,42.01685503172588,41.509134252385074,41.78990102651753,129700400
2018-01-22,41.413204193115234,41.59570277343954,41.319616459154176,41.48339677865763,108434400
2018-01-23,41.42255783081055,41.98409489474454,41.371087080839246,41.48339306556889,130756400
2018-01-24,40.76275634765625,41.48339326253361,40.524103005097594,41.47169390424431,204420400
2018-01-25,40.035099029541016,40.93355401821586,39.89939433279178,40.830605381361764,166116000
2018-01-26,40.12869644165039,40.24334446403802,39.78943640292996,40.24334446403802,156572000
2018-01-29,39.298091888427734,39.812831581035425,39.08985613945785,39.812831581035425,202561600
2018-01-30,39.066471099853516,39.160058869410214,38.535351403750624,38.7295494172181,184192800
2018-01-31,39.17408752441406,39.41040247806591,38.95649440447249,39.04306324959199,129915600
2018-02-01,39.2559814453125,39.452517867378766,39.01732803557838,39.11325780235259,188923200
2018-02-02,37.55266189575195,39.026692329053304,37.459074135284396,38.83951323797398,346375200
2018-02-05,36.61442565917969,38.3434854954354,36.499777636480054,37.22509515859577,290954000
2018-02-06,38.14460754394531,38.30604944131928,36.03183221340703,36.22603017907835,272975200
2018-02-07,37.328041076660156,38.23117676302514,37.218077079981796,38.1586457232369,206434400
2018-02-08,36.300899505615234,37.66964260600261,36.27282389580829,37.50352025097628,217562000
2018-02-09,36.744903564453125,37.09259424286847,35.29540556303041,36.89995612086624,282690400
2018-02-12,38.2249641418457,38.502176211529274,37.003341181062005,37.235920143110576,243278000
2018-02-13,38.607879638671875,38.70420051241455,37.975925806374015,38.0464045819101,130196800
2018-02-14,39.3197135925293,39.35965073484387,38.26489411950926,38.30247969864652,162579600
2018-02-15,40.63999938964844,40.66348992516853,39.70263991420008,39.88823055901645,204588800
2018-02-16,40.50843048095703,41.06990903078648,40.35338150172052,40.491987467345076,160704400
2018-02-20,40.37218475341797,40.938355795703735,40.271164333497524,40.419169411304395,135722000
2018-02-21,40.18893814086914,40.90546216900995,40.17483951865487,40.6024081083395,149886400
2018-02-22,40.52488327026367,40.86552649965354,40.33929262849657,40.360435185527116,123967600
2018-02-23,41.22966384887695,41.264901443927855,40.76920562691521,40.799747265758924,135249600
2018-02-26,42.04486083984375,42.1435296918628,41.39646399027595,41.42935360761563,152648800
2018-02-27,41.90859603881836,42.39959224122291,41.85456387295106,42.075395661320265,155712400
2018-02-28,41.84517288208008,42.43249005630509,41.82872986524554,42.112989370138706,151128400
2018-03-01,41.11219024658203,42.23514007054136,40.56246239161252,41.94382954630269,195208000
2018-03-02,41.396461486816406,41.417604042820585,40.51313424362813,40.59536007435443,153816000
2018-03-05,41.53977966308594,41.7559119990515,40.999447030821884,41.161547178971134,113605600
2018-03-06,41.50453186035156,41.87571676450101,41.37767292119403,41.79584248485739,95154000
2018-03-07,41.11924743652344,41.311889179650166,40.94070431594449,41.09810487975081,126814000
2018-03-08,41.567962646484375,41.610247764152966,41.12865052877318,41.22496782502932,95096400
2018-03-09,42.28213119506836,42.28683073553249,41.673671546479305,41.80758156446404,128740800
2018-03-12,42.690914154052734,42.84831473803731,42.33617584549344,42.354966841900726,128828400
2018-03-13,42.279781341552734,43.10907275407872,42.1082857615601,42.89528848118307,126774000
2018-03-14,41.92034149169922,42.408989697640614,41.77233645097069,42.362005051524825,117473600
2018-03-15,41.96968078613281,42.34321720616517,41.83342636615037,41.934443192119986,90975200
2018-03-16,41.82168197631836,42.080099379873786,41.727709078453145,41.969683465319356,157618800
2018-03-19,41.18268585205078,41.69247678950339,40.79740588350734,41.6572391887555,133787200
2018-03-20,41.1685791015625,41.53506438389557,41.098100335414074,41.1685791015625,78597600
2018-03-21,40.235931396484375,41.13335029556511,40.23357983326294,41.12160323355802,148219600
2018-03-22,39.66740036010742,40.56716704796147,39.60866864715772,39.937564805796335,165963200
2018-03-23,38.74883270263672,39.91876733613964,38.74883270263672,39.55932956569778,164115200
2018-03-26,40.58830642700195,40.66583270534363,39.10121927269965,39.484151124439194,150164800
2018-03-27,39.54759216308594,41.147443725030264,39.213996406406345,40.80210090680353,163690400
2018-03-28,39.11063003540039,39.942273284293705,38.80757590603423,39.29152475547946,166674000
2018-03-29,39.41603088378906,40.34869086628051,39.20929408624951,39.42307840327794,153594000
2018-04-02,39.15761184692383,39.68854890632688,38.63842543352329,39.14821634870157,150347200
2018-04-03,39.55934143066406,39.64391525993994,38.734749283749345,39.383146251731,121112000
2018-04-04,40.31580352783203,40.40977284946621,38.70890446886859,38.73474657002297,138422000
2018-04-05,40.59537124633789,40.931315010965584,40.42622358235605,40.543687038748985,107732800
2018-04-06,39.55699157714844,40.52018969217468,39.51470287216489,40.16545137256232,140021200
2018-04-09,39.949310302734375,40.66348632700051,39.902325651152246,39.90937316965461,116070800
2018-04-10,40.70107650756836,40.87727164396476,40.297002041323346,40.64234479543622,113634400
2018-04-11,40.51078796386719,40.858478709963855,40.336940798469165,40.461451746423364,89726400
2018-04-12,40.910160064697266,41.11219729191981,40.651739104982695,40.7386644739953,91557200
2018-04-13,41.048770904541016,41.30953987307731,40.84203769697408,41.06051796495608,100497200
2018-04-16,41.304840087890625,41.3917618744456,41.07226121814989,41.1192458707553,86313600
2018-04-17,41.873374938964844,42.0378230637771,41.443458251076926,41.462252834584085,106421600
2018-04-18,41.77939987182617,42.00963081941792,41.553872050744566,41.77235235146113,83018000
2018-04-19,40.59537124633789,41.20383109012524,40.56248162193588,40.82089907518021,139235200
2018-04-20,38.932071685791016,40.22416915558696,38.86394090267961,40.078515678822626,261964400
2018-04-23,38.81931686401367,39.21399228063409,38.549148815653716,39.192849722893605,146062000
2018-04-24,38.27897644042969,39.0753782130152,37.874902025195276,38.920325652232485,134768000
2018-04-25,38.44577407836914,38.8615955688351,38.1544671050226,38.20379973161242,113528400
2018-04-26,38.579689025878906,38.93442729205529,38.37999976208661,38.55619490612709,111852000
2018-04-27,38.13333511352539,38.605536879463116,37.73630808954247,38.5280105743629,142623200
2018-04-30,38.82401657104492,39.29387035128862,38.020567036992176,38.08869784255944,169709600
2018-05-01,39.726139068603516,39.74962960710038,38.82636863760575,39.094185152429375,214277600
2018-05-02,41.48103713989258,41.758249112359714,40.83028873791382,41.166232425025626,266157600
2018-05-03,41.556209564208984,41.69951508337644,40.980639509575454,41.31893474070514,136272800
2018-05-04,43.186614990234375,43.2852838638577,41.856927797914814,41.8757223811812,224805200
2018-05-07,43.49905776977539,44.0887228912663,43.402736897928456,43.50375372593912,169805600
2018-05-08,43.70814514160156,43.748082279576245,43.149018040556854,43.459123231465554,113611200
2018-05-09,44.015892028808594,44.02528752495806,43.51314874438485,43.825601865665355,92844800
2018-05-10,44.64548873901367,44.72301501533817,44.08401381475316,44.10515995171336,111957200
2018-05-11,44.4756965637207,44.82237098712518,44.206847378072545,44.687948193562164,104848800
2018-05-14,44.37192916870117,44.6973795056611,44.30353925656138,44.574745471679925,83115200
2018-05-15,43.96866226196289,44.11723805875026,43.65264721346762,44.04884454020393,94780800
2018-05-16,44.37900924682617,44.44504573353636,43.864895531861826,43.881405553170005,76732400
2018-05-17,44.09837341308594,44.55117192487424,43.94979760818631,44.33656322857982,69176000
2018-05-18,43.938018798828125,44.29176808261261,43.89557061206541,44.14555286350931,73190800
2018-05-21,44.249298095703125,44.63606364482012,44.07949823525937,44.336555057853765,73603200
2018-05-22,44.138465881347656,44.54409856840905,44.04884826953651,44.42618217329871,60962800
2018-05-23,44.42145538330078,44.45447182320738,43.808288815295995,43.94743286781569,80233600
2018-05-24,44.37192916870117,44.53465433718114,43.91441666990919,44.51814791639791,92936000
2018-05-25,44.47333908081055,44.725678244441816,44.25401275871705,44.390796181399885,69844000
2018-05-29,44.3129768371582,44.51343613465707,44.07006936758996,44.24222988370924,90056400
2018-05-30,44.21864318847656,44.3365595703125,44.04884331075102,44.27052668436617,74762000
2018-05-31,44.070064544677734,44.39079722646225,43.8979076459214,44.152607446031645,109931200
2018-06-01,44.86482620239258,44.869540266724215,44.27760132608851,44.334202484769676,93770000
2018-06-04,45.239803314208984,45.61477657652399,45.12660458565633,45.19499450955699,105064800
2018-06-05,45.588836669921875,45.73741248113974,45.36479623612481,45.532239102618185,86264000
2018-06-06,45.7468376159668,45.7704223312926,45.261022707842756,45.66429830937113,83734400
2018-06-07,45.62421798706055,45.79873196715854,45.36008278718483,45.78458257401796,85388800
2018-06-08,45.209129333496094,45.27987986549023,44.75397393505521,45.084138286332454,106627200
2018-06-11,45.098297119140625,45.27281465481039,44.85775029790672,45.12659949697931,73234000
2018-06-12,45.34592056274414,45.42374580151868,45.079428405593966,45.1360295606633,67644400
2018-06-13,44.97330093383789,45.4874181569556,44.91198571944777,45.37893351770335,86553600
2018-06-14,44.99689483642578,45.17848708337205,44.86011139313714,45.17376942021792,86440400
2018-06-15,44.5346565246582,44.84595748808827,44.397873095137925,44.81529807845651,246876800
2018-06-18,44.51108169555664,44.624280426192385,44.14789718692126,44.30826535396777,73939600
2018-06-19,43.79179763793945,43.94273050126758,43.263530817029334,43.66208886511294,134314000
2018-06-20,43.982810974121094,44.147893191048695,43.80121873623951,43.94743749853748,82514800
2018-06-21,43.7375373840332,44.419093793871994,43.614903363310304,44.15967636513542,102847600
2018-06-22,43.61018753051758,43.900260777710166,43.55830404259411,43.89318608376804,108801600
2018-06-25,42.96165466308594,43.61019477128706,42.62205490339157,43.25172795844052,126652400
2018-06-26,43.49464416503906,43.98989451392018,43.04892029045532,43.15504793558925,98276800
2018-06-27,43.43095779418945,44.1667547835361,43.40029838679268,43.6832969520397,101141200
2018-06-28,43.746971130371094,43.9144139509313,43.34605621168392,43.41680674992798,69460800
2018-06-29,43.65499496459961,44.14552745426334,43.136163700048925,43.93327584704597,90950800
2018-07-02,44.1431770324707,44.17147941242454,43.25644709523927,43.35078236421446,70925200
2018-07-03,43.37435531616211,44.32476093119673,43.28473772713927,44.28702683071112,55819200
2018-07-05,43.72339630126953,43.96158971391458,43.45926473721124,43.690379855762245,66416800
2018-07-06,44.3294792175293,44.43796025980042,43.676221537946965,43.728105027214696,69940800
2018-07-09,44.94501876831055,44.968599890934726,44.64315304994461,44.69031889371619,79026400
2018-07-10,44.89076614379883,45.110088877632826,44.85067140893668,44.97566607914282,63756400
2018-07-11,44.308258056640625,44.75633884056429,44.24458220679138,44.45447320956941,75326000
2018-07-12,45.05113983154297,45.140757447737556,44.64550712464103,44.697390628909154,72164400
2018-07-13,45.12187194824219,45.242145332507754,45.02046201370645,45.06291377190233,50055600
2018-07-16,45.02283477783203,45.43318149269543,44.90727542559399,45.166692910813076,60172400
2018-07-17,45.150184631347656,45.24923396629142,44.61956088081296,44.749269628425964,62138000
2018-07-18,44.90256118774414,45.23272924852803,44.79171949001588,45.22801158520352,65573600
2018-07-19,45.25159454345703,45.40960207271725,44.735120184452185,44.735120184452185,81147200
2018-07-20,45.147823333740234,45.38129545886398,44.84831472637009,45.228005607044906,82704800
2018-07-23,45.187923431396484,45.27046635168146,44.70446546656228,44.96859705383744,63957600
2018-07-24,45.51572799682617,45.671378500253525,45.29168756835982,45.38601924397004,74791600
2018-07-25,45.9449348449707,45.95200953909044,45.38129115760423,45.52986693116255,66839600
2018-07-26,45.801082611083984,46.21378994746489,45.65958151348729,45.89541427713352,76304000
2018-07-27,45.039337158203125,46.032194609591265,44.83180678717591,45.98502877974518,96096000
2018-07-30,44.78700637817383,45.32706188833266,44.58890769660208,45.25631133105051,84118000
2018-07-31,44.876609802246094,45.312901803761946,44.65256942249011,44.8789704326629,157492000
2018-08-01,47.520294189453125,47.58160940261683,46.53215449381962,46.96137178153096,271742800
2018-08-02,48.909358978271484,49.142834720583664,47.24909782850807,47.30333835907744,249616000
2018-08-03,49.05084991455078,49.22772445882845,48.458907469980886,48.82444891452577,133789600
2018-08-06,49.30555725097656,49.34800542082201,48.8338917272411,49.053214468487354,101701600
2018-08-07,48.843318939208984,49.40695904402814,48.76077604077673,49.364510878106664,102349600
2018-08-08,48.87633514404297,49.00840090208241,48.23251277433969,48.59333657702674,90102000
2018-08-09,49.2607421875,49.472990206787024,48.86454132670314,49.41403202381597,93970400
2018-08-10,49.11400604248047,49.48556364698092,48.91047847816788,49.07377431142519,98444800
2018-08-13,49.43114471435547,49.92339766557186,49.15425310638555,49.53527563245895,103563600
2018-08-14,49.639404296875,49.831098200524664,49.28677981496923,49.73643570353363,82992000
2018-08-15,49.755367279052734,49.8736972019481,49.30334610691821,49.51397322522625,115230400
2018-08-16,50.48427963256836,50.60024064494456,50.04645747690956,50.11272194430814,114001600
2018-08-17,51.49245071411133,51.58001370324593,50.44641460805595,50.51267907731609,141708000
2018-08-20,50.99073791503906,51.87110932189364,50.90790551488635,51.61551983641066,121150800
2018-08-21,50.89133834838867,51.4001592504967,50.65231317269027,51.30786204293562,104639200
2018-08-22,50.893699645996094,51.20372346063428,50.607339648826624,50.66887351875901,76072400
2018-08-23,50.99783706665039,51.36702588882089,50.78720992522527,50.79904002989907,75532800
2018-08-24,51.156394958496094,51.33152093949992,50.907901389318916,51.26052587214312,73905600
2018-08-27,51.57765579223633,51.76698442201551,51.196633233845155,51.39069246128995,82100400
2018-08-28,51.99417495727539,52.19296838996736,51.8095805396124,51.83087906215585,91107200
2018-08-29,52.770416259765625,52.89111510335813,51.92554241033305,52.10066840120375,109019200
2018-08-30,53.25556945800781,54.019979815516336,52.63315285368258,52.83431518462097,195175200
2018-08-31,53.870887756347656,54.164343686155206,53.48513100986998,53.605826244438276,173360400
2018-09-04,54.04364013671875,54.23769932388201,53.634219632745676,54.05547385071295,109560400
2018-09-05,53.69101333618164,54.35366156833602,53.272128046000965,54.192734620702346,133332000
2018-09-06,52.7988166809082,53.80462109487018,52.37282820688396,53.539559593731255,137160000
2018-09-07,52.372825622558594,53.33602933601762,52.233197177478694,52.50298926252407,150479200
2018-09-10,51.66994857788086,52.502992310884245,51.22976108607632,52.28999626644421,158066000
2018-09-11,52.9763069152832,53.08280312163129,51.25105465010244,51.59421069773185,142996000
2018-09-12,52.318397521972656,53.24846904799571,52.02730329115404,53.23427003403245,197114800
2018-09-13,53.5821533203125,54.041273971237196,52.673380433963544,52.89820655167568,166825600
2018-09-14,52.97394943237305,53.683929109361706,52.66156025229259,53.425970693396906,127997200
2018-09-17,51.563446044921875,52.76330953149824,51.41908340101543,52.573980941124496,148780400
2018-09-18,51.64864730834961,52.502989516991164,51.383585819005404,51.542147486225396,126286800
2018-09-19,51.67940902709961,51.97523383237658,50.952865183133554,51.71017596241406,108495200
2018-09-20,52.072265625,52.60475027848478,51.8640038049603,52.12196578156135,106435200
2018-09-21,51.51138687133789,52.387027646018495,51.42382026606977,52.24976449154423,384986800
2018-09-24,52.25212478637695,52.36335520071056,51.26762259076125,51.31258853840368,110773600
2018-09-25,52.58345031738281,52.73254717183654,51.99416601700422,52.00599973120798,98217600
2018-09-26,52.16456985473633,52.952647681500984,52.00837346864391,52.30183301725907,95938800
2018-09-27,53.236629486083984,53.58925394239841,52.90293825002227,52.969206326478,120724800
2018-09-28,53.423606872558594,53.44727069576023,53.01655155759828,53.19877707971044,91717600
2018-10-01,53.7833251953125,54.2945114233787,53.567967440306184,53.94662109687337,94403200
2018-10-02,54.26136779785156,54.4317631714536,53.634220666637496,53.78094861179492,99152800
2018-10-03,54.92165756225586,55.2529799345801,54.37970443970897,54.44360361549401,114619200
2018-10-04,53.95607376098633,54.98791072252861,53.65788007610717,54.616353071097365,128168000
2018-10-05,53.08042526245117,54.055466099710266,52.202419421573644,53.948969911318,134322000
2018-10-08,52.95737838745117,53.201137756680225,52.11250094585972,52.58818958011952,118655600
2018-10-09,53.69101333618164,53.78567943285647,52.59764610036944,52.92660311263696,107564000
2018-10-10,51.20372009277344,53.56795305429234,51.13035612450343,53.357325953618734,167962400
2018-10-11,50.751708984375,51.946842063881995,50.24762591104082,50.76827690881467,212497600
2018-10-12,52.56452178955078,52.74675089335789,51.31732331289701,52.16456604729884,161351600
2018-10-15,51.44038391113281,52.49825370424345,51.419085391816054,52.33969204186986,123164000
2018-10-16,52.57398223876953,52.772779249697095,51.298385840102064,51.811937261784536,116736000
2018-10-17,52.34679412841797,52.68995019740248,51.90897195034415,52.6094867130337,91541600
2018-10-18,51.12325668334961,52.003631525989235,50.40854299687499,51.55870989702403,130325200
2018-10-19,51.901859283447266,52.36334516342306,51.45693771139783,51.60603453844459,132314800
2018-10-22,52.218997955322266,52.860347780678396,51.81431160695901,52.01547032624564,115168400
2018-10-23,52.711246490478516,52.83431062152317,50.810868215917154,51.07829499747305,155071200
2018-10-24,50.90317153930664,53.066242647781394,50.77300788610359,52.68048950792541,163702000
2018-10-25,52.01783752441406,52.3917605334903,51.2960242350942,51.52321928773726,119423200
2018-10-26,51.189537048339844,52.110143914104796,50.33046045651048,51.094870921734916,189033600
2018-10-29,50.228694915771484,51.9918103235721,48.7732344672493,51.8734803819594,183742000
2018-10-30,50.47954559326172,50.924463645690075,49.52580670807782,49.97072476050618,146640000
2018-10-31,51.795387268066406,52.17167565263272,51.26526777762745,51.326801664433944,153435600
2018-11-01,52.59055709838867,52.62368933605675,51.310226322888035,51.84034573672041,233292800
2018-11-02,49.10219192504883,50.562382982053656,48.61703843860605,49.59207962031137,365314800
2018-11-05,47.7082633972168,48.37091177031548,46.898887056991256,48.34961324821186,264654800
2018-11-06,48.22418212890625,48.44900828041715,47.73192917201314,47.78635993032477,127531600
2018-11-07,49.686737060546875,49.712769789684685,48.30937854826853,48.74483182553473,133697600
2018-11-08,49.51337432861328,49.90047339465784,49.100148077728555,49.86722555541948,101450400
2018-11-09,48.55868911743164,48.924415408710615,48.031470706550515,48.815174043569215,137463200
2018-11-12,46.11258316040039,47.461503388574435,46.02233746371556,47.2596391587509,204542000
2018-11-13,45.651859283447266,46.82741236651,45.46662079150977,45.509370087049234,187531600
2018-11-14,44.362308502197266,46.186196076134955,44.15569357677625,46.04845400043511,243204000
2018-11-15,45.45712661743164,45.59011799426368,44.386064076083116,44.73991897952376,185915200
2018-11-16,45.960594177246094,46.3025740679151,44.99402953711943,45.241013000523054,147713200
2018-11-19,44.139076232910156,45.28850573158445,43.93246490893677,45.122266527022944,167701200
2018-11-20,42.03020477294922,43.09651653057792,41.68110061533722,42.36030964576851,271300800
2018-11-21,41.98270797729492,42.81153410282051,41.92808729886991,42.68328983761377,124496800
2018-11-23,40.91640090942383,41.939967101500436,40.87128168001678,41.54574005409915,94496000
2018-11-26,41.469722747802734,41.548093408796746,40.43428567560382,41.379480709113416,179994000
2018-11-27,41.37948989868164,41.50535696963446,40.581538183046156,40.73115163840486,165549600
2018-11-28,42.970645904541016,43.05376369196034,41.54335510075574,41.97082991406699,184250000
2018-11-29,42.640533447265625,43.41236152494973,42.201183707394755,43.379113691168406,167080000
2018-11-30,42.410186767578125,42.825786644844754,42.042083294393294,42.816285189782384,158126000
2018-12-03,43.892093658447266,43.920590773009714,43.03477043251187,43.80659869101698,163210000
2018-12-04,41.96133041381836,43.31499758229476,41.86158689864037,42.97301774526017,165377200
2018-12-06,41.49348449707031,41.507733053331634,40.472295688010675,40.79052552365589,172393600
2018-12-07,40.01395034790039,41.438863958560475,39.96882750376399,41.2013783567838,169126400
2018-12-10,40.277557373046875,40.39392299254589,38.78852171429132,39.18512221335925,248104000
2018-12-11,40.04720687866211,40.79765878910287,39.66010410415537,40.766788118317066,189126800
2018-12-12,40.158817291259766,40.828524813618266,40.13981800799348,40.46754567904434,142510800
2018-12-13,40.59816360473633,40.982892750447746,40.26568520596623,40.488922255315906,127594400
2018-12-14,39.29911422729492,40.15406379663115,39.251617834274576,40.135064514674504,162814800
2018-12-17,38.933387756347656,39.98070006589324,38.64602860130792,39.2919896885735,177151600
2018-12-18,39.439239501953125,39.78596648532235,39.04026176741648,39.2753738408261,135366000
2018-12-19,38.20905685424805,39.76696176214106,37.78158206275483,39.42260837756745,196189200
2018-12-20,37.244873046875,38.49879692576656,36.8815203105907,38.09269489029062,259092000
2018-12-21,35.79621887207031,37.56073952347311,35.53498677393982,37.25200738591504,382978400
2018-12-24,34.87001419067383,35.99094661247746,34.81301633704648,35.18349332626678,148676800
2018-12-26,37.32561111450195,37.33985967062577,34.843887332724314,35.21911501353624,234330000
2018-12-27,37.08336639404297,37.230609896054816,35.63945746965547,37.00974645490796,212468400
2018-12-28,37.10236740112305,37.64621135368628,36.703393406418876,37.40397507190618,169165600
2018-12-31,37.46098327636719,37.845708823973354,37.16174907379083,37.64859532308761,140014000
2019-01-02,37.503719329833984,37.7245827857424,36.62739703060972,36.78413837044897,148158800
2019-01-03,33.76807403564453,34.60639781423897,33.72295119720163,34.19317161474013,365248800
2019-01-04,35.209617614746094,35.27849047559891,34.1504337518255,34.32379724419946,234428400
2019-01-07,35.13124084472656,35.34498004544206,34.64914539714357,35.3141057597988,219111200
2019-01-08,35.80095291137695,36.05506423362693,35.271361057087084,35.51834447775036,164101200
2019-01-09,36.40892028808594,36.69865303809117,35.53497493470445,35.92919831490206,180396400
2019-01-10,36.52528762817383,36.56565974711911,35.82707935334201,36.2165556097032,143122800
2019-01-11,36.16667938232422,36.50153493832651,35.98144090958733,36.306798636311406,108092800
2019-01-14,35.62282943725586,35.92443707447227,35.437591014081455,35.82469358689695,129756800
2019-01-15,36.351924896240234,36.42791840883774,35.634717322934954,35.68696444823326,114843600
2019-01-16,36.7960205078125,37.01925755806657,36.33529785069117,36.354297134089684,122278800
2019-01-17,37.01450729370117,37.441982116151216,36.397043258635236,36.620280311678194,119284800
2019-01-18,37.242496490478516,37.49423066668109,37.04300581658366,37.40398497191301,135004000
2019-01-22,36.40653991699219,37.22111371203419,36.24504783922982,37.1451202112431,121576000
2019-01-23,36.55378341674805,36.84351614102213,36.02656509052752,36.60840409054777,92522400
2019-01-24,36.26404571533203,36.68676973887957,36.03606159804956,36.59890123781676,101766000
2019-01-25,37.465721130371094,37.553593252863344,36.64877383724475,36.92425433639867,134142000
2019-01-28,37.11901092529297,37.12613520548955,36.49204890178823,36.997890914463724,104768400
2019-01-29,36.7342643737793,37.55359244791163,36.598899490058756,37.107118439253085,166348800
2019-01-30,39.24448776245117,39.458223311358054,38.05230926781852,38.76951665488747,244439200
2019-01-31,39.527099609375,40.13506210044691,39.080625569606816,39.4487289349215,162958400
2019-02-01,39.54610061645508,40.13031312607623,39.405981367304726,39.65059485362112,130672400
2019-02-04,40.669403076171875,40.7667730276874,39.72658509160154,39.75745937470211,125982000
2019-02-05,41.36522674560547,41.57896589100953,40.930631426474385,41.05174773891763,144406400
2019-02-06,41.37948989868164,41.69534616359386,41.0493850783774,41.476856235107945,112958400
2019-02-07,40.595794677734375,41.30825157661004,40.45330184846197,40.94252167255768,126966800
2019-02-08,40.643489837646484,40.70311587039723,40.16886530680823,40.304814408336355,95280000
2019-02-11,40.409751892089844,40.83429258000177,40.366822896722226,40.79613104681893,83973600
2019-02-12,40.75798034667969,40.784215952805525,40.474159782032444,40.5695636403469,89134000
2019-02-13,40.588626861572266,41.137187031192965,40.52661710438461,40.877218430046,89960800
2019-02-14,40.73650360107422,40.84621345605926,40.39782819422876,40.476534988953155,87342800
2019-02-15,40.645877838134766,40.95116286674207,40.486080490292245,40.843836724374356,98507200
2019-02-19,40.767513275146484,40.8891527227653,40.424070350564264,40.47654155555973,75891200
2019-02-20,41.02985763549805,41.33752994452727,40.78181498726989,40.8295150766272,104457600
2019-02-21,40.79852294921875,41.11096283125137,40.61726108922249,40.97501734607539,68998800
2019-02-22,41.25405502319336,41.26120985514692,40.87483437251925,40.92253446530428,75652800
2019-02-25,41.55458068847656,41.94572738329007,41.48779981174876,41.53788728893703,87493600
2019-02-26,41.57841873168945,41.80976799171946,41.30175311196315,41.43054735944564,68280800
2019-02-27,41.707218170166016,41.738224873214264,41.19681945157351,41.31130406008195,111341600
2019-02-28,41.296993255615234,41.71676290033313,41.24213831860219,41.57604632138093,112861600
2019-03-01,41.73106384277344,41.77399283512558,41.234974864095655,41.56649542685582,103544800
2019-03-04,41.94096374511719,42.394120255566705,41.49257469823671,41.90280220085392,109744800
2019-03-05,41.86461639404297,41.9767135907974,41.62849606995283,41.9624039298131,78949600
2019-03-06,41.62373733520508,41.855086607706475,41.48540451788479,41.659511495165575,83241600
2019-03-07,41.14196014404297,41.60465871287591,41.0274791869895,41.46870961945666,99185600
2019-03-08,41.23975372314453,41.27791526082564,40.426453692828076,40.622028843980345,95997600
2019-03-11,42.668399810791016,42.72087102579427,41.82171281447137,41.85510325681114,128044000
2019-03-12,43.14778137207031,43.56754731458191,42.7804829879991,42.93074174869042,129870400
2019-03-13,43.338592529296875,43.71781327039466,43.1501722048348,43.46738317445445,124130000
2019-03-14,43.82035827636719,43.90860727009879,43.54130890969814,43.86090353758059,94318000
2019-03-15,44.39038848876953,44.67898009371108,43.82275112158004,44.08749085728255,156171600
2019-03-18,44.84355926513672,44.93180465173593,44.31169229590509,44.31407966697112,104879200
2019-03-19,44.48817443847656,45.07489619113061,44.34268677569581,44.92225369569541,126585600
2019-03-20,44.8769416809082,45.19415263672283,44.05887055501057,44.41662677956,124140800
2019-03-21,46.52976608276367,46.82551249017216,45.27046466941773,45.320552133949356,204136800
2019-03-22,45.56621551513672,47.14988281885893,45.501818379976086,46.58939664841029,169630800
2019-03-25,45.01527404785156,45.78802515555478,44.50487531846958,45.67592791524002,175381200
2019-03-26,44.550193786621094,46.002686995822316,44.023101591485734,45.711711607654806,199202000
2019-03-27,44.950870513916016,45.25853921871362,44.492943053204904,45.01765137448114,119393600
2019-03-28,45.0105094909668,45.21085213029726,44.726688932272815,45.06536443379383,83121600
2019-03-29,45.30385208129883,45.3348587781949,44.96756043418868,45.27523275449241,94256000
2019-04-01,45.611534118652344,45.71647288572653,44.929412116605654,45.706934321186864,111448000
2019-04-02,46.274574279785156,46.379516683711444,45.56621669256709,45.57575525688568,91062800
2019-04-03,46.59177780151367,46.86605606321849,46.06706586546028,46.09091773138408,93087200
2019-04-04,46.672874450683594,46.835055514550795,46.06468818261306,46.45821854703762,76457200
2019-04-05,46.98530960083008,47.00916146750853,46.730108456649496,46.85413161266641,74106400
2019-04-08,47.72468185424805,47.75568491902388,46.82790392141536,46.846984690122916,103526800
2019-04-09,47.58158493041992,48.38057540626881,47.51718778143909,47.777160109070955,143072800
2019-04-10,47.848697662353516,47.8773206328261,47.26674699962892,47.38599906529268,86781200
2019-04-11,47.45039749145508,47.93933170184318,47.328761691309175,47.903557536883895,83603200
2019-04-12,47.43130874633789,47.7342099694247,46.796890612294,47.51001553529511,111042800
2019-04-15,47.51718521118164,47.66506027266798,47.22620982993786,47.36215895495653,70146400
2019-04-16,47.52195358276367,48.02758123423002,47.357385131107456,47.572041057335646,102785600
2019-04-17,48.447349548339844,48.50697558632508,47.369309762567,47.591116877015516,115627200
2019-04-18,48.62145233154297,48.69061692830525,48.30185766916621,48.44495796431432,96783200
2019-04-22,48.78124237060547,48.879029923206865,48.25891781907729,48.3757861360363,77758000
2019-04-23,49.484840393066406,49.54923753304765,48.63099509296689,48.757402002269444,93292000
2019-04-24,49.40852355957031,49.7233471640804,49.382287955920745,49.45622366458279,70162400
2019-04-25,48.96012496948242,49.55161416212724,48.92196343723849,49.32980707961694,74172800
2019-04-26,48.72639083862305,48.89334298926619,48.20644998172418,48.86949112233834,74596400
2019-04-29,48.80032730102539,49.12469304422843,48.62144921409616,48.75023983540025,88818800
2019-04-30,47.86062240600586,48.51173764933064,47.48855655267741,48.43064712012503,186139600
2019-05-01,50.20989227294922,51.352325495464314,49.90221989618125,50.05724976982913,259309200
2019-05-02,49.88312911987305,50.71789343741812,49.639857567615536,50.04769752476017,127985200
2019-05-03,50.50324249267578,50.524706987957686,50.14071524657425,50.29812882387562,83569600
2019-05-06,49.72333908081055,49.809200711588794,48.53558955444818,48.72400621236716,129772400
2019-05-07,48.3829460144043,49.47052422124375,47.898782941090104,49.10322947707866,155054800
2019-05-08,48.392486572265625,48.97443723236416,48.11820827819037,48.153982442014374,105358000
2019-05-09,47.8725471496582,48.10150906634315,46.90422100692585,47.79622408457386,139634400
2019-05-10,47.2093505859375,47.60918957732427,46.15349960538394,47.266813330080936,164834800
2019-05-13,44.4655647277832,45.36579237166061,43.77842304776529,44.94201700800786,229722400
2019-05-14,45.16946792602539,45.418465818898284,44.39134448751161,44.63076708397739,146118800
2019-05-15,45.71055603027344,45.90927719917939,44.537386913882365,44.597242555602286,106178800
2019-05-16,45.50945281982422,46.08167274519695,45.21256745080139,45.46875141212985,132125600
2019-05-17,45.25086975097656,45.70577121307955,44.714561831332965,44.75526323345386,131516400
2019-05-20,43.835880279541016,44.13755507522487,43.1631033991647,43.93883389096766,154449200
2019-05-21,44.67626953125,45.01145979178377,44.22136428818292,44.34586509350968,113459200
2019-05-22,43.76165771484375,44.46316775527912,43.70659154583368,44.21177332231356,118994400
2019-05-23,43.01466751098633,43.22535692609775,42.571734215795686,43.048186530660814,146118800
2019-05-24,42.84945297241211,43.608421998150384,42.765653620731065,43.143941678474405,94858800
2019-05-28,42.67229461669922,43.237332173533716,42.59568127428577,42.837496817068114,111792800
2019-05-29,42.46878433227539,42.94044717291875,42.13837995674067,42.238937015968816,113924800
2019-05-30,42.68905258178711,42.91171385804956,42.29879255396897,42.605253206009266,84873600
2019-05-31,41.91572570800781,42.614839417934895,41.89657145732902,42.19345320960093,108174400
2019-06-03,41.491943359375,42.5980747635717,40.76649306788243,42.042616150312135,161584400
2019-06-04,43.00988006591797,43.055370949044665,41.78403739904803,42.00430577492002,123872000
2019-06-05,43.704200744628906,44.290789049992995,43.36901055867717,44.12079739285381,119093600
2019-06-06,44.34585189819336,44.405707544999764,43.6108228018273,43.83348770766248,90105200
2019-06-07,45.52619934082031,45.949978304421165,44.477530988810955,44.65470134906222,122737600
2019-06-10,46.10801696777344,46.77600459137851,45.878169603398625,45.92366049398426,104883600
2019-06-11,46.64191436767578,46.92682783549049,46.35221507841626,46.65388622788541,107731600
2019-06-12,46.49347686767578,46.919648817978434,46.30193805046919,46.436014126524086,73012800
2019-06-13,46.4838981628418,47.11597370565027,46.352218650285145,46.61558132869754,86698400
2019-06-14,46.14631271362305,46.349819729325915,45.56212099174863,45.86139923834012,75046000
2019-06-17,46.4216423034668,46.67782620889428,46.009835187677666,46.1846126421805,58676400
2019-06-18,47.51341247558594,47.95394916644094,46.73768561849317,46.93879971823583,106204000
2019-06-19,47.37456130981445,47.855803202090904,47.24048520263492,47.80791574669828,84496800
2019-06-20,47.75524139404297,48.03057596879343,47.41286511903979,47.97311321999092,86056000
2019-06-21,47.59242630004883,48.08803285817052,47.44158888613369,47.59721577519034,191202400
2019-06-24,47.5445442199707,47.92283239718668,47.446380069181274,47.53496526934287,72881600
2019-06-25,46.82388687133789,47.70735333308996,46.75684517194282,47.50863210598545,84281200
2019-06-26,47.836631774902344,48.12154522701095,47.250047189954486,47.35060423423424,104270000
2019-06-27,47.8222770690918,48.2604209170684,47.78157566069608,47.95395659195468,83598800
2019-06-28,47.38652420043945,47.76481237594813,47.178227691464755,47.56848407525534,124442400
2019-07-01,48.2556266784668,48.95952972038265,48.04014414238902,48.64349012878817,109012000
2019-07-02,48.538143157958984,48.633914390891135,48.210135361751455,48.22210722253035,67740800
2019-07-03,48.94038009643555,48.94756248298667,48.52857288544068,48.66983135867862,45448000
2019-07-05,48.897274017333984,49.100784678008225,48.578841537594826,48.68658462459811,69062000
2019-07-08,47.889305114746094,48.21970578842082,47.50383461771007,48.07844734407372,101354400
2019-07-09,48.1814079284668,48.2460494035654,47.599609079485354,47.69298375237137,82312000
2019-07-10,48.65785217285156,48.77756346841761,48.25801688405682,48.32745148133247,71588400
2019-07-11,48.30351638793945,48.93559199528535,48.293941090035496,48.67701511228483,80767200
2019-07-12,48.67462158203125,48.842216692964875,48.41125522677883,48.4711108844908,70380800
2019-07-15,49.13191223144531,49.28992836732956,48.84220928460961,48.86375644132579,67789600
2019-07-16,48.96192169189453,49.34739222396268,48.72249909193417,48.98346884909922,67467200
2019-07-17,48.686588287353516,49.103181282791674,48.66743404051857,48.854183380535474,56430000
2019-07-18,49.239646911621094,49.29232016959373,48.770377064219026,48.842204566299756,74162400
2019-07-19,48.504634857177734,49.44077831612982,48.44956866938637,49.270786623426325,83717200
2019-07-22,49.61315155029297,49.615544461109494,48.74883581666229,48.75841111322735,89111600
2019-07-23,50.00100326538086,50.017764597061785,49.6298975911263,49.91002518280674,73420800
2019-07-24,49.9603157043457,50.07523753448428,49.60118178852593,49.720893093799184,59966400
2019-07-25,49.565269470214844,50.09678795373076,49.49583486785246,50.0129885793759,55638400
2019-07-26,49.737648010253906,50.21409660563263,49.59399300114856,49.67539580143556,70475600
2019-07-29,50.202125549316406,50.4319728369032,49.90524388391939,49.910033358512514,86693600
2019-07-30,49.98665237426758,50.317056746119604,49.63470084424237,49.98186289912939,135742800
2019-07-31,51.006591796875,53.00098259885539,50.58999878893159,51.81584139677293,277125600
2019-08-01,49.90284729003906,52.201305551333476,49.49822619298105,51.21248911312201,216071600
2019-08-02,48.847007751464844,49.424013533999364,48.27478779132679,49.20853462057314,163448400
2019-08-05,46.28997039794922,47.561303978461524,46.108010514374186,47.40328781920137,209572000
2019-08-06,47.166263580322266,47.42244757771809,46.457570905876665,47.001061361934276,143299200
2019-08-07,47.654666900634766,47.779167660416284,46.40488444167236,46.78556545258096,133457600
2019-08-08,48.70573043823242,48.72967415595045,47.73846488717742,47.93239657947891,108038000
2019-08-09,48.30438232421875,48.729767784636486,47.89581454791173,48.37888473817284,98478800
2019-08-12,48.18181228637695,48.55913570914154,47.86216992838576,47.97512638824654,89927600
2019-08-13,50.22224426269531,50.98409726275787,48.18182158394449,48.311603087933506,188874000
2019-08-14,48.72736740112305,49.61419405795877,48.68891335806939,48.825904511255764,146189600
2019-08-15,48.48464584350586,49.30177430316931,47.98715615739791,48.89801774677476,108909600
2019-08-16,49.62861633300781,49.787236519570556,48.98933158147647,49.0950783725183,110481600
2019-08-19,50.55390548706055,51.12589392072789,50.476997383640956,50.61879257374309,97654400
2019-08-20,50.55630111694336,51.27489599056535,50.546689438817666,50.68127493565582,107537200
2019-08-21,51.10425567626953,51.34698995795277,50.85431171958834,51.18837344081834,86141600
2019-08-22,51.06099319458008,51.53685003904177,50.65002341946824,51.23643471626912,89014800
2019-08-23,48.70093536376953,50.96246310509183,48.30679055271319,50.332790008185185,187272000
2019-08-26,49.626216888427734,49.79444876140259,49.282539799826424,49.47480636916046,104174400
2019-08-27,49.06624221801758,50.1213008461803,48.91483169869876,49.955470975912974,103493200
2019-08-28,49.39549255371094,49.441156273048314,48.864360275642376,49.05181915815829,63755200
2019-08-29,50.23185348510742,50.30635957969884,49.66707477161969,50.109285330383344,83962000
2019-08-30,50.16697311401367,50.57793935476577,49.79685926312093,50.50824459091684,84573600
2019-09-03,49.436344146728516,49.743969139920104,49.08065343594684,49.61178566616297,80092000
2019-09-04,50.27511215209961,50.344806902391355,49.82569194490394,50.08284558735108,76752400
2019-09-05,51.25807189941406,51.42390177073253,50.83268270783798,50.950446853296846,95654800
2019-09-06,51.25326156616211,51.53204789572798,51.07301235316033,51.44312612414458,77449200
2019-09-09,51.47196578979492,52.017521111519436,50.72693789572652,51.63298798303403,109237600
2019-09-10,52.08000946044922,52.0992364848002,50.88075361239367,51.39746659829906,127111600
2019-09-11,53.73588180541992,53.764724166368644,52.327534807186275,52.4092505514991,177158400
2019-09-12,53.61573791503906,54.416045003484264,53.5604625066759,54.026707807498056,128906800
2019-09-13,52.57268142700195,53.06295761966519,52.156907647555165,52.87309674944196,159053200
2019-09-16,52.84906768798828,52.90434675357643,52.28669102458082,52.32754707272448,84632400
2019-09-17,53.041324615478516,53.07016697794983,52.66159923635368,52.863481104937044,73274800
2019-09-18,53.53882598876953,53.558053012289186,52.738519012265336,53.12785615379395,101360000
2019-09-19,53.10382080078125,53.77674823327691,52.962021972267294,53.356166754377384,88242400
2019-09-20,52.32754898071289,53.48835439269536,52.26506390489358,53.20476404800031,221652400
2019-09-23,52.56547164916992,52.834642604048994,52.30831437342142,52.6207470415799,76662000
2019-09-24,52.31552505493164,53.47152631609086,52.197764593494576,53.12063959985759,124763200
2019-09-25,53.12064743041992,53.23360390363498,52.18575493970242,52.52462435934759,87613600
2019-09-26,52.8466682434082,53.09901788679732,52.591916597251874,52.87310494256668,75334000
2019-09-27,52.58951187133789,53.10382280973313,52.21939810228417,53.002880023860584,101408000
2019-09-30,53.82722473144531,53.9738275789729,53.062966121770074,53.089402821067836,103909600
2019-10-01,53.97622299194336,54.84863029507966,53.882493554454456,54.09158512052922,139223200
2019-10-02,52.6231575012207,53.73349145834526,52.37561187967944,53.60851764627017,138449200
2019-10-03,53.07017135620117,53.103817725877704,51.70268021152755,52.49577373492866,114426000
2019-10-04,54.55782699584961,54.67318912519149,53.80799149102436,54.22857296123739,138478800
2019-10-07,54.56984329223633,55.25959571661038,54.276637636700606,54.37998241718254,122306000
2019-10-08,53.930564880371094,54.81018194958028,53.91374352685756,54.271839962271294,111820000
2019-10-09,54.56264877319336,54.74530002443332,54.22858698003769,54.56264877319336,74770400
2019-10-10,55.298057556152344,55.38217532730824,54.627532058419334,54.77893891244817,113013600
2019-10-11,56.76888656616211,57.11255994872208,55.83158852183792,55.98540102647654,166795600
2019-10-14,56.68717575073242,57.230329070079826,56.39877773778656,56.45405313736609,96427600
2019-10-15,56.554988861083984,57.11495979657442,56.449242080538056,56.812142470885,87360000
2019-10-16,56.32667541503906,56.53576699278494,56.04548708687691,56.08634313450599,73903200
2019-10-17,56.54538345336914,56.754471381621265,56.12239992403728,56.49971972945663,67585200
2019-10-18,56.81694793701172,57.09813622863061,56.307441074815046,56.379541483040704,97433600
2019-10-21,57.80231475830078,57.91767689190389,57.03565787328163,57.08372359535983,87247200
2019-10-22,57.67013931274414,58.20848130833189,57.58842354511688,57.95853733426326,82293600
2019-10-23,58.444000244140625,58.45842326091589,57.97295104383975,58.18444461705697,75828800
2019-10-24,58.54012680053711,58.83333242341212,58.1147377137137,58.76363402097619,69275200
2019-10-25,59.26112747192383,59.297175843055165,58.37189886795237,58.43919160551697,73477200
2019-10-28,59.8547477722168,59.90281348892253,59.2947731880061,59.463005030065744,96572800
2019-10-29,58.470436096191406,60.022984167085156,58.29740023636161,59.83552529068843,142839600
2019-10-30,58.46323013305664,58.953510046434744,57.97055188420088,58.82372855934893,124522000
2019-10-31,59.78506088256836,59.88359800446322,57.0212394670206,59.41975843149152,139162000
2019-11-01,61.48180389404297,61.50823692360431,59.88119007430968,59.972513844449246,151125200
2019-11-04,61.88555908203125,61.96967684280091,61.37605584677562,61.844699369305836,103272000
2019-11-05,61.796630859375,62.051382450384814,61.60196232915728,61.77740017268105,79897600
2019-11-06,61.82308578491211,61.88316886698713,61.37366550448869,61.710129297236655,75864400
2019-11-07,62.53660202026367,62.75837481141287,62.21840915502444,62.370274265996805,94940400
2019-11-08,62.7077522277832,62.7800654404132,61.91468299950218,62.35822120185219,69986400
2019-11-11,63.204307556152344,63.26938943205793,62.25937344945544,62.26419187702616,81821200
2019-11-12,63.146461486816406,63.346540292385484,62.89577079131736,63.04762853024531,87388800
2019-11-13,63.75151443481445,63.82624054265363,62.93193278483699,62.94639542787812,102734400
2019-11-14,63.310394287109375,63.85035262181852,63.180223132713216,63.5779605616331,89182800
2019-11-15,64.06246948242188,64.06728791082074,63.39957143680535,63.56107338652864,100206400
2019-11-18,64.3854751586914,64.4650196804653,63.69365188987565,64.07210078681992,86703200
2019-11-19,64.1902084350586,64.60240830888569,63.97326152022207,64.57830146137563,76167200
2019-11-20,63.44294738769531,64.13958901338246,62.77040525583335,64.00942526376622,106234400
2019-11-21,63.15851593017578,63.64062358695327,62.95843713304087,63.5634845963379,121395200
2019-11-22,63.10307312011719,63.44054702045154,62.87648192495427,63.29832613946704,65325200
2019-11-25,64.20950317382812,64.22637870631682,63.2814445198713,63.327245332981434,84020400
2019-11-26,63.7081184387207,64.39994174998013,63.27663002561703,64.3469096134178,105207600
2019-11-27,64.56387329101562,64.59762436682284,63.95400724096207,64.01908914324333,65235600
2019-11-29,64.42164611816406,64.60243651886985,64.09622192561758,64.26496257549509,46617600
2019-12-02,63.67677688598633,64.66268611017567,63.505630736496585,64.42645072231561,94487200
2019-12-03,62.541419982910156,62.560701052764436,61.77968898703024,62.26661508192712,114430400
2019-12-04,63.09342956542969,63.471885858788234,62.83791308419663,62.93192761261715,67181600
2019-12-05,64.0190658569336,64.09379930384016,63.332068402488204,63.58758484552913,74424400
2019-12-06,65.25569152832031,65.32559921087861,64.43369694330708,64.477092231049,106075600
2019-12-09,64.34209442138672,65.27737714430648,63.85757384735053,65.08453701422351,128042400
2019-12-10,64.7181396484375,65.10141438333517,64.08657238840084,64.74706493312719,90420400
2019-12-11,65.2701416015625,65.34969348345126,64.7229520666511,64.79767816395331,78756800
2019-12-12,65.43647003173828,65.70163071358168,64.4385110100101,64.54939371100679,137310400
2019-12-13,66.3259506225586,66.36210722075081,65.30870330727501,65.43646152513958,133587600
2019-12-16,67.4613037109375,67.68548930512532,66.76707504123782,66.7718934682827,128186000
2019-12-17,67.59390258789062,67.9217322522176,67.20580211215017,67.39141826173947,114158400
2019-12-18,67.4323959350586,67.95307308973534,67.28294373773436,67.44685857632358,116028400
2019-12-19,67.4999008178711,67.77952418481911,67.24197877244833,67.37455545601723,98369200
2019-12-20,67.36006164550781,68.13384213651304,67.14793316484396,68.03260367934506,275978000
2019-12-23,68.45928955078125,68.51955300989285,67.58426294746009,67.62283244405702,98572000
2019-12-24,68.5243911743164,68.67385077531826,68.19897428649253,68.62563705159103,48478800
2019-12-26,69.88391876220703,69.9007942963268,68.62803033131719,68.65695561473434,93121200
2019-12-27,69.85737609863281,70.86257350590702,69.45240755088105,70.1755688245993,146266000
2019-12-30,70.2719955444336,70.55403170483157,68.75335966764395,69.77542534439749,144114400
2019-12-31,70.78544616699219,70.79267748666231,69.78989280626304,69.88872574600676,100805600
2020-01-02,72.40050506591797,72.46076851156026,71.15666666509587,71.40977019424241,135480400
2020-01-03,71.69664764404297,72.45596582996416,71.47246932030643,71.62915285765841,146322800
2020-01-06,72.26792907714844,72.30649856939735,70.5685026643333,70.81920068576198,118387200
2020-01-07,71.92805480957031,72.53309491165653,71.70869494472285,72.2775784441153,108872000
2020-01-08,73.0851058959961,73.38642316119072,71.63155170295238,71.63155170295238,132079200
2020-01-09,74.63748931884766,74.83032941641996,73.81067654984861,74.06136720541696,170108400
2020-01-10,74.80622100830078,75.37029336253585,74.30483235122053,74.87131024106992,140644800
2020-01-13,76.40442657470703,76.43094632364196,75.0039042885127,75.1220256778742,121532000
2020-01-14,75.37269592285156,76.55145246560595,75.24976349452105,76.34173684913497,161954400
2020-01-15,75.04971313476562,76.05249814521463,74.61822463542303,75.17265296599935,121923600
2020-01-16,75.98980712890625,76.10069718746519,75.23048903454546,75.5920697800867,108829200
2020-01-17,76.83106994628906,76.83347548162705,75.93193674542053,76.23807238178088,137816400
2020-01-21,76.31040954589844,76.90098699093934,76.1730071029982,76.45986173724447,110843200
2020-01-22,76.58279418945312,77.13480208755844,76.4887796776353,76.79491535128935,101832400
2020-01-23,76.95165252685547,77.03119709088018,76.08867529521399,76.63587245145318,104472000
2020-01-24,76.72985076904297,77.93993845348767,76.53941616685312,77.19749582877215,146537600
2020-01-27,74.47358703613281,75.15335327614349,73.49249613883003,74.74115326828117,161940000
2020-01-28,76.58038330078125,76.75152944120848,75.25458738363722,75.35342032568062,162234000
2020-01-29,78.18339538574219,79.0294966511186,77.46987813568431,78.20991513135742,216229200
2020-01-30,78.07011413574219,78.12314628033491,76.83591952309017,77.26740800153176,126743200
2020-01-31,74.60857391357422,77.78324876217432,74.31448794421121,77.361404556077,199588400
2020-02-03,74.40369415283203,75.56798119819389,72.85130652142897,73.35269537300906,173788400
2020-02-04,76.86003875732422,77.05047340126022,75.60173708426021,76.00670587742576,136616400
2020-02-05,77.48676300048828,78.28465065522497,76.88412837567931,77.98573887898152,118826800
2020-02-06,78.39309692382812,78.395509815644,77.1998851389864,77.75671877652137,105425600
2020-02-07,77.32752990722656,78.14180794117812,76.83702966688513,77.8929335802923,117684000
2020-02-10,77.69482421875,77.69482421875,75.83430875751218,75.91404207954616,109348800
2020-02-11,77.2260513305664,78.26262851927434,77.00858949259958,78.19014369789785,94323200
2020-02-12,79.06000518798828,79.06483505188083,77.67548599053883,77.67548599053883,113730400
2020-02-13,78.49700164794922,78.82319807398167,78.12973294999506,78.33269781258844,94747600
2020-02-14,78.51631927490234,78.76519359393609,78.00890353860804,78.46557253958812,80113600
2020-02-18,77.0786361694336,77.25985553346831,76.017895285843,76.19911464987771,152531200
2020-02-19,78.19498443603516,78.42453202537972,77.32029972520789,77.32029972520789,93984000
2020-02-20,77.39276885986328,78.44384294584167,76.88777163956716,77.95576130740083,100566000
2020-02-21,75.64098358154297,77.42902110600791,75.02484049800245,76.98684158821678,129554000
2020-02-24,72.04801177978516,73.49776723386336,69.88546431842104,71.8257200728422,222195200
2020-02-25,69.60760498046875,73.09910313567873,69.13643877148064,72.71733735421887,230673600
2020-02-26,70.71180725097656,71.97551316759632,69.22580967000033,69.23305815092856,198054800
2020-02-27,66.08951568603516,69.10500967174747,65.95420576749399,67.92104419759342,320605600
2020-02-28,66.05086517333984,67.27108062705318,61.94564270332902,62.16069333508348,426510000
2020-03-02,72.20024108886719,72.83571844288954,67.10435128397388,68.20616489725688,341397200
2020-03-03,69.90721893310547,73.45428597286327,69.05669090258408,73.37455265692115,319475600
2020-03-04,73.14982604980469,73.30930003617219,70.82780458094045,71.62758575768213,219178400
2020-03-05,70.7770767211914,72.37905058025478,70.41221917601806,71.40529829391956,187572800
2020-03-06,69.83715057373047,70.2696631046371,67.95247104471461,68.13852037839982,226176800
2020-03-09,64.31356811523438,67.19374467213605,63.54761077884886,63.72883020122201,286744800
2020-03-10,68.94554138183594,69.21133137729244,65.08677501833562,66.96421319736713,285290000
2020-03-11,66.55103302001953,67.95004932218703,65.68842661681832,67.02462518678024,255598800
2020-03-12,59.97880554199219,65.23900324323806,59.92323260860385,61.84174314573799,418474000
2020-03-13,67.16474914550781,67.63592258199654,61.11926832671573,64.00428573904365,370732000
2020-03-16,58.52421188354492,62.60043602101579,57.9902170129729,58.46138678881957,322423600
2020-03-17,61.097530364990234,62.245249799692694,57.60361793460999,59.80483021639644,324056000
2020-03-18,59.60186004638672,60.40647473225053,57.29433197423103,57.934642818544056,300233600
2020-03-19,59.14519119262695,61.09269547807698,58.62086339938416,59.775834978401704,271857200
2020-03-20,55.39032745361328,60.848656123776394,55.09070998430256,59.72509337905043,401693200
2020-03-23,54.21360778808594,55.211524041383235,51.37208822817037,55.11004159498472,336752800
2020-03-24,59.652610778808594,59.848327192203485,56.61295613694801,57.110704962845915,287531200
2020-03-25,59.32398986816406,62.39988643227555,59.02920598580545,60.587692247407915,303602000
2020-03-26,62.445796966552734,62.50378482179249,59.526955709117544,59.5656167372231,252087200
2020-03-27,59.86040496826172,61.82482113234886,59.69368249851185,61.07094946417779,204216800
2020-03-30,61.568702697753906,61.74025873047765,60.26150553022684,60.585287078823825,167976400
2020-03-31,61.44306564331055,63.42439783910351,60.889743800070434,61.75959875769645,197002000
2020-04-01,58.210105895996094,60.0972038911912,57.78001201918498,59.56079401122782,176218400
2020-04-02,59.18143844604492,59.234596446659125,57.241182484383906,58.072376290076036,165934000
2020-04-03,58.330909729003906,59.36748322353769,57.7413419398106,58.66676958439928,129880000
2020-04-06,63.419559478759766,63.57419624282321,60.256676873255664,60.62394564001491,201820400
2020-04-07,62.68501663208008,65.64977167238716,62.581119246295906,65.43230242458398,202887200
2020-04-08,64.28942108154297,64.60353188066507,63.119952317554805,63.4848025037082,168895200
2020-04-09,64.75334167480469,65.25592782434815,63.958397538567084,64.92490142355433,161834800
2020-04-13,66.0242691040039,66.1330036952468,64.23140190068074,64.83063671400997,131022800
2020-04-14,69.3587417602539,69.64869591568367,67.18410771605217,67.6552813751654,194994800
2020-04-15,68.72569274902344,69.18478074999825,67.80751674707382,68.23519218305155,131154400
2020-04-16,69.27173614501953,69.63659364674618,68.22308052874929,69.43845862105105,157125200
2020-04-17,68.33182525634766,69.33457898800233,66.89656632293641,68.78850190508753,215250000
2020-04-20,66.91349029541016,68.0612138620493,66.89416345877774,67.15995354897812,130015200
2020-04-21,64.84512329101562,66.99076185690431,64.13474275571909,66.75638450513866,180991600
2020-04-22,66.7129135131836,67.14783719048366,65.77057396314187,66.11125999851906,116862400
2020-04-23,66.4543685913086,68.07809487584751,66.41570756383898,66.65733345514633,124814400
2020-04-24,68.37289428710938,68.38256138963163,66.93038709342744,66.97871523220005,126161200
2020-04-27,68.42121124267578,68.75223755503086,67.64317552817161,68.09017755648323,117087600
2020-04-28,67.3121337890625,69.06392140300909,67.22032214952667,68.88270199466979,112004800
2020-04-29,69.52304077148438,69.9917957281478,68.5951979613223,68.79816288474782,137280800
2020-04-30,70.98970031738281,71.16608991336996,69.67284332982524,70.06185756526263,183064000
2020-05-01,69.84678649902344,72.24612942907099,69.06875096406462,69.1653998296708,240616800
2020-05-04,70.83504486083984,70.96310628408554,69.18232470328076,69.8709599457229,133568000
2020-05-05,71.89820098876953,72.72939466051092,71.1491592367676,71.2941362490643,147751200
2020-05-06,72.63999938964844,73.27063948300304,72.21473542323028,72.59891973995855,142333600
2020-05-07,73.39146423339844,73.7369949485584,72.9637889533335,73.2658213930559,115215200
2020-05-08,75.1382827758789,75.19158466112692,73.72336874196486,74.05044815626871,133838400
2020-05-11,76.32062530517578,76.81487118254181,74.43810496971201,74.64646961486733,145946400
2020-05-12,75.44839477539062,77.45447232361859,75.32725480896673,77.00382780374734,162301200
2020-05-13,74.53741455078125,76.54834228640952,73.46169113408281,75.62767417091105,200622400
2020-05-14,74.99535369873047,75.05592369907653,73.05468852162736,73.77668558751988,158929200
2020-05-15,74.55197143554688,74.59800522378177,72.73487156458532,72.7687943111998,166348400
2020-05-18,76.30851745605469,76.6816307787651,75.18434194281018,75.87484151863012,135178400
2020-05-19,75.86756896972656,77.17102926581177,75.83607138413613,76.32547436249678,101729600
2020-05-20,77.3430404663086,77.41329633678234,76.68645639876391,76.72522208271401,111504800
2020-05-21,76.76641082763672,77.7452239875939,76.5289737926269,77.20493698671349,102688800
2020-05-22,77.26066589355469,77.34304019898961,76.4029926993938,76.5047461498377,81803200
2020-05-26,76.73735809326172,78.55687612704607,76.68163102348302,78.37759126728832,125522000
2020-05-27,77.07168579101562,77.21705526702166,75.85544287582236,76.59440129810365,112945200
2020-05-28,77.1056137084961,78.36304756047794,76.47084126097369,76.74703662948228,133560800
2020-05-29,77.0304946899414,77.80821132778638,76.67434283627068,77.34788086093664,153532400
2020-06-01,77.97781372070312,78.09895371175787,76.85363105469186,76.9844643152945,80791200
2020-06-02,78.33880615234375,78.36303562857958,77.27035057638682,77.71130190496551,87642800
2020-06-03,78.77008056640625,79.03174713400516,78.08684912120862,78.65863382513984,104491200
2020-06-04,78.09169006347656,78.89121109253435,77.71857679947686,78.59321142956854,87560400
2020-06-05,80.31581115722656,80.3763811505578,78.31215843959637,78.34123085338769,137250400
2020-06-08,80.79067993164062,80.82460267780965,79.30308470158906,80.01296326734492,95654400
2020-06-09,83.3418960571289,83.7343884798814,80.43938634656227,80.47088393003234,147712400
2020-06-10,85.48606872558594,85.95366732051313,83.85067883247099,84.28920501230608,166651600
2020-06-11,81.38184356689453,85.05480894028344,81.28009011611704,84.63081897651477,201662400
2020-06-12,82.08448028564453,84.2650007968266,80.9748408787819,83.51878147516098,200146000
2020-06-15,83.09962463378906,83.7513585021509,80.57748864910177,80.73981952151668,138808800
2020-06-16,85.30195617675781,85.57331604172421,83.51877856978042,85.1517437297766,165428800
2020-06-17,85.18323516845703,86.10632149459083,85.062095153019,86.04575148687181,114406400
2020-06-18,85.21714782714844,85.6338697266432,84.60902265567091,85.13961645194037,96820400
2020-06-19,84.73016357421875,86.38735791979117,83.62294217777347,85.92218445110363,264476000
2020-06-22,86.94701385498047,87.08995815364833,85.07661214341427,85.12264593038505,135445200
2020-06-23,88.80289459228516,90.22023417459731,87.77077935086206,88.18992644325299,212155600
2020-06-24,87.2353286743164,89.35043555341034,86.86221543627708,88.4321923624518,192623200
2020-06-25,88.3934326171875,88.43219830369976,86.63205971274161,87.39039728120305,137522400
2020-06-26,85.6774673461914,88.50972079929527,85.52967271907464,88.28924513838203,205256800
2020-06-29,87.65205383300781,87.74654657742667,85.10811395697272,85.58540582946648,130646000
2020-06-30,88.38375091552734,88.66964696675093,87.22080974313869,87.240188892032,140223200
2020-07-01,88.21656799316406,89.00397799978875,88.16811642903573,88.46127316123845,110737200
2020-07-02,88.21656799316406,89.75747265090347,88.10270349025298,89.12270022857078,114041600
2020-07-06,90.57637786865234,91.04397648582848,89.61210082402599,89.6435984064739,118655600
2020-07-07,90.29533386230469,91.7320524889195,90.18388713248098,90.95433575857336,112424400
2020-07-08,92.39833068847656,92.42982827430403,91.18450541379949,91.27173006638321,117092000
2020-07-09,92.795654296875,93.34320200495762,91.74900304495738,93.2899001154489,125642800
2020-07-10,92.9579849243164,93.01613714978424,91.78050772022172,92.39105063414506,90257200
2020-07-13,92.5291519165039,96.86838742692706,92.31594434218474,94.26145236714936,191649200
2020-07-14,94.06036376953125,94.25175963929699,90.97856198164641,91.91133403395911,170989200
2020-07-15,94.70724487304688,96.18272909779543,93.51038115292206,95.93318100843004,153198000
2020-07-16,93.54187774658203,94.39712579079603,92.94344589283693,93.58064343111674,110577600
2020-07-17,93.35291290283203,94.14759106406643,92.8804639114332,93.99253569772281,92186800
2020-07-20,95.32020568847656,95.45830704424495,93.09607736485056,93.44011817142827,90318000
2020-07-21,94.00463104248047,96.18515083470295,93.75508296201137,96.11004463336359,103433200
2020-07-22,94.26871490478516,94.94952104533722,93.61940634409747,93.7066235863698,89001600
2020-07-23,89.97794342041016,94.0797418561393,89.16872914510222,94.00221048521436,197004400
2020-07-24,89.7550277709961,90.09906855159667,86.39218089831441,88.1777903319354,185438800
2020-07-27,91.88225555419922,91.97432312790853,90.59333170366311,90.81622514062431,121214000
2020-07-28,90.37287139892578,91.63030527715343,90.36802106656002,91.45343820318753,103625600
2020-07-29,92.10516357421875,92.28929873601002,90.81865739523712,90.85499791564365,90329200
2020-07-30,93.21963500976562,93.32381361272807,90.87194172588752,91.27897026336679,158130000
2020-07-31,102.97870635986328,103.12891879594893,97.71153346257094,99.70792594411513,374336800
2020-08-03,105.57349395751953,108.19011460238991,104.56076548592098,104.85876510860703,308151200
2020-08-04,106.27855682373047,107.36881693797415,105.04050204922461,105.76249918664718,173071600
2020-08-05,106.66376495361328,106.98357631299436,105.53473931977294,105.99992015103618,121776800
2020-08-06,110.38516998291016,110.8794231758555,106.406937145771,106.99567567916016,202428800
2020-08-07,107.87549591064453,110.36334336865978,107.07938502036484,109.90703455219526,198045600
2020-08-10,109.44345092773438,110.46043507725163,106.7954093213871,109.31966296937568,212403600
2020-08-11,106.18860626220703,109.20557448641424,105.92889749318043,108.70800797992307,187902400
2020-08-12,109.71772003173828,109.97499928394977,107.08424089381839,107.27841139872632,165598000
2020-08-13,111.65943908691406,112.66186065911528,110.60847119171306,111.09633433148385,210082000
2020-08-14,111.5599365234375,111.64974056440289,109.75169319709691,111.48469489954057,165565200
2020-08-17,111.26868438720703,112.7055714063434,110.64247816985842,112.68129823978218,119561600
2020-08-18,112.19587707519531,112.62063161252703,110.68617779479385,111.02112827223074,105633600
2020-08-19,112.33661651611328,113.74923011045664,112.24196081309763,112.60360648521876,145538000
2020-08-20,114.82933044433594,114.94340764743272,112.3608970952543,112.37788905057565,126907200
2020-08-21,120.74678039550781,121.22978455348972,115.7759366742478,115.78806955381434,338054800
2020-08-24,122.1909408569336,125.03316047656546,120.32687724435412,124.94820069131609,345937600
2020-08-25,121.18852233886719,121.53318353096768,119.4676607314497,121.06474178007431,211495600
2020-08-26,122.8365707397461,123.29287960664668,121.43851930194522,122.50404983764719,163022400
2020-08-27,121.36810302734375,123.77099771310097,120.22490163891516,123.43847690338893,155552400
2020-08-28,121.1715316772461,122.75889449051752,120.94822892350749,122.3414212260646,187630000
2020-08-31,125.28071594238281,127.1836224608346,122.32928572568825,123.8632579117057,225702700
2020-09-01,130.27096557617188,130.87291336835037,126.72730590113318,128.89233580510103,151948100
2020-09-02,127.57199096679688,133.96030126469617,123.30017964496024,133.58166351032548,200119000
2020-09-03,117.35843658447266,125.08653940539764,116.98950967695433,123.2127726268104,257599600
2020-09-04,117.43610382080078,120.0962780604988,107.65947073062564,116.57203254505438,332607200
2020-09-08,109.53324890136719,115.52349838716887,109.39732807142673,110.63032628792358,231366600
2020-09-09,113.90215301513672,115.66913123084257,111.90216871799983,113.8439033465614,176940500
2020-09-10,110.18373107910156,116.98951312845449,109.22257449751976,116.85359229498353,182274400
2020-09-11,108.73712921142578,111.8730336076421,106.79539476122176,111.2322576836528,180860300
2020-09-14,111.99925231933594,112.55264638404466,109.51383440164483,111.37789783991316,140150100
2020-09-15,112.17399597167969,115.36814991421778,110.300221999526,114.88271631943319,184642000
2020-09-16,108.86336517333984,112.62062489457956,108.77599065772375,111.87306021260656,154679000
2020-09-17,107.12547302246094,108.93128643390796,105.54296230474263,106.52354015673073,178011000
2020-09-18,103.72747039794922,107.64977561825025,102.99931984136902,107.183763410032,287104900
2020-09-21,106.87308502197266,106.97988102839547,100.09642732020315,101.49447874455225,195713800
2020-09-22,108.55266571044922,109.57207929386054,105.97987340331184,109.39732289119372,183055400
2020-09-23,103.99932098388672,108.84394734905581,103.65951146024476,108.36822438593991,150718700
2020-09-24,105.0672607421875,107.03812018263172,101.94106684060164,102.10611250444195,167743300
2020-09-25,109.00897979736328,109.16432212155291,104.53328092968297,105.27114215532431,149981400
2020-09-28,111.61089324951172,111.96040603666982,109.49440244155606,111.65943957272272,137672400
2020-09-29,110.76624298095703,111.95070223231198,110.26139526105185,111.21284844222973,99382200
2020-09-30,112.43612670898438,113.84388857632474,110.30993260341256,110.47497824771594,142675200
2020-10-01,113.38758087158203,114.29048766143629,112.45554925094682,114.21281650793448,116120400
2020-10-02,109.72742462158203,112.00896881944756,108.9507351859753,109.60121453266758,144712000
2020-10-05,113.10604095458984,113.25167253166546,110.24198536966455,110.59149819179417,106243800
2020-10-06,109.86334228515625,112.73710847512729,108.97984952644627,112.32933859803765,161498200
2020-10-07,111.7274169921875,112.18372583418271,110.80508856065056,111.2808188977388,96849000
2020-10-08,111.62060546875,113.00894588963777,111.25167118458671,112.86331432521168,83477200
2020-10-09,113.56234741210938,113.59147224549314,111.57206651675105,111.92157933161523,100506900
2020-10-12,120.7759017944336,121.53317715466372,115.80505821466257,116.56233357489269,240226800
2020-10-13,117.57201385498047,121.73703494031142,116.16425940876682,121.62052821230519,262330500
2020-10-14,117.6594009399414,119.44579307201987,116.13513969852242,117.47493379758126,150712000
2020-10-15,117.1933822631836,117.66910513115165,114.70796452850907,115.26135855246798,112559200
2020-10-16,115.5526123046875,118.00891257285697,115.34873107903783,117.74677427764382,115393800
2020-10-19,112.60118103027344,116.91182635817701,112.29050382279274,116.46522833536906,120639300
2020-10-20,114.08661651611328,115.513792607474,112.2613812832418,112.81477533834804,124423700
2020-10-21,113.46527862548828,115.25167113205254,113.05750867757199,113.27110069621133,89946000
2020-10-22,112.37789154052734,114.60117857735534,111.25168190141596,114.02836301066806,101988000
2020-10-23,111.6885986328125,113.15461063894915,110.95073725522217,112.99926828276962,82572600
2020-10-26,111.69830322265625,113.15460439944638,109.59151522414707,110.68860018455938,111850700
2020-10-27,113.20313262939453,113.86332273009963,111.20314823922772,112.12546926784462,92276800
2020-10-28,107.96043395996094,112.06720563801413,107.86334871753533,111.69827875394513,143937800
2020-10-29,111.96041870117188,113.52351567412646,108.93131000553764,109.09636307884779,146129200
2020-10-30,105.68860626220703,108.72741799712837,104.58181822292556,107.82451118538518,190272600
2020-11-02,105.60122680664062,107.45558679697702,104.19347226654686,105.93132552110745,122866900
2020-11-03,107.22257232666016,108.24197840804575,105.56239035943621,106.46529712130838,107624400
2020-11-04,111.60120391845703,112.22255845771816,109.07695017681739,110.81480370001444,138235500
2020-11-05,115.56233978271484,116.1351553723964,113.46527015302647,114.51380126430563,126387100
2020-11-06,115.43104553222656,115.92703675245446,112.94133225108231,115.07120221763194,114457900
2020-11-09,113.12611389160156,118.64042665215963,112.86353074963101,117.19134078148167,154515300
2020-11-10,112.78572845458984,114.36124218625869,110.99624681601809,112.37726248118744,138023400
2020-11-11,116.20907592773438,116.34523125447596,113.24282640096855,113.97223311704505,112295000
2020-11-12,115.936767578125,117.22052312713384,115.31434109496367,116.33551348572685,103162300
2020-11-13,115.98540496826172,116.38414348107418,114.633571669367,116.16046289142338,81581900
2020-11-16,116.99684143066406,117.66789057082231,114.90587400574458,115.65472831052979,91183000
2020-11-17,116.11181640625,117.35666927518157,115.6936229499769,116.26742672482064,74271000
2020-11-18,114.78916931152344,116.53002096182686,114.75999422898965,115.35324564020682,76322100
2020-11-19,115.38241577148438,115.7908817492475,113.60266161420516,114.36124340716778,74113000
2020-11-20,114.11811828613281,115.50885417388024,114.06949561951376,115.38242633677936,73604300
2020-11-23,110.72393798828125,114.39042656864258,110.62668524347754,113.96250558761568,127959300
2020-11-24,112.00769805908203,112.66902713847026,109.49853707376413,110.78230006896696,113874200
2020-11-25,112.8440933227539,113.54432503693381,112.0077062663623,112.37727712657373,76499200
2020-11-27,113.3886947631836,114.26398425207363,113.02885888768483,113.36924718338975,46691300
2020-11-30,115.78117370605469,117.6484533013128,113.60267342501068,113.75828376790362,169410200
2020-12-01,119.35038757324219,120.07979426970195,116.7147989337566,117.68734119570294,127728200
2020-12-02,119.70052337646484,119.98256156993129,117.57065309264819,118.66962336105755,89004200
2020-12-03,119.56434631347656,120.38127824003541,118.85438720785504,120.1284151780445,78967600
2020-12-04,118.89329528808594,119.48654668025314,118.18333614962214,119.23368360656494,78260400
2020-12-07,120.35212707519531,121.14961158002849,118.89331341367779,118.9516635857673,86712000
2020-12-08,120.96479034423828,121.5483215720864,119.71021007621731,120.95507026503985,82225500
2020-12-09,118.43621063232422,122.49171060296122,117.67762875809393,121.11070219500817,115089200
2020-12-10,119.8561019897461,120.46880834155796,116.85095006957522,117.19133836507719,81312200
2020-12-11,119.04891967773438,119.38930803641776,117.23999020597732,119.06836726112641,86939800
2020-12-14,118.43621063232422,119.96310188222377,118.20280253715556,119.23369509240086,79184500
2020-12-15,124.36870574951172,124.3881607505194,120.72167215100104,120.92590514212858,157243700
2020-12-16,124.3006362915039,124.84525763713049,123.08495834508075,123.91162528457596,98208600
2020-12-17,125.16622161865234,126.02206380046609,124.52433998229203,125.36072715820416,94359800
2020-12-18,123.1822280883789,125.55523399855811,122.65705428432727,125.41907865157175,192541500
2020-12-21,124.70909881591797,124.78690398309315,120.0603476658836,121.58723882712805,121251600
2020-12-22,128.25885009765625,130.71938029303678,126.09007064495803,127.99625958942822,168904800
2020-12-23,127.3641357421875,128.7937591538707,127.1890704257709,128.5311834389707,88223700
2020-12-24,128.346435546875,129.79552922137646,127.50032831643357,127.71428885467729,54930100
2020-12-28,132.93678283691406,133.56892926985674,129.84409122328378,130.31092211880733,124486200
2020-12-29,131.1667938232422,134.97915839822994,130.6513475184492,134.25948649182007,121047300
2020-12-30,130.04833984375,132.25601471943688,129.73711922699422,131.85726886914946,96452100
2020-12-31,129.046630859375,131.04034539862676,128.10326370918978,130.39846396533886,99116600
2021-01-04,125.85669708251953,129.94137159533847,123.27945861661561,129.85384635373498,143301900
2021-01-05,127.41278839111328,128.12275510528912,124.90362694441386,125.35100302677368,97664900
2021-01-06,123.12385559082031,127.45167334436817,122.90989509434218,124.21310565475042,155088000
2021-01-07,127.32521057128906,128.0157219951703,124.34923410516659,124.8355051575347,109578200
2021-01-08,128.4242401123047,128.98831654316814,126.65420563892411,128.79379617128217,105158200
2021-01-11,125.43848419189453,126.59581174174171,124.9716681081952,125.64272457590934,100384500
2021-01-12,125.2634506225586,126.12901267192076,123.37671619500519,124.97168496595856,91951100
2021-01-13,127.29606628417969,127.84068762018809,124.96197060419559,125.22454635131636,88636800
2021-01-14,125.37042236328125,127.40303206132965,125.22453212496984,127.20852658339784,90221800
2021-01-15,123.64903259277344,126.64446478265978,123.51287725867944,125.24400143779671,111598500
2021-01-19,124.32006072998047,125.17590254259751,123.45449883851644,124.27143065611541,90757300
2021-01-20,128.40472412109375,128.8520999882003,125.02028198318088,125.12726220097937,104319500
2021-01-21,133.11184692382812,135.83496806730975,129.92190967683482,130.1261500695179,120150900
2021-01-22,135.25149536132812,136.01007733964045,131.31269518789352,132.53809342059313,114459400
2021-01-25,138.99571228027344,141.1061268129052,132.790889061693,139.14160249614895,157611700
2021-01-26,139.22914123535156,140.33783872046894,137.48828243304504,139.6570621664172,98390600
2021-01-27,138.15933227539062,140.3378319835939,136.55464370074296,139.49171024148978,140843800
2021-01-28,133.3258056640625,138.09127131319642,132.94651480242143,135.68909090953088,142621100
2021-01-29,128.33665466308594,132.98540444648626,126.63470608598875,132.10038762484038,177523800
2021-02-01,130.45681762695312,131.66277536673383,127.3349504556567,130.07752674070377,106239800
2021-02-02,131.28347778320312,132.56722577893618,130.9139069960329,132.00314951845078,83305400
2021-02-03,130.26234436035156,132.04209890979024,129.9414035557163,132.03236398733958,89880900
2021-02-04,133.61758422851562,133.6273043090521,130.8944628567243,132.55751669715318,84183100
2021-02-05,133.20361328125,133.84645384942093,132.32702331519238,133.77828189570104,75693800
2021-02-08,133.34974670410156,133.39844945852406,131.41149002924152,132.49262578464683,71297200
2021-02-09,132.47308349609375,134.29446464954165,132.31725555721096,133.06722117017262,76774200
2021-02-10,131.86924743652344,133.42764614924684,130.9049865610518,132.93089894279558,73046600
2021-02-11,131.61602783203125,132.84325691578465,130.291393245221,132.3659937299951,64280000
2021-02-12,131.84979248046875,132.0056353585524,130.21348684657468,130.8563275721737,60145100
2021-02-16,129.7264862060547,132.4731462786685,129.33687901923372,131.96667922879305,80576300
2021-02-17,127.43756866455078,128.781687221056,126.10319957479774,127.83691038959827,97918500
2021-02-18,126.33698272705078,126.61943492722637,124.09678975209331,125.84023543219843,96856700
2021-02-19,126.49283599853516,127.31100380580884,125.45066816962286,126.85322456838092,87668800
2021-02-22,122.72344970703125,126.34671464924598,122.33384996779367,124.68117557823038,103916400
2021-02-23,122.58706665039062,123.41496128803965,115.3113195259661,120.54167771296495,158273000
2021-02-24,122.09033966064453,122.29487783267318,119.05147832650884,121.69100535268275,111039900
2021-02-25,117.84371948242188,123.17147632846172,117.40542445743719,121.43776543888308,148199500
2021-02-26,118.10670471191406,121.6033452358005,118.04825992472897,119.40211317040608,164560400
2021-03-01,124.46688842773438,124.60324720609326,119.59691082635653,120.53194563410155,116307900
2021-03-02,121.86632537841797,125.37270785746594,121.75918527388905,125.07077161615514,102260900
2021-03-03,118.88589477539062,122.44098002866822,118.6716145648539,121.56438254510716,112966300
2021-03-04,117.00608825683594,120.38585416346811,115.53536025738819,118.58396379730593,178155000
2021-03-05,118.26253509521484,118.7690169305712,114.5126538027712,117.83398211644732,153766600
2021-03-08,113.33414459228516,117.85348421909974,113.18804374548343,117.7853048147253,154376600
2021-03-09,117.94111633300781,118.8858931954571,115.7009310503409,115.93468789918522,129525800
2021-03-10,116.8599853515625,118.99303047984385,116.34376148572666,118.52551679323263,111943300
2021-03-11,118.78850555419922,120.00600008566362,118.1067115889779,119.35342480023796,103026500
2021-03-12,117.88268280029297,118.01904158578925,116.06131583787986,117.2690682655597,88105100
2021-03-15,120.76570892333984,120.77545095974142,117.28854502762586,118.25280599447676,92403800
2021-03-16,122.30461120605469,123.91170522216095,121.47671654048351,122.43122794234345,115227900
2021-03-17,121.51568603515625,122.58707964634337,119.15861117334904,120.82415009129004,111932600
2021-03-18,117.39568328857422,119.97677300065472,117.19114511333716,119.68457136117527,121229700
2021-03-19,116.86972045898438,118.27227638684158,116.56778422545804,116.78206442899135,185549500
2021-03-22,120.18131256103516,120.64883370339138,117.13270910784668,117.20088850037816,111912300
2021-03-23,119.3534164428711,121.0092059173222,118.96381673388366,120.12287382459728,95467100
2021-03-24,116.96713256835938,119.7040653634643,116.94765592524341,119.62614392900645,88530500
2021-03-25,117.45410919189453,118.49629146995656,115.90545997424265,116.43141841542507,98844700
2021-03-26,118.05801391601562,118.32099690748782,115.82756294666447,117.22037704784019,94071200
2021-03-29,118.23332214355469,119.39237925463331,117.59048892877756,118.4865630734955,80819200
2021-03-30,116.78206634521484,117.26906411360106,115.76911009525196,116.98660451621751,85671900
2021-03-31,118.97355651855469,120.30792565051348,117.9995609800172,118.48655874928595,118323800
2021-04-01,119.80146026611328,120.9507753854183,119.30472042335516,120.44430093685868,75089100
2021-04-05,122.62603759765625,122.87927851383142,119.86962848939254,120.64882787870255,88651200
2021-04-06,122.92797088623047,123.82404496077191,122.38253578537845,123.21043047231339,80171300
2021-04-07,124.57402801513672,124.59350465582355,121.88579830959569,122.55785759372996,83466700
2021-04-08,126.97004699707031,126.9992656715053,125.17789894243262,125.59670985066151,88844600
2021-04-09,129.54141235351562,129.58036563750287,126.1032091394081,126.42462946477704,106686700
2021-04-12,127.82715606689453,129.395289186928,127.23301830434795,129.07386893551856,91420000
2021-04-13,130.9342498779297,131.15827961533503,128.49926034784548,128.9960077236605,91266500
2021-04-14,128.5966339111328,131.4894019428346,128.2362603060902,131.43096458655666,87222800
2021-04-15,131.00241088867188,131.48940869866695,130.16477406100063,130.34010100083557,89347100
2021-04-16,130.67127990722656,131.1680124141945,129.81415884861858,130.80763872455088,84922400
2021-04-19,131.33355712890625,131.9471790846723,129.87256379574342,130.0381412567294,94264200
2021-04-20,129.64854431152344,132.00561168739057,128.3823471626382,131.50887932231677,94812300
2021-04-21,130.02841186523438,130.27191076385841,127.88562452974153,128.9180574819885,68847100
2021-04-22,128.50897216796875,130.66149395921403,127.99275572778816,129.58035833012048,84566500
2021-04-23,130.8271026611328,131.60628729046172,128.72326849315886,128.72326849315886,78657500
2021-04-26,131.21665954589844,131.54781441014728,130.0868213316481,131.3237996328013,66905100
2021-04-27,130.89523315429688,131.8887125625008,130.62251564804316,131.49910550928877,66015800
2021-04-28,130.10630798339844,131.50886374451756,129.61931028089822,130.81732046769145,107760100
2021-04-29,130.0089111328125,133.5055661641117,129.0056969879915,132.92116293750138,151101000
2021-04-30,128.04148864746094,130.0868708182536,127.66163089702832,128.35315956120257,109839500
2021-05-03,129.09336853027344,130.58359545105438,128.401839986388,128.60637073689202,75135100
2021-05-04,124.52532196044922,128.07067238199318,123.40522566029897,127.77847076247717,137564700
2021-05-05,124.76882934570312,127.05770985077288,124.64220517501703,125.84021547722773,84000900
2021-05-06,126.3662109375,126.37594554444907,123.82407406523244,124.5643128982338,78128300
2021-05-07,127.03939056396484,128.0638111341248,126.3271553590937,127.66380595625425,78973300
2021-05-10,123.7612075805664,126.38570115821472,123.7221806852606,126.25887677480436,88071200
2021-05-11,122.8440933227539,123.19532046962064,119.78054551827158,120.4927732833166,126142800
2021-05-12,119.78053283691406,121.60500079746393,119.27319817304675,120.39519702699735,112172300
2021-05-13,121.9269790649414,123.0782463378904,121.23426847309511,121.5464761686261,105861300
2021-05-14,124.34656524658203,124.77585354473081,122.78552704006465,123.17578845259833,81918000
2021-05-17,123.19532775878906,123.83926036065176,122.12211419930365,123.73193826034131,74244600
2021-05-18,121.80989837646484,123.8977887358132,121.74160317568686,123.47825894714309,63342900
2021-05-19,121.65379333496094,121.87818865261369,119.86835215925528,120.16105011854478,92612000
2021-05-20,124.2099838256836,124.61000384937135,122.05379848438088,122.18063773268084,76857100
2021-05-21,122.37576293945312,124.88318279629019,122.16111877804317,124.7075655227382,79295400
2021-05-24,124.00511169433594,124.82466155300955,122.87336158160026,122.94165678285485,63092900
2021-05-25,123.80999755859375,125.19542633961541,123.24411872152993,124.70759385237946,72009500
2021-05-26,123.7612075805664,124.28805950176616,123.34167776055286,123.8685296817526,56575900
2021-05-27,122.22944641113281,124.53198130053191,122.03431936367312,123.36120412853428,94625600
2021-05-28,121.57574462890625,122.73677048730885,121.51720801205188,122.51236771666937,71311100
2021-06-01,121.25377655029297,122.29772171588232,120.92205913488071,122.03429950032661,67637100
2021-06-02,122.01477813720703,122.19039542274523,121.02937706510446,121.25377238108098,59278900
2021-06-03,120.53179931640625,121.80989840712398,120.13177925202119,121.64403969713835,76229200
2021-06-04,122.8245620727539,123.08799170722506,120.83423543606743,121.04887959937938,75169300
2021-06-07,122.83432006835938,123.24409122711307,121.79037500565761,123.0977422579531,71057600
2021-06-08,123.65389251708984,125.33201933627309,123.1367991511912,123.51730209755509,74403800
2021-06-09,124.03437042236328,124.63927604647924,123.43922338156383,124.11242420165917,56877900
2021-06-10,123.03919982910156,125.06855324831824,122.8733411455855,123.92703729774797,71186400
2021-06-11,124.24900817871094,124.33682053678962,123.02944585374593,123.4489755912786,53522400
2021-06-14,127.30280303955078,127.36133965538929,123.97584053546844,124.70757800792384,96906500
2021-06-15,126.48323822021484,127.41986856929493,126.2393257726375,126.77593613475452,62746300
2021-06-16,126.9808349609375,127.70282128290683,125.33199905171192,127.19547914078684,91815000
2021-06-17,128.58091735839844,129.3224209462561,126.49302678487064,126.6393832290609,96721700
2021-06-18,127.2833251953125,128.30774594363172,127.06868097120527,127.527237732958,108953300
2021-06-21,129.07852172851562,129.1858438437529,126.06376624672313,127.12722136946698,79663300
2021-06-22,130.7175750732422,130.8151460223462,128.4150406144124,128.91263161271146,74783600
2021-06-23,130.4444122314453,131.0493254021088,129.98585550457855,130.51271488266488,60214200
2021-06-24,130.1614532470703,131.36149842351492,129.69313058879897,131.1761225655203,68711000
2021-06-25,129.86878967285156,130.62979558487248,129.57609165578822,130.2102731739654,70783700
2021-06-28,131.4981231689453,131.95667992046137,130.10295063063353,130.16148725640332,62111300
2021-06-29,133.01034545898438,133.16645300747723,131.0785629298999,131.51760238370522,64556100
2021-06-30,133.62503051757812,134.0640700400228,132.56156070353867,132.8542586809143,63261400
2021-07-01,133.92747497558594,133.98601159157678,132.4542339993765,133.27379128495963,52485800
2021-07-02,136.55198669433594,136.59100614570704,134.39579354693674,134.54213509862615,78852600
2021-07-06,138.56182861328125,139.6643030810213,136.65931393358588,136.65931393358588,108181800
2021-07-07,141.0497283935547,141.3619286538461,139.1862333107396,140.04479519196917,104911600
2021-07-08,139.7520751953125,140.55210024692394,137.24464819829342,138.13249304147996,105575500
2021-07-09,141.57656860351562,142.10341304013653,139.17646311232951,139.27403406481795,99890800
2021-07-12,140.98143005371094,142.75712026323748,140.49360503622404,142.64979816390084,76299700
2021-07-13,142.0937042236328,143.86939485461454,140.13265254729112,140.52290669901112,100827100
2021-07-14,145.5182342529297,145.92802047396597,144.0840271410284,144.4938133620647,127050800
2021-07-15,144.86448669433594,146.34747864637848,143.50833398770226,145.6059901139749,106820300
2021-07-16,142.82537841796875,146.11331359035626,142.32780236268064,144.84498071759424,93251400
2021-07-19,138.98135375976562,140.56191704499963,138.22034787278739,140.24970186714236,121434600
2021-07-20,142.59121704101562,143.51809629152285,139.4789065811411,139.96673149730913,96350000
2021-07-21,141.85951232910156,142.57174758950413,141.10827250404336,141.98635160042446,74993500
2021-07-22,143.2253875732422,144.59129128070637,142.25948895259933,142.38632818516166,77338200
2021-07-23,144.9425506591797,145.09865822031367,143.34248537564744,143.95714959308972,71447400
2021-07-26,145.36207580566406,146.1816181027515,144.10347916841854,144.65960672609336,72434100
2021-07-27,143.19618225097656,145.57677109148528,142.0058878307222,145.48895126026883,104818600
2021-07-28,141.44976806640625,143.3913174094475,139.06917909144863,141.28390931155968,118931200
2021-07-29,142.0937042236328,142.98154953912368,141.05951732305735,141.16683944786658,56699500
2021-07-30,142.30831909179688,142.7668758133756,140.60093147786202,140.86436116386733,70440600
2021-08-02,141.97659301757812,143.37176538004852,141.71316334757606,142.79613544954273,62880000
2021-08-03,143.77182006835938,144.4352550861749,141.64489480221886,142.25955921779124,64786600
2021-08-04,143.37176513671875,144.19130756729243,142.71808142038705,143.68398028393023,56368300
2021-08-05,143.4790802001953,144.24008597517638,142.61075233452527,143.40102641721816,46397700
2021-08-06,142.7951202392578,143.74291989384258,142.29679858037488,143.000320280882,54126800
2021-08-09,142.74624633789062,143.34228507821692,142.18930041536296,142.8537292225246,48908700
2021-08-10,142.2674560546875,144.3291621434574,141.97431959044943,143.0882262269222,69023100
2021-08-11,142.5215301513672,143.36184690994065,142.19908146277635,142.7071837820295,48493500
2021-08-12,145.482177734375,145.63851920327534,142.5019837127135,142.84397881224007,72282600
2021-08-13,145.68736267089844,146.01957707570978,144.8763581583002,145.56033337689462,59375000
2021-08-16,147.66114807128906,147.72955306203514,143.11758362273994,145.14019753721752,103296000
2021-08-17,146.75242614746094,148.20831321235303,145.67759718518755,146.7915040599331,92229700
2021-08-18,143.01007080078125,147.2702784625577,142.8048707810112,146.37133747643588,86326000
2021-08-19,143.34230041503906,144.61254875765684,141.19265740190144,141.71052547158095,86960300
2021-08-20,144.79823303222656,145.10113537374198,143.42050150190195,144.06539901518747,60549600
2021-08-23,146.28338623046875,146.75239563031982,144.50503593715925,144.91542102572143,60131800
2021-08-24,146.19544982910156,147.40707372149436,145.73620613091066,146.02934262692168,48606400
2021-08-25,144.96434020996094,146.87948633367313,144.41715986305638,146.38114966024156,58991300
2021-08-26,144.16307067871094,145.70690913613237,144.13375851701343,144.95454377317253,48597200
2021-08-27,145.1988067626953,145.34536755607812,143.4693148530707,144.10443150378484,55802400
2021-08-30,149.6153564453125,149.97689795560206,145.20858752404757,145.58966053577964,90956700
2021-08-31,148.3549041748047,149.30270392723426,147.8272553901817,149.16590885521063,86453100
2021-09-01,149.019287109375,151.43275399237308,148.85317992388826,149.3319699829077,80313700
2021-09-02,150.1332244873047,151.17874128646721,148.91183471793337,150.34819027947748,71115500
2021-09-03,150.76832580566406,151.09077442910467,149.58601418638187,150.24067718201943,57808700
2021-09-07,153.10366821289062,153.66061425099002,150.85630782844845,151.42303452779782,82278300
2021-09-08,151.559814453125,153.4456331023822,150.45567332943037,153.38700877891932,74420200
2021-09-09,150.54359436035156,152.5368955037672,150.42633082753412,151.9310910707807,57305700
2021-09-10,145.56036376953125,151.92135699493102,145.2965393767227,151.45234744847278,140893200
2021-09-13,146.12705993652344,147.95425407222461,145.34536758274155,147.18234237769772,102404300
2021-09-14,144.72976684570312,147.61225802171091,143.54747014740659,146.9087364700221,109296300
2021-09-15,145.6189727783203,146.01959220126037,143.01985176888803,145.15972903193406,83281300
2021-09-16,145.38446044921875,145.56034832894838,143.85040265204483,145.0424802595639,68034100
2021-09-17,142.71693420410156,145.41377207009813,142.42379770872697,145.41377207009813,129868800
2021-09-20,139.66835021972656,141.52485650500037,138.0365754530921,140.50866688674913,123478900
2021-09-21,140.14710998535156,141.29034368063373,139.51199340756355,140.63566578658538,75834000
2021-09-22,142.51174926757812,143.0784609405733,140.4109501394529,141.14378392401113,76404300
2021-09-23,143.4693603515625,143.71363835769614,142.3065946568389,143.2934724341822,64838200
2021-09-24,143.5572509765625,144.09466540021555,142.2283784515029,142.32609558654582,53477900
2021-09-27,142.042724609375,142.61923184992318,140.52821338546616,142.14044174425882,74150700
2021-09-28,138.6619110107422,141.4369043819852,138.44694526555043,139.97123697906306,108972300
2021-09-29,139.5608673095703,141.14378350850296,138.77917495976774,139.2091064976362,74602000
2021-09-30,138.26129150390625,141.07537768507382,138.0463257589815,140.37185613978193,89056700
2021-10-01,139.38497924804688,139.64880358400276,135.9260103602956,138.65214546670163,94639600
2021-10-04,135.95530700683594,138.95504676613083,135.10522468851968,138.5153346198599,98322000
2021-10-05,137.8802490234375,138.98439014714222,136.1703033445533,136.29733265175278,80861100
2021-10-06,138.74984741210938,138.8964081885175,135.20292752763442,136.27775625309343,83221100
2021-10-07,140.01034545898438,140.91906720020722,139.4533994772065,139.78561391612965,61732700
2021-10-08,139.62924194335938,140.87994360098938,139.29702757701324,140.73338282452485,58773200
2021-10-11,139.54132080078125,141.49554421911762,138.56420909161307,139.01368703802868,64452200
2021-10-12,138.2710723876953,139.97125212650982,137.81182869231796,139.95170571768443,73035900
2021-10-13,137.684814453125,138.16358964828814,136.0139468710265,138.00726310614547,78762700
2021-10-14,140.46954345703125,140.5868069751704,138.27104258853484,138.85731545061583,69907100
2021-10-15,141.5248565673828,141.58348088448486,140.22529620330172,140.47935479013262,67940300
2021-10-18,143.19573974609375,143.47909561279081,139.88333128324254,140.1666871499396,85589200
2021-10-19,145.35511779785156,145.75573713641117,143.19570948817753,143.6451724796259,76378900
2021-10-20,145.84364318847656,146.32243314516614,144.72973678128216,145.296463186281,58418800
2021-10-21,146.0586700439453,146.21501151275598,144.48551942420278,145.40400691653662,61421000
2021-10-22,145.28675842285156,146.74264548774926,145.23789985010384,146.26387023963363,58883400
2021-10-25,145.23788452148438,145.95117189778182,144.24122639888336,145.27696242983234,50720600
2021-10-26,145.90234375,147.38754297777294,145.5994265625498,145.91210950073977,60893400
2021-10-27,145.44309997558594,146.30294823636,145.0913391249601,145.94142163499626,56094900
2021-10-28,149.07797241210938,149.66423061689264,146.29319748336883,146.39091463893837,100077900
2021-10-29,146.37132263183594,146.5081176612954,143.05891485963772,143.85037288076313,124953200
2021-11-01,145.55055236816406,146.27360541935798,144.41709931929685,145.57986452377787,74588300
2021-11-02,146.5863037109375,148.10082985163274,145.2476505224247,145.25743118168475,69122000
2021-11-03,148.02264404296875,148.49165344387518,146.39086943374969,146.9478153017873,54511500
2021-11-04,147.5048065185547,148.94114717338857,147.19212358039826,148.11061107430388,60394600
2021-11-05,148.03318786621094,148.93344079375584,146.83937063089465,148.6300964838691,65463900
2021-11-08,147.21121215820312,148.31696452355757,146.93722280009231,148.1603949099799,55020900
2021-11-09,147.5732879638672,148.17997664131613,146.83938459031998,146.97637928946335,56787900
2021-11-10,144.74530029296875,146.9078752619248,144.67681041564214,146.80023551358215,65187100
2021-11-11,144.69638061523438,146.22289720379737,144.51045604306032,145.76299817171153,41000000
2021-11-12,146.77088928222656,147.1720784304826,144.31474986015922,145.24435777936998,63804000
2021-11-15,146.78070068359375,148.62035691017905,146.22292685396968,147.14275496726236,59222800
2021-11-16,147.75921630859375,148.23870523347338,146.1348398835429,146.72196856987298,59256200
2021-11-17,150.1957550048828,151.67334153749616,147.7494107865361,147.75919078814144,88807000
2021-11-18,154.48171997070312,155.2645530057306,149.76517669115213,150.41101506489716,137827700
2021-11-19,157.104248046875,157.5641620110988,153.1705218782956,154.2664794451428,117305600
2021-11-22,157.5641632080078,162.14371301680876,157.54458827093626,158.20998681834752,117467900
2021-11-23,157.94577026367188,158.3273993610191,155.64620074677185,157.6619859753906,96041900
2021-11-24,158.4644012451172,158.660105803449,156.21376149604953,157.29993896578694,69463600
2021-11-26,153.4445037841797,157.00638063396804,153.00416477836077,156.14527755829806,76959800
2021-11-29,156.80087280273438,157.73048055072377,155.38198131594635,155.94953492440175,88748200
2021-11-30,161.75230407714844,161.9675835913138,156.48776584559891,156.55627065978888,174048100
2021-12-01,161.23367309570312,166.6449857878265,160.99881865483053,163.88550209995378,152052500
2021-12-02,160.24533081054688,160.6758897940943,154.41325439149716,155.33308223247562,136739200
2021-12-03,158.36654663085938,161.4195945786872,156.29205136899398,160.49976670029744,118023100
2021-12-06,161.77188110351562,164.27693555746282,160.7541933995356,160.76397340255957,107497000
2021-12-07,167.50608825683594,167.89751232351225,164.72704457429052,165.45116789916563,120405400
2021-12-08,171.32240295410156,172.18352101189242,167.03640253357247,168.43571937748263,116998900
2021-12-09,170.81353759765625,172.9565375380552,170.18727407030087,171.15603176332104,108923700
2021-12-10,175.59861755371094,175.77476213435622,170.94078267392138,171.4496265464153,115402700
2021-12-13,171.96826171875,178.2211185132973,171.76276218304858,177.23278564494396,153237000
2021-12-14,170.58847045898438,173.92528743178815,168.51397541726456,171.48872330598167,139380400
2021-12-15,175.45184326171875,175.6475478496639,168.6118581679586,171.35176719309973,131063300
2021-12-16,168.56292724609375,177.25234826512832,167.0853404452438,175.4322672390144,150185800
2021-12-17,167.46693420410156,169.74692873915046,166.04805758616632,166.28289706807027,195432700
2021-12-20,166.10682678222656,166.91901512025265,163.865981314703,164.66837471661833,107499100
2021-12-21,169.27725219726562,169.48273676499653,165.49030091905374,167.87793543850688,91185900
2021-12-22,171.87037658691406,172.08565609490324,168.45527432954148,169.32617236411534,92135300
2021-12-23,172.4966278076172,173.0544014741378,171.50831008728667,172.07586375572322,68356600
2021-12-27,176.45973205566406,176.54779687853835,173.26970404402934,173.28926405046633,74919600
2021-12-28,175.44200134277344,177.43822642660322,174.69831813522254,176.29333921586215,79144300
2021-12-29,175.53012084960938,176.75329313798875,174.3167285642682,175.48119097181373,62348900
2021-12-30,174.3754425048828,176.69458737092964,174.26780274374727,175.61818975957434,59773000
2021-12-31,173.75894165039062,175.3833028387427,173.45558242966288,174.2677704894889,64062300
2022-01-03,178.1036376953125,178.95497562988,173.89593761791699,174.0133573614573,104487900
2022-01-04,175.84323120117188,179.01369889567948,175.2756775127618,178.71035458130368,99310400
2022-01-05,171.16580200195312,176.30312460609773,170.89181265756935,175.7551459173302,94537600
2022-01-06,168.3085174560547,171.53769548653034,167.95624321761545,168.99349099432447,96904000
2022-01-07,168.474853515625,170.40257420223315,167.35932100577125,169.17940193566972,86709100
2022-01-10,168.4944305419922,168.79777487885306,164.56070430318124,165.4511773077938,106765600
2022-01-11,171.32240295410156,171.4202477771128,167.15383722500894,168.62164395189677,76138300
2022-01-12,171.7627716064453,173.3773533119361,171.06801799743715,172.34010543507006,74805200
2022-01-13,168.4944305419922,172.82934594142114,168.10300645305696,172.00737775161056,84505800
2022-01-14,169.3555450439453,170.05029852382498,167.4180294399018,167.66266389110206,80440800
2022-01-18,166.1557159423828,168.83689986985863,165.77408681023036,167.82900716362772,90956700
2022-01-19,162.66233825683594,167.40825267441707,162.37856885772902,166.35143003303915,94815000
2022-01-20,160.9792022705078,166.0382394643983,160.65628309668958,163.39619114287353,91420500
2022-01-21,158.92433166503906,162.76019814543096,158.81669190708894,160.89118731707072,122848900
2022-01-24,158.15127563476562,158.81668910799385,151.37979580013618,156.58562410189697,162294600
2022-01-25,156.3507537841797,159.26679197315192,153.64999508546384,155.5679206315474,115798400
2022-01-26,156.26271057128906,160.8618354481178,154.43284958250229,159.99093736491258,108275300
2022-01-27,155.80279541015625,160.32363543352318,154.88296745549835,158.96346843901696,121954600
2022-01-28,166.67434692382812,166.69392186078738,159.30595841103175,162.15350702087153,179935700
2022-01-31,171.02882385253906,171.2441033483954,165.87192581665457,166.5079843021577,115541600
2022-02-01,170.86248779296875,171.08754730875657,168.61184784118433,170.2753591337895,86213900
2022-02-02,172.06607055664062,172.10522042730014,169.60994623393472,170.99946801633135,84914300
2022-02-03,169.1891632080078,172.45749049022623,168.42590499267487,170.7352545735362,89418100
2022-02-04,168.9050750732422,170.5805134014752,167.22963674500915,168.20942139418403,82465400
2022-02-07,168.1898193359375,170.43351937589156,167.49416572772904,169.36555780513737,77251200
2022-02-08,171.2957305908203,171.80522273077705,167.96445422996524,168.2583925780297,74829200
2022-02-09,172.71640014648438,173.07891560572492,171.36429283315064,172.4910539110368,71285000
2022-02-10,168.64051818847656,171.93259499604034,168.08204874852603,170.61968723864308,90865900
2022-02-11,165.2308807373047,169.5811269216294,164.64300397443432,168.846288443205,98670700
2022-02-14,165.46603393554688,166.15188018995096,163.19292640629095,163.98654956855333,86185500
2022-02-15,169.29696655273438,169.45373566949445,166.80832036305304,167.5137664381475,62527400
2022-02-16,169.06182861328125,169.83585183660028,166.6123672162483,168.3759824121772,61177400
2022-02-17,165.46603393554688,168.4347801834387,165.06431864713625,167.57256492057238,69589300
2022-02-18,163.91795349121094,167.0924457737123,162.83039207397334,166.3870146722984,82772700
2022-02-22,160.99822998046875,163.32031494834902,158.87208401329053,161.6448765238355,91162800
2022-02-23,156.8341064453125,162.79118283457873,156.5205682404435,162.19351371308113,90009200
2022-02-24,159.4501495361328,159.5579264390306,148.9272576589058,149.49553451506446,141147500
2022-02-25,161.5175018310547,161.78203291625664,157.617948249187,160.5279097890242,91974200
2022-02-28,161.7820281982422,162.07596656799925,159.1464052349538,159.76367431641097,95056600
2022-03-01,159.90081787109375,163.23209394256236,158.69568719407653,161.37049453342058,83474400
2022-03-02,163.1929168701172,163.97674752234462,159.65589394659725,161.06678613054137,79724800
2022-03-03,162.86956787109375,165.49539801856008,162.20332160924863,165.06429046074288,76678400
2022-03-04,159.87144470214844,162.20333673673338,158.82308299816066,161.16476749621853,83737200
2022-03-07,156.07969665527344,161.68406601052743,155.8249430798264,160.05761991470098,96418800
2022-03-08,154.2572784423828,159.58730866544224,152.65043241487155,155.60938587479396,131148300
2022-03-09,159.6558837890625,160.10659124427465,156.1874531828048,158.21559935544633,91454900
2022-03-10,155.31546020507812,157.1476526374479,152.82679892923494,156.96149116992498,105342000
2022-03-11,151.60203552246094,156.0600575177212,151.37668929729986,155.7171269987306,96970100
2022-03-14,147.5751953125,151.00444242668217,147.0657179340598,148.38841856504578,108732100
2022-03-15,151.9547882080078,152.4250955746164,147.34001116939965,147.8494883910694,92964300
2022-03-16,156.3638153076172,156.76553056777536,151.3375306500096,153.8751690879972,102300200
2022-03-17,157.37298583984375,157.7453087439647,154.44343967423552,155.40362432397723,75615400
2022-03-18,160.66506958007812,161.15496186500974,156.53037749922927,157.2652159266267,123511700
2022-03-21,162.0367889404297,162.98718123956166,159.71468917177347,160.20458149296203,95811400
2022-03-22,165.4071807861328,165.99504235358978,161.57622086103993,162.1640824284969,81532000
2022-03-23,166.76913452148438,169.15000379737148,164.2608735199057,164.5940116285297,98062700
2022-03-24,170.55108642578125,170.61966356312797,166.76911784992285,167.60192566241446,90131400
2022-03-25,171.1879425048828,171.73661941189775,169.2577659174967,170.3649271443604,80546200
2022-03-28,172.05018615722656,172.17754799227433,168.5229555265403,168.6895171187773,90371900
2022-03-29,175.3422393798828,175.39121664425457,172.7751938429614,173.11812439551318,100589400
2022-03-30,174.17628479003906,175.97908457885987,173.12790825883917,174.9405154603071,92633200
2022-03-31,171.08018493652344,174.43104638306448,170.87442359799343,174.2448849220912,103049300
2022-04-01,170.78622436523438,171.34470867552832,168.46414001265768,170.51188591642043,78751300
2022-04-04,174.832763671875,174.88175589117134,170.91362533338986,171.04100211349504,76468400
2022-04-05,171.52108764648438,174.6955950948926,170.89402610794616,173.91176443413826,73401800
2022-04-06,168.35638427734375,170.11999949152553,166.69075350018778,168.87566890286308,89058800
2022-04-07,168.66009521484375,169.85543344405016,166.41639539463952,167.69991063657648,77594700
2022-04-08,166.65151977539062,168.30735775145232,165.7795122847829,168.30735775145232,76575500
2022-04-11,162.39927673339844,165.61296861541499,162.1543306146452,165.29944535757966,72246700
2022-04-12,164.27069091796875,166.43600652884118,163.2713064320056,164.62341397476007,79265200
2022-04-13,166.9552764892578,167.58233798502656,163.39866884231074,164.00613046155772,70618900
2022-04-14,161.94859313964844,167.80771592706967,161.70364698483297,167.17084695435335,75329400
2022-04-18,161.7330322265625,163.23210129361956,160.2633554980497,160.60627109784113,69023900
2022-04-19,164.01589965820312,164.4274222551572,160.59646173132168,161.68402299396155,67723800
2022-04-20,163.849365234375,165.4660187034269,162.74221886501599,165.34843439183405,67929800
2022-04-21,163.0557403564453,168.06243992326603,162.55605562621574,165.49540922825548,87227800
2022-04-22,158.51934814453125,164.4764404677371,158.2352171809879,163.09495550660975,84882400
2022-04-25,159.58731079101562,159.87144172970685,155.2566649146805,157.862880430984,96046400
2022-04-26,153.6302032470703,159.05820246882445,153.55181869779824,158.9700254572649,95623200
2022-04-27,153.4048614501953,156.55975368530983,152.2389155403168,152.7582001127346,88063200
2022-04-28,160.33192443847656,161.19413952588084,155.71713316880462,156.0306713643422,130216800
2022-04-29,154.46302795410156,162.84018882642286,154.07112011517893,158.568327600733,131747600
2022-05-02,154.76678466796875,155.0313157503038,150.17159242252777,153.5420538968097,123055300
2022-05-03,156.25601196289062,157.46115753940876,153.15990462040372,154.9528969165434,88966500
2022-05-04,162.66383361816406,163.1145261346623,156.04048055543203,156.44219580516028,108256500
2022-05-05,153.60081481933594,160.76303686900772,151.8175999162394,160.5376906280676,130525300
2022-05-06,154.32691955566406,156.44636712680793,151.2851189689877,153.0807608024048,116124600
2022-05-09,149.2049560546875,152.90417564451926,148.64566602154656,152.0210648420898,131577900
2022-05-10,151.60894775390625,153.79708852885074,150.05861170075954,152.59999379126018,115366700
2022-05-11,143.7493133544922,152.53126499841446,143.0722664113859,150.61788122808568,142689800
2022-05-12,139.88327026367188,143.4549244941829,136.1938739617852,140.08933386086713,182602000
2022-05-13,144.34788513183594,145.31930242919321,140.422988536555,141.8751960845671,113990900
2022-05-16,142.80735778808594,144.75019240669823,141.47289233038416,142.81717961196202,86643800
2022-05-17,146.43788146972656,146.95792901438662,143.9259353445969,146.0650115425021,78336300
2022-05-18,138.17601013183594,144.5932103275883,137.27327061969143,144.09279133540988,109742900
2022-05-19,134.7711639404297,139.00023828873597,134.03524571353756,137.2536602280289,136095600
2022-05-20,135.00662231445312,138.0582299092985,130.1201304167111,136.47845848613497,137426100
2022-05-23,140.4229736328125,140.57015125059797,135.0654837610607,135.20285452842407,117726300
2022-05-24,137.724609375,139.3043807072169,134.75150167714628,138.1661572066265,104132700
2022-05-25,137.88160705566406,139.12775081330722,135.7425308510417,135.83083742178036,92482700
2022-05-26,141.0803680419922,141.6298510183434,134.56504208814962,134.81034805775556,90601500
2022-05-27,146.83035278320312,146.86959515379783,142.53258704704527,142.6601509529846,90978500
2022-05-31,146.04539489746094,147.8312299883083,144.08294665114528,146.27108722583742,103718400
2022-06-01,145.91783142089844,148.89093902040028,144.90715690011942,147.08547543452738,74286600
2022-06-02,148.3708953857422,148.429766433254,144.1025647736461,145.05435330119587,72348100
2022-06-03,142.65037536621094,145.19174238635256,141.74765092180013,144.14182533230215,88570300
2022-06-06,143.39608764648438,145.78046996633253,142.17936438712687,144.2693764860653,71598400
2022-06-07,145.91783142089844,146.20237980048756,141.39438806442126,141.63969407079793,67808200
2022-06-08,145.18190002441406,147.0560263615052,144.69128805686674,145.79025407304024,53950200
2022-06-09,139.96180725097656,145.17210490927135,139.85387199936835,144.31844471982856,69473000
2022-06-10,134.55526733398438,138.11710068108783,134.48657445941151,137.6461172993445,91437900
2022-06-13,129.4038543701172,132.6615109809625,128.97211331960065,130.37525676148604,122207100
2022-06-14,130.26730346679688,131.3760914682962,129.01133784221852,130.63036655754385,84784300
2022-06-15,132.8871612548828,134.76130271815364,129.67856950370555,131.76856647591572,91533000
2022-06-16,127.61799621582031,129.9042500251396,126.61714350302216,129.60007296838003,108123900
2022-06-17,129.0897979736328,130.5812623099988,127.37265636033015,127.62778412514145,134520300
2022-06-21,133.31893920898438,134.48659850718005,130.8168292526159,130.91494269803155,81000500
2022-06-22,132.8086700439453,135.17340842764006,131.3957051346055,132.25917204519908,73409200
2022-06-23,135.67385864257812,135.9878425646897,133.0834276529192,134.25108671150673,72433800
2022-06-24,139.00021362304688,139.24551965514786,137.1457006192552,137.27324957478913,89116800
2022-06-27,139.00021362304688,140.79585557470105,138.32316657888146,140.02068012877845,70207900
2022-06-28,134.8594207763672,140.72713574825013,134.74167869464102,139.46136345282662,67083400
2022-06-29,136.6157989501953,138.0287637570601,134.10386817011945,134.87904343302176,66242400
2022-06-30,134.1529541015625,135.77196780465343,131.2583461315228,134.67300165333307,98964500
2022-07-01,136.3214569091797,136.4293921589786,133.11286488498627,133.48571986150768,71051600
2022-07-05,138.90208435058594,138.951148551157,134.35901187342057,135.18325151505502,73353800
2022-07-06,140.23655700683594,141.41402301996357,138.4311081218874,138.69604284083624,74064300
2022-07-07,143.60214233398438,143.79838414491758,140.58977738452884,140.59958423477383,66253700
2022-07-08,144.27919006347656,144.7796239540416,142.2774994180926,142.5326123028861,64547800
2022-07-11,142.14988708496094,143.8866574028359,141.08035673653484,142.9348691192532,63141600
2022-07-12,143.12136840820312,145.6627355993454,142.32657916846543,143.02323999517395,77588800
2022-07-13,142.75830078125,143.7002675399076,139.45156535802397,140.3052405126538,71185600
2022-07-14,145.6823272705078,146.15331059436355,140.56033683517074,141.37475454509644,78140700
2022-07-15,147.35043334960938,148.0274804295402,145.41742051675783,146.96775651820843,76259900
2022-07-18,144.3086395263672,148.7241480973096,143.9455764182645,147.9097302753274,81420900
2022-07-19,148.16482543945312,148.39050276940443,144.1516228338136,145.1426536934173,82982400
2022-07-20,150.16656494140625,150.83380527169302,147.54669777582993,148.28261602365345,64823400
2022-07-21,152.4331817626953,152.6490522792443,149.08720372847873,151.59913522400217,65086600
2022-07-22,151.1968231201172,153.34570636779952,150.5295978961148,152.47241748797757,66675400
2022-07-25,150.07823181152344,152.1289867062053,149.42081342303993,151.11832702232695,53623900
2022-07-26,148.7535858154297,150.21560020375307,147.96860350790257,149.40118236976926,55138700
2022-07-27,153.8461151123047,154.37598449377768,149.3030578563077,149.71517016840275,78620700
2022-07-28,154.3956298828125,154.68017830567564,151.51082841353704,154.03256675700305,81378700
2022-07-29,159.4586944580078,160.55767543376024,156.50521583755506,158.21255085489784,101786900
2022-08-01,158.47747802734375,160.51842568191043,157.8691239569894,157.9868660422736,67829400
2022-08-02,157.0056610107422,159.36060780651525,156.63280603827062,157.0939825576486,59907000
2022-08-03,163.01075744628906,163.4621121282082,157.73176722636683,157.82007379818262,82507500
2022-08-04,162.69677734375,164.05087149041262,161.3426831970874,162.8930191834261,55474100
2022-08-05,162.4707794189453,162.96207295817032,160.1616937873522,160.36804367078585,56697000
2022-08-08,161.99913024902344,164.88793871959618,161.3407986917232,163.47301089783898,60276900
2022-08-09,162.04827880859375,162.93261628217675,160.4073599879795,161.16395632810153,63135500
2022-08-10,166.2930450439453,166.39129475740782,163.99377985120265,164.76019658442047,70170500
2022-08-11,165.5561065673828,168.01257432763373,165.26132743753485,167.09876052441393,57149200
2022-08-12,169.10324096679688,169.1720142653812,166.45024387983412,166.86294364369544,68039400
2022-08-15,170.1742401123047,170.370754508125,168.36628368181792,168.53332166791955,54091700
2022-08-16,170.0170135498047,170.68518045173758,168.67087426733767,169.7713668198312,56377100
2022-08-17,171.51058959960938,173.08272003979997,169.56507124556938,169.76158567645695,79542000
2022-08-18,171.11749267578125,171.85443280787865,170.10542942714767,170.72446393589678,62290100
2022-08-19,168.5333251953125,170.71466951867444,168.3269753298755,170.0170261568602,70346300
2022-08-22,164.6521453857422,166.9022634916105,164.22962509055057,166.73522546568063,69026800
2022-08-23,164.3180389404297,165.77227866474297,163.74813661491604,164.17065687050786,54147100
2022-08-24,164.61280822753906,165.1827105189657,163.35509799580043,164.40647334198977,53841500
2022-08-25,167.0692596435547,167.1773448089003,165.4185207470986,165.84102594330326,51218200
2022-08-26,160.77088928222656,168.0715189036816,160.71193645776907,167.59988131493301,78961000
2022-08-29,158.5699005126953,160.06342201093398,157.03706713692557,158.34389469961232,73314000
2022-08-30,156.1428985595703,159.72933499269527,154.9736176696823,159.30682979347176,77906200
2022-08-31,154.48228454589844,157.78377650832422,154.40367580952122,157.51847389718657,87991100
2022-09-01,155.20944213867188,155.66142374222144,151.97672265788725,153.91242016030444,74229900
2022-09-02,153.0968475341797,157.56762049105018,152.27147821715013,156.9682419408796,76957800
2022-09-06,151.8391876220703,154.3546082697241,151.01381803326322,153.74540904842692,73714800
2022-09-07,153.24427795410156,153.9419063408882,150.93519246411637,152.1241293530868,87449600
2022-09-08,151.7704315185547,153.63734127524165,150.0214124396559,151.9472900248741,84923800
2022-09-09,154.62969970703125,155.07187581808674,152.0553267593616,152.76279054534643,68028800
2022-09-12,160.5841827392578,161.39973173078485,156.5261087123494,156.81105233922636,104956000
2022-09-13,151.16116333007812,157.74449248447965,150.6993462930314,157.11563747555653,122656600
2022-09-14,152.60560607910156,154.36444545311878,150.93521094229624,152.09465656902455,87965400
2022-09-15,149.71676635742188,152.5368010537083,148.7440148881969,151.9570633678186,90481100
2022-09-16,148.07586669921875,148.71455728301882,145.78643705402317,148.57699569456918,162278800
2022-09-19,151.7900390625,151.8686478234834,146.50373107588743,146.71006595451675,81474200
2022-09-20,154.16790771484375,155.3273682721185,150.41443284470995,150.7288529156578,107689800
2022-09-21,151.04330444335938,155.97589634819317,150.9253987780384,154.60026528272206,101696800
2022-09-22,150.08035278320312,151.7802241971407,148.28221666613402,149.72662084225365,86652500
2022-09-23,147.810546875,148.8324456934816,145.9731140864417,148.55732254844892,96029900
2022-09-26,148.14468383789062,151.09244558704148,147.03435544792117,147.05401139098115,93339400
2022-09-27,149.1173858642578,152.02584974992726,147.33890593458156,150.08033184270485,84442700
2022-09-28,147.23086547851562,148.016938253305,142.3179293774459,145.06917659266318,146691400
2022-09-29,139.99899291992188,144.16516723784525,138.2303333041484,143.55596808972413,128138200
2022-09-30,135.7935333251953,140.60821907927374,135.59701890511008,138.8199033723931,124925300
2022-10-03,139.96951293945312,140.57872706512543,135.2924042908768,135.80335372086685,114311700
2022-10-04,143.55599975585938,143.67390542522304,141.748027864766,142.50462422706246,87830100
2022-10-05,143.8507537841797,144.81369999304195,140.51978392175167,141.5613389023429,79471000
2022-10-06,142.89759826660156,144.97085711790666,142.69126342442033,143.27098606704342,68402200
2022-10-07,137.65061950683594,140.60821619318722,137.02176437961742,140.05795483791823,85925600
2022-10-10,137.97488403320312,139.41928832461434,136.15710682488464,137.97488403320312,74899000
2022-10-11,136.5599365234375,138.88867789955424,135.8131758038938,137.4639147607023,77033700
2022-10-12,135.93109130859375,137.91592138284778,135.75423283314072,136.70734348798558,70433700
2022-10-13,140.50013732910156,141.08968060374895,132.03022618093473,132.6394403890868,113224000
2022-10-14,135.9703826904297,142.00346577520415,135.78368877686898,141.79711592519322,88598000
2022-10-17,139.9302520751953,140.4117102259384,137.8275159869022,138.6135887754333,85250900
2022-10-18,141.24688720703125,144.1455159806622,138.1615644966325,142.95659405664904,99136600
2022-10-19,141.35498046875,142.42599680685538,139.03607431855443,139.22276826600364,61758300
2022-10-20,140.89315795898438,143.34962560942563,140.16603813694184,140.52960554450746,64522000
2022-10-21,144.70562744140625,145.2755298413862,140.16606418448774,140.38223457734534,86548600
2022-10-24,146.84764099121094,147.61405773965313,143.45771845108737,144.62699951406933,75981900
2022-10-25,149.6873016357422,149.83469868322362,146.75919654145045,147.47648086131204,74732300
2022-10-26,146.7493896484375,149.3434189974195,145.46218795090752,148.33135548203074,88194300
2022-10-27,142.2786407470703,146.45463667546065,141.6203090704716,145.49170534180345,109180200
2022-10-28,153.02809143066406,154.75743900232175,145.24600486857483,145.6193777007102,164762400
2022-10-31,150.66989135742188,151.55422867895751,149.27461957607085,150.49303288896766,97943200
2022-11-01,148.0267333984375,152.74315424703352,146.5332118743015,152.3796018355527,80379300
2022-11-02,142.50460815429688,149.5202795588878,142.47513174028055,146.35634784769096,93604600
2022-11-03,136.46168518066406,140.3134243600425,136.33394407491397,139.58630459413143,97918500
2022-11-04,136.19595336914062,140.41823769444377,132.25908536615194,139.84739003185524,140814800
2022-11-07,136.72740173339844,136.95376740177366,133.52869700052665,134.94597165427223,83374600
2022-11-08,137.29827880859375,139.19781051108808,135.32000793975288,138.19391993058036,89908500
2022-11-09,132.7413330078125,136.363259132224,132.46575346788492,136.31404528196006,74917800
2022-11-10,144.5519561767578,144.5519561767578,137.2982811810409,139.0108242882595,118854000
2022-11-11,147.33731079101562,147.6424157179768,142.09143135008082,143.51855829432515,93979700
2022-11-14,145.93968200683594,147.9081158240503,145.10309162733654,146.6187940766482,73374100
2022-11-15,147.67190551757812,151.16587871608763,146.21526862726066,149.81750629168315,89868300
2022-11-16,146.441650390625,147.50460662223392,144.96532479416157,146.77629560614008,64218300
2022-11-17,148.34117126464844,149.0891706966127,143.84329285652703,144.11887238503797,80389400
2022-11-18,148.90219116210938,150.2899408094876,147.60303246304494,149.9060967599958,74829600
2022-11-21,145.67396545410156,147.99671837716943,145.3885491071394,147.79004119922186,58724100
2022-11-22,147.8096923828125,148.04590985414606,144.6109873377189,145.79205967642807,51804100
2022-11-23,148.68568420410156,149.4336837921187,146.98297781162248,147.09124229312135,58301400
2022-11-25,145.7723846435547,146.5302359602774,144.79800437919693,145.96922504559745,35195900
2022-11-28,141.94378662109375,144.32559012136235,141.11704788902577,142.8492645206864,69246000
2022-11-29,138.94192504882812,142.52447466230237,138.13487484288268,142.01267756953146,83763800
2022-11-30,145.69363403320312,146.3727461321645,138.33169544585772,139.16827084330671,111380900
2022-12-01,145.96925354003906,146.7763188693085,144.29608726911914,145.8708408287867,71250400
2022-12-02,145.4771270751953,145.66413072697534,143.35121453595042,143.6563344518848,65447400
2022-12-05,144.31573486328125,148.53801893223152,143.4693076933105,145.43774157529282,68826400
2022-12-06,140.65444946289062,144.9751613197971,139.68006926529813,144.74879562385667,64727200
2022-12-07,138.7155303955078,141.10717022124382,137.79036411926236,139.94580150371553,69721100
2022-12-08,140.39852905273438,141.25480793302907,138.8730049343077,140.11311277127444,62128300
2022-12-09,139.9163055419922,143.2724894333561,138.6761823933455,140.09345741010685,76097000
2022-12-12,142.2095489501953,142.2193857157506,138.83367613735973,140.44779174822483,70462700
2022-12-13,143.1740264892578,147.603002317918,141.96344396778542,147.1404191965991,93886200
2022-12-14,140.94973754882812,144.34528354143862,138.93208948952125,143.05596154285573,82291200
2022-12-15,134.34561157226562,139.5619643292127,133.88302841156911,138.88285224146853,98931900
2022-12-16,132.3870391845703,135.47748033551235,131.6193510336839,134.53264031194206,160156900
2022-12-19,130.2808074951172,133.06614357854048,129.24739159594094,132.9775676474043,79592600
2022-12-20,130.21192932128906,131.146932591331,127.8399624333377,129.31628812854967,77432800
2022-12-21,133.31219482421875,134.6507305969255,130.65481182459862,130.88117753836192,85928000
2022-12-22,130.14300537109375,132.4362327068824,128.24347383297044,132.2295555538223,77852100
2022-12-23,129.77890014648438,130.33005945865344,127.59393643183923,128.85373343621563,63814900
2022-12-27,127.97773742675781,129.33596171498522,126.68841553829142,129.3064364059333,69007800
2022-12-28,124.05071258544922,128.96195335269854,123.88339749624971,127.62341762114275,85438400
2022-12-29,127.5643539428711,128.4206178463882,125.71402886056813,125.96991984997511,75703700
2022-12-30,127.87930297851562,127.89899152283257,125.41876807644428,126.38330400552722,77034200
2023-01-03,123.09602355957031,128.8340031338152,122.21022673136561,128.22379338136977,112117500
2023-01-04,124.36567687988281,126.62937927760363,123.10588015763084,124.88731075622333,89113600
2023-01-05,123.04682922363281,125.75342648367807,122.79093816187682,125.12352808569513,80962700
2023-01-06,127.57420349121094,128.23362708296847,122.91886125861728,124.02118700839063,87754700
2023-01-09,128.09585571289062,131.30441322455866,127.83996466106093,128.4108124086458,70790800
2023-01-10,128.6666717529297,129.1883055110105,126.09786503081405,128.20408860626057,63896200
2023-01-11,131.38314819335938,131.402821722743,128.40097153395064,129.17849644752224,69458900
2023-01-12,131.30442810058594,132.14100375978632,129.3655188993163,131.7670114136582,71379600
2023-01-13,132.63308715820312,132.79056549396478,129.58202324711493,129.94617875784812,57809700
2023-01-17,133.7945098876953,135.12319430861046,132.0130788747427,132.70202802091703,63646600
2023-01-18,133.07598876953125,136.42232060237055,132.8988218980733,134.6605787592018,69672800
2023-01-19,133.1350555419922,134.0995841255356,131.6587298451973,131.9638347529944,58280400
2023-01-20,135.69400024414062,135.84164181281548,132.10161400912494,133.14488168206822,80223600
2023-01-23,138.8828582763672,141.0579844042408,135.72351517113088,135.94004410758743,81760300
2023-01-24,140.28045654296875,140.90051809732327,138.0856567013407,138.0954934654877,66435100
2023-01-25,139.6210479736328,140.1820439497328,136.61918260935104,138.6663561197799,65799300
2023-01-26,141.68788146972656,141.9732977828438,139.6603818984353,140.9103416541343,54105100
2023-01-27,143.6267852783203,144.9062704324847,140.82177572822627,140.90051489349364,70555800
2023-01-30,140.7430419921875,143.2527985417942,140.59541543784155,142.6721140707524,64015300
2023-01-31,142.01268005371094,142.06189391275458,140.0344090710312,140.4477784546675,65874500
2023-02-01,143.1346893310547,144.29607334830789,139.08957136310852,141.69774073810188,77663600
2023-02-02,148.43959045410156,148.79389409791816,145.83140682722515,146.54988091267057,118339000
2023-02-03,152.06153869628906,154.8960886893848,145.496812581912,145.6936529941079,154357300
2023-02-06,149.3352508544922,150.6836384438328,148.40024764766747,150.1620046015634,69858300
2023-02-07,152.20916748046875,152.7800151967711,148.26246234257331,148.26246234257331,83322600
2023-02-08,149.52224731445312,152.14026818212696,148.78408455222657,151.45131927430748,64120100
2023-02-09,148.4888153076172,151.89421276586904,148.04592065726195,151.35289040745275,56007100
2023-02-10,148.85354614257812,149.1788354914484,147.08911426452642,147.32569243849323,57450700
2023-02-13,151.65296936035156,152.05710297296255,148.7648030561656,148.79437344145694,62199000
2023-02-14,151.01226806640625,151.5741355635304,148.7056873791277,149.9476888936107,61707600
2023-02-15,153.11184692382812,153.27941747242824,150.69683660205456,150.92354792770303,65573800
2023-02-16,151.5149688720703,154.09754945424802,151.16010920849044,151.31781291605773,68167900
2023-02-17,150.3715362548828,150.8151070910907,148.69581585093724,150.17439533222245,59144100
2023-02-21,146.35968017578125,149.1394173925265,146.29068760704538,148.05511953332274,58867200
2023-02-22,146.7835235595703,147.80866542554767,145.0585140913541,146.74408634882758,51011300
2023-02-23,147.26651000976562,148.19308888929672,145.13736699227027,147.94665897626774,48394200
2023-02-24,144.6149444580078,145.0880857046954,143.6390765358812,145.0092263234326,55469600
2023-02-27,145.80764770507812,147.03979725813033,145.34435826985944,145.60065500306268,44998500
2023-02-28,145.30494689941406,146.95109701970668,144.7332276594082,144.95008720013072,50547000
2023-03-01,143.23492431640625,145.12750429739225,142.9392054041828,144.73322244168676,55479000
2023-03-02,143.82638549804688,144.6149643784106,141.8450789930105,142.31823534576338,52238100
2023-03-03,148.87327575683594,148.9521351539883,145.22611512366896,145.92596783194648,70732300
2023-03-06,151.63327026367188,154.06799923846452,151.26855877090114,151.59383305095145,87558000
2023-03-07,149.4351043701172,151.83039589059405,148.9718149331636,151.50510660246357,56182000
2023-03-08,150.68698120117188,151.278419098267,149.66183922588297,150.62784041964048,47204800
2023-03-09,148.4395294189453,152.33311931510104,148.08466971716794,151.36711819838627,53833600
2023-03-10,146.37937927246094,148.78453780981002,145.5020893181875,148.06496662146847,68572400
2023-03-13,148.32125854492188,150.9531285889032,145.59081050522525,145.69924028415588,84457100
2023-03-14,150.41098022460938,151.209410853691,147.95654755608294,149.11968969699433,73695900
2023-03-15,150.80528259277344,151.06156433450928,147.77911548729296,149.03098388604963,77167900
2023-03-16,153.6244354248047,154.22572509887632,149.47454848721353,149.98712698991974,76161100
2023-03-17,152.7865447998047,154.50170239485772,152.07682545294745,153.85112382009055,98944600
2023-03-20,155.15228271484375,155.5662982460434,151.94869352566715,152.85556893212473,73641400
2023-03-21,157.00540161132812,157.12368313888845,154.304524751908,155.07339980370813,73938300
2023-03-22,155.5761260986328,159.8245751633318,155.5564074952064,157.02513511228065,75701800
2023-03-23,156.660400390625,159.24299583165927,155.42825095683142,156.56183746045352,67622100
2023-03-24,157.9615936279297,158.0503047976887,155.59587218901564,156.5914437450547,59196500
2023-03-27,156.01971435546875,158.47416184588545,155.61556566491817,157.6560126824132,52390300
2023-03-28,155.39871215820312,156.22672817707905,153.7525619849842,155.714149696992,45992200
2023-03-29,158.47415161132812,158.7501519087846,157.0744315196879,157.09413508315754,51305700
2023-03-30,160.04147338867188,160.14990317241256,158.96704237580855,159.22332411879057,49501700
2023-03-31,162.545166015625,162.64374399803975,159.59787385661696,160.1203040734608,68749800
2023-04-03,163.7970428466797,163.91532439911353,161.87489241518372,161.92418140899423,56976200
2023-04-04,163.26475524902344,164.45746763773894,162.75217680448466,164.22090454094308,46278300
2023-04-05,161.42147827148438,162.69306530915642,159.48947577581393,162.38749456021097,51511700
2023-04-06,162.3086395263672,162.60435849941234,159.6866210280676,160.11047335808198,45390100
2023-04-10,159.71617126464844,159.71617126464844,157.7940207437735,159.11488161033475,47716900
2023-04-11,158.50372314453125,160.04144339602837,158.21785602238293,160.03159161422226,47644200
2023-04-12,157.81373596191406,159.7457382241708,157.49829842634344,158.9177372546322,50133100
2023-04-13,163.19577026367188,163.43234843413578,159.11489082873655,159.3218986080038,68445600
2023-04-14,162.8507537841797,163.9449032227771,161.48060404043056,162.23959735915352,49386500
2023-04-17,162.87046813964844,163.02818690758198,161.68760746192598,162.73246797792896,41516200
2023-04-18,164.09275817871094,165.019337094876,163.28446081239204,163.72804670609275,49923000
2023-04-19,165.23622131347656,165.75865162452376,163.1760554202755,163.43235220441335,47720200
2023-04-20,164.27020263671875,165.47278202514906,163.19577163848064,163.71820194187683,52456400
2023-04-21,162.6634979248047,164.07307012591417,162.141067594516,162.6930683177726,58337300
2023-04-24,162.9690704345703,163.2352190150396,161.54963139325648,162.64378106752824,41949600
2023-04-25,161.4313201904297,163.93504162144998,161.3918829793584,162.83104036567903,48714100
2023-04-26,161.42147827148438,162.91977666468185,160.47519563222698,160.73147738017352,45498800
2023-04-27,166.0050811767578,166.15293313578908,162.8310621018307,162.8310621018307,64902300
2023-04-28,167.25694274902344,167.42452836533985,165.48265898999023,166.08394872105114,55275900
2023-05-01,167.16819763183594,168.0159171618742,166.23176694003394,166.86262693627947,52472900
2023-05-02,166.1332244873047,167.91739013162538,165.14750459229282,167.66109333275145,48425700
2023-05-03,165.05877685546875,168.47922575134587,164.77292473257992,167.07950544573387,65136000
2023-05-04,163.42250061035156,164.65465052310523,161.96363932510113,162.53535868952594,81235400
2023-05-05,171.0913848876953,171.8109560965244,168.32149974515366,168.5383592942621,113453200
2023-05-08,171.02235412597656,171.36736200944458,169.65220445536363,170.0169159017989,55962800
2023-05-09,169.3170928955078,171.06180609803263,169.14952233576255,170.57881302608763,45326900
2023-05-10,171.08154296875,171.5448325237521,169.44524432941884,170.54926084220077,53724500
2023-05-11,171.268798828125,172.09679977091955,169.71135988855104,171.3673768150292,49514700
2023-05-12,170.34095764160156,171.8117019924622,168.79122976444327,171.3773829679925,45533100
2023-05-15,169.84744262695312,170.97271706576475,169.2551865805483,170.9233598849482,37266700
2023-05-16,169.84744262695312,170.9036140002822,169.58092589990125,169.76847414998602,42110300
2023-05-17,170.45938110351562,170.6962714054677,168.21869827349877,169.49204389326178,57951600
2023-05-18,172.7889404296875,172.97648867280256,170.3508433925847,170.76541658498283,65496700
2023-05-19,172.89749145507812,174.11159953538055,172.68033195301507,174.11159953538055,55809500
2023-05-22,171.94989013671875,172.45331220735133,171.2095777379714,171.73273062815065,43570900
2023-05-23,169.343994140625,171.140492823502,169.06761204505847,170.89372201948225,50747300
2023-05-24,169.620361328125,170.19287135053577,168.3174194294986,168.88004898113246,45143500
2023-05-25,170.75555419921875,171.6537886011476,169.47234283142473,170.1830440486123,56058300
2023-05-26,173.16400146484375,173.49962120538788,170.87397623432938,171.08127033696854,54835000
2023-05-30,175.0098876953125,176.6780610308142,174.28932103938652,174.6742829582179,55964400
2023-05-31,174.96046447753906,177.03334483453065,174.47678837778994,175.0394329261731,99625300
2023-06-01,177.7638397216797,177.7934510177162,174.64465267112755,175.40471108002404,68901800
2023-06-02,178.61270141601562,179.43198227661338,176.94452840385708,178.69166987914852,61996900
2023-06-05,177.26039123535156,182.56102285189482,175.7402747725204,180.27099781019854,121946500
2023-06-06,176.89520263671875,177.79343698174293,175.13818052764557,177.64538051324874,64848400
2023-06-07,175.5231475830078,178.86935913776645,175.02960596689772,176.135134367242,61944600
2023-06-08,178.23760986328125,178.50411146672758,175.16778069465795,175.60208462454239,50214900
2023-06-09,178.62257385253906,179.8761586114367,178.29683460490384,179.15559212759166,48900000
2023-06-12,181.41603088378906,181.51474523727245,178.63246384356634,178.92859184232086,54274900
2023-06-13,180.94219970703125,181.77134589189876,180.08344223425368,180.4387927508673,54929100
2023-06-14,181.57394409179688,182.00826309164242,179.668880824476,181.00143405215442,57462900
2023-06-15,183.6073455810547,184.11076766616947,181.4061542027307,181.5838370156226,65433200
2023-06-16,182.53140258789062,184.57467180700263,181.88980460620309,184.31802056497352,101256200
2023-06-20,182.62025451660156,183.69618663444365,182.02801364300083,182.02801364300083,49799100
2023-06-21,181.58383178710938,183.015099412311,180.23151756348105,182.51167734169172,49515700
2023-06-22,184.58457946777344,184.63393664574576,181.29759022920584,181.36669329070625,51245300
2023-06-23,184.26870727539062,185.13734541827677,182.62027993546528,183.1533133637622,53117000
2023-06-26,182.8769073486328,185.6209974197008,182.83741558637178,184.4167547195407,48088700
2023-06-27,185.63084411621094,185.9565833444032,183.27171612569057,183.48887561115208,50730800
2023-06-28,186.8054962158203,187.44709427325768,185.17681495512898,185.50253915791174,51216800
2023-06-29,187.14108276367188,187.61489349976054,186.49948476837957,186.6376758009822,46347300
2023-06-30,191.4645233154297,191.96793030893548,188.7895213028153,189.15475231695294,85213200
2023-07-03,189.9740447998047,191.37570117698604,189.28307449044232,191.27698682945007,31458200
2023-07-05,188.858642578125,190.48732393792235,188.15780683402295,189.09554798353173,46920300
2023-07-06,189.33241271972656,189.53970680413252,186.75612514844465,187.3878577490578,45094300
2023-07-07,188.21702575683594,190.1813268348204,187.78272178125238,188.93760736945495,46815000
2023-07-10,186.1737823486328,187.5359621262765,184.6240543335807,186.81538047079187,59922200
2023-07-11,185.65061950683594,186.85486227702734,184.18974051380027,186.71667122446578,46638100
2023-07-12,187.31878662109375,189.22385000348103,186.03557542450565,187.22993768452707,60750200
2023-07-13,188.0788116455078,188.72042471252908,187.32863389417258,188.0393349477294,41342300
2023-07-14,188.22689819335938,188.71055932283986,187.18059240914323,187.77283329330808,41616200
2023-07-17,191.48428344726562,191.81002272437502,189.33243414864154,189.42126802557274,50520200
2023-07-18,191.2276153564453,191.81987127398517,189.93453883356673,190.85253399958415,48288200
2023-07-19,192.57994079589844,195.66950100927124,190.16157487576123,190.6057743707706,80507300
2023-07-20,190.6353759765625,193.93223012421538,190.01350876450033,192.57005054034346,59581200
2023-07-21,189.46075439453125,192.45161532627134,188.75991868585442,191.59285775033445,71951700
2023-07-24,190.2602996826172,192.3924031537896,189.76675804919924,190.91177825353577,45377800
2023-07-25,191.1190185546875,191.92843389899372,190.42806342033606,190.83277109248917,37283200
2023-07-26,191.98768615722656,193.11296042478057,190.8229351880455,191.1684052777898,47471900
2023-07-27,190.72421264648438,194.65279947329122,190.06286872536143,193.48804855415668,47460200
2023-07-28,193.30050659179688,194.09017617119656,191.63233355900982,192.15548645475204,48291400
2023-07-31,193.91249084472656,193.95198260711592,192.7378594315981,193.52752900074864,38824100
2023-08-01,193.08335876464844,194.1888872056883,192.7576194786216,193.70522604358104,35175100
2023-08-02,190.0924530029297,192.65885986117044,189.3718866034585,192.52066883850895,50389300
2023-08-03,188.70069885253906,189.885195713569,188.22690312046603,189.09554118067888,61235200
2023-08-04,179.6392822265625,184.95966022717982,179.57017917093492,183.12368481919472,115956800
2023-08-07,176.53982543945312,180.76454006954836,175.05920073091434,179.7774569305225,97576100
2023-08-08,177.47756958007812,177.94149990785485,175.2862435821482,177.3689898212007,67823000
2023-08-09,175.8883514404297,178.59294967088076,174.72358547458126,178.53372709089916,60378500
2023-08-10,175.67120361328125,178.41529378720278,175.30598763799586,177.16169386807627,54686900
2023-08-11,175.73049926757812,176.5508864753638,174.5048729038775,175.2659575562626,52036700
2023-08-14,177.3811798095703,177.60851131506328,175.25607590732963,175.90843422608452,43675600
2023-08-15,175.39442443847656,177.40090780634856,174.99906405268155,176.80786722765603,43622600
2023-08-16,174.52462768554688,176.471793411816,174.45543132326716,175.07813825565708,46964900
2023-08-17,171.98439025878906,175.4537251155125,171.47040969711574,175.08801600845376,66062900
2023-08-18,172.46875,173.0716844916875,169.96805819399307,170.30411608587545,61172200
2023-08-21,173.80307006835938,174.08971916130307,171.7274054668453,173.04200058882003,46311900
2023-08-22,175.17698669433594,175.62177093693052,174.2083431088137,175.00895776189057,42038900
2023-08-23,179.0219268798828,179.44695366375947,176.264252478764,176.45205395893973,52722800
2023-08-24,174.3368377685547,179.0021629998802,173.97111355320405,178.57713623123834,54945800
2023-08-25,176.54100036621094,177.07473842454561,173.78332608108835,175.3252527852027,51449600
2023-08-28,178.1027069091797,178.49806733287568,176.48170504077262,178.003859262239,43820700
2023-08-29,181.9871826171875,182.7581460326424,177.4207046822572,177.61838490226515,53003900
2023-08-30,185.4762725830078,185.67396786591692,182.5999932338842,182.79767343476072,60813900
2023-08-31,185.6937255859375,186.9292456956689,185.30824391498263,185.66407430986655,60794500
2023-09-01,187.26531982421875,187.7199827815663,186.09898099052413,187.29497110047913,45766500
2023-09-05,187.5025177001953,187.77927298177536,185.43673181910435,186.09896874874457,45280000
2023-09-06,180.7911834716797,186.66237722656214,179.36786194540127,186.21757793807612,81755800
2023-09-07,175.50314331054688,176.14562276256126,171.5297067502884,173.15070839406067,112488800
2023-09-08,176.11598205566406,178.15213198996554,175.7305003611282,176.2840260730559,65551300
2023-09-11,177.28233337402344,178.21144703159865,175.2857283917044,177.9841155245434,58953100
2023-09-12,174.2577667236328,178.043402311121,172.79491507430095,177.4108165912451,90370200
2023-09-13,172.19200134277344,175.24620393193433,171.96465474647994,174.46534664942806,84267900
2023-09-14,173.7042694091797,174.06009984649242,171.5692867853032,171.98441978182902,60895800
2023-09-15,172.9827117919922,174.45545734300367,171.80650919609533,174.43568479625586,109259500
2023-09-18,175.9084014892578,177.30207170667876,174.12924962468128,174.4356561798522,67257600
2023-09-19,176.9956817626953,177.54919237650395,175.07815207769175,175.46363376102514,51826900
2023-09-20,173.4571533203125,177.61837681135137,173.36818440563272,177.18347129792434,58436200
2023-09-21,171.9152069091797,174.25776334751873,171.846025624082,172.5280351536478,63149100
2023-09-22,172.7652587890625,175.02874030453424,172.03384046276338,172.64665367280514,56725400
2023-09-25,174.040283203125,174.9199727999802,172.13263256691485,172.18205638108142,46172700
2023-09-26,169.96804809570312,173.1705067749598,169.67152023376326,172.7949188930673,64588900
2023-09-27,168.4557647705078,171.03553164114703,167.0917606780329,170.62039864934732,66921800
2023-09-28,168.71275329589844,170.03722730338785,165.67830850769053,167.37838547451082,56294400
2023-09-29,169.22671508789062,171.06516950648842,168.3667828862352,170.027329658855,51861100
2023-10-02,171.73728942871094,172.28092127496365,168.94994891630552,169.2365980179806,52164500
2023-10-03,170.4029083251953,171.61867083541966,168.84122435442626,170.2645306917589,49594600
2023-10-04,171.64833068847656,172.19196251916273,168.9894891655102,169.10809426237566,53020300
2023-10-05,172.88388061523438,173.41761872545223,170.67970163713667,171.77684421895017,48527900
2023-10-06,175.43397521972656,175.9281832590251,171.17388925206592,171.78671747657816,57266700
2023-10-09,176.91661071777344,176.9759132731787,173.76356081110382,174.76185568517045,42390800
2023-10-10,176.3235321044922,177.63812721273464,175.88862664528037,176.0368980965743,43698000
2023-10-11,177.71722412109375,177.76664794425923,175.54271164011269,176.13575227199846,47551100
2023-10-12,178.61668395996094,180.227791982292,176.96601576479657,177.98409824545533,56743100
2023-10-13,176.77821350097656,179.82252160984507,176.07643148158712,179.31843486264313,51427100
2023-10-16,176.6497344970703,177.0055649122618,174.46532818230494,174.70255348644375,52517000
2023-10-17,175.097900390625,176.35319301979084,172.7751316803463,174.60369235668924,57549400
2023-10-18,173.80307006835938,175.52291937992672,173.08153059369246,173.54608733160953,54764400
2023-10-19,173.42750549316406,175.77992569036093,173.16062890788183,174.0007735918687,59302900
2023-10-20,170.87738037109375,173.38795063159753,170.64015507731645,173.2792242572037,64244000
2023-10-23,170.99598693847656,171.99428177951037,167.96154224302492,168.93020088937016,55980100
2023-10-24,171.43087768554688,171.65820914819068,169.46392436745393,171.04539603931104,43816600
2023-10-25,169.11801147460938,171.0552987076063,168.67321213575732,169.88897487497013,57157000
2023-10-26,164.95677185058594,169.39476582537458,163.75090293239452,168.3964558542296,70625300
2023-10-27,166.27134704589844,167.00278034322866,164.8974493569631,164.9765244498122,58499100
2023-10-30,168.31736755371094,169.18717852998205,166.91381853056686,167.06208999172168,51131000
2023-10-31,168.79183959960938,168.92032345051314,165.95507483465602,167.3882903979478,44846000
2023-11-01,171.95477294921875,172.21175573979943,168.1493644262673,169.01917553597846,56934900
2023-11-02,175.51304626464844,175.72060519042475,173.42748778366638,173.48679033388817,77334800
2023-11-03,174.6036834716797,174.77172746685503,171.34192267930985,172.2216123316697,79829200
2023-11-06,177.15382385253906,177.35150406781844,174.16881791314302,174.33684685023218,63841300
2023-11-07,179.71383666992188,180.32664987384885,176.89684453064555,177.10440348202485,70530000
2023-11-08,180.77142333984375,181.32493395317235,179.4864793691692,180.23768527185777,49340300
2023-11-09,180.29698181152344,181.98716487212562,179.7039261272927,180.84061367506283,53763500
2023-11-10,184.48350524902344,184.6517706680945,181.64301825007877,182.07849676599454,66133400
2023-11-13,182.89993286132812,184.1172820619318,182.31600272709323,183.9094496896321,43627500
2023-11-14,185.51280212402344,186.17591157835597,184.38452385663774,185.77012344749633,60108400
2023-11-15,186.07691955566406,187.55160515956638,185.84928859059917,185.91857611582427,53790500
2023-11-16,187.75946044921875,188.99660829200764,186.7103463929358,187.62090049490251,54412900
2023-11-17,187.7396697998047,188.42257785422723,186.63119011836693,188.29390964052354,50922700
2023-11-20,189.4815673828125,189.93684445013852,187.92771748948175,187.93760923589429,46505100
2023-11-21,188.679931640625,189.55088874125482,187.7891910436395,189.4420191036761,38134500
2023-11-22,189.34300231933594,190.9463411053134,188.8679417719912,189.52115946327928,39617700
2023-11-24,188.0167694091797,188.93720009481962,187.30417109040621,188.90750975669584,24048300
2023-11-27,187.83860778808594,188.70956462396614,186.9577592070347,187.96727598481397,40552600
2023-11-28,188.44235229492188,189.1153685705385,187.45263402635211,187.82873180101734,38415400
2023-11-29,187.42295837402344,190.11499348364924,187.02707707633283,188.93722623545,43014200
2023-11-30,187.9969940185547,188.36320007044645,186.2550951920731,187.88812439803064,48794400
2023-12-01,189.2737274169922,189.59042941044567,187.2843840288066,188.37308016671426,45704800
2023-12-04,187.48231506347656,188.09595062883508,185.52267721747734,188.0266631045601,43389500
2023-12-05,191.4313201904297,192.40123993854135,188.22462732075607,188.25433276481266,66628400
2023-12-06,190.34262084960938,192.7575206909756,190.1347733725338,192.45071045016567,41089700
2023-12-07,192.27259826660156,192.9950884718347,191.59958189996593,191.63917909312914,47477700
2023-12-08,193.69778442382812,193.9749043529612,191.67875053796885,192.20330005396386,53406400
2023-12-11,191.19378662109375,191.50061200003438,189.45188773429211,191.12451418849048,60943700
2023-12-12,192.7080535888672,192.71794533501543,189.748790485074,191.09480795445688,52696900
2023-12-13,195.9246368408203,195.96421892707963,192.8466123940007,193.08413511536142,70404200
2023-12-14,196.07310485839844,197.567574144968,194.14315707722483,195.98403383047588,66831600
2023-12-15,195.53866577148438,196.36011872958818,194.9745190512041,195.4990685795855,128538400
2023-12-18,193.87591552734375,194.60831249977454,192.39133809002112,194.0738561652729,55751900
2023-12-19,194.91513061523438,194.92502236186388,193.87592334681435,194.1431515248431,40714100
2023-12-20,192.8268280029297,195.6475162401682,192.8268280029297,194.87553713507947,52242800
2023-12-21,192.67835998535156,195.05369307239374,191.51049958819766,194.08377332368417,46482500
2023-12-22,191.60946655273438,193.40085423729087,190.98593919883143,193.17320815773428,37149600
2023-12-26,191.0651092529297,191.89646895007564,190.8473700319769,191.61934905102697,28919300
2023-12-27,191.1641082763672,191.51051576683653,189.1252907315366,190.51090559150927,48087700
2023-12-28,191.58966064453125,192.65855816674446,191.18387253758047,192.14390044821914,34049900
2023-12-29,190.5504913330078,192.40125999570787,189.75871355527508,191.90640077236304,42672100
2024-01-02,183.73129272460938,186.50250680575422,181.99928581163158,185.2257618242656,82488700
2024-01-03,182.35560607910156,183.96885182302105,181.5440297827802,182.32591573673892,58414500
2024-01-04,180.03965759277344,181.2075179249861,179.0202489631632,180.27718031693732,71983600
2024-01-05,179.31716918945312,180.88092604513352,178.31755906038765,180.11885376441708,62379700
2024-01-08,183.65211486816406,183.69171205497358,179.63386121540748,180.21779135468154,59144500
2024-01-09,183.23646545410156,183.24635720149604,180.85124046635073,182.02900778818224,42841800
2024-01-10,184.2756805419922,184.48351295933534,182.02901543293186,182.45460221923815,46792900
2024-01-11,183.68182373046875,185.12681915669637,181.73207738578324,184.62205313633504,49128400
2024-01-12,184.0084228515625,184.8199990991005,183.28593272766105,184.14698280822722,40477800
2024-01-16,181.74195861816406,182.36547081733983,179.06970738606304,180.28707165025173,65603000
2024-01-17,180.8017120361328,181.0491415840924,178.4461930088501,179.40622086308548,47317400
2024-01-18,186.69058227539062,187.1953332109462,183.9193677995691,184.17668914088887,78005800
2024-01-19,189.59043884277344,189.97642838325277,186.8786203129096,187.38337121910467,68903000
2024-01-22,191.896484375,193.32168117146784,190.2832386815117,190.32283587135973,60133900
2024-01-23,193.17320251464844,193.7373491711095,191.83709192633378,193.01485907067706,42355600
2024-01-24,192.5001983642578,194.36087349468033,192.3418398208385,193.41073733606618,53631300
2024-01-25,192.17361450195312,194.2520291241628,191.1245154438125,193.21282181305796,54822100
2024-01-26,190.4416046142578,192.75754194727924,189.9665440310004,192.2725896171282,44594000
2024-01-29,189.75869750976562,190.22386634852867,187.63080907007364,190.03581744325376,47145600
2024-01-30,186.10662841796875,189.82797900977772,185.54249682198056,188.97682064057707,55859400
2024-01-31,182.50405883789062,185.17631048108575,182.45458500160478,185.11691469411622,55467800
2024-02-01,184.9387664794922,185.02783750412453,181.93002942176474,182.0982797244824,64885400
2024-02-02,183.9391632080078,185.40394215196616,177.40701599262258,178.01074479617154,102551700
2024-02-05,185.75035095214844,187.30421616342255,183.92927263345797,186.2155198305614,69668800
2024-02-06,187.35366821289062,187.36355995873058,184.8496822422945,184.93875326056028,43490800
2024-02-07,187.46255493164062,189.0856924097343,186.67077723703076,188.67990426473503,53439000
2024-02-08,186.38375854492188,187.59120098390878,185.42373058041275,187.44274927884152,40962000
2024-02-09,187.14682006835938,188.27653811843788,186.30447993507684,186.9486117161699,45155200
2024-02-12,185.46212768554688,186.96842336096995,185.1053738445565,186.72067805809255,41781900
2024-02-13,183.3711700439453,184.53063145226378,181.85496988989732,184.09459726813964,56529500
2024-02-14,182.48919677734375,183.85675578337245,180.79462725534452,183.64865818230027,54630500
2024-02-15,182.20181274414062,182.82613576875198,179.71445525689393,181.8946109768474,65434500
2024-02-16,180.66580200195312,183.18290302222294,180.03157456209792,181.76579187183052,49752500
2024-02-20,179.9225616455078,180.78471053407532,178.3766332434525,180.15048310961222,53665600
2024-02-21,180.67568969726562,181.24054108716462,179.03065736673128,180.29911202321813,41371400
2024-02-22,182.7071990966797,183.29188949706392,180.8144364958238,181.82522643308513,52292200
2024-02-23,180.8739013671875,183.3711632214272,180.58650833781007,183.34143499372246,45119700
2024-02-26,179.52618408203125,181.11174516126204,179.02077391854948,180.59644574912906,40867400
2024-02-27,180.98291015625,182.26126931281985,177.94059046680667,179.46671005654383,54318900
2024-02-28,179.7838134765625,181.46847854843006,178.50545433930714,180.8639793914523,48953900
2024-02-29,179.119873046875,180.92346630197014,177.9108746304469,179.63518756564144,136682600
2024-03-01,178.03970336914062,178.90185225837237,175.78026722267666,177.93069482167198,73563100
2024-03-04,173.52081298828125,175.30456703921072,172.22261492332544,174.56133114426578,81510100
2024-03-05,168.585693359375,170.48837518309247,168.09020282857864,169.21992063394748,95132400
2024-03-06,167.59475708007812,169.69564777442116,167.1587228770791,169.5172632726602,68587700
2024-03-07,167.475830078125,169.1902233947002,166.97043508778398,167.62447121611535,71765100
2024-03-08,169.1902313232422,172.13344696276567,167.41638146834518,167.47583792632756,76267000
2024-03-11,171.1920166015625,172.80732093128213,170.49833272784605,171.38030546468005,60139500
2024-03-12,171.6676788330078,172.4604668624585,169.4676992338398,171.58839851794536,59825400
2024-03-13,169.58660888671875,171.6280276345068,169.21993557914925,171.21181736641944,52488700
2024-03-14,171.43975830078125,172.73794133442243,170.49832912625453,171.35057361629615,72913500
2024-03-15,171.0631561279297,171.0631561279297,168.75416830335303,169.6262365278927,121752700
2024-03-18,172.15325927734375,176.107279800922,171.95506605696912,173.98658058844927,75604200
2024-03-19,174.49195861816406,175.0171774056643,171.4694631572472,172.76764601394297,55215200
2024-03-20,177.05860900878906,177.05860900878906,173.51089450186836,174.1352174960067,53423100
2024-03-21,169.82443237304688,175.88924720546055,169.2992135808601,175.4532130863986,106181300
2024-03-22,170.72625732421875,171.48931715990707,168.5262776263353,170.210942813777,71160100
2024-03-25,169.30914306640625,170.3893089389317,167.92176032191367,169.03166954174233,54288300
2024-03-26,168.17941284179688,169.87398209229724,168.0505804571819,168.46679071381658,57388400
2024-03-27,171.74696350097656,172.0343565405087,168.57582642397568,168.87312383270142,60273300
2024-03-28,169.93344116210938,170.67667701496117,168.97218824939392,170.2010103030642,65672700
2024-04-01,168.4965362548828,169.70553455748254,167.9514935576168,169.6460781034487,46240500
2024-04-02,167.31727600097656,167.81276664190898,166.71277681419204,167.5551169522469,49329500
2024-04-03,168.11996459960938,169.14067408704202,167.05962251511946,167.2677201117247,47691700
2024-04-04,167.29745483398438,170.3694875068381,167.29745483398438,168.7541832986243,53704400
2024-04-05,168.05059814453125,168.85329051832247,167.42627513328318,168.06050251317026,42104800
2024-04-08,166.93077087402344,167.67400673287588,166.72267330140122,167.50554175274334,37425500
2024-04-09,168.13978576660156,168.5460917055098,166.83169838821917,167.17853275073267,42373800
2024-04-10,166.26686096191406,167.56504419900938,165.60290522695604,167.27766624134972,49709300
2024-04-11,173.4613494873047,173.87757491447604,166.64340884278624,166.8217782077108,91070300
2024-04-12,174.95773315429688,176.75140669942581,172.63884078505302,172.68837774790788,101670900
2024-04-15,171.13253784179688,175.03700600653332,170.94424900321735,173.7784557074799,73531800
2024-04-16,167.85240173339844,172.19288913903023,166.7524119884344,170.20102235595408,73711200
2024-04-17,166.48486328125,169.11095775477588,166.48486328125,168.08034382587564,50901200
2024-04-18,165.53347778320312,167.11905360596796,165.04790671737481,166.51455452467067,43122900
2024-04-19,163.51190185546875,164.89926951971245,162.6002009445124,164.7109957890585,68149400
2024-04-22,164.3443145751953,165.75150603037284,163.28397258003716,164.0272084619306,48116400
2024-04-23,165.39476013183594,165.54341638804536,163.43262154349364,163.85875133255257,49537800
2024-04-24,167.49563598632812,167.7731094949557,164.7109814111337,165.03799187966663,48251800
2024-04-25,168.35780334472656,169.07131105182287,166.63349053238153,168.0010494911784,50558300
2024-04-26,167.7731170654297,169.79471202253325,167.6541890412428,168.3478879652858,44838400
2024-04-29,171.93524169921875,174.44242297655094,171.53885525962073,171.80640930182136,68169400
2024-04-30,168.79383850097656,173.41181476528868,168.46681287321124,171.76678225756265,65934800
2024-05-01,167.7731170654297,171.15236652369296,167.58482822154218,168.05059058657778,50383100
2024-05-02,171.46946716308594,171.85594920671264,169.34876810707777,170.95415273119292,94214900
2024-05-03,181.72616577148438,185.3135134388507,181.012657985983,184.96666391602972,163224100
2024-05-06,180.0712127685547,182.53874644704828,178.79283846563771,180.70544017490002,78569700
2024-05-07,180.75498962402344,183.23244296383282,179.6847430878599,181.79552305097843,77305800
2024-05-08,181.0919189453125,181.4189445721307,179.81354466582562,181.20092748758523,45057100
2024-05-09,182.90542602539062,182.99461071341904,180.46760537105857,180.9135439323752,48983000
2024-05-10,181.64515686035156,183.66949389545601,180.7322193628195,183.48094965782863,50759500
2024-05-13,184.85035705566406,185.6640710757596,183.2030934113359,184.01680743143146,72044800
2024-05-14,185.9915313720703,186.8548647149755,184.8602810891409,186.07091921634225,52393600
2024-05-15,188.26397705078125,189.18683240943687,185.9320062923224,186.46787049037354,70400000
2024-05-16,188.38304138183594,189.6333810173086,188.2044300863017,189.00821119957226,52845200
2024-05-17,188.41282653808594,189.34561487480414,187.72811956148706,188.05558877384672,41282900
2024-05-20,189.57383728027344,190.44708847543168,187.55941793463836,187.8769693298537,44361300
2024-05-21,190.87379455566406,191.2508679069906,189.45476137627725,189.62345487533878,42309400
2024-05-22,189.4348907470703,191.34016861791716,188.80973611420333,190.79438668312676,34648500
2024-05-23,185.4457550048828,189.5341303535584,185.1976736824305,189.5142796080912,51005900
2024-05-24,188.52195739746094,189.11735863774422,186.59684388111853,187.37087155015982,36327000
2024-05-28,188.5319061279297,191.51880009814326,187.64873713728954,190.04022981736387,52280100
2024-05-29,188.82957458496094,190.7745388343773,188.05556206266323,188.15480064928906,53068000
2024-05-30,189.8218994140625,190.70506832278696,189.16697622567534,189.29596821795033,49889100
2024-05-31,190.77455139160156,191.09210277636024,188.45251367186646,189.9707702687458,75158300
2024-06-03,192.54087829589844,193.49351725389894,191.04247253185534,191.41954585254337,50080500
2024-06-04,192.85842895507812,193.82098571162214,191.54855228534223,193.14619663099631,47471400
2024-06-05,194.3667755126953,195.38886948576234,193.37445009094603,193.9003813531384,54156800
2024-06-06,192.9874267578125,194.9919281725913,192.67980832687616,194.1881470745491,41181800
2024-06-07,195.3789520263672,195.4285713258788,192.65005711175448,193.15613762673084,53103900
2024-06-10,191.63787841796875,195.78580650726497,190.67532155851157,195.3888672580803,97010200
2024-06-11,205.56019592285156,205.57012886730556,192.14396771907968,192.1638033246204,172373300
2024-06-12,211.43478393554688,218.5100538646653,205.3121227860245,205.7785169434978,198134300
2024-06-13,212.5957794189453,215.08651049080893,209.97604121171418,213.09194207290335,97862700
2024-06-14,210.8592071533203,213.51863167298376,209.67833763090172,212.20877015870124,70122700
2024-06-17,215.0071258544922,217.2696263789355,211.08744385812574,211.73244926121387,93728300
2024-06-18,212.64540100097656,216.95210469802018,211.36530791117931,215.92007781385274,79943300
2024-06-20,208.07078552246094,212.59580212894483,207.2471687535905,212.28816853161533,86172500
2024-06-21,205.89759826660156,210.26382387597764,205.5205097773767,208.77533580800622,241805100
2024-06-24,206.5426025390625,211.06760381745957,205.00449518251241,206.12582769938734,80727000
2024-06-25,207.46546936035156,209.75773850908567,207.0089930344414,207.54484206411715,55549700
2024-06-26,211.61337280273438,213.21101716086312,209.02340313251779,209.87680350658064,66213200
2024-06-27,212.4568634033203,214.0842763709762,210.7202940415425,213.04233172557286,49772700
2024-06-28,209.00355529785156,214.41174043740799,208.68601906723538,214.1140398112984,82542700
2024-07-01,215.0865020751953,215.84066382869798,210.29356920849017,210.4622626872336,60402900
2024-07-02,218.57952880859375,218.68868521261126,213.44920810314017,214.4911377013164,58046200
2024-07-03,219.84970092773438,219.84970092773438,217.34903661716913,218.31159349071294,37369800
2024-07-05,224.60292053222656,224.71207692855523,219.94891212590596,219.94891212590596,60412400
2024-07-08,226.07156372070312,226.1013322692385,221.53662969916704,225.34715532852172,59085900
2024-07-09,226.92495727539062,227.63943274976205,224.63268810415036,226.180713251394,48076100
2024-07-10,231.19195556640625,231.29119415797783,227.49058625437067,227.54020555015646,62627700
2024-07-11,225.823486328125,230.60648662367137,224.03729767642758,229.61416127735984,64710600
2024-07-12,228.7706756591797,230.8545649156238,226.92494993371525,227.16311346469493,53046500
2024-07-15,232.60104370117188,235.40932611038664,231.3010999839828,234.66508213718535,62631300
2024-07-16,233.01783752441406,234.4567062015191,230.54694204130521,233.19644881294397,43234300
2024-07-17,227.12342834472656,229.6836295353235,224.9006141352506,227.68904591405493,57345900
2024-07-18,222.45948791503906,228.67145424701283,220.56415801938329,228.51267855827928,66034600
2024-07-19,222.58848571777344,225.05938116686082,221.5663918696606,223.09458131167176,49151500
2024-07-22,222.24118041992188,226.03185518490554,221.37784711424985,225.2677604657143,48201800
2024-07-23,223.28314208984375,225.19833806517673,220.9710219946754,222.6480544130964,39960300
2024-07-24,216.86277770996094,223.0747441599071,215.46361045876344,222.280880842846,61777600
2024-07-25,215.82083129882812,219.1550448561193,212.9728474396388,217.2497669876539,51391200
2024-07-26,216.28724670410156,217.80550332568987,214.35220009781358,217.02155779536062,41601300
2024-07-29,216.56509399414062,217.61695646267233,214.0941983741811,215.29491873308154,36311800
2024-07-30,217.12078857421875,218.63904514115285,214.46134877521007,217.50779485320817,41643800
2024-07-31,220.3756103515625,222.10226187087767,218.93674165630796,219.7405227481965,50036300
2024-08-01,216.68417358398438,222.7572001483694,215.35446119036925,222.64804374939,62501000
2024-08-02,218.1726531982422,223.86860618805187,216.0391597412521,217.46809553371503,105568600
2024-08-05,207.6639404296875,211.8614726265992,194.4957781490091,197.562059997048,119548600
2024-08-06,205.63958740234375,208.37841518370308,199.52687447574846,203.72440665766518,69660500
2024-08-07,208.20968627929688,212.000360770617,204.80600287893913,205.3120832934174,63516400
2024-08-08,211.67291259765625,212.5560815310077,207.22729938249148,211.47445056104476,47161100
2024-08-09,214.5804443359375,215.11629337558463,210.3432107490655,210.47221789303094,42201600
2024-08-12,216.1103973388672,218.07747160820446,214.1929998012183,214.65993379251097,38028100
2024-08-13,219.8260040283203,220.441953079239,217.58074300671984,217.58074300671984,44155300
2024-08-14,220.2730255126953,221.574473844181,218.2662040703635,219.1305366370634,41960600
2024-08-15,223.2534637451172,223.87935717471936,221.30624816369337,223.13425172393934,46414000
2024-08-16,224.57479858398438,225.34970708383625,222.19045191126241,222.45869413327577,44340200
2024-08-19,224.4158477783203,224.515201244893,221.5844407323156,224.24695901251525,40687800
2024-08-20,225.0317840576172,225.68748051768907,223.97870407222223,224.29662301984854,30299000
2024-08-21,224.92250061035156,226.4921913011218,223.58131984717622,225.04172779494317,34765500
2024-08-22,223.064697265625,226.84983046212884,222.43880384726458,226.30341677619586,43695300
2024-08-23,225.35963439941406,226.73063334528243,222.866020162344,224.187342377279,38677300
2024-08-26,225.69740295410156,225.79675641202357,222.4288803537143,225.28014571740593,30602200
2024-08-27,226.5418701171875,227.35652605602343,223.4223624308928,224.52511915345738,35934600
2024-08-28,225.01193237304688,228.35993491185639,224.20720569696516,226.43259292076607,38052200
2024-08-29,228.29037475585938,231.39995310375193,227.3863249726349,228.59836441740794,51906300
2024-08-30,227.50552368164062,228.89638108151303,225.9954391052015,228.68776005113654,52990800
2024-09-03,221.3162078857422,227.50554667965343,219.72664341730942,227.05848641015993,50190600
2024-09-04,219.40872192382812,220.33264539565292,216.06070449558098,220.2134333758585,43840200
2024-09-05,220.92874145507812,224.00850159902006,220.07435325324454,220.1836359939166,36615400
2024-09-06,219.37890625,223.77005891628232,218.3357556594125,222.48846914066658,48423000
2024-09-09,219.4683380126953,219.82598924771256,215.2957503769675,219.37892899374344,67180000
2024-09-10,218.67355346679688,220.03460793809228,215.31560663834654,217.49131703149231,51591000
2024-09-11,221.20693969726562,221.6341262702352,216.46806414665176,220.01477384708656,44587100
2024-09-12,221.3162078857422,222.09111639532034,218.38546260882887,221.04796566036197,37455600
2024-09-13,221.04795837402344,222.57790161811045,220.46181236980377,222.12091208096655,36766600
2024-09-16,214.90829467773438,215.80241517960704,212.52394807405793,215.126845002842,59357400
2024-09-17,215.37521362304688,215.48449636527135,213.10016491936787,214.34200737227792,45519300
2024-09-18,219.24977111816406,221.25659276615585,216.12031904206836,216.13026348358338,59894900
2024-09-19,227.3763885498047,228.32020097310811,223.16406850984052,223.52171975466862,66781300
2024-09-20,226.71075439453125,231.56884144729943,226.1345376792504,228.46920754640476,318679900
2024-09-23,224.9920654296875,227.95261380296742,224.33636892980346,225.85638298730962,54146000
2024-09-24,225.88616943359375,227.85325878901892,224.25687274556688,227.15781488965328,43556100
2024-09-25,224.89268493652344,225.80667911779153,222.5580303354434,223.46208007568333,42308700
2024-09-26,226.03521728515625,227.00881759745033,223.9389864593978,225.81665178414175,36636700
2024-09-27,226.3034210205078,228.02214184296878,225.8166284941723,226.9690618971705,34026000
2024-09-30,231.47943115234375,231.47943115234375,228.1512873446241,228.5387415800987,54541900
2024-10-01,224.73377990722656,228.15131803302592,222.27989769941507,228.02217670997004,63285000
2024-10-02,225.30003356933594,225.8861795938886,221.56457676904253,224.41584231153624,32880600
2024-10-03,224.19725036621094,225.3298099915582,221.86259582618194,223.6707104185886,34044200
2024-10-04,225.31988525390625,226.51205091107013,222.66731173997377,226.41269745663615,37245100
2024-10-07,220.2432403564453,224.21713611955545,219.885589131397,223.0348997045567,39505400
2024-10-08,224.29660034179688,224.50522136577493,221.79304193960246,222.83619253711748,31855700
2024-10-09,228.04197692871094,228.25061310366664,223.36272366501296,223.760107134481,33591100
2024-10-10,227.54525756835938,228.00226223679437,225.68746620848788,226.2934858996686,28183500
2024-10-11,226.0650177001953,227.91287999534921,225.8563814846346,227.80359724609562,31759200
2024-10-14,229.79052734375,230.21771386522883,227.1081507143634,227.20748901369805,39882100
2024-10-15,232.3238983154297,235.9401430278398,230.85354589755886,232.08545910083197,64751400
2024-10-16,230.2673797607422,230.60515724916505,228.34003796565733,230.0885617348273,34082200
2024-10-17,230.6349639892578,232.3238817771462,229.01561181125544,231.90660939150177,32993800
2024-10-18,233.4663543701172,234.63864623478992,232.48280980290272,234.63864623478992,46431500
2024-10-21,234.93670654296875,235.3043021987925,232.91995571367772,232.91995571367772,36254500
2024-10-22,234.32077026367188,234.67842149785605,231.0820505913223,232.36362533760988,38846600
2024-10-23,229.25404357910156,233.60546433739609,226.27362172475395,232.55238437433343,52287000
2024-10-24,229.0653076171875,229.3136761173618,226.91940013747097,228.47914643577636,31109500
2024-10-25,229.89981079101562,231.69799621804017,228.07182235817814,228.2407111108546,38802300
2024-10-28,231.8768310546875,233.1981533252385,231.03238723011694,231.79736647290133,36087100
2024-10-29,232.1450958251953,232.8007923826737,230.80391485858445,231.57882345952726,35417200
2024-10-30,228.59835815429688,231.94636045913163,228.05194445904854,231.09197226998216,47070900
2024-10-31,224.4357147216797,228.33013097812315,223.89923027313517,227.84332326136388,64370100
2024-11-01,221.45529174804688,223.87937072005496,218.83252100898451,219.52794977327943,65276700
2024-11-04,220.56114196777344,221.33605042122997,218.2761640538016,219.54780947276666,44944500
2024-11-05,221.9917449951172,222.4884819564664,219.6968226591573,220.35251908634842,28111300
2024-11-06,221.26649475097656,224.59463817705685,219.7464809892452,221.15721202226086,54561100
2024-11-07,225.99545288085938,226.39285156162418,223.10445516924474,223.16406118155706,42137700
2024-11-08,225.7269287109375,227.4176895436531,225.17991383614745,225.9357792784742,38328800
2024-11-11,223.01174926757812,224.47376393957063,220.29658566640109,223.77757009002366,42005600
2024-11-12,223.01174926757812,224.36436096493557,222.14648085284745,223.33001798502116,40398300
2024-11-13,223.89691162109375,225.4185978724207,221.54973296285615,222.79294167641658,48566200
2024-11-14,226.98007202148438,227.62653447284012,223.77756520755418,223.7974607959322,44923900
2024-11-15,223.77757263183594,225.68713943052106,223.0515429787679,225.16996034674554,47923700
2024-11-18,226.78115844726562,228.49181480220403,223.94663659117114,224.02620376766677,44633700
2024-11-19,227.03973388671875,228.90952454109907,225.42854034251505,225.7467938634959,36211800
2024-11-20,227.75584411621094,228.68078414631773,224.6627401240164,226.82094870348703,35169600
2024-11-21,227.2784423828125,228.9095315645878,224.48371169719937,227.63648708983084,42108300
2024-11-22,228.62112426757812,229.46651233539,226.82096032466632,226.82096032466632,38168300
2024-11-25,231.6048126220703,231.98275293866183,228.49182822914253,230.20248468460477,90152800
2024-11-26,233.7829132080078,234.29015208323423,232.06231657216094,232.06231657216094,45986200
2024-11-27,233.6536102294922,234.40949083683986,232.53970008294309,233.19611792325418,33498400
2024-11-29,236.0405731201172,236.51796100091357,232.69882760276832,233.53426018813377,28481400
2024-12-02,238.2882843017578,239.4817615684827,235.8714939748314,235.98089694287458,48137100
2024-12-03,241.33168029785156,241.441083276618,237.60205398884364,238.50711361537608,38861000
2024-12-04,241.68972778320312,242.78375758332757,239.9392952788925,241.55048900644988,44383900
2024-12-05,241.7195587158203,243.21140922639395,240.81451427308068,242.6644095132275,40033900
2024-12-06,241.5206298828125,243.30091318780651,240.76476447856876,241.59025685240857,36870600
2024-12-09,245.40940856933594,245.89675186527563,240.43657354260168,240.516140724136,44649200
2024-12-10,246.42385864257812,246.86147053083658,244.00705305092782,245.54863486606115,36914800
2024-12-11,245.1508026123047,249.43738355757404,244.92204129682997,246.61281718111218,45205800
2024-12-12,246.61282348632812,247.38858448031883,244.3451969163318,245.54862958315107,32777500
2024-12-13,246.7819061279297,247.9355922748061,244.90217516923994,246.47359279661413,33155300
2024-12-16,249.67608642578125,250.01425073054844,246.3045049916291,246.6426692963963,51694800
2024-12-17,252.1028289794922,252.45093348613432,248.42293425963442,248.72130738305802,51356400
2024-12-18,246.7023468017578,252.89849494785605,246.39403346062903,250.7900177691265,56774100
2024-12-19,248.43289184570312,250.63089166027345,245.74756389880645,246.15534002348284,60882300
2024-12-20,253.10736083984375,253.6145845456153,244.35516822034685,246.69239156062656,147495300
2024-12-23,253.88311767578125,254.26104280923545,252.07299848460428,253.38583418491564,40858800
2024-12-24,256.7972412109375,256.80716624287646,253.90303208844082,254.101957652135,23234700
2024-12-26,257.61273193359375,258.6868812844183,256.23029959445824,256.78725468311694,27237100
2024-12-27,254.20135498046875,257.29447387899233,251.68510189149424,256.4291751646687,42355300
2024-12-30,250.82977294921875,252.1227129740064,249.3876539575231,250.85960874260036,35557500
