Price,Close,High,Low,Open,Volume
Ticker,JPM,JPM,JPM,JPM,JPM
Date,,,,,
1993-01-04,4.928883075714111,4.96078510984691,4.896981041581313,4.9448342753261105,1710900
1993-01-05,4.84912633895874,4.944832777457326,4.84912633895874,4.8969795582080335,3233700
1993-01-06,4.896979808807373,4.896979808807373,4.81722419591639,4.833175391512809,2238600
1993-01-07,4.80126953125,4.912926715985264,4.80126953125,4.896975898217835,4186800
1993-01-08,4.833174705505371,4.849125898837721,4.721517082361033,4.801272683931727,2413200
1993-01-11,4.896979808807373,4.912930639312684,4.849126587109227,4.849126587109227,2197500
1993-01-12,4.928883075714111,4.9448342753261105,4.865078642357315,4.865078642357315,3238200
1993-01-13,4.992683410644531,5.0086342320715165,4.944830216181775,4.96078103760876,3203100
1993-01-14,5.152194976806641,5.152194976806641,5.008635361058862,5.024586551172276,5953500
1993-01-15,5.168147087097168,5.231951493820075,5.15219589414368,5.168147087097168,3752400
1993-01-18,5.263855457305908,5.327659887576374,5.152197795605389,5.168148994445801,2661000
1993-01-19,5.311706066131592,5.4871677063788775,5.2000484595609535,5.295754875166929,9706200
1993-01-20,5.152194976806641,5.327656972781249,5.13624415178421,5.327656972781249,8171400
1993-01-21,5.072439193725586,5.2159987935480085,5.024585993784779,5.2159987935480085,5445600
1993-01-22,5.088391304016113,5.168146530004363,5.07244011278206,5.104342130159159,2596200
1993-01-25,5.04054069519043,5.120295962314462,5.0245894957291455,5.088393928483089,1448100
1993-01-26,5.136246204376221,5.136246204376221,5.072441783515461,5.088392980003433,3066000
1993-01-27,5.3276567459106445,5.3276567459106445,5.1840971362761445,5.200047960619333,6870900
1993-01-28,5.168147087097168,5.375511135128329,5.15219589414368,5.359559942174841,4331400
1993-01-29,5.1841020584106445,5.2000528978986305,5.1521996492520445,5.2000528978986305,1787400
1993-02-01,5.231948375701904,5.247899194058032,5.184095190451859,5.215997192254946,2808600
1993-02-02,5.247904300689697,5.279806698627205,5.216002267843375,5.263855499658451,1596300
1993-02-03,5.311706066131592,5.327657257096255,5.247901667363941,5.247901667363941,2324100
1993-02-04,5.375512599945068,5.423365826754398,5.327659373135739,5.407414629454239,3925500
1993-02-05,5.471217155456543,5.487167982131799,5.391461561716181,5.391461561716181,5154300
1993-02-08,5.455268859863281,5.471220060097965,5.423366824485129,5.455268859863281,1293300
1993-02-09,5.407413959503174,5.439315985059846,5.375511933946502,5.42336515482706,2384700
1993-02-10,5.407413959503174,5.407413959503174,5.359560738622615,5.407413959503174,2068800
1993-02-11,5.42336368560791,5.471216893524771,5.391461303602668,5.407412494605289,2583900
1993-02-12,5.3436079025268555,5.455265505327037,5.3436079025268555,5.439314314901014,2259300
1993-02-16,5.168147087097168,5.327657921358911,5.056489466604843,5.327657921358911,4684800
1993-02-17,5.120292663574219,5.152194676852772,5.072439461110909,5.136243852758976,4813200
1993-02-18,5.072439193725586,5.2479008051449,5.024585993784779,5.2479008051449,3295500
1993-02-19,5.247904300689697,5.247904300689697,5.072442572398144,5.088393771366897,3911400
1993-02-22,5.3436079025268555,5.3436079025268555,5.200048283965618,5.215999474391641,2483100
1993-02-23,5.200047969818115,5.343607579706569,5.152194766521964,5.3276567553351635,3613200
1993-02-24,5.3436079025268555,5.359559092952878,5.2319506648176635,5.26385268057872,2629200
1993-02-25,5.311706066131592,5.343608082969916,5.247901667363941,5.343608082969916,1738800
1993-02-26,5.168147087097168,5.311706728405422,5.104342680374261,5.295755535451934,14774700
1993-03-01,5.231948375701904,5.27980156095195,5.184095190451859,5.263850377504991,2642700
1993-03-02,5.3436079025268555,5.3436079025268555,5.2319506648176635,5.247901490152697,2373000
1993-03-03,5.359557628631592,5.407410821744374,5.3276556215867,5.3436064425637015,3356100
1993-03-04,5.231948375701904,5.37550793145204,5.215997192254946,5.37550793145204,2063400
1993-03-05,5.215997695922852,5.295752890677316,5.184095691039238,5.247899700806464,2584500
1993-03-08,5.3436079025268555,5.3436079025268555,5.2319506648176635,5.2319506648176635,2325600
1993-03-09,5.471217155456543,5.471217155456543,5.343608351508371,5.343608351508371,3868200
1993-03-10,5.614776611328125,5.630727437506934,5.4552657939029645,5.471216985172783,3933600
1993-03-11,5.53502082824707,5.614776416741127,5.503118811904046,5.614776416741127,2558400
1993-03-12,5.455268859863281,5.471220060097965,5.391464424015763,5.439317659628598,2475900
1993-03-15,5.455268859863281,5.471220060097965,5.375513588872293,5.455268859863281,2089800
1993-03-16,5.519070148468018,5.566923356792622,5.3914613495417365,5.3914613495417365,3325800
1993-03-17,5.359557628631592,5.519068394037829,5.359557628631592,5.519068394037829,4476900
1993-03-18,5.3276567459106445,5.423363152333644,5.263852353264989,5.359558759687989,3229200
1993-03-19,5.247904300689697,5.375513162257358,5.247904300689697,5.375513162257358,3954000
1993-03-22,5.279802322387695,5.279802322387695,5.184095938085144,5.200046758741648,2697900
1993-03-23,5.200047969818115,5.31170556587279,5.18409714544671,5.279803552039012,2721300
1993-03-24,5.088391304016113,5.247901755992613,4.976733695559758,5.215999738615515,5088900
1993-03-25,5.104344367980957,5.152197597571688,5.040540305254094,5.088393534844825,3733800
1993-03-26,5.1841020584106445,5.23195530705723,5.104346400605458,5.120297605184758,4185600
1993-03-29,5.247904300689697,5.279806698627205,5.231953466812128,5.231953466812128,2197200
1993-03-30,5.200047969818115,5.247901173114267,5.18409714544671,5.247901173114267,1614300
1993-03-31,5.194258689880371,5.24250257978041,5.178177638628138,5.226421528528177,1911300
1993-04-01,5.2425031661987305,5.338990956791784,5.226422113147695,5.2425031661987305,2150400
1993-04-02,5.001281261444092,5.242500620807497,4.969118802886149,5.242500620807497,3041100
1993-04-05,5.1299333572387695,5.1299333572387695,4.953038862390495,5.049526634827139,4099200
1993-04-06,5.049529075622559,5.146016894698606,5.049529075622559,5.146016894698606,1578900
1993-04-07,5.178180694580078,5.178180694580078,5.001286081836137,5.065611429022288,5876100
1993-04-08,5.178180694580078,5.242505673694342,5.162099265765569,5.21034318413721,3199800
1993-04-12,5.45156192779541,5.45156192779541,5.290748768886647,5.306830195199072,3509400
1993-04-13,5.580209732055664,5.676697510523899,5.515884791791285,5.531965842821547,5934300
1993-04-14,5.499805450439453,5.628455747642173,5.451561542979458,5.628455747642173,2251500
1993-04-15,5.306830406188965,5.548049970106645,5.290748979237171,5.4998060573231085,3673500
1993-04-16,5.322909355163574,5.322909355163574,5.226421574514517,5.306827935698174,2700300
1993-04-19,5.226424217224121,5.306830619064787,5.178180302505351,5.306830619064787,1783500
1993-04-20,5.178180694580078,5.242505673694342,4.985205021093515,5.226424612951719,6395400
1993-04-21,5.113851070404053,5.210338826449412,5.017363314358693,5.1781763637914855,7251600
1993-04-22,5.033446311950684,5.194259043862209,5.033446311950684,5.097771257486616,7834200
1993-04-23,4.87263298034668,5.001283233374845,4.85655156069128,4.953039342480323,5907300
1993-04-26,4.743985176086426,4.920879411319037,4.679659832332809,4.872635495521791,7616100
1993-04-27,4.87263298034668,4.920876871241201,4.760063778902237,4.776145198557637,5255400
1993-04-28,4.9208784103393555,5.017366222306794,4.888715929040807,4.9208784103393555,3144900
1993-04-29,4.969121932983398,4.985203356427978,4.904796607276844,4.936959454166003,1850400
1993-04-30,4.9208784103393555,5.001284797621623,4.904796985654185,4.9530408916379045,2343600
1993-05-03,4.936960697174072,4.953041756595712,4.904797842187079,4.936960697174072,2199300
1993-05-04,5.081692218780518,5.129936131085168,4.936960481866564,4.936960481866564,2719200
1993-05-05,4.953040599822998,5.194260115529828,4.936959544157056,5.129935156722521,5046300
1993-05-06,4.888718128204346,5.017368479343,4.87263669628503,4.96912455165701,3900300
1993-05-07,4.840467929840088,4.920874249128823,4.824386518753748,4.920874249128823,1756800
1993-05-10,4.9208784103393555,4.936959835024526,4.856553079670466,4.856553079670466,1441800
1993-05-11,5.081692218780518,5.09777327750084,4.888716569561914,4.9208790550744,2325900
1993-05-12,5.065610885620117,5.097773371727089,5.0012855453343255,5.081692312709527,1453500
1993-05-13,4.7922258377075195,5.0012824188204705,4.776144420671286,4.953038535783387,3639300
1993-05-14,4.711820125579834,4.760064018906834,4.647495179858296,4.743982966512298,5389800
1993-05-17,4.647495269775391,4.743983058296183,4.534926060477233,4.695739164035787,8010000
1993-05-18,4.63141393661499,4.711820305879542,4.583170041441917,4.6474953576965845,7476900
1993-05-19,4.808309555053711,4.840472406975021,4.583171431963648,4.679659251583935,5709900
1993-05-20,4.856550216674805,4.888713047084765,4.792225291998037,4.80830633913144,3152100
1993-05-21,4.695737838745117,4.840469480678307,4.695737838745117,4.824388064439641,2808000
1993-05-24,4.743985176086426,4.7761476639273,4.679659832332809,4.679659832332809,2277600
1993-05-25,4.808309555053711,4.840472406975021,4.743984587354734,4.760065645243567,2683800
1993-05-26,5.049529075622559,5.049529075622559,4.840472379672335,4.872634863340411,3028800
1993-05-27,4.936960697174072,5.049529585412978,4.920879269680575,5.017367098497841,2851200
1993-05-28,4.936960697174072,5.017367098497841,4.872635355271942,4.904797842187079,2521500
1993-06-01,5.017366409301758,5.049528891798987,4.920878593738262,4.96912250152001,1998600
1993-06-02,4.888718128204346,5.001287047423684,4.8565552643657135,4.96912455165701,3053400
1993-06-03,4.87263298034668,4.904795451585802,4.85655156069128,4.888714400002079,1522200
1993-06-04,4.77614688873291,4.840472222046178,4.711821555419642,4.840472222046178,2065500
1993-06-07,4.567089080810547,4.792227526364303,4.5027641261424005,4.792227526364303,5410200
1993-06-08,4.663577556610107,4.743984313703389,4.631415074615875,4.631415074615875,3636000
1993-06-09,4.7922258377075195,4.808306886672137,4.679656654597118,4.695738071633352,3187200
1993-06-10,4.808309555053711,4.840472406975021,4.727903161394079,4.792228497164878,1970100
1993-06-11,4.953040599822998,4.985203447298423,4.840471737874324,4.920878120419344,3445200
1993-06-14,5.001281261444092,5.01736267475883,4.953037389571411,4.953037389571411,3276900
1993-06-15,5.001281261444092,5.081687959946248,4.985200216200886,5.001281261444092,2433600
1993-06-16,5.017366409301758,5.017366409301758,4.953041076235492,5.001284984017239,2145000
1993-06-17,5.081692218780518,5.129936131085168,5.001285452891539,5.017366879683703,2749200
1993-06-18,5.001281261444092,5.097769005189454,5.001281261444092,5.081687959946248,2809500
1993-06-21,5.162096977233887,5.162096977233887,5.001283864598331,5.0495277615818255,4551300
1993-06-22,5.258582592010498,5.258582592010498,5.129932376058563,5.162094838028654,3794100
1993-06-23,5.113851070404053,5.210338826449412,5.081688607746126,5.1781763637914855,3176700
1993-06-24,5.226424217224121,5.2585867043460155,5.12993638778658,5.12993638778658,3156600
1993-06-25,5.258582592010498,5.258582592010498,5.194257299998745,5.226420130040407,1457100
1993-06-28,5.387235164642334,5.419398008753834,5.290747368451297,5.290747368451297,2979300
1993-06-29,5.300352096557617,5.413815414950218,5.267934164586247,5.397606263466931,3217200
1993-06-30,5.300352096557617,5.332770028528986,5.28414294507433,5.300352096557617,2120400
1993-07-01,5.26793909072876,5.332775015300713,5.251729924087996,5.300357053014737,2742900
1993-07-02,5.170680046081543,5.251725062266261,5.154470894446516,5.251725062266261,2380200
1993-07-06,5.219310760498047,5.251728715322537,5.186892434678091,5.203101597588069,3195900
1993-07-07,5.235517978668213,5.300354239823527,5.235517978668213,5.2679362947435475,3023100
1993-07-08,5.26793909072876,5.332775015300713,5.235520757447232,5.235520757447232,3139800
1993-07-09,5.235517978668213,5.2841450817858595,5.235517978668213,5.2841450817858595,1985400
1993-07-12,5.251727104187012,5.267936262124311,5.219309159307765,5.235517946249712,1575600
1993-07-13,5.122057914733887,5.251730140209678,5.089639580118264,5.251730140209678,2339400
1993-07-14,5.057220458984375,5.154474698580228,5.024802502784251,5.122056742380104,2247600
1993-07-15,5.154472351074219,5.170681507289871,5.057218155770932,5.073427311986584,2260500
1993-07-16,5.170680046081543,5.203097978356388,5.138261742811489,5.170680046081543,2099700
1993-07-19,5.154472351074219,5.2193086049415145,5.122054409638228,5.203099448725863,1982400
1993-07-20,5.154472351074219,5.203099448725863,5.057218155770932,5.170681507289871,4726200
1993-07-21,5.235517978668213,5.235517978668213,5.122054985390606,5.138263772432919,3030300
1993-07-22,5.170680046081543,5.267934213901288,5.154470894446516,5.235515910631235,3376200
1993-07-23,5.219310760498047,5.235519552412559,5.170683642763579,5.186892434678091,1829400
1993-07-26,5.284144878387451,5.284144878387451,5.219308990723167,5.235517777141569,1712400
1993-07-27,5.219310760498047,5.2841466701470265,5.186892434678091,5.267937878232515,1935000
1993-07-28,5.300352096557617,5.300352096557617,5.21930708113159,5.25172501310296,2204700
1993-07-29,5.332775592803955,5.397611895392789,5.300357627007333,5.300357627007333,3465900
1993-07-30,5.348984241485596,5.381402204132444,5.316566278838747,5.365193408306798,2137200
1993-08-02,5.316562175750732,5.36518926769054,5.284143867127348,5.348980113378848,1668000
1993-08-03,5.397608757019043,5.397608757019043,5.31656370415235,5.332772492128464,2277000
1993-08-04,5.478653907775879,5.478653907775879,5.39760885346111,5.446235960249048,2499900
1993-08-05,5.478653907775879,5.543490173824924,5.430026800987941,5.543490173824924,1700100
1993-08-06,5.446234703063965,5.494861798627036,5.41381676302035,5.494861798627036,2077800
1993-08-09,5.446234703063965,5.47865264310758,5.430025547544509,5.462443858583421,1421100
1993-08-10,5.3813958168029785,5.478649960305413,5.365187040215983,5.478649960305413,1922100
1993-08-11,5.365189075469971,5.397607011936636,5.332770768008048,5.397607011936636,1293000
1993-08-12,5.348984241485596,5.365193408306798,5.2841479451963425,5.332775074664394,2674800
1993-08-13,5.3813958168029785,5.4138141119672,5.332768745051761,5.365187040215983,1941000
1993-08-16,5.284144878387451,5.446235339538839,5.251726934555309,5.381399080879216,3429600
1993-08-17,5.186892986297607,5.284147232109409,5.154475028025509,5.284147232109409,2846700
1993-08-18,5.186892986297607,5.235520109203509,5.154475028025509,5.2193113155652116,2816100
1993-08-19,5.122057914733887,5.2193121765896215,5.122057914733887,5.2193121765896215,1451100
1993-08-20,5.1058454513549805,5.186890493584395,5.1058454513549805,5.13826339404768,1875000
1993-08-23,5.122057914733887,5.154475878353943,5.089639580118264,5.122057914733887,1794600
1993-08-24,5.235517978668213,5.25172713670588,5.073427882272959,5.138263772432919,3078300
1993-08-25,5.235517978668213,5.316563397861194,5.203100033588233,5.235517978668213,3299700
1993-08-26,5.26793909072876,5.284147886373972,5.186893628520491,5.251729924087996,1297500
1993-08-27,5.26793909072876,5.300357053014737,5.235520757447232,5.26793909072876,1213500
1993-08-30,5.235517978668213,5.316563397861194,5.2193091916259,5.2679362947435475,1963500
1993-08-31,5.26793909072876,5.26793909072876,5.154475666234514,5.21931196180202,2104500
1993-09-01,5.186892986297607,5.267938438471113,5.186892986297607,5.267938438471113,2257200
1993-09-02,5.186892986297607,5.235520109203509,5.17068419265931,5.203102150931409,2797800
1993-09-03,5.251727104187012,5.284145049066258,5.13826374061662,5.186890843433166,1862700
1993-09-07,5.316562175750732,5.36518926769054,5.23551677518754,5.251725929499233,2848800
1993-09-08,5.316562175750732,5.381398051006963,5.284143867127348,5.316562175750732,1930500
1993-09-09,5.592120170593262,5.592120170593262,5.284148211446123,5.316566546721973,7375800
1993-09-10,5.705581188201904,5.721789977986788,5.592117804730637,5.592117804730637,5705700
1993-09-13,5.575910568237305,5.721791952618474,5.575910568237305,5.705583157239819,4406100
1993-09-14,5.62453556060791,5.656953881046382,5.54349050150254,5.592117611164843,3453300
1993-09-15,5.62453556060791,5.640744720827146,5.559699661721776,5.62453556060791,3363600
1993-09-16,5.608325481414795,5.624534266910448,5.592116324923822,5.624534266910448,1247700
1993-09-17,5.62453556060791,5.640744720827146,5.575908450945607,5.575908450945607,2904900
1993-09-20,5.673162937164307,5.705581259127899,5.624535825214339,5.624535825214339,1883400
1993-09-21,5.592120170593262,5.705583602067592,5.478656739118931,5.673165266791741,2583000
1993-09-22,5.640744209289551,5.673162155792758,5.5921171040370545,5.608326262786344,1330500
1993-09-23,5.721790313720703,5.754208637183494,5.656954408786,5.721790313720703,2563500
1993-09-24,5.737996578216553,5.770414514315404,5.673160335023598,5.705578642117701,2327700
1993-09-27,5.819042682647705,5.851460995751249,5.754206798431258,5.77041558398771,3182100
1993-09-28,5.851459980010986,5.867668762753795,5.786623736053979,5.786623736053979,2374500
1993-09-29,5.819042682647705,5.883878937859473,5.819042682647705,5.835251839199477,4506600
1993-09-30,5.878481864929199,5.92746921380361,5.8294945160547895,5.862152624056459,2236200
1993-10-01,5.894810676574707,5.9111395425146585,5.862152197207234,5.862152197207234,1827600
1993-10-04,5.911145210266113,5.94380372094737,5.911145210266113,5.911145210266113,2046600
1993-10-05,5.894810676574707,5.943798021882132,5.845823331267282,5.9111395425146585,2289600
1993-10-06,5.927467346191406,6.025442013070603,5.927467346191406,5.976454679631005,5153100
1993-10-07,5.927467346191406,5.9437965819191705,5.8458219150399735,5.894809248479572,2232000
1993-10-08,5.862153053283691,5.9764570002745945,5.862153053283691,5.9437988898816965,1730400
1993-10-11,5.911145210266113,5.927474465606742,5.845828936391887,5.927474465606742,713100
1993-10-12,5.943799018859863,5.960127887538723,5.894811665335589,5.927469776437156,1527900
1993-10-13,6.02544641494751,6.02544641494751,5.94380092415014,5.94380092415014,2439000
1993-10-14,5.894810676574707,6.058101578436933,5.845823331267282,6.041772712496981,3458700
1993-10-15,5.682530403137207,5.911137823509778,5.666201168202139,5.911137823509778,3630000
1993-10-18,5.486580848693848,5.747846727974775,5.421264285437701,5.69885939896858,5498700
1993-10-19,5.339621543884277,5.584558311952364,5.3069634327231485,5.470254362272641,10120500
1993-10-20,5.404937267303467,5.486582718896256,5.372278787671322,5.437595373191825,4571100
1993-10-21,5.486580848693848,5.519238943450091,5.437593519687653,5.470251614443896,3152100
1993-10-22,5.45392370223999,5.53556914019855,5.421265228061586,5.5029110397638705,3591300
1993-10-25,5.470255374908447,5.519242737590445,5.372280649544451,5.470255374908447,2102400
1993-10-26,5.339621543884277,5.470254362272641,5.3069634327231485,5.470254362272641,5050800
1993-10-27,5.339621543884277,5.421267008659023,5.29063419027066,5.3559507863367655,4457100
1993-10-28,5.339621543884277,5.404938139950383,5.3069634327231485,5.3069634327231485,3138000
1993-10-29,5.2416462898254395,5.339620986831522,5.225317049076489,5.339620986831522,2897700
1993-11-01,5.404937267303467,5.421266133375752,5.241645990374102,5.241645990374102,2175600
1993-11-02,5.306962966918945,5.404937665546718,5.290633725899712,5.404937665546718,2744100
1993-11-03,5.160000801086426,5.323291712572786,5.094684212245598,5.323291712572786,6767100
1993-11-04,4.947721004486084,5.225315787747299,4.9150629046152705,5.225315787747299,6989400
1993-11-05,5.0783538818359375,5.127341219518419,4.915063005390152,4.947721105930564,6204000
1993-11-08,5.0293684005737305,5.111014242677135,4.964052175383644,5.094684999507681,3116400
1993-11-09,5.045694828033447,5.159998718945521,5.013036733662993,5.127340250831411,4761900
1993-11-10,5.0620245933532715,5.0620245933532715,4.964049926215749,5.01303725978451,2006100
1993-11-11,4.99670934677124,5.1436713863821595,4.980380106677652,5.062025933401802,2619000
1993-11-12,5.0293684005737305,5.062026886912638,5.013039531148141,5.0293684005737305,1905900
1993-11-15,4.947721004486084,5.029366441034978,4.9150629046152705,5.029366441034978,2324700
1993-11-16,4.99670934677124,4.99670934677124,4.915063893790884,4.964051240327857,2387100
1993-11-17,4.931394100189209,5.09468542426622,4.849748625022651,5.045698064417506,3625800
1993-11-18,4.882406711578369,4.947723315573174,4.866077840887588,4.947723315573174,1696800
1993-11-19,4.817089557647705,4.866076907814482,4.751772966177395,4.866076907814482,4632600
1993-11-22,4.719115257263184,4.784431480525278,4.702786014575734,4.768102611581681,3404100
1993-11-23,4.83341646194458,4.849745696615417,4.735441801406895,4.76810027074857,4434900
1993-11-24,4.849748611450195,4.931394086388261,4.833419366965025,4.849748611450195,3940800
1993-11-26,4.898735523223877,4.898735523223877,4.849748167991637,4.849748167991637,825300
1993-11-29,4.99670934677124,5.029367453214625,4.9477220002342674,4.9477220002342674,2032200
1993-11-30,5.0293684005737305,5.078355756338228,4.964052175383644,4.996710287978687,1621800
1993-12-01,5.0946831703186035,5.176328609364261,5.045695832142464,5.0783539330119805,3159300
1993-12-02,5.143670558929443,5.159999796396178,5.062025119083237,5.127341321462708,1302600
1993-12-03,5.160000801086426,5.160000801086426,5.078354971599439,5.160000801086426,1871700
1993-12-06,5.192658424377441,5.208987663500766,5.14367108075124,5.192658424377441,1971600
1993-12-07,5.290634632110596,5.290634632110596,5.176330672884938,5.208989160517342,2447700
1993-12-08,5.27430534362793,5.339621944595713,5.2579764736938905,5.290634587305845,1738500
1993-12-09,5.27430534362793,5.339621944595713,5.2416472300159755,5.339621944595713,1751700
1993-12-10,5.160000801086426,5.241646256829606,5.143671560440267,5.241646256829606,1864500
1993-12-13,5.127343654632568,5.127343654632568,5.045698177634031,5.111014783479203,2002500
1993-12-14,5.0946831703186035,5.12734127118812,5.013037731272946,5.12734127118812,1865400
1993-12-15,5.0620245933532715,5.1436700247199765,5.0620245933532715,5.094682691151214,2073000
1993-12-16,5.0783538818359375,5.208987031485037,5.0783538818359375,5.0783538818359375,2198100
1993-12-17,5.176331520080566,5.176331520080566,5.094686035124626,5.143673400846978,3737100
1993-12-20,5.290634632110596,5.306963875926797,5.176330672884938,5.176330672884938,2873700
1993-12-21,5.25797700881958,5.323293242690987,5.225318518139963,5.25797700881958,2184600
1993-12-22,5.306962966918945,5.306962966918945,5.241646376585825,5.274304484880478,1997700
1993-12-23,5.306962966918945,5.323291834194364,5.290633725899712,5.306962966918945,1299900
1993-12-27,5.404937267303467,5.404937267303467,5.290633336078533,5.323291441966891,1471200
1993-12-28,5.339621543884277,5.388608897497894,5.339621543884277,5.388608897497894,685800
1993-12-29,5.27430534362793,5.372280058207667,5.2416472300159755,5.355951188273628,1700700
1993-12-30,5.306962966918945,5.306962966918945,5.241646376585825,5.257975617605059,2066700
1993-12-31,5.291140079498291,5.373556465882391,5.27465665131233,5.340589986783322,1585800
1994-01-03,5.324106693267822,5.324106693267822,5.225206876196142,5.291140213334883,3214200
1994-01-04,5.340590953826904,5.357074384997591,5.307624468758453,5.357074384997591,2440200
1994-01-05,5.291140079498291,5.324106558597361,5.27465665131233,5.307623507684252,1745100
1994-01-06,5.208723068237305,5.340589346086784,5.175756215820329,5.340589346086784,3106800
1994-01-07,5.357072353363037,5.373555401009715,5.241689133472405,5.241689133472405,3071700
1994-01-10,5.4394917488098145,5.472458239711606,5.3405918988314545,5.357075332918844,2181600
1994-01-11,5.40652322769165,5.455973134111779,5.357073321271522,5.455973134111779,2348700
1994-01-12,5.423006057739258,5.472455962148044,5.373556153330472,5.4394894849664635,2001300
1994-01-13,5.4724555015563965,5.4889389273962665,5.39003912690264,5.406522552742511,3096600
1994-01-14,5.4724555015563965,5.52190540180321,5.439489027149453,5.4724555015563965,2769000
1994-01-17,5.4724555015563965,5.554872253482951,5.423005601309583,5.5054223532361375,3430500
1994-01-18,5.340590953826904,5.505424133715005,5.3241075226562184,5.488940702544318,3756600
1994-01-19,5.093337535858154,5.340586930802725,5.076854117104304,5.324103512048874,8145300
1994-01-20,5.010922908782959,5.109822700553197,4.994439484396998,5.093339276167235,5243700
1994-01-21,4.961474418640137,5.027407380319341,4.928507560527662,5.0109243285359755,8094600
1994-01-24,4.977956771850586,5.043890101550023,4.944990295637277,4.961473722380341,7584900
1994-01-25,4.912023544311523,4.994439918865231,4.895540118491662,4.977956493045371,5227200
1994-01-26,4.994439125061035,5.043889017388372,4.912022763606386,4.9285058095336725,6293700
1994-01-27,5.07685661315918,5.093340040017166,5.010923660272877,5.027406709858042,3560100
1994-01-28,5.159275054931641,5.175758109899328,5.126308190450376,5.175758109899328,4384500
1994-01-31,5.208723068237305,5.274656018525641,5.175756215820329,5.208723068237305,5171700
1994-02-01,5.093337535858154,5.208720712589833,5.076854117104304,5.192237293835983,5022000
1994-02-02,5.159275054931641,5.159275054931641,5.076858271001424,5.126308190450376,3367200
1994-02-03,4.994439125061035,5.159272225243071,4.961472655933723,5.142788802043046,4615200
1994-02-04,4.879054069519043,5.027403690321371,4.846087612876057,4.9944372336783855,9891300
1994-02-07,4.912023544311523,4.961473444498307,4.862573644124739,4.879056692671801,5472600
1994-02-08,4.86257266998291,4.928505605508105,4.84608924746525,4.912022560263168,3797700
1994-02-09,4.928507328033447,4.944990756312106,4.8625743694645225,4.8625743694645225,2974200
1994-02-10,4.879054069519043,4.9614707770354,4.862571029833847,4.94498736007761,2718600
1994-02-11,4.829606533050537,4.944989753045866,4.829606533050537,4.879056430580995,2242500
1994-02-14,4.813122749328613,4.862572639296809,4.796639326914975,4.84608921688317,3293400
1994-02-15,4.829606533050537,4.829606533050537,4.7636735878584435,4.8131234853889024,6871500
1994-02-16,4.846091270446777,4.862574699845379,4.813124788922453,4.846091270446777,2501100
1994-02-17,4.829606533050537,4.928506328111454,4.79664006045449,4.879056430580995,4932300
1994-02-18,4.813122749328613,4.879055684437728,4.796639326914975,4.862572639296809,3020400
1994-02-22,4.895541191101074,4.912024620532442,4.796641369058628,4.846091280079851,3284100
1994-02-23,4.9449896812438965,4.961473105938967,4.895539784431457,4.912023209126528,2510400
1994-02-24,4.928507328033447,4.994440663875227,4.846090941185864,4.928507328033447,3522000
1994-02-25,4.994439125061035,4.994439125061035,4.879055917206336,4.961472655933723,1742400
1994-02-28,4.912023544311523,5.043889819052016,4.912023544311523,5.027406393232155,2007900
1994-03-01,4.912023544311523,4.977956493045371,4.879056692671801,4.928506592858586,3124800
1994-03-02,4.879054069519043,4.895537486476833,4.829604195918267,4.829604195918267,2757600
1994-03-03,4.747191429138184,4.895541161298752,4.747191429138184,4.895541161298752,3877500
1994-03-04,4.7966413497924805,4.829607831249922,4.730708009604717,4.829607831249922,3477300
1994-03-07,4.7966413497924805,4.862574689980244,4.7966413497924805,4.813124779157641,3264300
1994-03-08,4.7966413497924805,4.813124779157641,4.763674868335038,4.813124779157641,2622000
1994-03-09,4.730707168579102,4.796640497045231,4.697740692982443,4.796640497045231,3395100
1994-03-10,4.730707168579102,4.730707168579102,4.697740692982443,4.730707168579102,3537000
1994-03-11,4.7966413497924805,4.829607831249922,4.714224957512435,4.730708009604717,5129400
1994-03-14,4.994439125061035,5.027405594188346,4.862572871279049,4.879055917206336,5596800
1994-03-15,5.02740478515625,5.0438882057036905,4.994438321334046,4.994438321334046,3251400
1994-03-16,5.1427903175354,5.1427903175354,5.010924024894673,5.027407075679234,4234800
1994-03-17,5.109822750091553,5.159272646456075,5.0603728537270305,5.142789221910311,2315400
1994-03-18,5.060372829437256,5.093339301097775,5.043889404970613,5.093339301097775,3957600
1994-03-21,5.02740478515625,5.060371626251131,4.994438321334046,5.060371626251131,2065200
1994-03-22,5.060372829437256,5.142789197224938,5.010922933310093,5.010922933310093,2269500
1994-03-23,5.043888568878174,5.126304923004236,5.01092210268229,5.0603719906124685,1848600
1994-03-24,5.010922908782959,5.060372804668078,4.977956060011037,5.027405955896155,2156700
1994-03-25,4.912023544311523,5.027406393232155,4.912023544311523,5.010923344685092,1749300
1994-03-28,4.895541191101074,4.961474531553665,4.846091280079851,4.944991102122297,1930800
1994-03-29,4.829606533050537,4.895539855515407,4.829606533050537,4.879056430580995,2843400
1994-03-30,4.730336666107178,4.880241705327774,4.713680804790375,4.796961255059074,4096500
1994-03-31,4.846930503845215,4.913555105200974,4.5970887252964925,4.730337546779711,5024700
1994-04-04,4.780303478240967,4.830271808610134,4.730335147871799,4.763647622269982,2387700
1994-04-05,4.846930503845215,4.880242613908945,4.730337546779711,4.8302742581992,2484600
1994-04-06,4.846930503845215,4.880242613908945,4.763650038071741,4.846930503845215,2445900
1994-04-07,5.063458442687988,5.113426781328895,4.86358508812436,4.880240946852549,4100100
1994-04-08,5.013492584228516,5.1134293109491615,4.963524220868193,5.030148451196384,3961200
1994-04-11,5.163394451141357,5.1967065455109,5.013489454636235,5.013489454636235,3108900
1994-04-12,5.1300835609436035,5.213364394446731,5.1300835609436035,5.146739803889877,3848100
1994-04-13,5.030146598815918,5.180051633693494,5.013490737981666,5.180051633693494,3686100
1994-04-14,5.063458442687988,5.096770541372537,4.946865525449815,5.030145962775271,2197200
1994-04-15,5.080114364624023,5.096770604787623,5.030146025361399,5.046802265524999,1516200
1994-04-18,4.996832370758057,5.130081106902253,4.996832370758057,5.080112783194672,1649400
1994-04-19,4.930208206176758,5.0134890064986255,4.871911950933919,4.996832770188635,3626700
1994-04-20,4.846930503845215,4.963523460910719,4.8302742581992,4.946867215264704,5080500
1994-04-21,4.89689826965332,4.996834969034,4.79696157027264,4.84692991996298,3812400
1994-04-22,4.796962261199951,4.913555221013553,4.746993904312451,4.913555221013553,2046300
1994-04-25,4.697022914886475,4.813615809353306,4.630398349301415,4.796959572650017,3999000
1994-04-26,4.730336666107178,4.746992908652209,4.680368319700312,4.730336666107178,1761600
1994-04-28,4.6637115478515625,4.713679884502729,4.6637115478515625,4.697023645209622,1812000
1994-04-29,4.630402565002441,4.730339313752339,4.613746694363086,4.6470588168702385,3655200
1994-05-02,4.730336666107178,4.780305012514043,4.647056215838478,4.663712458383509,2892000
1994-05-03,4.74699068069458,4.813615238376836,4.680366123012323,4.763646915422156,1962000
1994-05-04,4.74699068069458,4.763646915422156,4.680366123012323,4.763646915422156,1818300
1994-05-05,4.697022914886475,4.763647480471534,4.663710822707992,4.746991243768246,1934700
1994-05-06,4.613741874694824,4.680366050111298,4.563773552518447,4.630397727934921,2182200
1994-05-09,4.56377649307251,4.6637132018169565,4.56377649307251,4.597088602244562,2189700
1994-05-10,4.6803669929504395,4.6803669929504395,4.613742804112819,4.630398660708164,2518800
1994-05-11,4.580430507659912,4.680367176054151,4.580430507659912,4.680367176054151,1141200
1994-05-12,4.580430507659912,4.647055080332117,4.580430507659912,4.630398841857032,2021100
1994-05-13,4.59708833694458,4.6137445811835125,4.513807878206456,4.59708833694458,2798700
1994-05-16,4.630402565002441,4.6637150687380355,4.580434190627492,4.613746694363086,1791000
1994-05-17,4.763648986816406,4.780304847558459,4.580431468828095,4.680368158193278,4293000
1994-05-18,4.9801788330078125,4.9801788330078125,4.813617917926412,4.896898375467113,5691900
1994-05-19,4.930208206176758,4.980176533878644,4.863584023392966,4.980176533878644,2327100
1994-05-20,4.81361722946167,4.930209777097418,4.81361722946167,4.9135539167084294,1754400
1994-05-23,4.796962261199951,4.830274372048848,4.763650150351054,4.813618507238553,1650900
1994-05-24,4.9135541915893555,4.946866295459132,4.846929602621574,4.863585845170577,2070600
1994-05-25,4.946867942810059,4.946867942810059,4.846931216692684,4.913555827847052,2215800
1994-05-26,4.930208206176758,4.946864442486748,4.880239878474871,4.946864442486748,1294200
1994-05-27,5.063458442687988,5.063458442687988,4.896897186808908,4.930209285493456,2743500
1994-05-31,5.113426208496094,5.1300820653584065,5.013489542409708,5.046801637362461,2860500
1994-06-01,5.296642303466797,5.296642303466797,5.113425243944907,5.130081097665408,5343300
1994-06-02,5.246676921844482,5.279989029192802,5.230020677556188,5.279989029192802,1974900
1994-06-03,5.313300609588623,5.313300609588623,5.230019783610272,5.246676025051583,2232300
1994-06-06,5.379924774169922,5.396581015491332,5.313300571340681,5.3299564314338905,3385800
1994-06-07,5.279989719390869,5.379926435727784,5.263333854153596,5.363270570490511,2502300
1994-06-08,5.279989719390869,5.3299580775593265,5.263333854153596,5.3299580775593265,1781100
1994-06-09,5.263332366943359,5.329956571523716,5.263332366943359,5.313300710992732,2001600
1994-06-10,5.329956531524658,5.329956531524658,5.296644429484473,5.31330067111867,2340000
1994-06-13,5.4465508460998535,5.4465508460998535,5.313302022812656,5.329957887455865,3447900
1994-06-14,5.379924774169922,5.446549358227363,5.363268914076712,5.413237256812742,3113100
1994-06-15,5.379924774169922,5.429893116905952,5.363268914076712,5.363268914076712,2582700
1994-06-16,5.379924774169922,5.379924774169922,5.346612672755302,5.363268914076712,3433800
1994-06-17,5.313300609588623,5.396581054338771,5.313300609588623,5.37992481289746,3454200
1994-06-20,5.246676921844482,5.296645273481096,5.180052325919574,5.279989029192802,2804700
1994-06-21,5.163394451141357,5.246674877679275,5.130081975543695,5.230018639880443,2295300
1994-06-22,5.2133660316467285,5.2466781467723385,5.180053535292761,5.196709783469745,1368300
1994-06-23,5.180048942565918,5.24667349497494,5.163393090384677,5.230017261565679,2641800
1994-06-24,5.113426208496094,5.1467383034488465,5.096769970405654,5.1300820653584065,2284800
1994-06-27,5.2133660316467285,5.2966465100749325,5.03014844538498,5.113429305041541,2889300
1994-06-28,5.196708679199219,5.2133649238368465,5.14674032651461,5.196708679199219,3623400
1994-06-29,5.163739204406738,5.28147892668738,5.146919079089855,5.163739204406738,4971300
1994-06-30,5.180561542510986,5.197381676262241,5.14692165998785,5.180561542510986,2342100
1994-07-01,5.231018543243408,5.231018543243408,5.180558556057847,5.180558556057847,1514100
1994-07-05,5.163739204406738,5.247839061032794,5.163739204406738,5.231018935715911,3069900
1994-07-06,5.130100250244141,5.180560253967785,5.079640246520496,5.163740509379421,1843800
1994-07-07,5.180561542510986,5.180561542510986,5.130101526236595,5.180561542510986,1367700
1994-07-08,5.146918773651123,5.180558637309385,5.113278909992861,5.113278909992861,1779900
1994-07-11,5.163739204406738,5.163739204406738,5.096459088118387,5.146919079089855,1993200
1994-07-12,5.146918773651123,5.180558637309385,5.096458785674151,5.180558637309385,1551300
1994-07-13,5.146918773651123,5.163738897969832,5.130098649332414,5.163738897969832,1624500
1994-07-14,5.2646636962890625,5.281483451035298,5.18056338263985,5.18056338263985,3294000
1994-07-15,5.1973795890808105,5.264659712087874,5.180559462084241,5.264659712087874,1992600
1994-07-18,5.214199066162109,5.231018806082993,5.163739076441119,5.231018806082993,2116500
1994-07-19,5.163739204406738,5.214199195378208,5.113279213435269,5.214199195378208,4179300
1994-07-20,5.062822341918945,5.163742386043712,4.995542184175962,5.1469222503631125,3783000
1994-07-21,5.096459865570068,5.130099736356329,5.045999866901058,5.062819994783807,2773500
1994-07-22,5.096459865570068,5.130099736356329,5.079639737687319,5.113279993452817,693900
1994-07-25,5.146918773651123,5.180558637309385,5.096458785674151,5.096458785674151,959400
1994-07-26,5.146918773651123,5.197378761628094,5.096458785674151,5.130098649332414,1474200
1994-07-27,5.045999050140381,5.0964590406417845,5.0291789249801875,5.079638915481592,3070500
1994-07-28,5.062822341918945,5.079642092620129,5.012362319856562,5.029182070557745,1676100
1994-07-29,5.163739204406738,5.214199195378208,5.113279213435269,5.113279213435269,2982300
1994-08-01,5.214199066162109,5.214199066162109,5.113279086720127,5.163739076441119,1535100
1994-08-02,5.231018543243408,5.281478530428969,5.214198804167655,5.2478386672983115,2453100
1994-08-03,5.231018543243408,5.2478386672983115,5.197378680112751,5.197378680112751,1240500
1994-08-04,5.113280296325684,5.18056004188336,5.113280296325684,5.163740297983571,3062700
1994-08-05,5.096459865570068,5.113279993452817,5.079639737687319,5.113279993452817,1611600
1994-08-08,5.113280296325684,5.146920169104521,5.096460167446634,5.113280296325684,1015500
1994-08-09,5.096459865570068,5.130099736356329,5.096459865570068,5.130099736356329,1179300
1994-08-10,5.096459865570068,5.130099736356329,5.096459865570068,5.130099736356329,1779000
1994-08-11,5.113280296325684,5.146920169104521,5.096460167446634,5.096460167446634,1615200
1994-08-12,5.163739204406738,5.163739204406738,5.113279213435269,5.113279213435269,737400
1994-08-15,5.163739204406738,5.180558944744442,5.146919079089855,5.163739204406738,1247100
1994-08-16,5.2646636962890625,5.281483451035298,5.163743627893614,5.18056338263985,2535000
1994-08-17,5.231018543243408,5.315118778538776,5.214198804167655,5.264658791353216,1738800
1994-08-18,5.1973795890808105,5.231019458094734,5.1973795890808105,5.231019458094734,994500
1994-08-19,5.214199066162109,5.247838930983047,5.180558816362002,5.214199066162109,1998000
1994-08-22,5.247840881347656,5.3151210209734225,5.197380872873159,5.197380872873159,1558200
1994-08-23,5.298300266265869,5.348760268801734,5.281480137094158,5.281480137094158,2649000
1994-08-24,5.331941604614258,5.331941604614258,5.264661839400413,5.315121855800483,1466400
1994-08-25,5.298300266265869,5.3319401396300234,5.281480137094158,5.3319401396300234,1417200
1994-08-26,5.331941604614258,5.365581872200553,5.298301722007335,5.315121855800483,1141800
1994-08-29,5.315120697021484,5.382400447567297,5.298300566895387,5.348760572294391,921600
1994-08-30,5.281481742858887,5.315122011430188,5.23102172498132,5.315122011430188,1659900
1994-08-31,5.214199066162109,5.2646590558831,5.180558816362002,5.247838930983047,2282700
1994-09-01,5.163739204406738,5.180558944744442,5.146919079089855,5.180558944744442,1202700
1994-09-02,5.163739204406738,5.1973790700613245,5.130098953772973,5.1973790700613245,1181400
1994-09-06,5.146918773651123,5.180558637309385,5.104868655343927,5.146918773651123,1082700
1994-09-07,5.113280296325684,5.163740297983571,5.079640038567584,5.146920169104521,1241100
1994-09-08,5.130100250244141,5.163740509379421,5.096460376088136,5.130100250244141,1607700
1994-09-09,5.012359619140625,5.079639355653111,4.961899624266656,5.045999487396868,2815500
1994-09-12,4.928260803222656,5.062821085310325,4.911441056696188,5.0291808222987475,2940900
1994-09-13,4.9450812339782715,4.978721114046233,4.911441353910309,4.9450812339782715,1893900
1994-09-14,4.9619011878967285,4.978720934835605,4.928260924060314,4.945081055978521,1339800
1994-09-15,4.978719234466553,4.995539360640226,4.961899493272079,4.961899493272079,1817100
1994-09-16,4.978719234466553,4.978719234466553,4.911439499730259,4.945079367098406,3546000
1994-09-19,4.877799987792969,4.9955401189222695,4.877799987792969,4.978719990195439,2065800
1994-09-20,4.877799987792969,4.945080117721035,4.81052024284416,4.844160115318564,4287900
1994-09-21,4.911438941955566,4.961898929766825,4.894618817692095,4.945078805503353,4756800
1994-09-22,4.894622325897217,4.9450823498755385,4.860982438238146,4.928262213556288,2696700
1994-09-23,4.860980033874512,4.911440032894042,4.844159905874921,4.877799776894862,2965800
1994-09-26,4.776882171630859,4.844162332351103,4.743242283760455,4.8273421959261835,5095800
1994-09-27,4.776882171630859,4.810522444480698,4.760062420185374,4.793702308055779,2436900
1994-09-28,4.793698787689209,4.844158774928043,4.7768786636165474,4.793698787689209,2374800
1994-09-29,4.776882171630859,4.793702308055779,4.743242283760455,4.793702308055779,4125300
1994-09-30,4.76870584487915,4.819799120396389,4.751674623103153,4.802767898620391,3539400
1994-10-03,4.71761417388916,4.78573830454162,4.7005829463206,4.768707466783949,2613900
1994-10-04,4.666517734527588,4.751673035331419,4.649486518442571,4.734641819246402,2271300
1994-10-05,4.64948844909668,4.6580038657698175,4.581363946279213,4.64948844909668,6531000
1994-10-06,4.64948844909668,4.683550505600019,4.61542639259334,4.64948844909668,2321100
1994-10-07,4.785735130310059,4.802766346582334,4.632455353291474,4.632455353291474,2938800
1994-10-10,4.8879241943359375,4.8879241943359375,4.785737623096783,4.785737623096783,3601500
1994-10-11,4.8879241943359375,4.921986644622878,4.870893359003301,4.870893359003301,3576000
1994-10-12,5.024172782897949,5.024172782897949,4.921986220464844,4.921986220464844,3890100
1994-10-13,5.024172782897949,5.143390179196039,5.007141559222165,5.092296897979486,2111700
1994-10-14,5.092294692993164,5.1093259092943555,4.956046132015525,5.041201433900221,2718300
1994-10-17,5.126358509063721,5.126358509063721,5.058234015284592,5.109327288166254,2036100
1994-10-18,5.126358509063721,5.194482613032113,5.092296067268788,5.177451781945384,3954000
1994-10-19,5.092294692993164,5.126357125595548,5.007139391108469,5.126357125595548,3704700
1994-10-20,5.007144451141357,5.075268995379609,4.9560511404154255,5.075268995379609,1937400
1994-10-21,4.956047534942627,4.990109587376453,4.8879230402642335,4.990109587376453,2580000
1994-10-24,4.819799423217773,4.97307925939985,4.802768200371727,4.9560480365538035,2251500
1994-10-25,4.8879241943359375,4.921986644622878,4.8027688482402535,4.819800073383724,3159600
1994-10-26,4.939015865325928,4.956047084901667,4.853860547068643,4.921985035560894,2673900
1994-10-27,5.041203498840332,5.041203498840332,4.973079385352338,4.973079385352338,1740600
1994-10-28,5.092294692993164,5.1093259092943555,5.02417060740966,5.02417060740966,2046300
1994-10-31,5.177453517913818,5.194484354710884,5.007142421267098,5.041204484672095,2274900
1994-11-01,5.041203498840332,5.177452505437903,5.024172665373729,5.177452505437903,2079000
1994-11-02,4.973077774047852,5.0582330832224525,4.973077774047852,5.041201865463266,1250100
1994-11-03,5.058233737945557,5.058233737945557,4.956047197785041,4.990109247901641,1155600
1994-11-04,4.956047534942627,5.0752653031771295,4.939016313820343,5.0752653031771295,1126500
1994-11-07,4.904955863952637,4.990111217764857,4.8879246372658445,4.956049154202143,1318500
1994-11-08,4.9219841957092285,4.9390150225682445,4.870890935510899,4.9219841957092285,1541100
1994-11-09,4.8879241943359375,4.973079930242455,4.870893359003301,4.973079930242455,2380200
1994-11-10,4.904955863952637,4.921987090639428,4.85386257370313,4.8879246372658445,2544000
1994-11-11,4.8879241943359375,4.921986644622878,4.8879241943359375,4.904955419479408,1777500
1994-11-14,4.956047534942627,4.956047534942627,4.904954261386518,4.904954261386518,2673900
1994-11-15,4.973077774047852,4.990108601996373,4.921984510580958,4.921984510580958,3113400
1994-11-16,4.956047534942627,5.007140808498736,4.921985482508801,4.956047534942627,1965300
1994-11-17,4.870893478393555,4.9560488265764775,4.836831027271711,4.9560488265764775,4731600
1994-11-18,4.819799423217773,4.853861479099086,4.768706144490415,4.853861479099086,4005600
1994-11-21,4.802768707275391,4.853861991395341,4.7857374826317995,4.819799931918982,3359100
1994-11-22,4.666517734527588,4.83682833613525,4.666517734527588,4.802766293775843,5414700
1994-11-23,4.939015865325928,4.956047084901667,4.615425422061822,4.649487471402595,5490900
1994-11-25,4.904955863952637,4.956049154202143,4.870893800389922,4.921987090639428,912600
1994-11-28,4.853859901428223,4.9049531635485195,4.8197978566182424,4.9049531635485195,2598900
1994-11-29,5.007144451141357,5.007144451141357,4.802771208237629,4.853864518963561,2042100
1994-11-30,4.956047534942627,5.041202860932562,4.904954261386518,5.007140808498736,1479000
1994-12-01,4.990110874176025,5.041204160907557,4.939017587444493,5.00714209969015,6361200
1994-12-02,5.092294692993164,5.092294692993164,5.007139391108469,5.007139391108469,3129900
1994-12-05,5.177453517913818,5.194484354710884,5.109329001292957,5.109329001292957,3757800
1994-12-06,5.245574474334717,5.245574474334717,5.143387956069686,5.177450388698451,3416700
1994-12-07,5.143389701843262,5.245576254792537,5.143389701843262,5.211514200413033,2929800
1994-12-08,5.041203498840332,5.1433900588831145,5.0071414420963345,5.1433900588831145,3754500
1994-12-09,5.041203498840332,5.109328002139117,5.024172665373729,5.092296778861723,4146600
1994-12-12,5.092294692993164,5.092294692993164,5.02417060740966,5.02417060740966,1500300
1994-12-13,5.16041898727417,5.2285434602773675,5.109325729974425,5.109325729974425,3865200
1994-12-14,5.177453517913818,5.262608871331746,5.160422291305887,5.177453517913818,5254500
1994-12-15,5.092294692993164,5.194481211179051,5.092294692993164,5.143387952086107,2548800
1994-12-16,5.058233737945557,5.092295788062157,5.041202517981899,5.092295788062157,3495000
1994-12-19,5.075265407562256,5.117842876527561,5.041202964617112,5.058234186089684,2082300
1994-12-20,5.058233737945557,5.109327008025815,5.058233737945557,5.092295788062157,1761300
1994-12-21,5.007144451141357,5.143393149806835,5.007144451141357,5.092299839080903,1559700
1994-12-22,4.990110874176025,5.00714209969015,4.887924300712961,5.00714209969015,1667100
1994-12-23,4.990110874176025,5.041204160907557,4.990110874176025,5.041204160907557,1140000
1994-12-27,4.956047534942627,5.02417202962102,4.904954261386518,5.02417202962102,1169100
1994-12-28,4.990110874176025,5.00714209969015,4.956048812958618,4.973080038472743,704100
1994-12-29,4.973077774047852,4.990108601996373,4.921984510580958,4.973077774047852,3324300
1994-12-30,4.947566986083984,5.0165227568762045,4.947566986083984,4.999283715536317,10930800
1995-01-03,4.999279499053955,5.016518525854138,4.930324180987225,4.947562813220407,2048700
1995-01-04,5.085476875305176,5.085476875305176,4.9992820911793086,5.016521126917923,2487300
1995-01-05,5.1371941566467285,5.154432799726475,5.068238400626,5.10271608135274,3537900
1995-01-06,5.1544318199157715,5.22338756282864,5.1544318199157715,5.1544318199157715,2355300
1995-01-09,5.188910484313965,5.206149126095703,5.154432411616052,5.171671447965009,1068900
1995-01-10,5.1371941566467285,5.188910875020463,5.1371941566467285,5.171671837373469,975900
1995-01-11,5.1371941566467285,5.188910875020463,5.033760719899259,5.154432799726475,2649300
1995-01-12,5.11995267868042,5.137191708110788,5.1027136492500516,5.11995267868042,1642800
1995-01-13,5.292344570159912,5.292344570159912,5.11995536897503,5.171672089873768,4259400
1995-01-16,5.361299991607666,5.49921151183914,5.326822308833433,5.326822308833433,5539200
1995-01-17,5.292344570159912,5.3612999349800505,5.240627849261174,5.34406129105865,3645300
1995-01-18,5.223387241363525,5.292342980032622,5.17167053600349,5.292342980032622,3465300
1995-01-19,5.1371941566467285,5.188910875020463,5.10271608135274,5.154432799726475,1978500
1995-01-20,5.050999164581299,5.188910671205744,5.050999164581299,5.154432597266016,2694900
1995-01-23,5.1544318199157715,5.1544318199157715,4.94756498574434,4.964804020114351,3570000
1995-01-24,5.206151485443115,5.257868223359992,5.154434747526239,5.154434747526239,2414700
1995-01-25,5.2578654289245605,5.326821174354457,5.188910078061851,5.223387753493205,2280600
1995-01-26,5.223387241363525,5.2751039467235605,5.206148208054464,5.257864913414499,1814700
1995-01-27,5.344061374664307,5.361300018855399,5.240627931248658,5.240627931248658,2543700
1995-01-30,5.275104522705078,5.326821233711991,5.240626846889534,5.309582198520623,1042200
1995-01-31,5.378536224365234,5.395775254042607,5.240625170647456,5.275102835435134,1992900
1995-02-01,5.326822757720947,5.395778523647537,5.309583717597474,5.378539483524063,2756700
1995-02-02,5.361299991607666,5.361299991607666,5.292344626059201,5.292344626059201,1766400
1995-02-03,5.464735507965088,5.50783292371065,5.3957801162530945,5.3957801162530945,4623900
1995-02-06,5.48197078704834,5.499209820416787,5.395776409340404,5.4302540815101485,5180700
1995-02-07,5.4474968910217285,5.533691328478673,5.4474968910217285,5.499213632409379,2707200
1995-02-08,5.499208927154541,5.533686593723917,5.430253199448703,5.430253199448703,3959700
1995-02-09,5.464735507965088,5.516452249032794,5.464735507965088,5.516452249032794,1944000
1995-02-10,5.499208927154541,5.499208927154541,5.4819698965863095,5.499208927154541,1961700
1995-02-13,5.516451358795166,5.585407133946589,5.464734626073438,5.499212710932828,1757400
1995-02-14,5.533689498901367,5.585406223190165,5.507831136756968,5.51645045928267,3444000
1995-02-15,5.568166732788086,5.6371224911131135,5.550928089132275,5.585405771011158,3130800
1995-02-16,5.48197078704834,5.568165164756277,5.48197078704834,5.568165164756277,1959600
1995-02-17,5.499208927154541,5.516447563155685,5.4819698965863095,5.499208927154541,2552100
1995-02-21,5.516451358795166,5.550929443654556,5.516451358795166,5.516451358795166,2127900
1995-02-22,5.499208927154541,5.533686593723917,5.499208927154541,5.516447563155685,3685800
1995-02-23,5.516451358795166,5.550929443654556,5.499212710932828,5.533690401224861,2869800
1995-02-24,5.499208927154541,5.516447563155685,5.4819698965863095,5.516447563155685,2587800
1995-02-27,5.4474968910217285,5.516452283160314,5.4474968910217285,5.481974587091021,2244300
1995-02-28,5.533689498901367,5.533689498901367,5.464733734993873,5.4819727746125695,2756400
1995-03-01,5.516451358795166,5.568168091516894,5.499212710932828,5.516451358795166,4049100
1995-03-02,5.48197078704834,5.5164484592180845,5.48197078704834,5.499209820416787,1659600
1995-03-03,5.464735507965088,5.481974553176797,5.4474968573208,5.481974553176797,1187700
1995-03-06,5.395776748657227,5.395776748657227,5.344060039866797,5.395776748657227,2977800
1995-03-07,5.2578654289245605,5.395776919784354,5.206148718493934,5.395776919784354,4608000
1995-03-08,5.206151485443115,5.344063049599718,5.171673791687663,5.309584961276869,5466900
1995-03-09,5.188910484313965,5.206149126095703,5.085477055354665,5.206149126095703,5802900
1995-03-10,5.378536224365234,5.395775254042607,5.188908476182405,5.206147111292712,4826400
1995-03-13,5.361299991607666,5.395778068949171,5.257866548717697,5.361299991607666,5333100
1995-03-14,5.378536224365234,5.430252918830285,5.326819529900185,5.361297194687863,3689100
1995-03-15,5.43025541305542,5.43025541305542,5.326821976616269,5.361299657240237,2574600
1995-03-16,5.43025541305542,5.464733093679388,5.413016375459812,5.413016375459812,1493400
1995-03-17,5.43025541305542,5.447494450651027,5.378538694835845,5.447494450651027,3441300
1995-03-20,5.43025541305542,5.43025541305542,5.413016375459812,5.43025541305542,759900
1995-03-21,5.361299991607666,5.430255751723403,5.344061347504185,5.413016713052651,1749900
1995-03-22,5.309581279754639,5.37853701402087,5.292342642113423,5.361297981812531,1995000
1995-03-23,5.344061374664307,5.361300018855399,5.292344652956483,5.309583297147575,1758300
1995-03-24,5.326822757720947,5.36130044340059,5.309583717597474,5.344061797844422,1614600
1995-03-27,5.309581279754639,5.326820311962978,5.275103609905084,5.326820311962978,1226100
1995-03-28,5.326822757720947,5.326822757720947,5.275106031917831,5.309583717597474,1720200
1995-03-29,5.309581279754639,5.3957760462292095,5.240625940055531,5.309581279754639,5056800
1995-03-30,5.309581279754639,5.344059344171316,5.292342642113423,5.309581279754639,4765800
1995-03-31,5.266332626342773,5.301209268318376,5.248894704483419,5.266332626342773,2008500
1995-04-03,5.3186492919921875,5.3186492919921875,5.231458450854153,5.266334707483646,1633500
1995-04-04,5.388404846191406,5.405843182620073,5.336090236034209,5.353528572462874,2823300
1995-04-05,5.475593090057373,5.475593090057373,5.353525991296928,5.388402248210111,3446700
1995-04-06,5.719727039337158,5.73716496503895,5.562783313249814,5.562783313249814,9603600
1995-04-07,5.667413711547852,5.772042885304867,5.632537054209765,5.772042885304867,6467400
1995-04-10,5.649978160858154,5.667416498101273,5.615101885500735,5.632539823615034,2291400
1995-04-11,5.59766149520874,5.7022906820350725,5.59766149520874,5.7022906820350725,2290800
1995-04-12,5.580224514007568,5.597662849072524,5.562786578071382,5.597662849072524,1793400
1995-04-13,5.59766149520874,5.649976088621907,5.580223164361461,5.59766149520874,2326800
1995-04-17,5.667413711547852,5.702289969757316,5.615099124669344,5.632537054209765,2991300
1995-04-18,5.841796875,5.859235208066917,5.615100540773703,5.684853074783922,4028400
1995-04-19,5.754606246948242,5.8766737852294515,5.7022916447032586,5.824359182984468,3449100
1995-04-20,5.772044658660889,5.789482593558799,5.728449023158624,5.7371679906075785,2494500
1995-04-21,5.719727039337158,5.789479540401398,5.719727039337158,5.789479540401398,2731200
1995-04-24,5.824357032775879,5.841794961000728,5.667413283980678,5.7022895395589694,2101500
1995-04-25,5.85923433303833,5.911548925297601,5.806919740779059,5.841796002575685,3257700
1995-04-26,5.841796875,5.841796875,5.824358941061807,5.841796875,1165800
1995-04-27,5.806918621063232,5.841794876134864,5.789480293963123,5.841794876134864,1490100
1995-04-28,5.824357032775879,5.824357032775879,5.73716579513726,5.8069187054224365,1212600
1995-05-01,5.789480686187744,5.859233600185202,5.754604428753323,5.82435734275078,1725300
1995-05-02,5.806918621063232,5.824356948163342,5.789480293963123,5.806918621063232,3019200
1995-05-03,5.894111156463623,5.894111156463623,5.7894819619753415,5.806920294099623,5195400
1995-05-04,6.03361701965332,6.068493284798919,5.89411116081352,5.911549492950671,5972400
1995-05-05,6.03361701965332,6.08593161693607,5.998740355379019,6.068493284798919,2440800
1995-05-08,6.138247489929199,6.19056209808448,6.033618273618638,6.0510562102512075,4267200
1995-05-09,6.190558433532715,6.190558433532715,6.051052628281046,6.1731201080941185,4129800
1995-05-10,6.190558433532715,6.242873010719953,6.155681782655523,6.207996359842761,3681000
1995-05-11,6.207998275756836,6.295189530730254,6.173122013244672,6.190560344065091,4398900
1995-05-12,6.277749538421631,6.31262579170334,6.190558705653075,6.207996632729646,3171300
1995-05-15,6.260313510894775,6.330066442198824,6.242875577415298,6.277751843502966,2060700
1995-05-16,6.3475022315979,6.487007639182633,6.295187653862556,6.295187653862556,3164400
1995-05-17,6.277749538421631,6.434693276882172,6.260311212216493,6.330064117908478,3824100
1995-05-18,6.277749538421631,6.364940371190187,6.242873285139922,6.242873285139922,1661700
1995-05-19,6.207998275756836,6.260312869089418,6.173122013244672,6.260312869089418,2171700
1995-05-22,6.36494255065918,6.417257148059471,6.225437090634638,6.225437090634638,1772400
1995-05-23,6.556759834289551,6.609074406373966,6.364939470561021,6.382377794298663,5442900
1995-05-24,6.417257785797119,6.626516196194077,6.3998198510165345,6.556763658814253,3512100
1995-05-25,6.521883964538574,6.539322290355709,6.382378555387171,6.452131459527152,1663200
1995-05-26,6.4521355628967285,6.504450174490137,6.434697225989321,6.48701183758273,760500
1995-05-30,6.36494255065918,6.469571745459762,6.33006628543522,6.452133812412134,1479300
1995-05-31,6.434695243835449,6.452133575371125,6.277751457400439,6.3300660528787756,2162700
1995-06-01,6.539322853088379,6.539322853088379,6.434693687438965,6.434693687438965,2588400
1995-06-02,6.6613922119140625,6.8008976721459495,6.521886352553471,6.539324684755721,3760200
1995-06-05,6.556759834289551,6.731141076023418,6.521883186814267,6.643950654720739,3772200
1995-06-06,6.556759834289551,6.643950654720739,6.556759834289551,6.574197758898682,1641300
1995-06-07,6.504451274871826,6.539327555457976,6.452136654428163,6.504451274871826,1609200
1995-06-08,6.277749538421631,6.469569530163881,6.260311212216493,6.469569530163881,2822100
1995-06-09,6.138247489929199,6.260314642872331,6.033618273618638,6.242876706239761,5850600
1995-06-12,6.242877006530762,6.347506227874133,6.225438669930598,6.277753280602283,3283200
1995-06-13,6.4521355628967285,6.521888112268733,6.277753391209094,6.277753391209094,3338700
1995-06-14,6.487008571624756,6.539323156879794,6.434693986369718,6.452132314497601,2542800
1995-06-15,6.417257785797119,6.504449056215013,6.382381517107207,6.487010722305686,1713000
1995-06-16,6.3300628662109375,6.399815758110086,6.295186619825608,6.399815758110086,2332800
1995-06-19,6.539322853088379,6.6090757632308526,6.417255360121199,6.417255360121199,2607900
1995-06-20,6.643952369689941,6.713705682645572,6.487008612925612,6.521884870274814,3337500
1995-06-21,6.678833961486816,6.766025672322197,6.626519334114521,6.731148189730181,3398400
1995-06-22,6.748581409454346,6.80089599402376,6.661390568214858,6.6788284969855924,2190300
1995-06-23,6.6613922119140625,6.73114434333695,6.591639282233767,6.696268477189858,1453800
1995-06-26,6.626513481140137,6.661390134668924,6.609075553504322,6.626513481140137,2271600
1995-06-27,6.5742011070251465,6.731144504078429,6.5742011070251465,6.60907777226251,1996800
1995-06-28,6.731142997741699,6.748581725586549,6.574199635810171,6.609076293242621,2483700
1995-06-29,6.626513481140137,6.731142244340762,6.591637226739928,6.731142244340762,3125100
1995-06-30,6.591639041900635,6.6962682330419145,6.591639041900635,6.626515305904832,2046000
1995-07-03,6.626887321472168,6.6621365869372635,6.609262487040936,6.6621365869372635,674100
1995-07-05,6.64451265335083,6.697386760415684,6.609263383106735,6.626888219927494,1855500
1995-07-06,6.82075834274292,6.838383579166094,6.521138601687692,6.591637126996371,3534600
1995-07-07,6.961757183074951,7.032256533302136,6.767885986937394,6.78551122789163,4557300
1995-07-10,7.208505153656006,7.243754027116844,6.662138740268046,6.944134568724735,7273500
1995-07-11,7.0498809814453125,7.155629188099044,6.997006878118446,7.138003949126896,3010800
1995-07-12,7.102755546569824,7.1203791730982235,6.926507986158046,7.014630959569093,4746000
1995-07-13,7.155629634857178,7.31425195474128,7.014630941455967,7.04988142160111,3772500
1995-07-14,6.979384899139404,7.15563253041546,6.979384899139404,7.15563253041546,3113100
1995-07-17,6.785512924194336,6.9970094141578985,6.785512924194336,6.9970094141578985,3018900
1995-07-18,7.01462984085083,7.155628512129154,6.7150104881658885,6.820758684829918,9026400
1995-07-19,7.067507266998291,7.102757758210676,6.820761896462526,6.944135388525502,7187100
1995-07-20,7.296625137329102,7.349499232527138,7.10275399279941,7.10275399279941,5903700
1995-07-21,7.102755546569824,7.279001493391919,7.049881439805259,7.279001493391919,4134300
1995-07-24,7.296625137329102,7.296625137329102,7.085128756536953,7.085128756536953,3149400
1995-07-25,7.349501609802246,7.367126851765776,7.261378627164304,7.29662749750151,2851800
1995-07-26,7.331876754760742,7.40237611274544,7.279002639669703,7.349501997654401,3172500
1995-07-27,7.349501609802246,7.420000964066511,7.331876367838716,7.331876367838716,1859100
1995-07-28,7.331876754760742,7.349501997654401,7.279002639669703,7.3142531254570216,2277000
1995-07-31,7.279000759124756,7.3318748605556605,7.2613771343741345,7.3318748605556605,1257900
1995-08-01,7.190877437591553,7.296625635203193,7.15562857625082,7.296625635203193,1231800
1995-08-02,7.384746551513672,7.490494719857969,7.296623615756424,7.296623615756424,3050100
1995-08-03,7.437626361846924,7.455251608003488,7.331878112088009,7.384752236967466,2361600
1995-08-04,7.455249309539795,7.455249309539795,7.38474996023882,7.402375200961499,1723800
1995-08-07,7.437626361846924,7.455251608003488,7.402377483124031,7.437626361846924,1549800
1995-08-08,7.6138715744018555,7.6138715744018555,7.437624009353385,7.437624009353385,3020100
1995-08-09,7.5786237716674805,7.631497887252161,7.543373285551058,7.5786237716674805,3689400
1995-08-10,7.508129119873047,7.596252163228559,7.490503865765558,7.543378014497058,2216400
1995-08-11,7.4200005531311035,7.578622881248468,7.402375312143697,7.543372399273656,2091600
1995-08-14,7.472874641418457,7.560997618927318,7.384750050319838,7.402375291257513,1223700
1995-08-15,7.472874641418457,7.472874641418457,7.402375291257513,7.420000532195189,1611600
1995-08-16,7.6138715744018555,7.6138715744018555,7.472874490516915,7.472874490516915,2888100
1995-08-17,7.508129119873047,7.596252163228559,7.455254971141546,7.596252163228559,1608600
1995-08-18,7.560997009277344,7.596245874720789,7.5257481438339,7.560997009277344,1752000
1995-08-21,7.543369770050049,7.578620239738394,7.525746148795078,7.560995004894222,1575600
1995-08-22,7.543369770050049,7.596243860993366,7.455246823007589,7.525746148795078,1285500
1995-08-23,7.543369770050049,7.560995004894222,7.508120913950906,7.508120913950906,1716600
1995-08-24,7.543369770050049,7.54336977005005,7.419997966908445,7.54336977005005,1617900
1995-08-25,7.666742324829102,7.666742324829102,7.5433689219688445,7.5433689219688445,3675900
1995-08-28,8.477482795715332,8.565605774045961,8.248361115747963,8.283609984362261,20838600
1995-08-29,8.371731758117676,8.459854706783595,8.336481287779923,8.459854706783595,11042700
1995-08-30,8.31886100769043,8.424609234001792,8.31886100769043,8.406983991753272,6509400
1995-08-31,8.213109970092773,8.318858160207318,8.177859497661707,8.318858160207318,6297300
1995-09-01,8.177865982055664,8.195491232246612,8.08974295828214,8.124991845073428,3233400
1995-09-05,8.213109970092773,8.248358828934512,8.1602358750355,8.177859497661707,3699000
1995-09-06,8.301236152648926,8.336485025200252,8.17786267833435,8.17786267833435,3171900
1995-09-07,8.248359680175781,8.283608542655248,8.213110817696315,8.265984918210261,2214900
1995-09-08,8.336479187011719,8.354104417739089,8.248356260552518,8.248356260552518,2387400
1995-09-11,8.45986270904541,8.45986270904541,8.283615031410045,8.318865535091573,2572500
1995-09-12,8.495107650756836,8.495107650756836,8.406984659692577,8.406984659692577,4066800
1995-09-13,8.45986270904541,8.512736850976944,8.442237457204646,8.49511159913618,2905200
1995-09-14,8.53036117553711,8.583235311721037,8.477487039353182,8.53036117553711,4525800
1995-09-15,8.600855827331543,8.600855827331543,8.512732836862961,8.530358080392675,5414100
1995-09-18,8.424603462219238,8.583225693012558,8.406978232045946,8.583225693012558,3945900
1995-09-19,8.53036117553711,8.60085894805529,8.354113517060492,8.389362403319582,4792500
1995-09-20,8.53036117553711,8.5656100617962,8.495110675687437,8.495110675687437,3555300
1995-09-21,8.28360366821289,8.512725173477834,8.230729598812408,8.512725173477834,4811100
1995-09-22,8.248359680175781,8.265984918210261,8.07211214059946,8.07211214059946,5030100
1995-09-25,8.265986442565918,8.292423497698229,8.23073595999631,8.28361007026093,3334200
1995-09-26,8.31886100769043,8.35410987859759,8.265986894534748,8.28361052319339,2548200
1995-09-27,8.45986270904541,8.477487960886174,8.230740889478511,8.26599139316004,3860100
1995-09-28,8.600855827331543,8.600855827331543,8.424609846394379,8.459858719863812,4345800
1995-09-29,8.583231925964355,8.688980156618577,8.565606682992003,8.583231925964355,2447700
1995-10-02,8.547979354858398,8.671352798389728,8.530355729775032,8.583229832204237,2927100
1995-10-03,8.618481636047363,8.636106880732914,8.512733395114267,8.530358639799816,4430100
1995-10-04,8.92056941986084,9.062729337761906,8.582937784586276,8.636247957161347,5163000
1995-10-05,8.885028839111328,9.027190393812209,8.813949688658358,8.902799440173306,4632300
1995-10-06,8.956109046936035,9.009419219834463,8.831718101207246,8.849488701139178,3644400
1995-10-09,8.93834114074707,9.044961518676052,8.867261973392987,8.920572162357479,4035900
1995-10-10,9.009419441223145,9.062729615431566,8.849488918597881,8.867259518966492,7157700
1995-10-11,9.044962882995605,9.044962882995605,8.973883704920116,8.991652685989937,2221800
1995-10-12,9.11604118347168,9.11604118347168,9.044960398026484,9.062731001112196,3367800
1995-10-13,9.11604118347168,9.204890945104934,9.098270580385968,9.151580762745452,5134500
1995-10-16,8.973885536193848,9.187126367731931,8.920575328309328,9.133816159847411,2557800
1995-10-17,8.92056941986084,9.062729337761906,8.885028220212556,9.044958737937765,2941500
1995-10-18,8.707329750061035,9.009420221092366,8.671788546247317,8.956110042269335,5309700
1995-10-19,8.618477821350098,8.725098172240603,8.565167645904845,8.68955859757625,4471800
1995-10-20,8.369696617126465,8.618476865994618,8.351926018315432,8.582937295269815,6297300
1995-10-23,8.440779685974121,8.476319266385095,8.29861811053481,8.29861811053481,3462000
1995-10-24,8.103147506713867,8.511858351814704,8.049837325748644,8.476318773470426,6540300
1995-10-25,8.014296531677246,8.227537223190634,7.818824813191731,8.103146277508703,10976100
1995-10-26,7.99652624130249,8.120917191799672,7.6588945910372415,8.120917191799672,11622900
1995-10-27,8.298617362976074,8.316387965029598,7.889906530925516,7.96098731224205,7055700
1995-10-30,8.227540969848633,8.351930345277637,7.9609899840748986,8.316390756140509,5277000
1995-10-31,8.085378646850586,8.316390023125619,8.032068454394652,8.263079830669685,2744400
1995-11-01,8.298617362976074,8.316387965029598,7.90767713297904,8.067607670768071,5197800
1995-11-02,8.582939147949219,8.582939147949219,8.209767880647078,8.26307806169024,3441600
1995-11-03,8.440779685974121,8.494089870039435,8.33415931784349,8.42300908231978,3318000
1995-11-06,8.298617362976074,8.494089104872153,8.263077785766589,8.440778925609143,2161500
1995-11-07,8.191996574401855,8.298616927330718,8.067607247249832,8.298616927330718,3843000
1995-11-08,8.440779685974121,8.440779685974121,8.156458161993205,8.19199774240418,3222900
1995-11-09,8.458551406860352,8.529632217640097,8.4052412055001,8.458551406860352,4054500
1995-11-10,8.458551406860352,8.476322016279846,8.33416202161859,8.387472222978841,1722600
1995-11-13,8.334160804748535,8.440781191901404,8.316390197923726,8.405239978251783,1265100
1995-11-14,8.067604064941406,8.263074092574328,8.049833470830475,8.245303498463395,1978200
1995-11-15,8.049840927124023,8.156461336754806,7.925449906921998,8.049840927124023,3932100
1995-11-16,8.191996574401855,8.280847953107559,8.067607247249832,8.085376221472991,3481500
1995-11-17,8.334160804748535,8.369700391500158,8.263080004347291,8.298619591098914,3720000
1995-11-20,8.351923942565918,8.405234098852288,8.316384380673956,8.351923942565918,1757100
1995-11-21,8.547399520874023,8.547399520874023,8.316388195370097,8.316388195370097,3453600
1995-11-22,8.582939147949219,8.618478726345455,8.547399569552981,8.565168545302292,2378700
1995-11-24,8.547399520874023,8.547399520874023,8.476318737588754,8.547399520874023,707100
1995-11-27,8.423011779785156,8.565171773853429,8.405241170439787,8.547402791406288,3215700
1995-11-28,8.423011779785156,8.440782389130526,8.369701578647275,8.440782389130526,2301600
1995-11-29,8.494085311889648,8.494085311889648,8.405233968195622,8.423004562313794,2433900
1995-11-30,8.529632568359375,8.618482365313685,8.494092974957312,8.511861958209193,3431700
1995-12-01,8.494085311889648,8.54739546734733,8.494085311889648,8.54739546734733,2377500
1995-12-04,8.67179012298584,8.68956072812382,8.494090579197412,8.51185955743755,3773400
1995-12-05,8.725098609924316,8.742869211596656,8.58293867723818,8.636248855357673,3269400
1995-12-06,8.86725902557373,8.88502799805623,8.725097484329835,8.760638683089466,3342300
1995-12-07,8.529632568359375,8.831723179522669,8.511861958209193,8.831723179522669,3629100
1995-12-08,8.618477821350098,8.654019022911896,8.547398672021389,8.600708847466642,2629200
1995-12-11,8.529632568359375,8.618482365313685,8.494092974957312,8.618482365313685,2121600
1995-12-12,8.47632122039795,8.494091828148878,8.423011024043245,8.47632122039795,2400900
1995-12-13,8.511858940124512,8.60071033247272,8.511858940124512,8.60071033247272,2649000
1995-12-14,8.351923942565918,8.529625005819442,8.334154975068367,8.494085443927482,3335100
1995-12-15,8.209773063659668,8.387474321622845,8.192002449793758,8.351933093891024,4841100
1995-12-18,8.138686180114746,8.191996355152392,8.085376005077102,8.103146605722127,2582700
1995-12-19,8.387470245361328,8.405239223692977,8.138688279739734,8.156458884969235,4481400
1995-12-20,8.280848503112793,8.458548018531864,8.280848503112793,8.387468863123269,2415600
1995-12-21,8.263075828552246,8.351925563979556,8.191995064072094,8.298615397343735,3882600
1995-12-22,8.280848503112793,8.31638808081709,8.245307298510912,8.29861747851615,1493400
1995-12-26,8.334160804748535,8.334160804748535,8.24530939752248,8.298619591098914,1233000
1995-12-27,8.387470245361328,8.405239223692977,8.33416005657068,8.33416005657068,1715700
1995-12-28,8.351923942565918,8.387465131354737,8.316384380673956,8.387465131354737,1290900
1995-12-29,8.351923942565918,8.405234098852288,8.334154975068367,8.369694536960328,1948800
1996-01-02,8.351923942565918,8.369694536960328,8.263074224387585,8.316384380673956,3663600
1996-01-03,8.42362117767334,8.495312122284073,8.387776525799465,8.387776525799465,3641700
1996-01-04,8.065166473388672,8.40569627144141,8.029321836016607,8.40569627144141,6681600
1996-01-05,8.029321670532227,8.065166307165534,7.868018344388916,8.065166307165534,9041100
1996-01-08,8.029321670532227,8.08308944591333,7.993475393036634,8.065166307165534,1552500
1996-01-09,7.832175254821777,8.118937387195816,7.778407457555581,8.101014241152765,4987800
1996-01-10,7.760481357574463,7.796325987574836,7.473719394985532,7.742558222143285,8190600
1996-01-11,7.760481357574463,7.832170617575208,7.706713592142912,7.814249123006013,4080600
1996-01-12,7.9755539894104,8.047243263524276,7.72463660742492,7.814250661360723,4921200
1996-01-15,7.903862476348877,7.975553385900206,7.868017842004303,7.975553385900206,3675600
1996-01-16,8.387776374816895,8.45946731813717,8.047246445124284,8.047246445124284,10057800
1996-01-17,8.531153678894043,8.674535516093867,8.441541261290944,8.459464401156518,9012000
1996-01-18,8.44154167175293,8.620768156536235,8.405697031141257,8.620768156536235,6333000
1996-01-19,8.531153678894043,8.566999958625193,8.351928843687844,8.40569662242218,5295000
1996-01-22,8.656614303588867,8.72830523815048,8.459466284622875,8.459466284622875,4198200
1996-01-23,8.764145851135254,8.81791361709314,8.620765688868227,8.656610319219483,3745200
1996-01-24,8.889612197875977,8.907533708101955,8.692462458482886,8.79999808329242,4710600
1996-01-25,9.050908088684082,9.176365119116863,8.871681649814619,8.943372553534815,6324300
1996-01-26,9.03298282623291,9.122595204142446,8.925447316396804,8.925447316396804,3750600
1996-01-29,9.463130950927734,9.481054094379942,9.015065491524267,9.015065491524267,4892700
1996-01-30,9.570664405822754,9.696123100418744,9.355593295579546,9.373516435053931,8766000
1996-01-31,9.606508255004883,9.606508255004883,9.427283438428718,9.48105121157401,7314900
1996-02-01,9.445206642150879,9.534820707492855,9.409362000531596,9.516897566251957,5305800
1996-02-02,9.35559368133545,9.498973880455416,9.283902761344256,9.391438320899836,4542300
1996-02-05,9.373512268066406,9.391433758711454,9.265976760749627,9.355589136559734,3956100
1996-02-06,9.516901016235352,9.606513473200335,9.355597609180515,9.373520756918754,4576800
1996-02-07,9.606508255004883,9.64235453100989,9.534818984719303,9.55274048185959,4730100
1996-02-08,9.624427795410156,9.731963301504125,9.516892289316187,9.53481542061905,4752000
1996-02-09,9.588587760925293,9.696123318465157,9.516896842277921,9.606509259940344,3793200
1996-02-12,9.696123123168945,9.731967761339465,9.53481979010807,9.57066442827859,3804000
1996-02-13,9.696123123168945,9.749890900855904,9.60650906644911,9.60650906644911,4312800
1996-02-14,9.714048385620117,9.785739330600828,9.624435935041474,9.696126880022184,3067500
1996-02-15,9.714048385620117,9.767816184139903,9.642359081502399,9.642359081502399,4130700
1996-02-16,9.714048385620117,9.821583982659687,9.642359081502399,9.731971532081044,4263300
1996-02-20,9.570664405822754,9.624432183383556,9.516896628261952,9.606509043909172,4414500
1996-02-21,9.929117202758789,9.947040344929077,9.606510488869198,9.606510488869198,9325500
1996-02-22,10.126267433166504,10.215879867506187,9.875349991635082,9.929117780411431,6766800
1996-02-23,10.395108222961426,10.413029728494159,10.144190736873286,10.144190736873286,6364800
1996-02-26,10.054570198059082,10.359253596500924,10.054570198059082,10.251718086361254,6481500
1996-02-27,10.162109375,10.197954011026514,10.018729190031687,10.036650687613815,6036000
1996-02-28,10.287569046020508,10.538484803921648,10.19795498609249,10.233801266408664,7101000
1996-02-29,10.269644737243652,10.430948057723919,10.180032328375358,10.180032328375358,5639100
1996-03-01,10.430948257446289,10.502639170430935,10.269644933877533,10.269644933877533,5376900
1996-03-04,10.430948257446289,10.5205606680304,10.37718048292337,10.430948257446289,2662200
1996-03-05,10.359259605407715,10.413027391665649,10.269647175265364,10.395105890154749,4057800
1996-03-06,10.144187927246094,10.341337560405691,10.126266426677063,10.287569776973534,4458000
1996-03-07,9.947036743164062,10.126263177382281,9.947036743164062,10.108340041701858,4177500
1996-03-08,9.516901016235352,9.7319722256418,9.050913942809082,9.606513473200335,8331600
1996-03-11,9.445206642150879,9.570665349112138,9.337671076430517,9.481052924632674,6493500
1996-03-12,9.40936279296875,9.516898367745537,9.104679211388742,9.391439650218402,8196000
1996-03-13,9.570664405822754,9.642355322857942,9.46312885070115,9.570664405822754,5394900
1996-03-14,9.785737991333008,9.964964508824497,9.660279265002687,9.660279265002687,5643000
1996-03-15,9.731964111328125,9.785731868849274,9.678196353806975,9.749887244122421,4398900
1996-03-18,10.000805854797363,10.054573628210251,9.785734761145807,9.785734761145807,4755900
1996-03-19,10.018730163574219,10.12626572296549,9.947039243692565,10.072497943269854,5008500
1996-03-20,10.197956085205078,10.233802369384684,10.054575871074436,10.072499013164238,4859700
1996-03-21,10.32341480255127,10.32341480255127,10.108343660831451,10.162111446261406,3781800
1996-03-22,10.197956085205078,10.395105725605129,10.180034583977868,10.341337940198313,5624700
1996-03-25,10.162109375,10.287568062386185,10.144186236555614,10.251721785497413,3599100
1996-03-26,10.144187927246094,10.305491277542565,10.054575501813343,10.1083432852455,4021800
1996-03-27,10.251724243164062,10.37718296062672,10.126267166564057,10.180034953924817,3737100
1996-03-28,10.233802795410156,10.287570583055285,10.1621118649291,10.18003500776503,3776100
1996-03-29,10.108345985412598,10.28757252501608,10.090422839193359,10.251726232577601,3091200
1996-04-01,10.46679973602295,10.50264603638039,10.251728497331634,10.251728497331634,5310600
1996-04-02,10.673359870910645,10.691329038580687,10.403830581241184,10.475705606845118,4247100
1996-04-03,10.547585487365723,10.619460557262963,10.475712062545727,10.619460557262963,4613400
1996-04-04,10.547585487365723,10.619460557262963,10.493679596212104,10.583523844852966,2352900
1996-04-08,10.152273178100586,10.313990795211515,9.954617216025001,10.313990795211515,6003000
1996-04-09,9.954620361328125,10.206182275258564,9.900714471925486,10.152276385855926,5322600
1996-04-10,9.631183624267578,10.044463146303476,9.61321609379781,9.90071303208362,5676300
1996-04-11,9.613211631774902,9.828835057944984,9.379619038398584,9.721023344859944,7833900
1996-04-12,9.846803665161133,9.936647866016669,9.64914938441642,9.667118553602801,4564800
1996-04-15,9.936649322509766,9.936649322509766,9.810868409921136,9.864774280305319,3664500
1996-04-16,9.918680191040039,10.134303673453953,9.756962579229603,10.06242863095711,5921100
1996-04-17,9.810868263244629,9.954616700427813,9.63118148295821,9.846804961271278,7150800
1996-04-18,9.828839302062988,9.882745181882205,9.70305836745918,9.828839302062988,4461600
1996-04-19,9.738992691040039,9.936648632099747,9.631180957762561,9.846804424317519,4944000
1996-04-22,9.613211631774902,9.828835057944984,9.57727329736243,9.792896723532511,5254500
1996-04-23,9.649147033691406,9.721022047850372,9.61321034914991,9.631177868882673,4985400
1996-04-24,9.595243453979492,9.72102434724063,9.595243453979492,9.703055178181508,4329900
1996-04-25,9.810868263244629,9.846804961271278,9.541338915353293,9.59524478493156,4077000
1996-04-26,9.936649322509766,10.026491891457866,9.756962539536955,9.774931711357219,5363100
1996-04-29,9.900715827941895,9.918685008562923,9.810873214991586,9.900715827941895,2760900
1996-04-30,9.918680191040039,9.954616889750152,9.792899277939716,9.828837621726446,3450300
1996-05-01,9.882742881774902,9.900710407481618,9.774931147228546,9.84680454020844,4861800
1996-05-02,9.433528900146484,9.810870056152345,9.397592195552509,9.810870056152345,6397200
1996-05-03,9.487433433532715,9.613214349381616,9.45149673403731,9.523370133028122,9567600
1996-05-06,9.343680381774902,9.541334599123172,9.23586869138933,9.541334599123172,7287300
1996-05-07,9.469464302062988,9.577276046090562,9.32571585838511,9.343685030748592,6848100
1996-05-08,9.703057289123535,9.721026462091928,9.343685345292679,9.451497092949607,8888700
1996-05-09,9.649147033691406,9.792895416933368,9.52336617018221,9.66711619850014,4867500
1996-05-10,9.900715827941895,10.008527621513231,9.738998137584892,9.738998137584892,5775900
1996-05-13,10.008527755737305,10.080402834107915,9.91868514158212,9.936654322444133,4323900
1996-05-14,10.044461250305176,10.20617886446889,10.044461250305176,10.062428777383383,3800700
1996-05-15,9.97258472442627,10.134302314552102,9.954615554942379,10.080396451176824,4479300
1996-05-16,9.990561485290527,10.080404110824578,9.864780493480737,9.882749676618607,4977300
1996-05-17,10.20617389678955,10.242110578531047,10.04445636133906,10.04445636133906,5403000
1996-05-20,10.20617389678955,10.367891432240041,10.170235569972215,10.349922268831374,5493000
1996-05-21,10.170242309570312,10.278054071315145,10.152274779330794,10.18821148488676,3441300
1996-05-22,10.457735061645508,10.457735061645508,10.062424940509858,10.062424940509858,6345900
1996-05-23,10.33195686340332,10.475706932806332,10.2780509986463,10.349926033347806,5775900
1996-05-24,10.296014785766602,10.367889782891387,10.242108949191907,10.296014785766602,3077100
1996-05-28,10.188207626342773,10.349925207713294,10.134301765885933,10.331956039202245,2968200
1996-05-29,10.08039379119873,10.242111338651116,9.990551257639392,10.134299640349525,8147100
1996-05-30,10.062429428100586,10.188210351165246,9.936650150112674,10.026492726543575,6560100
1996-05-31,10.062429428100586,10.116335302974477,9.936650150112674,10.026492726543575,4510800
1996-06-03,10.044461250305176,10.098367121693082,9.990555378917271,10.026492078150328,3530100
1996-06-04,10.170242309570312,10.242117365759178,10.116336428697895,10.134305604014344,3887100
1996-06-05,10.529610633850098,10.547578155026027,10.152269658090168,10.152269658090168,6414600
1996-06-06,10.49367904663086,10.637429178896772,10.439773158300431,10.583523290566344,6331800
1996-06-07,10.313990592956543,10.33195812000986,10.206178850330087,10.24211554951336,5160000
1996-06-10,10.367898941040039,10.421804825230755,10.313993056849323,10.349929764617457,4944900
1996-06-11,10.385860443115234,10.421798775097235,10.296017903312388,10.367892922200312,4774500
1996-06-12,10.403829574584961,10.511641280021074,10.331954555935528,10.349923721866904,4252200
1996-06-13,10.439767837524414,10.547579559237493,10.331956115811334,10.40383114531216,5617800
1996-06-14,10.403829574584961,10.493672114089698,10.349923721866904,10.439766261371641,3890100
1996-06-17,10.385860443115234,10.457735462003159,10.385860443115234,10.385860443115234,3272400
1996-06-18,10.33195686340332,10.457737762861846,10.33195686340332,10.349926033347806,4922700
1996-06-19,10.20617389678955,10.4577339591317,10.20617389678955,10.313985587089878,5032500
1996-06-20,9.990561485290527,10.06243492768671,9.828843772282646,10.044467389626487,11261100
1996-06-21,9.703057289123535,10.008523359125926,9.685088116155141,9.990555831234248,8353200
1996-06-24,9.882742881774902,10.008522142027976,9.79289867293526,9.810867843718492,5806200
1996-06-25,10.08039379119873,10.134299640349525,9.918676243746344,9.936645408488596,4417200
1996-06-26,10.062429428100586,10.188210351165246,10.008523553226695,10.026492726543575,3990900
1996-06-27,10.098368644714355,10.242117108403157,9.936651006160622,9.990556885678533,5429400
1996-06-28,10.152273178100586,10.260084922841205,10.152273178100586,10.152273178100586,5012400
1996-07-01,10.260087966918945,10.313993855282657,10.18821290074161,10.206182078555234,4560300
1996-07-02,10.305000305175781,10.32311157994123,10.232558522286244,10.305000305175781,6487500
1996-07-03,10.341221809387207,10.377442697170668,10.250667102799616,10.268778375734325,3945900
1996-07-05,9.960893630981445,10.123890063171585,9.942782363598502,10.069557919108206,2823900
1996-07-08,9.743566513061523,9.960895121842928,9.653011820678806,9.852230817452226,11272200
1996-07-09,9.83411979675293,9.94278410389937,9.761676372626722,9.816008526199942,5781600
1996-07-10,9.94278621673584,9.960897491137462,9.797900995781138,9.906565326018688,5494200
1996-07-11,9.81600570678711,9.924669982722335,9.671120558235227,9.924669982722335,4575000
1996-07-12,9.852232933044434,9.960897260768872,9.779789495199456,9.834121659061676,4601400
1996-07-15,9.544350624084473,9.90656619538725,9.544350624084473,9.870343643405228,4386300
1996-07-16,9.671126365661621,9.743569812481848,9.308912447733011,9.634905471294639,8125500
1996-07-17,9.81600570678711,9.924669982722335,9.7435639615538,9.797896099521415,6042900
1996-07-18,10.069562911987305,10.196336872270994,9.81601167524738,9.88845512261397,7726200
1996-07-19,9.960893630981445,10.051446651725263,9.852229342854686,10.051446651725263,5039400
1996-07-22,9.852232933044434,9.979006876665576,9.834121659061676,9.906565096906652,4470000
1996-07-23,9.707343101501465,9.888450811924198,9.671122222651139,9.888450811924198,3764700
1996-07-24,9.689234733581543,9.834119925647204,9.580570425010855,9.59868003771546,3838500
1996-07-25,9.906564712524414,9.92467432771845,9.76167784245618,9.76167784245618,4168200
1996-07-26,10.015226364135742,10.015226364135742,9.87033953272092,9.9065620696174,2706000
1996-07-29,9.83411979675293,9.979004986919604,9.83411979675293,9.979004986919604,2043300
1996-07-30,9.960893630981445,9.960893630981445,9.87033895215218,9.924671096215558,3491700
1996-07-31,10.069562911987305,10.087672530264246,9.924676017254127,9.942787293617341,4310700
1996-08-01,10.305000305175781,10.359332471385999,10.015229857445375,10.105782915100361,7043100
1996-08-02,10.721541404724121,10.793983142928843,10.486101610346015,10.630986744840563,10559400
1996-08-05,10.594767570495605,10.649099711882762,10.540435429108449,10.630988445391921,3699000
1996-08-06,10.558553695678711,10.612885873086858,10.449889340862416,10.540442417180506,5403900
1996-08-07,10.522327423095703,10.6491030116439,10.43177437875321,10.576659581318376,5279100
1996-08-08,10.486104011535645,10.522324888932143,10.413660598657163,10.449883134139146,3108300
1996-08-09,10.576662063598633,10.630994234572745,10.50422027435733,10.558552445331443,4588500
1996-08-12,10.685325622558594,10.757769064577733,10.612883838625606,10.6491047305921,4188600
1996-08-13,10.81209945678711,10.848320342808021,10.612882096543276,10.630991710510793,7790400
1996-08-14,10.86643123626709,10.86643123626709,10.757766923904418,10.83021035150814,4303500
1996-08-15,10.920763969421387,10.956984856093984,10.79398837893844,10.812099651317691,4778400
1996-08-16,11.047540664672852,11.083761554967584,10.902653787321775,10.938876335702581,5235300
1996-08-19,11.138096809387207,11.156208088602046,11.029432450271234,11.029432450271234,4490700
1996-08-20,11.264864921569824,11.319197064828062,11.10186849179511,11.10186849179511,6452400
1996-08-21,11.301085472106934,11.409749755492577,11.174309922128556,11.174309922128556,6987900
1996-08-22,11.50030517578125,11.536527716537014,11.337308716637489,11.337308716637489,4354200
1996-08-23,11.31920051574707,11.464085722578822,11.264868355924422,11.39164229011998,5111100
1996-08-26,11.246760368347168,11.282981266113362,11.210539470580974,11.246760368347168,6212700
1996-08-27,11.246760368347168,11.301092544039665,11.228649090420863,11.264871646273473,4622700
1996-08-28,11.17431640625,11.319203306894643,11.156206787234174,11.264871133674486,3467100
1996-08-29,10.993206024169922,11.101870328665553,10.938873871922107,11.083759058554381,4041900
1996-08-30,10.77587890625,10.956985000078786,10.667214586718357,10.902652840312964,5639400
1996-09-03,10.88454532623291,10.956987114509547,10.558552304729291,10.59477319886761,6884100
1996-09-04,10.81209945678711,10.884542886914812,10.793988184733713,10.848320342808021,2561700
1996-09-05,10.703433990478516,10.775877412821659,10.703433990478516,10.757766142714448,2715300
1996-09-06,10.902647018432617,10.99320167507786,10.739650626173233,10.739650626173233,5871000
1996-09-09,10.902647018432617,10.975090412131802,10.75776188911929,10.830205282818476,4225500
1996-09-10,11.083758354187012,11.119979234021836,10.884541027967083,10.884541027967083,4485000
1996-09-11,11.282979965209961,11.409755579904306,11.029430393907496,11.029430393907496,5136600
1996-09-12,11.35541820526123,11.464082494306792,11.301086060738449,11.337306937725147,4050300
1996-09-13,11.50030517578125,11.627080752254972,11.482195563489093,11.55463732882917,8997900
1996-09-16,11.572744369506836,11.590855633265267,11.536523500075093,11.536523500075093,7200000
1996-09-17,11.31920051574707,11.51841788240147,11.301089243110876,11.500306609765277,5312700
1996-09-18,11.282979965209961,11.301091241048075,11.17431562635373,11.282979965209961,4729200
1996-09-19,11.210537910461426,11.264870078592763,11.156205742330087,11.264870078592763,3074700
1996-09-20,11.301085472106934,11.391638488899844,11.192421188721289,11.210532455314024,5076300
1996-09-23,11.482193946838379,11.554635701978924,11.237699292546687,11.264865365245763,3725100
1996-09-24,11.482193946838379,11.699522528430995,11.409750533612343,11.50030355658077,9295200
1996-09-25,11.572744369506836,11.627076502697008,11.536523500075093,11.627076502697008,5663100
1996-09-26,11.681416511535645,11.753859957325853,11.599918256804001,11.62708434171455,4226700
1996-09-27,11.681416511535645,11.71763740538763,11.663305235566535,11.663305235566535,2421300
1996-09-30,11.608969688415527,11.771966150459205,11.572748805101073,11.717633996444645,4266300
1996-10-01,11.753859519958496,11.7719691371675,11.590863016560395,11.590863016560395,6768900
1996-10-02,11.78084945678711,11.872031941273601,11.744375127303435,11.7990849519176,15216900
1996-10-03,11.799079895019531,11.835554208870894,11.726134606538068,11.799079895019531,4461600
1996-10-04,11.926735877990723,11.981445675596184,11.890263236123923,11.926735877990723,10644000
1996-10-07,11.944972038269043,11.944972038269043,11.799078143739182,11.926734884050214,4068600
1996-10-08,11.853792190551758,11.972331231096634,11.835556699399456,11.944976324757198,3676500
1996-10-09,11.744372367858887,11.90850180313771,11.707899716556133,11.89026631229181,4057500
1996-10-10,11.817317962646484,11.817317962646484,11.653188546498617,11.707898351881239,3367200
1996-10-11,11.890262603759766,11.926735243686828,11.835552809063953,11.835552809063953,5400600
1996-10-14,12.036150932312012,12.054388081170329,11.926731378381902,11.926731378381902,6412500
1996-10-15,12.036150932312012,12.109097858135382,11.890258750275164,12.036150932312012,11365500
1996-10-16,11.853792190551758,11.963211815909501,11.7626097259573,11.963211815909501,5964000
1996-10-17,11.944972038269043,11.981444677096317,11.853787936785285,11.944972038269043,4512900
1996-10-18,12.017916679382324,12.017916679382324,11.90849709908564,11.9449714055914,6273300
1996-10-21,12.10910415649414,12.163813961915634,11.94497474022966,11.98144738730707,5428500
1996-10-22,11.999688148498535,12.090870628374528,11.963213820859128,12.054397970346384,3168300
1996-10-23,12.072633743286133,12.072633743286133,11.926741438193948,11.944978602434709,2709000
1996-10-24,12.163813591003418,12.254996040721885,12.054393983496972,12.054393983496972,5203200
1996-10-25,12.200292587280273,12.236765252229718,12.127345587769804,12.127345587769804,3021000
1996-10-28,12.127344131469727,12.236763782790089,12.109108635990586,12.163818461650767,2459100
1996-10-29,12.327942848205566,12.382652651275102,12.163813438996959,12.182048926946345,5845800
1996-10-30,12.45560073852539,12.45560073852539,12.364418269476303,12.400890923173726,5913300
1996-10-31,12.510308265686035,12.637965034694616,12.419125813314624,12.43736297163321,4450200
1996-11-01,12.492072105407715,12.637964355280996,12.455597790731392,12.56501739553902,4247700
1996-11-04,12.619729042053223,12.637966202056365,12.455599610857686,12.455599610857686,3472200
1996-11-05,12.911514282226562,12.984461247137652,12.710912215734547,12.72914770475423,8735100
1996-11-06,12.984456062316895,13.09387563118583,12.875036493447961,12.893271975186035,8679000
1996-11-07,13.075643539428711,13.093880697833734,12.838567158606471,12.911514122615799,6759300
1996-11-08,13.093879699707031,13.112115187111224,13.002695584243506,13.039169898273173,3840000
1996-11-11,12.947988510131836,13.075645296903597,12.92975301888658,13.057408136047348,2964300
1996-11-12,12.802092552185059,12.947984788265716,12.765619910567523,12.929749302262202,5031600
1996-11-13,12.656208038330078,12.747390532814464,12.528551210362712,12.729153366072975,7201800
1996-11-14,12.947988510131836,13.020935483945841,12.601494141140044,12.656203954097801,6350700
1996-11-15,12.911514282226562,13.130353507349046,12.911514282226562,12.947986929876715,5895600
1996-11-18,13.057408332824707,13.203302282651363,12.893278891477982,12.947988705260222,4388100
1996-11-19,13.495083808898926,13.549793610380423,13.148589512589876,13.18506215704066,11018700
1996-11-20,13.458611488342285,13.586268251408171,13.403901685544145,13.458611488342285,6957600
1996-11-21,13.239778518676758,13.549800324147183,13.221541352609744,13.49509049555761,4597200
1996-11-22,13.349194526672363,13.44037699285853,13.093882619584486,13.093882619584486,5508600
1996-11-25,13.914530754089355,13.987476064069282,13.330958256583196,13.330958256583196,6114300
1996-11-26,13.732155799865723,13.950994936118564,13.622736231739303,13.841575367992144,7971900
1996-11-27,13.713922500610352,13.823342099470569,13.677449857527138,13.732159656957247,7726800
1996-11-29,13.786869049072266,13.823341691077943,13.75039640706659,13.75039640706659,2626800
1996-12-02,13.586268424987793,13.73216067777654,13.531558621490676,13.73216067777654,5044500
1996-12-03,13.276246070861816,13.71392453110573,13.239773422378432,13.622742075091857,7299000
1996-12-04,13.221535682678223,13.349192451179976,13.002696462167076,13.148590388915009,8010000
1996-12-05,12.966219902038574,13.18505905650336,12.802090536189985,13.14858642062931,7961700
1996-12-06,13.057408332824707,13.14859246886912,12.54678451726446,12.56502000878453,13006500
1996-12-09,13.112110137939453,13.221529698672216,13.075637507565197,13.130347287931578,4752300
1996-12-10,13.112110137939453,13.166819918305833,13.020927727198815,13.130347287931578,3741300
1996-12-11,12.929752349853516,13.112117270535807,12.802095569687188,12.875042539726648,6394500
1996-12-12,12.674437522888184,13.09388047168399,12.47383546234067,12.984460862365212,9866700
1996-12-13,12.473837852478027,12.71091427463232,12.327945568635187,12.65620445948987,10651500
1996-12-16,12.419123649597168,12.656199987991206,12.382651008925189,12.583253037036778,5031000
1996-12-17,12.783858299255371,12.83856810890926,12.364416981779177,12.40088963167814,6580500
1996-12-18,12.747387886047363,12.893280180852761,12.656205410495387,12.838570361599338,5090400
1996-12-19,13.239778518676758,13.239778518676758,12.820337056027185,12.875046884616758,6786300
1996-12-20,13.349194526672363,13.403904340306266,13.258012060486195,13.385667179224628,7344600
1996-12-23,13.36742877960205,13.440374068836963,13.276244663642437,13.385664267105454,4106700
1996-12-24,13.349194526672363,13.44037699285853,13.276247551956821,13.422141501387905,2227200
1996-12-26,13.495083808898926,13.513320965929639,13.385664205935933,13.385664205935933,3747300
1996-12-27,13.440373420715332,13.62273997422983,13.38566362162204,13.549793018901918,2519100
1996-12-30,13.385666847229004,13.568033444689236,13.367431356210659,13.458613820135291,2904300
1996-12-31,13.039176940917969,13.403908590936895,13.002702607187999,13.34919875995348,5710800
1997-01-02,12.919522285461426,13.24985099457952,12.644248361196349,13.24985099457952,10503600
1997-01-03,12.956225395202637,13.029630648113995,12.754356749350048,13.011280174955427,7268100
1997-01-06,12.827759742736816,13.047978794114272,12.699298069387291,12.95622141608634,5219100
1997-01-07,12.736000061035156,12.809405278124837,12.570835802376795,12.772702669579997,5855400
1997-01-08,12.864463806152344,13.011277643690404,12.809409037110125,12.827761186836938,9190800
1997-01-09,12.974571228027344,13.103032894885931,12.901166001369242,12.901166001369242,7713600
1997-01-10,12.882814407348633,12.9378691697732,12.717650120074932,12.717650120074932,7047000
1997-01-13,12.846116065979004,13.047983035311757,12.809411758726814,13.01128040819814,7021500
1997-01-14,13.15809440612793,13.231501350587743,13.011282197347109,13.029632673357959,9700500
1997-01-15,13.304898262023926,13.396657305026585,13.029624493291447,13.121383536294106,7870500
1997-01-16,13.3416109085083,13.433368328850356,13.249851808027445,13.3416109085083,6783900
1997-01-17,13.506778717041016,13.598536160778538,13.286559507959582,13.286559507959582,5834100
1997-01-20,13.635233879089355,13.7086408156585,13.525124314304948,13.635233879089355,4806000
1997-01-21,13.635233879089355,13.671938187443239,13.433366903697486,13.525124314304948,7785600
1997-01-22,13.561829566955566,13.635234828497223,13.359960897369158,13.506774780729952,10315500
1997-01-23,13.378310203552246,13.745341473507551,13.304903277505831,13.616881453099305,9521700
1997-01-24,13.08468246459961,13.45171536658921,13.066331995596842,13.396660599304587,9281700
1997-01-27,13.011272430419922,13.213139275979314,12.992920288046326,13.10302978201282,6895500
1997-01-28,12.992932319641113,13.341613266796491,12.882822723711952,13.286558468831911,8941800
1997-01-29,13.15809440612793,13.213149194438088,13.011282197347109,13.011282197347109,5784900
1997-01-30,13.470062255859375,13.470062255859375,13.194788492591556,13.231492781119075,6004500
1997-01-31,13.580180168151855,13.726994052873527,13.580180168151855,13.726994052873527,5914500
1997-02-03,13.763689994812012,13.78204214151774,13.52511880818929,13.635228328147786,8414100
1997-02-04,14.130725860595703,14.204132791658191,13.745342412760015,13.763694565560261,11133900
1997-02-05,13.947218894958496,14.295898233238335,13.947218894958496,14.167438131825527,9707100
1997-02-06,13.947218894958496,14.038976350273279,13.782054467308221,13.947218894958496,5099100
1997-02-07,14.369294166564941,14.405996784466694,14.075668182936466,14.075668182936466,7869600
1997-02-10,14.314238548278809,14.55280975079614,14.314238548278809,14.424348075573262,6654000
1997-02-11,14.479408264160156,14.479408264160156,14.240836972258313,14.387650850415762,5064600
1997-02-12,14.62621784210205,14.662922145135704,14.350943970041545,14.4427030474873,7086900
1997-02-13,14.809733390808105,14.956545553347473,14.681271698499739,14.681271698499739,8763000
1997-02-14,14.938192367553711,15.140059264365934,14.91984022052061,14.938192367553711,5940000
1997-02-18,14.919838905334473,14.938191050749827,14.681267735486136,14.938191050749827,7382700
1997-02-19,15.26851749420166,15.488736488444292,14.883134254277055,14.919836859938297,9734100
1997-02-20,15.011606216430664,15.341934971903264,14.919848788845698,15.213474909312097,8085900
1997-02-21,15.048311233520508,15.195123460532454,14.956552121516404,14.99325643837365,4575600
1997-02-24,15.36028003692627,15.396982654985178,14.828084514450385,14.828084514450385,4150200
1997-02-25,15.543791770935059,15.59884652138685,15.415330126501663,15.470384876953455,6026700
1997-02-26,15.15841007232666,15.525441219599866,15.048300560130917,15.525441219599866,6768900
1997-02-27,14.809733390808105,15.176764637225661,14.809733390808105,15.121709866256113,6362100
1997-02-28,14.699625968933105,14.86479030566269,14.607868564129507,14.68127381591698,6648000
1997-03-03,14.974899291992188,14.993251444307937,14.497758453028784,14.64457063113942,9982500
1997-03-04,14.938192367553711,15.103356650437703,14.84643331252618,15.011597595410173,6625800
1997-03-05,15.231809616088867,15.323568628807648,15.048294950925696,15.103349686502087,7069500
1997-03-06,15.085016250610352,15.396992912291877,15.085016250610352,15.341938108457533,5694000
1997-03-07,15.635555267333984,15.635555267333984,15.158414469456748,15.195117090789363,7506300
1997-03-10,16.09434700012207,16.09434700012207,15.543799231362346,15.67225925731398,5963400
1997-03-11,15.598855972290039,16.222809068687347,15.580503817641176,16.112699501071507,8956200
1997-03-12,15.25016975402832,15.580498340758174,15.085005460663393,15.507091428105515,8952900
1997-03-13,14.55280876159668,15.1584111205515,14.497754001691696,15.140058973870527,13079400
1997-03-14,14.736327171325684,14.974898416935728,14.644569775385676,14.809734096160703,9712200
1997-03-17,15.085016250610352,15.103368411934893,14.44271076592276,14.6812804624454,9623700
1997-03-18,14.607871055603027,15.048309362001723,14.534464111156977,15.011605049709296,10223100
1997-03-19,14.883140563964844,14.974897957087169,14.479405009977667,14.681271946902104,8364000
1997-03-20,14.938192367553711,15.048301889476372,14.626214268680858,14.86478545955928,8526600
1997-03-21,14.974899291992188,15.121711470102824,14.901492362867645,14.974899291992188,4733400
1997-03-24,15.176761627197266,15.231816387247724,14.956542586995429,14.993246880454361,6365100
1997-03-25,14.938192367553711,15.378630455244357,14.938192367553711,15.140059264365934,6631200
1997-03-26,14.662920951843262,14.938194801501531,14.552811411979953,14.938194801501531,9169500
1997-03-27,14.149077415466309,14.717977326847672,13.983913087659309,14.681273022798278,9757500
1997-03-31,13.782042503356934,14.13072153895457,13.653580833320026,14.13072153895457,11529600
1997-04-01,14.038968086242676,14.038968086242676,13.543475094963522,13.653584648581113,12522300
1997-04-02,13.650327682495117,14.019754104417933,13.594913634651567,14.019754104417933,8174400
1997-04-03,13.81657600402832,13.871990076649952,13.521033719678512,13.66880401630177,10573800
1997-04-04,13.871989250183105,13.908931399362155,13.557975063300027,13.668803201940364,9717000
1997-04-07,13.927397727966309,14.07516795645927,13.890453902516185,14.07516795645927,5608200
1997-04-08,14.3153076171875,14.333777853724898,13.9089370468066,13.98282306626782,8145300
1997-04-09,14.112113952636719,14.426128099381293,14.093643725959724,14.370714037144365,7227000
1997-04-10,13.908917427062988,14.112101580092496,13.871975314994394,14.038217355955307,5702400
1997-04-11,13.33631706237793,13.742687415239219,13.317846835727169,13.631859290922774,10715700
1997-04-14,13.373261451721191,13.484089580627435,13.188547339843103,13.354789533202469,7537800
1997-04-15,13.687267303466797,13.816567288387873,13.39172520554815,13.63185326580094,10049100
1997-04-16,13.2439603805542,13.428674478154113,13.077718200045151,13.41020256106325,16188000
1997-04-17,13.280903816223145,13.557974144037974,13.225489750660179,13.24396166954886,14421600
1997-04-18,12.929951667785645,13.354792354647289,12.85606566920403,13.299378278486927,8156700
1997-04-21,12.634406089782715,13.003832604730345,12.505106048554712,12.929948316402594,11726700
1997-04-22,12.948418617248535,12.948418617248535,12.50510612032587,12.671348306671868,13881600
1997-04-23,12.70828914642334,13.022301527353706,12.634403183985723,12.929945342633616,10015800
1997-04-24,12.615931510925293,12.856059625094888,12.597461288290974,12.782173661249796,9693900
1997-04-25,12.615931510925293,12.72675961114163,12.542047238182805,12.634403424662217,7860300
1997-04-28,12.966888427734375,13.096188448691885,12.615932194336963,12.615932194336963,9888600
1997-04-29,13.373261451721191,13.557973872496238,13.299375468749348,13.391731679136871,12561600
1997-04-30,13.613380432128906,13.816566350512844,13.317840045373902,13.336310262607272,11242800
1997-05-01,13.705750465393066,13.871992714874505,13.63186445747789,13.68727854063837,9842400
1997-05-02,14.093645095825195,14.222943459543508,13.76116069008701,13.76116069008701,8267400
1997-05-05,14.333769798278809,14.352241715539035,14.112113555567781,14.259885511443748,7254600
1997-05-06,14.518486022949219,14.70320014928322,14.296829747789689,14.296829747789689,11673900
1997-05-07,14.093645095825195,14.573899784857081,14.075173176249805,14.51848571723405,8609700
1997-05-08,14.167523384094238,14.407651472333944,13.964339119339053,14.038225075205675,8808000
1997-05-09,14.463067054748535,14.518481104766728,14.185996804657567,14.40765300473034,8329800
1997-05-12,14.629310607910156,14.647782523388742,14.463068441911178,14.481540357389763,5366400
1997-05-13,14.3522367477417,14.59236482459646,14.315294617111098,14.59236482459646,7124100
1997-05-14,14.536948204040527,14.684718391448765,14.500004388861937,14.500004388861937,6733800
1997-05-15,14.3522367477417,14.500006961366445,14.222936753881084,14.500006961366445,6973500
1997-05-16,13.83504867553711,14.444603581938797,13.687278352837897,14.370719266140986,9802800
1997-05-19,13.687267303466797,13.945865582206725,13.594911137724443,13.87198132605373,6237000
1997-05-20,14.259885787963867,14.333770076231652,13.428674861679115,13.594917046936065,12716700
1997-05-21,13.76115608215332,14.389180844184336,13.631856070628078,14.370710621896853,11456700
1997-05-22,13.98281478881836,14.01975693112828,13.761158552753091,13.83504283737293,5440500
1997-05-23,14.056702613830566,14.14906052952141,13.982818310601852,14.093646456548225,4775700
1997-05-27,13.779632568359375,13.964346712919209,13.761162337675731,13.964346712919209,5398800
1997-05-28,13.83504867553711,14.019762847238818,13.687278352837897,13.964348764838665,6193200
1997-05-29,13.724214553833008,13.927400561844431,13.63185835362054,13.87198650349638,4847700
1997-05-30,13.964345932006836,14.130588145483108,13.557975513141534,13.594919354649537,8516400
1997-06-02,13.964345932006836,14.130588145483108,13.890459940094079,14.093645995078353,5101800
1997-06-03,14.333769798278809,14.407655776216792,13.927401147377207,14.03822926873272,10990500
1997-06-04,14.278350830078125,14.426122735164334,14.222936788446383,14.333764871709867,5837700
1997-06-05,14.407658576965332,14.55542887046389,14.278358513214558,14.333772584664425,5739300
1997-06-06,14.832494735717773,14.980266675567112,14.407654213632101,14.407654213632101,9622800
1997-06-09,14.426133155822754,15.035688054081412,14.370719074162876,14.887916042252693,12166800
1997-06-10,14.758612632751465,14.79555477760879,14.500012545441201,14.573898526258846,9142200
1997-06-11,14.684721946716309,14.81402194894167,14.610835989572893,14.795550036880204,5076600
1997-06-12,14.887907028198242,15.054149172524658,14.77707893198063,14.92485085433914,7877100
1997-06-13,14.980267524719238,15.035681582528184,14.777081518684545,14.924853466910292,9069900
1997-06-16,15.072620391845703,15.1465063496242,14.86943612183292,14.961792300729192,5364000
1997-06-17,15.128032684326172,15.183446723462898,14.887904617699604,15.035676516132385,6179700
1997-06-18,15.220396041870117,15.23886796067499,14.998739780623936,15.109567911247026,6601200
1997-06-19,15.220396041870117,15.34969609129808,15.128039830051899,15.201925814168314,7044900
1997-06-20,15.164984703063965,15.423584848413485,15.146514472041407,15.22039877833838,5881800
1997-06-23,14.795560836791992,15.183459435509386,14.777088911247079,15.109573424433416,5898000
1997-06-24,14.850970268249512,14.897149222088155,14.666256143998092,14.832498348493424,9817500
1997-06-25,14.730903625488281,14.89714579170281,14.629310626878482,14.786317680893124,7821900
1997-06-26,14.52772045135498,14.814027587318222,14.444599352095283,14.71243456896645,6340800
1997-06-27,14.426133155822754,14.647789482462265,14.370719074162876,14.573903476547907,7602300
1997-06-30,14.343001365661621,14.481536466775216,14.296822434922987,14.481536466775216,5617500
1997-07-01,14.797723770141602,14.834903411868938,14.351561261513964,14.416626060030529,8923200
1997-07-02,15.243879318237305,15.281058942987993,14.816305974720828,14.853487301445641,7856400
1997-07-03,15.355416297912598,15.615677014157312,15.355416297912598,15.522727123064284,7918200
1997-07-07,15.318241119384766,15.504142678053132,15.243881857496946,15.504142678053132,8783400
1997-07-08,15.318241119384766,15.40189656548937,15.262470821981697,15.281061488440857,6118800
1997-07-09,15.150924682617188,15.308941034757126,15.020795170947858,15.2810558962603,7612500
1997-07-10,15.076571464538574,15.31824162663835,14.974325348588998,15.206701028138617,5925300
1997-07-11,15.178811073303223,15.308942297681623,15.09515565091152,15.169516593695453,3879900
1997-07-14,15.169520378112793,15.29035545105484,15.104455600678515,15.21599619169405,3616200
1997-07-15,15.253180503845215,15.364721129101852,15.15093436336834,15.281065660159374,6661800
1997-07-16,15.2810697555542,15.448380738279246,15.234593915249912,15.299660432070981,9795000
1997-07-17,15.355416297912598,15.597086355149216,15.271760885336755,15.299646022862037,8984400
1997-07-18,15.169520378112793,15.383307078217353,15.169520378112793,15.364716412389981,6489900
1997-07-21,15.169520378112793,15.271766487201818,14.983618825762118,15.132340748432398,4630500
1997-07-22,15.690051078796387,15.755115886815116,15.243888505010473,15.243888505010473,9030600
1997-07-23,15.76439380645752,15.987474858916698,15.708623543342725,15.8387547246017,9570300
1997-07-24,15.931713104248047,15.968894434163774,15.717928116116829,15.764402225550082,6190200
1997-07-25,15.773698806762695,16.033959612864123,15.71792851245708,15.968894836832344,5967000
1997-07-28,15.801587104797363,15.950307351942808,15.773701952084178,15.7922909192432,4491000
1997-07-29,16.19197654724121,16.238450659376696,15.848058586382153,15.913125066530824,8337000
1997-07-30,16.731096267700195,16.90770171653421,16.27563921440451,16.340704021453856,9810000
1997-07-31,16.88910675048828,17.056417653788746,16.740384812904857,16.749680997737894,8205900
1997-08-01,16.703210830688477,16.88911246457654,16.41506474484081,16.85193111661387,5940000
1997-08-04,16.508005142211914,16.582366093060095,16.387170086310967,16.433644191363733,7052100
1997-08-05,16.294221878051758,16.45223829339221,16.136207164685768,16.377877327001208,7665000
1997-08-06,16.63813591003418,16.74038029983721,16.405758583447522,16.452234389159667,8712600
1997-08-07,16.21056365966797,16.78685722130092,16.201269178697398,16.72179245055859,11811000
1997-08-08,15.978192329406738,16.13620876037322,15.782996262555347,15.950307176999395,9871200
1997-08-11,16.173391342163086,16.275637486938525,15.829474967154715,16.015374882414672,7426500
1997-08-12,16.21056365966797,16.368580048012692,16.154793369896204,16.23844880455385,8493300
1997-08-13,16.54518699645996,16.600957291618787,16.29422066824525,16.50800736701219,10473600
1997-08-14,16.55449104309082,16.79616130224752,16.55449104309082,16.76827614142366,7816200
1997-08-15,16.3406982421875,16.582370114573134,16.322107574473367,16.582370114573134,7592400
1997-08-18,16.35927963256836,16.405753722536492,16.09901724006317,16.35927963256836,7653000
1997-08-19,16.58237075805664,16.703205847951235,16.331404393062382,16.42435433129095,8219700
1997-08-20,17.028532028198242,17.084302327742588,16.59166411444271,16.59166411444271,7827900
1997-08-21,16.972759246826172,17.22372555807838,16.8891038097421,17.019233355001173,9576000
1997-08-22,16.954181671142578,16.954181671142578,16.61955966447529,16.70321516614211,6344700
1997-08-25,16.907691955566406,17.14936377390551,16.824036522522967,16.95416776347081,4476000
1997-08-26,16.768268585205078,16.898399844400945,16.712498288688902,16.712498288688902,5397900
1997-08-27,16.898405075073242,16.99135503071347,16.768273775596995,16.786864447515004,5277000
1997-08-28,16.693906784057617,16.88910279215973,16.508005256635663,16.87980660950545,7732800
1997-08-29,16.535892486572266,16.675318224233077,16.461531525828388,16.55448315225182,4580100
1997-09-02,16.91698455810547,16.963458654200185,16.45223168334184,16.52659261985668,6255300
1997-09-03,16.9820499420166,17.186540397529626,16.916985183892876,16.926279663060882,3744000
1997-09-04,17.047122955322266,17.084304293947284,16.85192688445226,16.85192688445226,3618600
1997-09-05,17.028532028198242,17.344563158291372,16.972761728653897,17.214431892029744,6096000
1997-09-08,17.214433670043945,17.270203975348597,17.121483728527743,17.140074397620843,6502800
1997-09-09,17.195842742919922,17.3166778233155,17.112187294498106,17.214431707919577,4552800
1997-09-10,16.814739227294922,17.09359062409915,16.777559608378976,17.047114823973825,4850700
1997-09-11,16.56377410888672,16.768264579943377,16.442939062622415,16.731084958471435,5029500
1997-09-12,16.805450439453125,16.87980970246779,16.489417614730293,16.731089474464028,5540700
1997-09-15,16.731096267700195,16.91699790466635,16.67532594680786,16.87052206993103,3305400
1997-09-16,17.18654441833496,17.279496039656493,16.898398476976393,16.898398476976393,5146500
1997-09-17,17.4932804107666,17.642002318874855,17.251610288545507,17.316675059609004,6551400
1997-09-18,17.4932804107666,17.651296799891306,17.409624975696026,17.576935845837177,4967400
1997-09-19,17.48399543762207,17.660600884818468,17.344569636684096,17.344569636684096,5924700
1997-09-22,17.58623695373535,17.920858787726246,17.56764628452208,17.604825920973962,4333800
1997-09-23,17.48399543762207,17.71637120519366,17.48399543762207,17.660600884818468,3849900
1997-09-24,17.59552764892578,17.84649397038431,17.50257772682146,17.50257772682146,5812500
1997-09-25,17.177255630493164,17.558353319490298,17.14007599082569,17.549057133092322,6572400
1997-09-26,17.45610237121582,17.604822590866256,17.32597111528773,17.32597111528773,4060200
1997-09-29,17.614124298095703,17.62341878287142,17.335272735075588,17.46540232983506,3446400
1997-09-30,17.549055099487305,17.837202804937455,17.549055099487305,17.651301224192967,5900400
1997-10-01,17.781421661376953,17.800010616737367,17.56763505894359,17.56763505894359,7118400
1997-10-02,18.004924774169922,18.0796733479577,17.80871126496728,17.874116908598847,4657800
1997-10-03,18.331951141357422,18.5655381238449,18.09836415886994,18.481446604847847,8779200
1997-10-06,18.677658081054688,18.74306372915223,18.388010117974336,18.406697690408794,5673600
1997-10-07,18.892559051513672,18.920589554557463,18.565535945720757,18.565535945720757,4832100
1997-10-08,18.78978157043457,18.91124823453397,18.62159853784735,18.91124823453397,6111900
1997-10-09,18.771099090576172,18.81781546748389,18.565540873134495,18.621601894101026,4596300
1997-10-10,18.19179344177246,18.500128923836403,18.042298020750682,18.500128923836403,11143800
1997-10-13,18.22917938232422,18.331958517177892,18.191805929126073,18.191805929126073,2725500
1997-10-14,18.416040420532227,18.42538335122458,18.229169830762288,18.31326133953184,4021200
1997-10-15,18.444072723388672,18.574882320077784,18.247859183778154,18.35063827480862,3892500
1997-10-16,18.509479522705078,18.79912926644088,18.350641106691565,18.724380669533808,6086100
1997-10-17,18.19179344177246,18.388006930358607,17.9768923839914,18.359976431989157,5066700
1997-10-20,18.173118591308594,18.275897727543384,17.836752375464236,18.238524273843026,4605000
1997-10-21,18.49078369140625,18.537500042305666,18.33194365014958,18.500126619417006,7167900
1997-10-22,18.6029052734375,18.668309189806607,18.341286186269873,18.490783296321545,5220600
1997-10-23,18.331951141357422,18.500134179351527,18.20114154152434,18.32260820952875,6299100
1997-10-24,18.4814453125,18.780437929419598,18.331949859463307,18.668315911930524,8112300
1997-10-27,17.481698989868164,18.37867549883676,17.266797797645467,18.369330852970393,8621400
1997-10-28,17.9114933013916,17.93952380734057,16.55668608414017,16.743554983235764,13452000
1997-10-29,17.97688865661621,18.23850772771685,17.920827671501144,17.930172309583984,8706600
1997-10-30,17.304168701171875,17.74331395598884,17.304168701171875,17.69659586607526,8640900
1997-10-31,17.2574520111084,17.659222102415534,17.145329966013698,17.63119159114186,12065400
1997-11-03,17.74330711364746,17.771337614616886,17.378910601044907,17.406941102014333,6689700
1997-11-04,17.780685424804688,17.920837968118562,17.621847016279947,17.677908033605497,4305300
1997-11-05,17.892810821533203,18.051650970750647,17.60316274787485,17.846094438881508,4722600
1997-11-06,17.94886589050293,18.032957404374386,17.78068286276002,17.864774376631477,4588500
1997-11-07,17.556434631347656,17.752648116836863,17.31350478987728,17.668556623055775,7851300
1997-11-10,17.051891326904297,17.71528056825505,17.04254839477701,17.491036510429037,7271100
1997-11-11,16.79962158203125,17.1827058610148,16.603407975135486,17.164018280551957,5973600
1997-11-12,15.958691596984863,16.44455455997105,15.771822805847396,16.070813556005472,12690000
1997-11-13,16.033456802368164,16.145578877909198,15.715778158617594,15.771839196388113,15647700
1997-11-14,15.491530418395996,16.201636162020062,15.323347344049767,16.145575137237984,16497000
1997-11-17,16.276378631591797,16.285721561919026,15.921325038158358,16.014759473968816,11306400
1997-11-18,16.033456802368164,16.39785354787653,15.996083347470185,16.257700953450236,6377700
1997-11-19,16.65011978149414,16.81830280959004,16.00541817379319,16.00541817379319,6719400
1997-11-20,16.79962158203125,16.98649225411903,16.706187101410798,16.836996742956934,6528000
1997-11-21,16.939767837524414,17.08926500375041,16.72486844119969,16.893051470069253,7870800
1997-11-24,16.444561004638672,16.893049016484763,16.38850000315791,16.855673874933593,8013900
1997-11-25,16.3604736328125,16.481938596404085,16.033450471331864,16.44456515626354,7556100
1997-11-26,16.18293571472168,16.631423556338405,16.154905224620634,16.59405013981879,6136200
1997-11-28,16.2576961517334,16.42587921537202,16.192292197267246,16.22032270787368,1729200
1997-12-01,17.192049026489258,17.248110057783077,16.519316650963415,16.528661296743653,6995400
1997-12-02,17.04255485534668,17.37892106959694,16.8837146838906,17.192050380286673,5473200
1997-12-03,17.15467071533203,17.304166186142112,16.977144736817163,17.210731730741614,5229000
1997-12-04,17.453659057617188,17.705933564661112,17.248100911313696,17.25744555213858,7729800
1997-12-05,17.51906394958496,17.575124954223632,17.17335499126185,17.304162861521355,7144200
1997-12-08,17.547100067138672,17.808717602223812,17.434978021981237,17.58447351190894,5539500
1997-12-09,17.32284927368164,17.62184184868737,17.192039701333012,17.52840570664722,5578200
1997-12-10,16.780920028686523,17.332185173226502,16.66879807239429,17.28546883200159,7486500
1997-12-11,16.491270065307617,16.724858608641494,16.29505664698049,16.44455372531703,8892900
1997-12-12,16.6033992767334,16.74355177966262,16.145568337446594,16.659460277905087,6864900
1997-12-15,16.780920028686523,17.042537356419984,16.706171487543273,16.81829344383551,5865600
1997-12-16,16.575366973876953,16.893047086538566,16.500620121006055,16.855671949257317,6290700
1997-12-17,16.743558883666992,16.808964553348453,16.453910825002563,16.734215949789657,6139800
1997-12-18,16.313753128051758,16.7622411865549,16.304410197115,16.74355361383521,4576200
1997-12-19,16.16426658630371,16.23901349668011,15.697090697639219,16.182952458474254,6734100
1997-12-22,15.968043327331543,16.46324772575147,15.818546174998739,16.201630275438188,5766600
1997-12-23,15.762491226196289,16.07082686892527,15.697087266202692,16.061483934882396,5222400
1997-12-24,15.603649139404297,15.734457028760856,15.500870045612995,15.65971015222749,3498600
1997-12-26,15.949359893798828,15.986733336155899,15.687742375606271,15.687742375606271,1453500
1997-12-29,16.24834442138672,16.369809331302854,16.145565367860346,16.313748340442228,4208400
1997-12-30,16.388505935668945,16.631435889460327,16.098856182603406,16.407191802362675,4500000
1997-12-31,16.36981201171875,16.556682582134506,16.30440808195391,16.38849958201411,4213800
1998-01-02,16.632169723510742,16.632169723510742,16.17173170017461,16.33147455610994,2915700
1998-01-05,16.904678344726562,16.94226460337311,16.688553486184492,16.820107972330355,7433400
1998-01-06,16.1153564453125,16.68855511853436,16.021388208621914,16.538208348653743,11063100
1998-01-07,16.293886184692383,16.293886184692383,15.683099796857956,16.049571285441004,10111800
1998-01-08,15.664304733276367,16.181122833284068,15.636114623810716,16.124742614352765,8979600
1998-01-09,15.316624641418457,15.889824646214183,15.222658189089092,15.701890020967824,10242900
1998-01-12,15.429391860961914,15.429391860961914,14.81860707121089,14.81860707121089,10922400
1998-01-13,15.579744338989258,15.69250484875133,15.438793701786668,15.560950347165969,7038900
1998-01-14,15.692502975463867,15.974404216217179,15.570344624078349,15.946214092141847,10182600
1998-01-15,15.52336597442627,15.6831089023156,15.485777986202509,15.636126497919465,6839100
1998-01-16,15.861645698547363,15.955612216990602,15.636124677812512,15.654916949147855,5872500
1998-01-20,16.1153564453125,16.218719096847824,15.626726432170086,15.974405810865418,8127000
1998-01-21,15.80526351928711,16.19992525752838,15.654915043374203,16.087164760888015,7926900
1998-01-22,15.673704147338867,15.908621201917098,15.645514031965956,15.645514031965956,7206300
1998-01-23,15.52336597442627,15.711299033188899,15.363621325947895,15.673712765554182,8334900
1998-01-26,15.35422420501709,15.711298026131928,15.35422420501709,15.4857769936009,7377300
1998-01-27,15.82405948638916,15.852249617137234,15.40120752516805,15.476381780692593,7158300
1998-01-28,15.93681526184082,16.01198949497113,15.673708026767516,15.918022993999633,8068500
1998-01-29,16.058979034423828,16.293896226559635,15.974408638784244,15.993200912978082,6780300
1998-01-30,16.1153564453125,16.237513088303704,16.058976191533667,16.237513088303704,5122800
1998-02-02,16.716739654541016,16.773119889463583,16.303284024912784,16.31268187779203,7643700
1998-02-03,17.177175521850586,17.177175521850586,16.7073414365411,16.76372166442528,6984600
1998-02-04,17.214767456054688,17.280543830220456,16.951658518214796,17.13019709473224,5770800
1998-02-05,17.224151611328125,17.40268834309924,17.008026931383046,17.289927939751752,6003900
1998-02-06,17.58123016357422,17.740972951861004,17.30872522975038,17.327519207437813,7131000
1998-02-09,18.192026138305664,18.192026138305664,17.647017647121135,17.675207771158068,8127000
1998-02-10,18.02288055419922,18.163831136532863,17.92891407283951,18.060468523213633,6259800
1998-02-11,18.01348114013672,18.107447604375494,17.938306936392987,18.004085009889195,4010400
1998-02-12,17.94771385192871,18.03228422863321,17.684604866233347,17.910125870778675,5293500
1998-02-13,17.769176483154297,17.91012712083291,17.665813829249206,17.900730985183948,3623100
1998-02-17,18.154434204101562,18.163830335646786,17.947707265990015,18.00408749643754,5438400
1998-02-18,18.314176559448242,18.408143025354143,18.173226000295454,18.192018261123906,5238300
1998-02-19,17.98529815673828,18.342373615302304,17.94771190026416,18.342373615302304,4595100
1998-02-20,18.01348114013672,18.041671251467136,17.778564119245857,18.041671251467136,4830300
1998-02-23,18.22021484375,18.314183063616007,18.11685221072128,18.285992941773902,3573900
1998-02-24,18.00408172607422,18.220204726462903,17.994683876952944,18.220204726462903,4373400
1998-02-25,18.398752212524414,18.520908825566423,18.12624714587399,18.201421372678197,4452900
1998-02-26,18.60547637939453,18.73703082631356,18.267194990678266,18.342369206144586,4866000
1998-02-27,18.652469635009766,18.708849894137664,18.34237820980632,18.455138728062117,5162400
1998-03-02,18.60547637939453,18.79341105776627,18.520906032215464,18.708840710587207,4160700
1998-03-03,18.84039306640625,18.906171148866243,18.389351223654675,18.39874907577072,5430300
1998-03-04,18.408151626586914,18.765227116813925,18.39875549178233,18.661862751608787,4410900
1998-03-05,18.116851806640625,18.323578788675686,18.0228835888705,18.248404558577278,5073000
1998-03-06,18.28598976135254,18.379956244286777,18.116849059718,18.267195776530414,6180600
1998-03-09,17.825546264648438,18.314176001894253,17.797356153676095,18.314176001894253,6918000
1998-03-10,18.276601791381836,18.32358591854885,17.86314766643297,18.116858856074415,5760900
1998-03-11,18.746427536010742,18.79341163719931,18.37995602026918,18.483320354648754,6471300
1998-03-12,18.83100700378418,18.868593270581425,18.54910570133232,18.755832749600682,6796500
1998-03-13,18.83100700378418,18.943767524764922,18.633676092067876,18.849800997477303,4371900
1998-03-16,19.291446685791016,19.357224808405842,19.037735494363027,19.12230589150569,7389300
1998-03-17,20.259300231933594,20.29688648522863,19.263248174025485,19.338422401203943,12699600
1998-03-18,20.7667236328125,20.7667236328125,20.202921196813865,20.24990358608809,13203300
1998-03-19,20.334474563598633,20.91707100519744,20.202921804964596,20.804310514603383,8106300
1998-03-20,20.240501403808594,20.59757674676444,20.221707421362083,20.372055839758215,6193200
1998-03-23,19.949209213256836,20.24050655203615,19.939811359349225,20.24050655203615,3084000
1998-03-24,20.17473030090332,20.475423774839232,20.108952205501748,20.202920421621588,4368900
1998-03-25,19.996187210083008,20.522403251602153,19.657905837803852,20.466023022888958,5895000
1998-03-26,20.17473030090332,20.466027641462617,19.89282909372064,19.95860546853379,4490400
1998-03-27,20.165334701538086,20.44723594023894,19.98679782389042,20.372063423644455,4074300
1998-03-30,20.108945846557617,20.16532607016534,19.892822803119945,20.033773362139243,3802500
1998-03-31,20.278087615966797,20.56938660078002,20.108946935980267,20.108946935980267,5190600
1998-04-01,20.44723892211914,20.494223042283988,20.20292562667523,20.296892146416052,4711500
1998-04-02,21.056732177734375,21.085072328713828,20.612735902474412,20.707204225569622,7040400
1998-04-03,21.17954444885254,21.302352954974005,21.028397514102263,21.056737672477066,4517400
1998-04-06,22.218679428100586,22.256465721294393,21.76523699079241,21.76523699079241,10845300
1998-04-07,21.70856285095215,22.53987364551188,21.311800605634485,22.218685737789144,11119800
1998-04-08,21.198436737060547,21.840814184462516,20.85835486427348,21.765239858372325,7560300
1998-04-09,21.40627098083496,21.40627098083496,20.915042024766752,21.236229988763686,4858800
1998-04-13,22.12420654296875,22.209226975802856,21.462935356651144,21.614083945964094,6585000
1998-04-14,21.576297760009766,22.20922885562146,21.311790300941542,22.16199470124506,6484200
1998-04-15,21.170093536376953,21.840811043383972,21.056732928417773,21.576301804982148,5412900
1998-04-16,20.44269561767578,21.217327587812306,19.970360906831708,21.17953956552795,9526500
1998-04-17,20.7449893951416,20.839455983382834,20.319887153437882,20.452141760771966,5736600
1998-04-20,20.357677459716797,20.848907966888795,20.18763652948321,20.763887501772,5611800
1998-04-21,21.02839469909668,21.226775781163628,20.593846238770045,20.63163253496278,7280400
1998-04-22,21.17954444885254,21.368479414599875,21.018951371225995,21.1606521631,3978600
1998-04-23,20.631633758544922,21.151202713428155,20.631633758544922,21.085076258732723,2859000
1998-04-24,20.263208389282227,20.707204674160714,20.20652808609542,20.574950056809644,4869600
1998-04-27,20.045928955078125,20.09316310737065,19.403553478574832,19.668060925973528,7547400
1998-04-28,20.19708824157715,20.395469364572893,19.951472941286095,20.34823518727758,5310300
1998-04-29,20.423810958862305,20.546617752756468,20.064834991657353,20.159301623133924,4159800
1998-04-30,20.943376541137695,21.198437960447897,20.669421106778085,20.669421106778085,6385500
1998-05-01,21.29290008544922,21.349580388897394,20.896137961311993,21.028392579272932,4244100
1998-05-04,21.018951416015625,21.63298702894744,20.952823226502847,21.34013930169913,5163600
1998-05-05,20.707199096679688,20.924472380542852,20.631624802871347,20.896132236582865,4228500
1998-05-06,20.414365768432617,20.848916135789747,20.404919622967103,20.839468260577764,4518000
1998-05-07,20.593849182128906,20.763890133917826,20.27265956447472,20.423808230339986,4312800
1998-05-08,20.688316345214844,20.80167698272287,20.423808767611465,20.556061691540126,3981300
1998-05-11,20.943376541137695,20.9622705561871,20.688315121827493,20.688315121827493,4840200
1998-05-12,21.236225128173828,21.274013159816057,20.70720998264286,20.92448338072857,4836300
1998-05-13,21.085084915161133,21.274019944388137,20.84891742593731,21.255125922541463,5643000
1998-05-14,21.056732177734375,21.311793536549462,20.820564829487438,21.047286037323072,4176600
1998-05-15,21.46293830871582,21.50072632611408,21.07562410347394,21.15119667877972,4666800
1998-05-18,21.500734329223633,21.67077528157317,21.292905345410187,21.330693376874095,4803900
1998-05-19,21.897497177124023,22.143110739928094,21.614095581776198,21.72745621991533,6633300
1998-05-20,21.7935791015625,22.10532080522594,21.670772340337614,22.10532080522594,5013300
1998-05-21,21.72745704650879,21.954178331412372,21.614096404056998,21.765243350744008,5238300
1998-05-22,21.831357955932617,21.831357955932617,21.538510365267292,21.538510365267292,4202700
1998-05-26,21.056732177734375,21.97306314948821,21.028392026754922,21.97306314948821,3826500
1998-05-27,20.565509796142578,20.858357536421543,20.178193703712147,20.754443040953362,8843100
1998-05-28,20.62218475341797,20.650524905745275,20.404909675660083,20.63163089427853,4875300
1998-05-29,20.546611785888672,20.792227032095003,20.51827163170124,20.735546723720137,3043500
1998-06-01,20.263208389282227,20.612736349018988,20.16874179388608,20.272654529898166,4259100
1998-06-02,20.697755813598633,20.77333012414735,20.4426944614604,20.56550293232025,4966800
1998-06-03,20.499372482299805,20.707201380760758,20.499372482299805,20.707201380760758,2846400
1998-06-04,20.782779693603516,20.782779693603516,20.197084311880328,20.499378144464625,3780600
1998-06-05,21.198436737060547,21.217330751019556,20.61273960178976,20.735548097904545,4904400
1998-06-08,21.661334991455078,21.878610194319386,21.056745303600135,21.198446146827592,6431700
1998-06-09,21.39682388305664,21.64243921502925,21.311803390806084,21.529078558695176,3669600
1998-06-10,21.46293830871582,21.78412780787417,21.236217123307746,21.330685437058026,5072700
1998-06-11,21.170093536376953,21.614089827465612,21.16064739562889,21.462941197022968,5758200
1998-06-12,20.9906005859375,21.23621401434171,20.62217871358607,21.17008758819367,5007900
1998-06-15,20.61273193359375,21.04728198477192,20.27265018732138,20.27265018732138,4272450
1998-06-16,20.480491638183594,20.74499924874396,20.178195990581553,20.61274457859064,4976850
1998-06-17,21.04728126525879,21.462935565552176,20.42379808507356,20.42379808507356,5015250
1998-06-18,20.9906005859375,21.141747444166636,20.820559721775304,21.047280873991568,2963850
1998-06-19,21.27400779724121,21.444048707530673,21.08507287589328,21.31179408961256,5336400
1998-06-22,20.952823638916016,21.274013260667473,20.82057071677933,20.933931352751365,3447900
1998-06-23,21.21732521057129,21.46293867917248,20.801669120233683,20.801669120233683,3245850
1998-06-24,22.105331420898438,22.256478409587334,21.14176569229517,21.292912680984067,4714350
1998-06-25,21.87860870361328,22.67213337161998,21.7841420578137,21.99196937047138,7775400
1998-06-26,22.143110275268555,22.18089830701935,21.538520794462155,21.9352830196233,3526950
1998-06-29,22.86106300354004,22.86106300354004,22.218685466200508,22.313152089729876,4407900
1998-06-30,22.82327651977539,23.12557215723637,22.55876891808842,22.766596195860597,4780500
1998-07-01,22.932621002197266,23.293316788536142,22.856686327834662,23.08449382698905,4994700
1998-07-02,22.913631439208984,23.008550623161597,22.79972772325274,22.93261423317984,3544800
1998-07-06,23.388240814208984,23.407225355723625,23.122465923172243,23.16043326816788,6373950
1998-07-07,22.780738830566406,23.046513537578864,22.590898760967537,22.932609843426032,6861150
1998-07-08,22.363086700439453,23.008541411797605,22.363086700439453,22.81870138186119,7517100
1998-07-09,22.363086700439453,22.970574101023153,22.363086700439453,22.609878565553586,4625550
1998-07-10,22.62887191772461,22.62887191772461,22.363095424524925,22.4010644881436,3151500
1998-07-13,22.590909957885742,22.818717459101507,22.420054331973915,22.78075012157665,2900100
1998-07-14,22.932621002197266,23.065509289381755,22.68583070346887,22.704813503042878,4665150
1998-07-15,22.83772087097168,23.236384327572186,22.799753502068928,22.989592084617435,4220850
1998-07-16,22.780738830566406,22.780738830566406,22.495979595184323,22.70480245512037,3378600
1998-07-17,22.76175308227539,22.89464129767567,22.70480123825132,22.7427702929556,3141450
1998-07-20,22.780738830566406,23.160417231731696,22.590898760967537,22.780738830566406,3585900
1998-07-21,21.717636108398438,23.065495776049854,21.679667055428695,22.91362477826769,4608300
1998-07-22,22.15428352355957,22.363106524985515,21.793587668338738,22.021395210997447,5005500
1998-07-23,22.211238861083984,22.628886666876348,22.173271510751547,22.173271510751547,5294250
1998-07-24,22.363086700439453,22.55292673037587,21.88848923264653,22.28715207889055,6094350
1998-07-27,22.40106773376465,22.704809858525742,21.888500942943168,21.907483739470106,4491900
1998-07-28,22.28715705871582,22.59089908884348,22.07833245771653,22.401060754521808,5570550
1998-07-29,22.04035758972168,22.552924045296603,22.002390283467495,22.30613220956472,3484050
1998-07-30,22.666841506958008,22.780745233123625,22.211226602295536,22.28716299908359,3697500
1998-07-31,22.97059440612793,23.559096064488674,22.780754208380223,22.780754208380223,7758600
1998-08-03,22.723800659179688,23.103479288844042,22.6858333176233,22.970592724379937,4420800
1998-08-04,21.14812469482422,22.98956701836326,21.14812469482422,22.856680503076635,6974550
1998-08-05,21.67967414855957,21.81256240136736,20.863365313115146,21.54678763378462,5957550
1998-08-06,21.717636108398438,21.736618896851038,21.167100482627585,21.565763372584,5556900
1998-08-07,21.01524543762207,21.98342747675371,20.95829355296727,21.73663539723837,5194200
1998-08-10,20.806407928466797,21.05319809782471,20.578600548731877,20.95827893561262,3980100
1998-08-11,19.97112464904785,20.369787795241994,19.325671190089118,20.35080499458834,7264950
1998-08-12,20.104013442993164,20.46470925880305,20.02807702439281,20.33182096076079,5294400
1998-08-13,19.4775447845459,20.217919293899982,19.439577440333817,20.00909629368311,5388300
1998-08-14,19.55348777770996,20.009103013400026,19.34466296932922,19.81926275251777,4213800
1998-08-17,20.198923110961914,20.29384402383409,19.32566253115964,19.458549028328513,3960450
1998-08-18,21.01524543762207,21.129149206931675,20.21791905245484,20.236903593350966,5225550
1998-08-19,20.61656951904297,21.375928091722056,20.59758498986542,21.35694356254451,5028900
1998-08-20,19.85721778869629,20.540640218189086,19.781283121885835,20.50267288478386,4448100
1998-08-21,19.34465217590332,19.40160404858805,18.243583796020626,19.287700303218585,11853450
1998-08-24,19.458555221557617,19.81925098160165,19.211764940820316,19.515507092194404,4651950
1998-08-25,19.4775447845459,20.085030982107277,19.24973724320618,19.876207981890406,4914900
1998-08-26,19.515506744384766,19.85721796211543,18.983957119936928,19.13582819291729,4763700
1998-08-27,17.65508460998535,18.680218555081275,17.61711726543745,18.395459125887964,13659450
1998-08-28,17.16149139404297,18.338495715706895,16.762828443701515,18.110688315511776,11808750
1998-08-31,15.946523666381836,17.76898351396833,15.870587260054682,17.237432145744553,11803500
1998-09-01,16.667909622192383,17.44625282901642,15.187161335495507,16.098391050385892,11699850
1998-09-02,16.667909622192383,17.59812386882057,16.440102193469787,16.743846011110833,10603350
1998-09-03,14.959355354309082,16.117377141715387,14.883420696075596,15.490906652108077,12784500
1998-09-04,13.782354354858398,15.225135830854699,13.516579505872253,15.07326299883401,22328400
1998-09-08,14.313907623291016,15.168185895144585,13.782356119237596,14.674601734940127,18160350
1998-09-09,13.55454158782959,14.105075610792161,13.231814986511212,14.105075610792161,12064800
1998-09-10,12.985026359558105,13.13689743354189,12.301603919581362,13.060962765566568,15442800
1998-09-11,13.972195625305176,14.124066731242856,12.168718203890268,12.415510271818317,15846300
1998-09-14,14.048129081726074,14.864439898132732,13.934225327717394,14.237969251084992,10117050
1998-09-15,14.921387672424316,14.94037220555032,13.554543000141173,13.554543000141173,13750050
1998-09-16,15.168179512023926,15.585825332708257,14.750531953306732,15.18716230694321,11266950
1998-09-17,14.541711807250977,14.731550220728064,14.048127760930887,14.048127760930887,9901800
1998-09-18,14.408825874328613,14.560696977453988,14.124066469697613,14.294922112476213,9158100
1998-09-21,14.218981742858887,14.275933607967843,13.364703766224514,13.82031868709618,7048200
1998-09-22,14.010164260864258,14.44679481702089,13.896260486385685,14.294923697060685,7080150
1998-09-23,15.225140571594238,15.263107922404837,14.12407001774776,14.12407001774776,9460500
1998-09-24,14.086097717285156,15.035295058287131,13.820321140899294,14.731551144431847,11735100
1998-09-25,13.820323944091797,14.10508337795381,13.231822272799405,13.51658170666142,15015450
1998-09-28,13.535568237304688,14.52273512585805,13.535568237304688,14.08610445305278,8926350
1998-09-29,13.668458938598633,14.256962611133106,13.212843640645344,13.953218499819437,19558200
1998-09-30,13.098932266235352,13.896258578093155,12.871124748561693,13.592514641850467,16407900
1998-10-01,12.368043899536133,13.25079764975553,12.301600648218685,12.909086520638343,11555100
1998-10-02,13.407308578491211,13.579688252699512,12.277262878545644,12.641176108608743,16156350
1998-10-05,12.717787742614746,12.985933272881875,12.143188925230593,12.79439974924168,11464350
1998-10-06,12.583711624145508,13.57968329610893,12.52625175371562,13.25407619464884,11651250
1998-10-07,12.334718704223633,12.794397683928068,11.7218139824631,12.583712069408918,11566650
1998-10-08,12.411334037780762,12.602867554974688,10.898223285082404,11.798429237711119,16523550
1998-10-09,13.120013236999512,13.311545099397831,12.25811459559525,12.660333961583905,14538150
1998-10-12,13.19661808013916,13.866984493376426,13.024238445912946,13.6179911038709,9226500
1998-10-13,13.081704139709473,13.637151043730446,12.947632200286835,13.062552007527437,7553250
1998-10-14,12.775245666503906,13.254076771917275,12.468792426351868,12.468792426351868,7036350
1998-10-15,14.403276443481445,14.901263254431043,12.564560227141838,12.564560227141838,11933550
1998-10-16,15.044901847839355,15.169397581865683,14.403265806350653,14.748024842302147,18859800
1998-10-19,15.70570182800293,15.916387479683946,14.901263471629012,15.016183236825285,8709900
1998-10-20,16.261140823364258,17.008119023730814,16.107915110365106,16.83573943903084,15729450
1998-10-21,16.548452377319336,16.62506616728226,16.165386934578944,16.471838587356412,8617200
1998-10-22,17.180505752563477,17.237965638023557,16.3186074706623,16.548447012502614,8252550
1998-10-23,17.065587997436523,17.372041340600834,16.874054438766738,17.00812810518926,5982450
1998-10-26,16.701671600341797,17.065584766863367,16.625059594206196,16.912359001055748,4978800
1998-10-27,15.935543060302734,16.66336773309826,15.76316339409827,16.62506172512059,7752000
1998-10-28,16.050457000732422,16.395216207763408,15.648237925862936,15.705697793701434,8751150
1998-10-29,16.586750030517578,16.682517658058067,15.858925530305488,16.050459031850238,4521450
1998-10-30,17.41034507751465,17.582724731747465,16.912359994243126,16.969819878987398,6904500
1998-11-02,17.314584732055664,17.582730362217646,17.1038972515011,17.314584732055664,5486700
1998-11-03,17.237972259521484,17.50611791015719,17.16135846496676,17.295432167053225,4070700
1998-11-04,17.774253845214844,18.138165189071554,17.48695449294055,17.601874233850268,6069150
1998-11-05,18.502086639404297,18.57870041911081,17.467808504282317,17.755107986260644,7403700
1998-11-06,18.69361114501953,18.86599075059798,18.387157928368055,18.387157928368055,5155800
1998-11-09,17.870018005371094,18.578690257834545,17.812558140402054,18.50207652003052,4687200
1998-11-10,17.52526092529297,18.042399772268826,17.486954928547544,17.640180669065384,4923450
1998-11-11,17.352882385253906,17.75510151338893,17.142196759790497,17.58272188704535,3834750
1998-11-12,16.893211364746094,17.429504373536105,16.73998554232198,17.065591072549626,5471250
1998-11-13,17.52526092529297,17.640180669065384,16.950662206430906,17.00812207831711,4429050
1998-11-16,17.735950469970703,18.0424037724869,17.582724695480863,17.870024118609635,4962900
1998-11-17,18.77022361755371,19.076676842099463,17.4678004819224,17.755099831954016,12616200
1998-11-18,18.942604064941406,18.942604064941406,18.25308559438496,18.751072325477605,6831150
1998-11-19,18.846847534179688,19.000073352384256,18.655313946271214,18.942613451365418,4348200
1998-11-20,18.980918884277344,19.134144683617873,18.82769133140001,18.84684521389388,6487200
1998-11-23,19.91943359375,19.957741366963752,19.38314230412926,19.45975434348241,6476100
1998-11-24,19.86195945739746,20.49401797367809,19.80449959228104,19.919419322513882,7208550
1998-11-25,20.1109561920166,20.225875941685267,19.823656817844935,19.919422691390086,3859200
1998-11-27,20.053491592407227,20.206717304685416,19.996031731110932,20.130105325314222,908550
1998-11-30,19.440593719482422,20.168418296673604,19.402285963000075,20.1109584154865,4351650
1998-12-01,19.038375854492188,19.268215394974845,18.770228554904733,19.229907635870045,5715300
1998-12-02,19.30652618408203,19.70874547958374,19.038380571593216,19.057532702354365,5449500
1998-12-03,18.77022361755371,19.268210326632566,18.69361162656933,19.249056452118435,5677350
1998-12-04,19.65128517150879,19.65128517150879,19.038380175623164,19.038380175623164,4322850
1998-12-07,19.91943359375,19.996047386640328,19.45975434348241,19.651287948939633,3331200
1998-12-08,19.804500579833984,20.32163939166894,19.68958084387066,19.88111432165487,4368600
1998-12-09,19.555513381958008,20.16841819364398,19.34482598299064,20.03434455371351,4580700
1998-12-10,19.22991180419922,19.63213108723004,18.942612316320062,19.49805916191104,3347100
1998-12-11,18.65530014038086,18.980907174212863,18.463768447752795,18.942599432858675,5328150
1998-12-14,18.023250579833984,18.597849447985297,17.92748468632096,18.444623667657144,5858550
1998-12-15,18.617002487182617,18.655308492150247,18.080709649953253,18.195629418392652,6708450
1998-12-16,19.459745407104492,19.459745407104492,18.387161566881844,18.693614844175332,5101650
1998-12-17,21.413389205932617,21.432543090794194,20.532338558892476,20.762178163083302,12824850
1998-12-18,21.298460006713867,21.662373137299056,20.685555250471246,21.43253363451604,9912900
1998-12-21,22.141204833984375,22.141204833984375,21.29845886653745,21.39422648992778,7818600
1998-12-22,21.987979888916016,22.14120740270282,21.54745473223576,22.007133766523456,4211250
1998-12-23,21.83475112915039,21.873057125566685,21.489991900795385,21.566605647164092,4146600
1998-12-24,21.681522369384766,21.892207950626872,21.643214624769204,21.643214624769204,1525950
1998-12-28,21.873062133789062,22.026289661610612,21.71983635950403,21.873062133789062,3091350
1998-12-29,22.064598083496094,22.217823874563692,21.547459065914154,21.873064529509065,3514800
1998-12-30,22.064598083496094,22.236977756023407,21.79645251074362,21.98798431119394,3089400
1998-12-31,21.758142471313477,22.0454418954661,20.838784314025066,21.93052212580505,3736050
1999-01-04,22.138538360595703,22.138538360595703,21.541759798351524,21.59951250558571,7798800
1999-01-05,22.311796188354492,22.311796188354492,21.753518850797136,21.753518850797136,6532050
1999-01-06,22.793067932128906,22.850820639526592,22.42730196025874,22.485054667656424,9776250
1999-01-07,23.73636817932129,23.7748694055842,22.3310513898104,22.600565261070287,10692750
1999-01-08,23.255090713500977,23.871120797118422,23.02407987276265,23.601606974608472,8113050
1999-01-11,23.486106872558594,23.948128658657932,23.13959053298409,23.216594751491726,10198200
1999-01-12,22.75457191467285,23.274346400033398,22.63906647348162,23.25509490567714,10746300
1999-01-13,22.061538696289062,22.485059223848477,21.098993965442883,21.2530006288858,13639350
1999-01-14,21.021984100341797,21.849773439036614,20.906478693197062,21.792020735464245,7469550
1999-01-15,21.830522537231445,21.84977402643066,21.15674156493125,21.54175901160669,6348000
1999-01-19,22.908571243286133,22.947074219664128,22.331044222342175,22.63905922100315,9146250
1999-01-20,23.75560760498047,24.102123752723433,22.985571133616464,23.13957772290036,9931200
1999-01-21,23.21658706665039,23.697860188690413,22.793066648756263,23.40909666796093,8336550
1999-01-22,22.138538360595703,22.94707626187431,22.061534163459203,22.75456665026944,7715700
1999-01-25,22.927825927734375,23.00483012875256,22.119287985698403,22.119287985698403,5817600
1999-01-26,22.870075225830078,23.197340024567286,22.60056314230961,22.966329163700316,4345200
1999-01-27,22.5235595703125,23.00483279819481,22.388802643511923,22.87007587139423,5808900
1999-01-28,22.67755889892578,22.850816993473956,22.36954568359957,22.504300804377607,4809300
1999-01-29,23.697864532470703,23.909623898996585,22.716068382028816,22.850823541421203,9135450
1999-02-01,23.659360885620117,24.14063408240953,23.409100303766888,23.697863869345948,6571500
1999-02-02,23.659360885620117,23.948124451199178,23.197339180693618,23.563106951251406,5093700
1999-02-03,24.448652267456055,24.679663149471473,23.158840922045588,23.31284758923148,8805600
1999-02-04,24.005884170532227,24.410153280330537,23.563113828244276,24.063636900503415,7081200
1999-02-05,23.543855667114258,24.00587737611714,23.33209630464559,23.92887493293196,4258950
1999-02-08,22.5235595703125,23.69786540035827,22.50430807720583,23.69786540035827,4952250
1999-02-09,22.17703628540039,22.889320156363283,22.119283586740494,22.75456327199936,7435350
1999-02-10,22.504310607910156,22.56206333125165,21.98453609783673,22.17704576313279,3841350
1999-02-11,23.44759750366211,23.62085561329508,22.504302763725054,22.504302763725054,7559550
1999-02-12,22.812318801879883,23.52460276124383,22.52355527274216,23.31284166489436,5636100
1999-02-16,23.92887306213379,24.025126989826454,23.370595699087037,23.370595699087037,6497550
1999-02-17,23.794113159179688,24.564149771239475,23.409095734386092,23.52460113807143,9882600
1999-02-18,23.486106872558594,24.00588138192035,23.37060142603376,23.71711776560826,6601050
1999-02-19,23.428354263305664,23.928879042331147,23.40910453044001,23.428354263305664,5058450
1999-02-22,24.94917869567871,24.94917869567871,23.42835625868247,23.42835625868247,6075600
1999-02-23,25.218690872192383,25.43045205179795,24.660415083858464,24.660415083858464,8625750
1999-02-24,24.27539825439453,25.237943173124762,23.94813160729695,24.96843101887393,7325850
1999-02-25,24.48715591430664,24.48715591430664,23.582363791127616,23.890377155947995,5097600
1999-02-26,24.52564239501953,24.795156130248415,24.17912624613006,24.448639981358944,5236200
1999-03-01,24.872163772583008,25.19943026809206,24.390892417377582,24.487146335924137,6638250
1999-03-02,24.737407684326172,25.12242510612458,24.564149580146005,24.89141430055102,4952850
1999-03-03,24.852916717529297,24.929919155653646,24.448647748721548,24.718159807102435,5177850
1999-03-04,25.68071174621582,25.68071174621582,24.81442085040112,24.852923842975112,5842800
1999-03-05,26.75875473022461,26.797255947255614,26.29673307596158,26.450739706558345,7327050
1999-03-08,26.431489944458008,26.85501040937276,26.277483303794853,26.739504988257178,5024100
1999-03-09,27.086027145385742,27.24003381955997,26.25823752644364,26.277489021642882,5914950
1999-03-10,27.394031524658203,27.49028543800069,26.58549371765818,26.932009920658192,5012850
1999-03-11,27.163022994995117,27.567291932314454,26.874259468338444,27.240025427121765,5726550
1999-03-12,27.105283737182617,27.41329714344673,26.72026433564212,27.220789205150055,5071350
1999-03-15,26.874277114868164,26.912778356212662,26.48925765152776,26.48925765152776,4845150
1999-03-16,26.123476028442383,27.066769102986388,26.04647182874525,26.87426124745278,6077100
1999-03-17,25.3726863861084,26.10421998704508,25.353434898922103,26.046467287958695,5201850
1999-03-18,25.834718704223633,26.084979329180015,25.29569270148031,25.29569270148031,5516700
1999-03-19,25.41119384765625,26.412241465509446,25.3341896424451,26.181230612348934,6128850
1999-03-22,25.218690872192383,25.56520724339414,25.08393568059619,25.449701786326887,3279600
1999-03-23,24.506399154663086,24.77591119870431,24.333141034392426,24.64115429544733,4675650
1999-03-24,24.448652267456055,24.718164375649653,24.333146826448345,24.52565471981242,4543050
1999-03-25,25.103174209594727,25.372687997428617,24.8721633985786,24.929916101332633,5166000
1999-03-26,24.795162200927734,25.08392572903453,24.64115381095564,24.795162200927734,2936250
1999-03-29,25.334182739257812,25.526692318593227,24.96841682973472,24.987666553937544,4251300
1999-03-30,25.2379207611084,25.488182957976917,25.045411243327084,25.045411243327084,3074550
1999-03-31,25.064680099487305,25.796213954224005,24.94917466124082,25.41119641422676,3232650
1999-04-01,24.572458267211914,25.05616688306613,24.320928582416958,25.036819672126796,4103250
1999-04-05,24.37896156311035,24.785277589162188,24.24352229729397,24.746581415242066,4808850
1999-04-06,24.53375816345215,24.88202918677275,24.456365783646255,24.553107144102636,5411550
1999-04-07,26.120319366455078,26.27510585371638,24.80462979624022,24.88202215417211,5273850
1999-04-08,27.203838348388672,27.51341320842918,26.410554873070204,26.584690399705835,7461000
1999-04-09,26.487945556640625,27.08774444433643,26.46859657686407,26.97165410847299,4744800
1999-04-12,26.894256591796875,27.029694110152416,26.39119738494096,26.39119738494096,4117500
1999-04-13,27.049049377441406,27.53275972072289,26.565339034159923,27.513410740144263,4812450
1999-04-14,26.73948097229004,27.861688459022368,26.46860403607125,27.242540417065797,4721400
1999-04-15,26.487945556640625,27.242532739752978,26.294461073068913,26.681428268814393,5361600
1999-04-16,26.642732620239258,27.068397784158602,26.236416436488334,26.565338470963564,3631050
1999-04-19,26.31381607055664,28.20995806615587,26.02359016452623,27.62950625409505,7036650
1999-04-20,25.694656372070312,26.816863366020463,24.80463178472147,26.31380591354513,11746500
1999-04-21,25.830102920532227,26.236419146248462,25.056166662035242,25.40443771264916,5737200
1999-04-22,26.54598045349121,26.54598045349121,25.30768342626625,25.30768342626625,5237250
1999-04-23,26.352500915527344,26.623377720668955,26.13966926658733,26.197714422788934,4390800
1999-04-26,25.578575134277344,26.197724895536158,25.42378857966179,26.178375911934854,2694900
1999-04-27,26.487945556640625,26.70077724859095,25.26899703007452,25.733358373528272,6177150
1999-04-28,25.888134002685547,26.46858543772334,25.888134002685547,25.965528117822988,3719850
1999-04-29,25.96554183959961,26.75882529623824,25.714012161027203,25.96554183959961,4188900
1999-04-30,25.53986930847168,26.468591828779743,25.307688678394666,25.84944407237358,5365800
1999-05-03,25.61726951599121,25.772056048942265,25.1142101839537,25.385088830865605,5240400
1999-05-04,25.46247673034668,25.888141835294263,25.30769022463744,25.404431569280998,4670850
1999-05-05,24.823984146118164,25.733359670479228,24.45636591162143,25.539875177155974,6652650
1999-05-06,24.011348724365234,24.90137515567101,23.992001517452767,24.224182171584896,7305150
1999-05-07,24.262876510620117,24.688541601272327,23.953301738200537,24.011346897316855,6353700
1999-05-10,24.45635986328125,24.823978006861772,24.26287541780893,24.437010887314738,4205850
1999-05-11,24.765941619873047,25.133561665023844,24.26288400919161,24.82398679692853,4980150
1999-05-12,25.481830596923828,25.520526787926176,24.45636647847796,24.804637511693322,5330400
1999-05-13,26.00422477722168,26.429889761362183,25.539863620485576,25.539863620485576,3679650
1999-05-14,24.475709915161133,25.346387363977907,24.282227218578164,25.230297037469004,7173900
1999-05-17,24.340272903442383,24.45636323243909,23.87591158745555,24.45636323243909,3682950
1999-05-18,24.37896156311035,25.07550332205636,23.99199450971722,24.35961259045164,5363100
1999-05-19,24.823984146118164,24.959423468584248,24.61115244344121,24.61115244344121,4116150
1999-05-20,24.823984146118164,25.152907961907502,24.76593897526099,24.8433331268699,3496500
1999-05-21,24.437007904052734,24.84332394996335,24.262872455805326,24.74658262473614,5004000
1999-05-24,23.488937377929688,23.991996538415094,23.37284707495574,23.93395138692812,8523150
1999-05-25,22.850448608398438,23.527643457374722,22.753707246286705,23.218068618659903,7032900
1999-05-26,23.334152221679688,23.60502902018856,22.444125924582607,22.773049649269325,7955400
1999-05-27,22.521528244018555,23.334160706431597,22.289347540471972,23.334160706431597,6256200
1999-05-28,22.40544319152832,22.889153695455843,22.289352812297604,22.46348838114368,6132300
1999-06-01,22.328044891357422,22.792406322521863,21.747593102401872,22.366742858219983,5718900
1999-06-02,21.999114990234375,22.424780074794505,21.766934357092058,22.366734916508925,6079950
1999-06-03,22.17325210571289,22.366736571446822,21.70889080506969,22.231297268293293,5654550
1999-06-04,23.005226135253906,23.063271279605768,22.153896170495106,22.579561152874508,6295200
1999-06-07,23.759811401367188,23.798507571179826,23.198707196399834,23.295450278027094,3461400
1999-06-08,23.179378509521484,23.663087218385783,22.869803589585455,23.624391017668227,3318150
1999-06-09,22.850448608398438,23.314809980771635,22.695662074740056,23.179372428094823,3550950
1999-06-10,22.63762092590332,22.7537112896259,22.250653637294175,22.63762092590332,3511200
1999-06-11,22.676315307617188,22.92784499934187,22.444134598763092,22.71501327335836,5655000
1999-06-14,22.831098556518555,22.889143720839026,22.579568920663895,22.869794742266258,3420900
1999-06-15,23.256759643554688,23.508289254854407,22.773051169036783,22.773051169036783,3939150
1999-06-16,24.882028579711914,25.075513067302154,23.895260704378266,24.14679036110578,8062350
1999-06-17,24.591808319091797,24.882034230691616,24.301582407491978,24.359627589811943,5615850
1999-06-18,24.80463981628418,25.05616773826593,24.630504283497626,24.649851495097302,4764150
1999-06-21,25.84945297241211,25.926845361485775,25.075516681887766,25.23030323143334,4377750
1999-06-22,25.307695388793945,25.926843309368746,25.23030123444781,25.849450926420705,3204750
1999-06-23,24.843334197998047,25.07551489143728,24.804638006224213,25.07551489143728,3130050
1999-06-24,24.765941619873047,24.998122328094976,24.417670557540152,24.78529060269095,3177450
1999-06-25,25.1335506439209,25.42377640193384,25.056156517984963,25.1335506439209,3144750
1999-06-28,25.578575134277344,25.984891390116687,25.307698220850547,25.385092383857472,4134000
1999-06-29,25.578575134277344,25.984891390116687,25.520529954871723,25.984891390116687,3154650
1999-06-30,26.778160095214844,26.81685626703921,25.4431217962064,25.733347513382146,7451250
1999-07-01,26.73073387145996,26.944579144407424,26.10863561952083,26.614090671700623,6681900
1999-07-02,26.458560943603516,26.84737273319945,26.439121600007304,26.47800206703342,2399100
1999-07-06,26.76961326599121,27.02234078189655,26.24471888822668,26.53632687587364,2863800
1999-07-07,26.322500228881836,26.866834337596032,26.322500228881836,26.65298892201797,4667400
1999-07-08,26.59463882446289,26.67240151956656,26.128066213507402,26.32247206134994,4542750
1999-07-09,26.497453689575195,26.847383370964298,26.205845621750942,26.711299012701513,2053800
1999-07-12,26.166955947875977,26.47800505873081,26.166955947875977,26.341920739012963,2906400
1999-07-13,25.758708953857422,25.875352166901052,25.583744134291972,25.855912817949903,3496050
1999-07-14,25.42821502685547,25.933668249096065,25.38933455740121,25.797585716089255,3624150
1999-07-15,25.544864654541016,25.894794307342945,25.428221436940373,25.428221436940373,3852600
1999-07-16,25.447662353515625,25.544864440757934,25.350458486439077,25.544864440757934,2957400
1999-07-19,25.544864654541016,26.030878654488447,25.36989982814005,25.544864654541016,3792750
1999-07-20,25.15606117248535,25.836479528412866,24.942214030464203,25.60319303154232,3621150
1999-07-21,25.292129516601562,25.855906086083206,25.233807925264408,25.467094290613026,4862700
1999-07-22,25.914243698120117,26.380816717262054,25.27270579679995,25.27270579679995,6287400
1999-07-23,25.369892120361328,25.972549154812565,25.194927347117456,25.758702134292026,3798450
1999-07-26,25.778141021728516,25.87534307182068,24.961638817420372,25.019960403442383,4628100
1999-07-27,26.050317764282227,26.24472371843762,25.739270373434678,26.011437285384844,3806700
1999-07-28,25.797582626342773,26.22527307861706,25.75870038171159,25.972547387682326,2496450
1999-07-29,24.96164321899414,25.583739652980835,24.806119555455936,25.42821598944263,4553250
1999-07-30,23.970186233520508,24.689486819207684,23.71745861588239,24.572843577195417,5740500
1999-08-02,24.339553833007812,24.41731479737721,23.892420278629046,23.93130254064813,6278850
1999-08-03,24.514516830444336,24.553397309707357,24.261789265649075,24.339552004009366,3029550
1999-08-04,24.397871017456055,24.845002710836276,24.358988762494945,24.592275172925333,3498900
1999-08-05,24.456193923950195,24.533954878350123,23.892417215462856,24.397872318233173,4113000
1999-08-06,23.56192970275879,24.33955173837214,23.503608094583644,24.028502568159954,3852750
1999-08-09,23.523048400878906,23.834095780373712,23.36752293129733,23.484166143566426,4196850
1999-08-10,23.114784240722656,23.620237284815467,22.57044896104589,23.406392108436428,5402250
1999-08-11,23.931291580200195,23.931291580200195,23.270313006779883,23.367515057640624,3495900
1999-08-12,23.54248809814453,23.931299998018957,23.54248809814453,23.931299998018957,3220950
1999-08-13,24.611717224121094,24.6311583523313,23.795214756970157,23.795214756970157,4631850
1999-08-16,24.96164321899414,24.981084344374118,24.533950919471735,24.76723730469598,3593550
1999-08-17,25.81702995300293,25.81702995300293,25.40877871695481,25.40877871695481,5863800
1999-08-18,26.43912696838379,26.43912696838379,25.389338127019297,25.622624536211404,4112100
1999-08-19,25.642061233520508,25.93366921487151,25.467096444709902,25.680943484256556,3973350
1999-08-20,26.050317764282227,26.069758893648036,25.38934072385551,25.38934072385551,3679800
1999-08-23,26.652969360351562,26.69184983105662,26.108633871311508,26.128074996580963,3983400
1999-08-24,26.925138473510742,27.52779560907788,26.283600863977146,26.283600863977146,7272300
1999-08-25,26.59463882446289,26.67240151956656,25.894779908029655,26.41967409535458,7763250
1999-08-26,26.128074645996094,27.158422234442696,25.991990330603585,26.82793378829956,4879050
1999-08-27,25.85590934753418,26.22527828603902,25.505979755371314,26.147517341003237,3249300
1999-08-30,25.331022262573242,25.89479728587955,24.922770954012076,25.85591680215188,4536900
1999-08-31,26.030874252319336,26.43912544488085,25.03940707038423,25.93367040086777,9561450
1999-09-01,25.729543685913086,26.030873120544154,25.194929645509326,26.030873120544154,6215850
1999-09-02,25.117158889770508,25.15604112815739,24.747790083928276,25.15604112815739,4071300
1999-09-03,26.43912696838379,26.6724133775759,25.73926774080746,25.73926774080746,5879250
1999-09-07,25.311569213867188,26.439120509452508,25.156045572344034,26.439120509452508,5703900
1999-09-08,25.42821502685547,25.778144591445223,24.844999085872544,25.1949286504623,5702850
1999-09-09,24.106271743774414,25.194941460518585,23.736900866738576,25.194941460518585,20267100
1999-09-10,24.08681297302246,24.378420878264865,23.5813598638801,24.106254093316423,9359100
1999-09-13,24.164581298828125,24.33954608269776,23.950734265320474,24.164581298828125,3735150
1999-09-14,24.0673770904541,24.08681821497899,23.698008183317793,23.91185343375638,4038000
1999-09-15,24.08681297302246,24.650587663213305,24.047932512267945,24.41730133901938,5745900
1999-09-16,24.26178741455078,24.32010901891268,23.678571370931774,24.16458533389232,4375200
1999-09-17,24.12570571899414,24.806125697596705,24.12570571899414,24.55339812441567,5602650
1999-09-20,24.397871017456055,24.53395357031774,24.067380749456962,24.145143479545112,3307050
1999-09-21,23.620258331298828,24.28123734701672,23.600817196184114,24.261796211902006,4165950
1999-09-22,23.756336212158203,24.106265869392114,23.056476897690377,23.63969299308023,5008200
1999-09-23,23.406415939331055,24.242358157990562,23.250890398315573,23.93131063562958,6028500
1999-09-24,23.445276260375977,23.698003712181894,23.250870391307313,23.28975263302112,5725200
1999-09-27,23.056476593017578,23.775775247937265,22.95927272518089,23.775775247937265,4467300
1999-09-28,22.95926856994629,23.075911766372492,22.570458508470256,22.66766057888078,9659100
1999-09-29,22.706546783447266,23.13423739156895,22.687105654047464,22.99815482527307,3811650
1999-09-30,23.445276260375977,23.736884174062244,22.64821522291133,22.72597614667203,4503750
1999-10-01,23.03703498840332,23.367523504663524,22.706546472143117,23.367523504663524,4650450
1999-10-04,24.181804656982422,24.181804656982422,23.165269047353487,23.204365951274838,3881850
1999-10-05,23.65399742126465,24.592337791169463,23.380313620214263,24.084068897642876,6691200
1999-10-06,23.75174331665039,24.044974715621382,23.614901400549787,23.654000113574202,5134050
1999-10-07,23.3216609954834,24.00586852202447,23.14572222404285,23.7908310526582,4911150
1999-10-08,23.634445190429688,23.634445190429688,22.96978691272858,23.32166450861587,4449000
1999-10-11,23.08709144592285,23.82994572766664,23.067543873595813,23.65400683826568,3517200
1999-10-12,22.9111385345459,23.263016097993233,22.9111385345459,23.06752975590594,2977650
1999-10-13,22.26603126525879,23.223920853261863,22.050995557642576,23.223920853261863,6055050
1999-10-14,22.187824249267578,22.441956719089298,21.581812610190973,22.246470479186573,6055650
1999-10-15,20.799875259399414,21.66002169472535,20.58483954543894,21.347241010084826,11077050
1999-10-18,21.366790771484375,21.484083306753746,20.878071277947978,20.878071277947978,6219600
1999-10-19,22.246482849121094,22.67655424783671,21.8946052739491,21.8946052739491,6165750
1999-10-20,23.712644577026367,23.732192142298846,22.75475481717946,22.832950447496234,7087800
1999-10-21,24.279558181762695,24.279558181762695,23.380314689561086,23.380314689561086,6499350
1999-10-22,25.2178897857666,25.45247480702955,24.35774530438303,24.35774530438303,7538550
1999-10-25,24.377294540405273,25.002855833312704,24.201355762351646,24.924660224263825,5334450
1999-10-26,24.338191986083984,24.709618805745247,24.044960757335986,24.494581378169123,4208250
1999-10-27,25.882564544677734,25.882564544677734,24.35776092840013,24.416407221333884,8916900
1999-10-28,27.70057487487793,27.837414909626837,26.66449009897204,26.742685682929434,16044150
1999-10-29,27.290056228637695,27.915615646545593,26.99682497184625,27.56373813839586,11075550
1999-11-01,26.136682510375977,27.25096144612506,26.07803625059971,27.094572016635617,6766350
1999-11-02,26.175783157348633,26.97728150400285,26.038941277776665,26.429915775456926,5312400
1999-11-03,25.784805297851562,26.273524732461595,25.70661147692808,26.156232211334533,3973200
1999-11-04,26.312606811523438,26.879521537250863,26.117120579660934,26.23441303467477,5804400
1999-11-05,26.9772891998291,27.329166885044263,26.78180100035097,26.93819227583046,5149950
1999-11-08,26.390825271606445,27.094580612182618,26.312629637183854,26.996837411461165,3590400
1999-11-09,25.980287551879883,26.488554431859882,25.6479594137862,26.371261937269004,4852950
1999-11-10,25.198347091674805,25.726163528899708,25.198347091674805,25.66751725809694,4770150
1999-11-11,25.374286651611328,25.84345683185525,25.120153997140672,25.276543460641246,3439350
1999-11-12,26.586305618286133,26.586305618286133,25.804354874008293,25.823904224281343,5134950
1999-11-15,25.82390594482422,26.527661124640094,25.804356593248677,26.293076064701467,5613000
1999-11-16,26.899085998535156,27.03592787866654,25.921648855467705,26.07803829723075,6735300
1999-11-17,25.608863830566406,26.64494885169605,25.53067001784309,26.605850155592737,5410200
1999-11-18,26.078035354614258,26.31262038565949,25.62841464169148,25.765256506381785,4607400
1999-11-19,25.96075439453125,26.39082773945884,25.804364900804195,26.117145678000856,2998350
1999-11-22,25.608863830566406,25.823901289909656,25.237438745776522,25.804351941858002,3771450
1999-11-23,25.00284194946289,25.726144219990122,24.8660001570498,25.608851766419132,4543950
1999-11-24,24.885560989379883,25.00285349712285,24.63142662602291,24.944207243251366,3782100
1999-11-26,24.72917366027832,25.296088729683795,24.72917366027832,25.296088729683795,1191300
1999-11-29,24.064517974853516,24.650980624202166,23.86902982848998,24.650980624202166,5221350
1999-11-30,24.162261962890625,24.78782154657896,23.947226247503828,23.96677380997588,6047250
1999-12-01,24.206249237060547,24.396849624753937,23.9472287939554,24.123167613364682,4569300
1999-12-02,24.72917366027832,24.787819923338066,23.771285890130436,24.39684543285374,4892700
1999-12-03,25.647958755493164,26.078030031460347,25.276531935574788,25.31562883618779,5766750
1999-12-06,24.670530319213867,25.647969345806132,24.20136015916706,25.647969345806132,4982550
1999-12-07,24.592330932617188,24.768269702906796,24.201354694368018,24.553232234947238,5553600
1999-12-08,24.308870315551758,24.592327783523892,24.044962193911267,24.514132187938806,4757100
1999-12-09,24.35775375366211,24.826923958934945,23.790838562462568,24.396850674187412,4738200
1999-12-10,24.69007110595703,24.905106758122,24.435936760859157,24.905106758122,4813650
1999-12-13,24.56300926208496,24.787818733192186,24.31864865124065,24.435941171728533,2552850
1999-12-14,23.947229385375977,24.416399582054414,23.79083812665499,24.416399582054414,3342000
1999-12-15,23.614891052246094,24.201353593193776,23.380306035867022,23.947221018610872,4586400
1999-12-16,23.4585018157959,23.82992869112655,23.087074940465246,23.82992869112655,4055100
1999-12-17,22.754743576049805,23.419401631037225,22.539707936086845,22.911132969682736,9983550
1999-12-20,22.598356246948242,23.126172512138492,22.598356246948242,22.950233757075075,6205650
1999-12-21,23.4585018157959,23.927671852111818,22.559258649609838,22.637454252243042,7860000
1999-12-22,23.419408798217773,23.653993855329333,23.145725038426324,23.458505711155716,3378450
1999-12-23,24.240455627441406,24.37729571268017,23.790833090965794,23.84947935313723,4337400
1999-12-27,23.927677154541016,24.76827425246587,23.927677154541016,24.24045784464511,3811800
1999-12-28,23.908132553100586,24.201363949049256,23.869035630221568,23.986328188601032,2253300
1999-12-29,24.26000213623047,24.455490264904633,24.064515797298114,24.14270961697433,2300250
1999-12-30,24.41638946533203,24.61187577312179,24.00586571333541,24.259998271410396,1916100
1999-12-31,24.29909896850586,24.514134640703404,24.29909896850586,24.396842130460804,1160400
2000-01-03,22.793838500976562,23.575788980835092,22.55925353599313,23.38030091343515,12019200
2000-01-04,22.293704986572266,22.392001145816515,21.762902486891974,22.215066979256417,11723400
2000-01-05,22.156097412109375,22.824516230708024,21.703932746513054,22.097119333993852,8714550
2000-01-06,22.47064971923828,22.942474385259032,21.939846969964936,22.057803136470124,8369250
2000-01-07,22.883487701416016,23.11939994576051,22.333025197989667,22.84416959398113,6571950
2000-01-10,22.49030303955078,23.080083697931766,22.49030303955078,22.883489545182194,4723500
2000-01-11,21.95949935913086,22.156091702273482,21.46801490153901,22.018477422047173,8405550
2000-01-12,22.097110748291016,22.293704865579976,21.86119852749123,21.920176582691177,7271850
2000-01-13,22.431324005126953,22.804850539394195,22.195411751961263,22.372345941835533,6918900
2000-01-14,23.237369537353516,23.827150490078225,22.903160930765726,23.25702950240055,9731850
2000-01-18,22.333024978637695,23.433949974677258,22.0971127366103,23.25701579315671,5296650
2000-01-19,23.315998077392578,23.70918461870873,22.7262173654844,22.7262173654844,15734700
2000-01-20,23.29634666442871,23.90578755687206,22.883500014679342,23.70919331417808,7770300
2000-01-21,22.942468643188477,23.276677098017633,22.844172462325268,23.237358985645912,5160600
2000-01-24,22.962121963500977,23.45360452565163,22.706549807272875,23.39462647420417,6459150
2000-01-25,23.473264694213867,23.82713300618694,22.962122176875198,22.962122176875198,7579950
2000-01-26,24.67249298095703,24.849427189266997,23.59122777466239,23.709183913535703,8386650
2000-01-27,25.380226135253906,25.635796532521795,24.71180751190522,24.98703786275817,8165850
2000-01-28,24.122026443481445,25.026357293152163,24.102366490270924,25.026357293152163,7500000
2000-01-31,25.380226135253906,25.635796532521795,24.161345010331743,24.161345010331743,7160250
2000-02-01,26.343530654907227,26.57944287510003,25.576815939280614,25.93068426956982,9651000
2000-02-02,25.91104507446289,26.48116609041006,25.596494617456496,26.10763753520676,7126200
2000-02-03,26.166610717773438,26.697413501829562,25.242621286224466,26.264908729547937,9200250
2000-02-04,25.714435577392578,26.205920037772632,25.655457514141677,25.95034783039618,5115150
2000-02-07,25.8520565032959,26.225583107310488,25.714440396630106,25.8520565032959,4684200
2000-02-08,26.756393432617188,27.090603815890102,26.42218484921278,26.44184481289604,6318600
2000-02-09,26.068307876586914,27.16923128951847,25.930691775019998,26.71706666989564,9818550
2000-02-10,26.146934509277344,26.343526797405932,25.596472142809596,26.146934509277344,6880500
2000-02-11,25.989673614501953,26.736730502878075,25.79308121218671,26.186267816685383,7052550
2000-02-14,24.86908721923828,26.245242876382893,24.86908721923828,25.87171447518999,5904750
2000-02-15,25.498188018798828,25.950352654489237,25.046021583240435,25.18363768969751,8965500
2000-02-16,25.006698608398438,25.8520514411854,24.849424374339232,25.478523110443692,4829700
2000-02-17,24.652830123901367,25.635797232235017,24.475895936409252,25.36056687386983,5716200
2000-02-18,23.512596130371094,24.71181780102115,23.45361804492713,24.55454350646002,8121300
2000-02-22,24.298969268798828,24.810112035338534,23.6305504203483,23.905782663758146,7068600
2000-02-23,24.338275909423828,24.90839828766496,24.082705546635925,24.338275909423828,4452900
2000-02-24,23.905784606933594,24.397267453217452,23.47327804632493,24.298971243934346,5199900
2000-02-25,23.86644744873047,24.77077804064625,23.55189908622092,24.10235962054615,4644300
2000-02-28,24.51521873474121,25.242615577988136,24.02373598648364,24.141692134044334,6051000
2000-02-29,25.0460147857666,25.478521145915444,24.436576050860847,24.436576050860847,6166950
2000-03-01,25.793071746826172,25.793071746826172,24.810102896500222,25.124653144588628,4866300
2000-03-02,25.34091567993164,25.51784992858873,25.085345187339122,25.32125751888191,3583800
2000-03-03,25.517852783203125,25.911041246338222,24.967391814603516,25.793085067371383,5981400
2000-03-06,26.24525260925293,26.54014308800858,25.871724069539557,26.08797828720613,5691450
2000-03-07,25.73410415649414,26.481159274756884,25.478531863463193,26.245246942687782,4566900
2000-03-08,24.849430084228516,25.61614507622743,24.731473931613298,25.399890929854163,5247750
2000-03-09,25.517852783203125,25.557172709437708,24.554545188219585,24.77079758303597,3979500
2000-03-10,24.751140594482422,25.655472008532513,24.456250111625728,25.163987270481798,5311350
2000-03-13,25.183631896972656,25.537500260864544,24.259642880099697,24.416917108540233,4723350
2000-03-14,24.849430084228516,25.45886900616177,24.692154014162856,25.321254694689387,4129650
2000-03-15,26.146934509277344,26.48114283898965,24.2792951729858,24.49554920974124,8861700
2000-03-16,28.348791122436523,28.427429147419907,26.48115287799074,26.717065153073065,15634950
2000-03-17,28.6240234375,29.0172099644334,27.83764858376537,28.07356085989898,11889150
2000-03-20,27.228208541870117,28.46674801907953,26.579449768093756,28.309473764786674,8076150
2000-03-21,28.93857192993164,29.095847980549436,26.893999470710742,27.188889815784325,8345550
2000-03-22,28.800954818725586,28.977889008465468,27.916283870026174,28.50606450249245,8604150
2000-03-23,30.983139038085938,31.199393120369425,28.604358531907696,28.624018484806427,10431450
2000-03-24,30.255754470825195,31.690886523915214,30.196776391934698,30.511324946105265,9489000
2000-03-27,29.783931732177734,30.47201056286628,29.43006323634988,30.196778310643566,4828950
2000-03-28,29.64632225036621,30.11814701721484,29.292453675229737,29.48904792803955,7325700
2000-03-29,28.427431106567383,29.724948708941827,28.093222627123886,29.64631067853891,9088350
2000-03-30,27.365840911865234,28.545403020135286,27.0316322478117,28.132556282240767,8017200
2000-03-31,27.4248046875,27.79833309323557,27.05127628176443,27.68037694404202,6805050
2000-04-03,29.095844268798828,29.253118499485357,27.62139273152638,27.660710839231115,8509500
2000-04-04,27.429519653320312,29.04999623697146,26.24380552119903,28.931424823759333,12638700
2000-04-05,27.310951232910156,27.48880837221838,26.639047690583357,26.639047690583357,7310700
2000-04-06,27.646913528442383,27.903817160033512,27.449293819385634,27.508579551176965,4853400
2000-04-07,27.310951232910156,27.903808363937557,27.19237980670468,27.903808363937557,4914150
2000-04-10,27.86427879333496,28.160707291136397,26.915707600370368,27.034278999490944,7864950
2000-04-11,27.1923828125,27.785240009060733,26.876193513838665,27.508573920417916,8217150
2000-04-12,27.44927978515625,28.753565217712268,27.350470885775227,27.804993994035165,9133350
2000-04-13,26.718097686767578,27.429526339455975,26.63905126486217,27.19238345522651,6781050
2000-04-14,24.939525604248047,26.046193583486208,23.951430874237953,25.927622143514732,13084500
2000-04-17,24.860485076904297,25.11738871823664,23.694531101293126,24.504770672668418,8708700
2000-04-18,25.453346252441406,25.591678446538115,24.682631593804086,24.741917336776186,6833400
2000-04-19,24.662872314453125,25.611444326547474,23.91192007463094,25.532396055787103,9057150
2000-04-20,24.445484161376953,24.722150308344716,24.10953047299792,24.70238779454096,4540650
2000-04-24,23.635234832763672,24.168806201298725,23.5364259231574,24.03047408970119,7792800
2000-04-25,24.682615280151367,24.840709887167304,23.793329723331535,23.95142433034747,6327150
2000-04-26,24.168811798095703,24.900002964422217,24.08976537580831,24.900002964422217,5500500
2000-04-27,23.35857582092285,23.872384838263656,23.180718644621408,23.75381338739603,9298200
2000-04-28,22.805240631103516,23.61548004403524,22.686669186211716,23.477146088575925,8603250
2000-05-01,23.31905174255371,23.83286074084626,22.627383765296667,22.923812381476345,8439750
2000-05-02,24.07000160217285,24.346667684169784,23.20047833785639,23.338810474226587,8411250
2000-05-03,23.477153778076172,24.267630939346308,23.477153778076172,23.773582487395316,9320550
2000-05-04,23.16094970703125,23.85261751802639,23.042378289061368,23.753806796880653,6172200
2000-05-05,22.825014114379883,23.002871367219207,22.291442355861914,22.765728363433443,14505150
2000-05-08,22.76571273803711,23.141189506072806,22.548332403519755,22.647141317526497,5497650
2000-05-09,22.410001754760742,22.983096434645294,22.410001754760742,22.844764296651142,6378000
2000-05-10,21.73809814453125,22.35071789414057,21.73809814453125,22.35071789414057,6616050
2000-05-11,22.133323669433594,22.350703917892893,21.6590381751547,22.153084358858163,7853100
2000-05-12,22.647146224975586,23.04238377590356,21.540479996823247,21.85666931386295,12221850
2000-05-15,23.59571647644043,23.773573635810582,22.785478909061922,23.002859278539916,6703200
2000-05-16,23.477153778076172,24.247868422305945,23.299296552484687,24.228105905265583,7925100
2000-05-17,23.39809799194336,23.69452660590065,23.101669377986067,23.160955100777525,4350600
2000-05-18,23.753816604614258,24.149056033875443,23.31905576538676,23.31905576538676,5156250
2000-05-19,22.923810958862305,23.694525313100204,22.844764538957673,23.595716383591128,5114550
2000-05-22,22.825014114379883,23.16096609999054,22.291442355861914,23.16096609999054,4164600
2000-05-23,23.12143325805664,23.57595655662515,22.74595638838722,22.74595638838722,5208750
2000-05-24,22.647146224975586,23.22024094520965,22.2914318863634,22.923812329699498,8573100
2000-05-25,22.212373733520508,23.319041276746187,22.05427914559793,22.76570750513335,7721400
2000-05-26,22.291431427001953,22.52857431452325,21.935717095720005,22.25190821550062,6163950
2000-05-30,23.239999771118164,23.239999771118164,22.48904800064709,22.647142634099843,4197750
2000-05-31,23.615467071533203,23.832847331337458,23.081895862622662,23.081895862622662,4983150
2000-06-01,24.38619613647461,24.74191049595678,23.85262459725135,23.990956753101,8779650
2000-06-02,25.512619018554688,26.046190433905323,25.29523686538907,26.046190433905323,8867400
2000-06-05,25.09762191772461,25.650954094868435,25.058096898459638,25.45333623556989,4890450
2000-06-06,24.346664428710938,25.097617965407988,24.188569804317172,25.097617965407988,5546850
2000-06-07,24.307146072387695,24.80119435987137,24.228097839798444,24.48500323877102,5901150
2000-06-08,24.18857765197754,24.564054542144518,23.832863274742575,24.564054542144518,3975150
2000-06-09,23.18071937561035,24.86048225229091,22.56809959039012,24.346671409490657,10294950
2000-06-12,23.047321319580078,23.595714174129572,22.854642749062688,23.41785703211352,5142600
2000-06-13,22.854642868041992,23.00285715382696,22.58785715362905,22.943571439512972,5649900
2000-06-14,23.743940353393555,23.892154712653188,22.88429706968767,23.18072578820694,5920600
2000-06-15,23.151058197021484,23.654986480439366,22.11355878998467,23.625343640238313,9911800
2000-06-16,21.55035972595215,22.26178838265483,20.9278596513373,22.172859800566997,16619900
2000-06-19,22.232141494750977,22.469284337361653,21.402141545613606,21.520712966918946,7731000
2000-06-20,22.736064910888672,23.032493397340936,22.528564970372088,22.7657077595339,5643600
2000-06-21,22.291431427001953,22.736074341104384,21.99500281760033,22.617502897343737,4059300
2000-06-22,21.9950008392334,22.43964371334189,21.81714368959,22.41000085506799,3268600
2000-06-23,22.232141494750977,22.795355745951333,22.024641507466633,22.113570073445636,3662500
2000-06-26,22.55821418762207,22.973214185817483,22.08392847539874,22.08392847539874,3195000
2000-06-27,22.736064910888672,23.121421943276616,22.67677921359822,22.943564851405256,5146100
2000-06-28,22.313650131225586,23.21034613450632,22.14320378349454,22.824989174418732,4898400
2000-06-29,22.587862014770508,23.180719285499393,22.1135761981874,22.498933424161173,4679500
2000-06-30,21.84678840637207,22.884288534218776,21.63928838080273,22.617502787058196,6995300
2000-07-03,22.716018676757812,22.924970228318003,21.91006269216851,21.91006269216851,2746100
2000-07-05,22.80557632446289,23.730933478989527,22.626474939715802,23.13392886316589,5083900
2000-07-06,22.924978256225586,23.014528952538967,22.26827314992746,22.835427559912205,3497600
2000-07-07,23.910030364990234,24.20853261673793,23.044373834921924,23.044373834921924,6245000
2000-07-10,23.760784149169922,24.357788776033487,23.730933917826743,23.969735768572168,3393600
2000-07-11,24.208538055419922,24.80554269303817,23.79063480908715,24.05928689601536,4641900
2000-07-12,24.148834228515625,24.924940149333185,24.118984000791873,24.68613832754317,4531400
2000-07-13,24.238384246826172,24.745838104210463,24.178683793016255,24.536886515875757,4588500
2000-07-14,25.074188232421875,25.193589128766742,24.357782854352678,24.566734422956195,4532300
2000-07-17,24.850324630737305,25.671206225146044,24.74584879144892,25.671206225146044,5069900
2000-07-18,24.32793617248535,24.59658822837783,23.939883202862887,24.47718731464784,3273200
2000-07-19,24.208538055419922,24.596591069871785,23.939885968491712,24.357789214824486,4287100
2000-07-20,24.507043838500977,25.432401157616116,24.118990769194628,24.23839171359658,6117400
2000-07-21,25.186120986938477,25.671187020760993,24.656279626916955,25.31298441116898,5470100
2000-07-24,24.626441955566406,25.13389591101444,24.238388930812025,25.044345212994198,3232600
2000-07-25,24.477174758911133,24.715976463876117,24.29807348018739,24.65627603763487,2697100
2000-07-26,23.581689834594727,24.357796082315566,23.223486951031262,24.357796082315566,4654000
2000-07-27,23.820486068725586,24.05928793407622,23.10408047267369,23.581684203374955,3556100
2000-07-28,23.104076385498047,23.939882766368775,22.954825246056846,23.910032538480536,2880800
2000-07-31,23.790639877319336,23.790639877319336,23.044383921318104,23.402586780198696,3650700
2000-08-01,24.656293869018555,25.492100440849693,23.7010863583544,23.820487297187416,10556800
2000-08-02,24.566734313964844,25.014487673271617,24.208531626519427,24.805536105595124,6692900
2000-08-03,23.99958610534668,24.805542355153097,23.88018517944943,24.35778888303842,5914200
2000-08-04,25.04435157775879,25.193602779056516,24.178694610231965,24.775699415422878,8546500
2000-08-07,25.58165740966797,25.85030958783251,25.10405353737545,25.34285547352171,6924000
2000-08-08,25.55179214477539,25.730893491584563,25.133889002220652,25.70104326711637,3458500
2000-08-09,24.984638214111328,25.611492936329174,24.89508753950878,25.521942261726625,6305600
2000-08-10,24.77569007873535,25.402544887956367,24.715989620714303,24.984641681809023,4979200
2000-08-11,24.83540153503418,25.04435323064144,24.507048870508488,24.626449839426922,4492200
2000-08-14,25.193592071533203,25.31299298182483,24.626437747647977,25.193592071533203,4970100
2000-08-15,24.745838165283203,25.49209383974892,24.656287484347317,25.31299247787715,7236200
2000-08-16,24.059284210205078,24.74583946682383,23.910033067461868,24.47718740988606,5305600
2000-08-17,24.208538055419922,24.41748967858631,23.910035736610798,23.910035736610798,4514400
2000-08-18,24.238384246826172,24.47718606206584,23.999582431586507,24.26823447373113,3694100
2000-08-21,24.32793617248535,24.656288685242824,24.178685030322864,24.35778640091785,3502300
2000-08-22,25.193592071533203,25.551794802408082,24.357785699491817,24.566737292502165,7456800
2000-08-23,25.939851760864258,25.969701993040164,25.193595956466552,25.283146652994276,6868200
2000-08-24,25.432405471801758,26.20851174206801,25.31300450714541,25.49210595412993,4508200
2000-08-25,24.865245819091797,25.64135193109226,24.775695113860973,25.37269981539979,4746600
2000-08-28,25.163742065429688,25.462244343785912,24.83538955923784,24.83538955923784,5261600
2000-08-29,24.77569007873535,25.402544887956367,24.656289162693255,25.34284442993532,7020300
2000-08-30,25.432405471801758,25.730907883442622,24.98465185434046,25.074202577832718,8367100
2000-08-31,26.686100006103516,27.014452467028725,25.551791504725514,25.641342175886937,8450600
2000-09-01,26.895055770874023,27.133857597918407,26.327901431643603,27.07415714115731,5478500
2000-09-05,27.283103942871094,27.492055504796802,26.835350595887434,26.95475148841641,4851200
2000-09-06,26.74581527709961,27.820423926625935,26.626414316041128,27.342820082392013,6821900
2000-09-07,27.342796325683594,27.372646540012944,26.715941824767267,27.014443968060757,3495800
2000-09-08,27.611465454101562,27.850267317488388,27.10401149440456,27.163711960251266,4496500
2000-09-11,27.462215423583984,27.88011870176896,26.98461167708687,27.462215423583984,5219500
2000-09-12,25.223447799682617,27.671166994444718,24.835394756610576,27.581616292197324,7314600
2000-09-13,24.208538055419922,24.44733991046722,23.701084113444413,24.05928689601536,42585300
2000-09-14,23.88019371032715,24.835401458740236,23.85034346818924,24.835401458740236,20361300
2000-09-15,23.462289810180664,24.029444398467476,23.13393715380409,24.029444398467476,14822300
2000-09-18,22.238422393798828,23.46228188124279,22.238422393798828,23.46228188124279,15120400
2000-09-19,22.38768196105957,22.805585357666015,22.178730262756346,22.298131233215333,15642000
2000-09-20,22.208574295043945,22.477226403451734,21.790671015298493,22.357825466381605,12493000
2000-09-21,21.313066482543945,22.238423710777646,21.313066482543945,22.208573477608816,12166800
2000-09-22,22.566770553588867,22.716021681588792,21.2832108527895,21.372761529589457,17425600
2000-09-25,22.447378158569336,23.253334555220096,22.447378158569336,22.686180053873265,11709900
2000-09-26,21.999624252319336,22.895131345358116,21.850373070146208,22.626479217446484,8176500
2000-09-27,21.73096466064453,22.417519862835224,21.611563755915714,22.17871805337759,7879200
2000-09-28,22.38768196105957,22.477232688903808,21.551875167846678,21.64142589569092,9307900
2000-09-29,22.059316635131836,22.74587182134027,22.059316635131836,22.148867311593804,8576500
2000-10-02,22.686182022094727,22.686182022094727,22.11902747154236,22.26827866905614,7138200
2000-10-03,22.32797622680664,22.98468140994801,22.238425520014633,22.745879525169332,9742300
2000-10-04,21.910797119140625,22.4518044554157,21.850685192887838,22.301524639783736,6363900
2000-10-05,21.369779586791992,22.331569947941563,21.27961174043422,21.94084261372455,9189200
2000-10-06,20.61838722229004,21.640289795989545,20.0773799773903,21.39984213158966,13400700
2000-10-09,20.227663040161133,20.798726335500007,20.16755111433599,20.738614409674863,6499500
2000-10-10,19.626543045043945,20.438054013215748,19.356039388986677,20.22766228072676,11926200
2000-10-11,19.566431045532227,19.686654892202164,18.694808157175185,19.29592739052487,16885900
2000-10-12,18.183855056762695,19.35603744885153,18.003519304133643,19.295925531308512,14847200
2000-10-13,19.085538864135742,19.295930631141964,18.153803895965336,18.213915829395685,14143700
2000-10-16,19.025432586669922,19.566440148376174,18.634704903215404,19.325992343173397,8405600
2000-10-17,18.243968963623047,19.476263407623946,18.15380107747664,19.235815711233528,8318700
2000-10-18,17.73301124572754,18.334130271006437,15.5689827547235,16.10998987747451,29641500
2000-10-19,18.72486686706543,19.295930222561807,18.334139308041593,18.334139308041593,14981100
2000-10-20,18.454360961914062,18.93525636157306,18.33413711199931,18.604640774307498,7559300
2000-10-23,18.454360961914062,18.634696736786186,18.24396922456325,18.364193074478,5240100
2000-10-24,19.265871047973633,19.38609489226676,18.3341362547019,18.36419221577518,10595900
2000-10-25,19.23581314086914,19.927100175619124,19.11558930873871,19.26586909890175,9256100
2000-10-26,19.23581314086914,19.68665251135826,18.694805896282194,19.56642867922783,10398700
2000-10-27,20.528223037719727,20.648446891527747,19.386096426543517,19.476264316899535,9867500
2000-10-30,21.039173126220703,21.129341011047362,20.5883337020874,20.5883337020874,7884900
2000-10-31,21.880752563476562,22.091144415048454,21.21952102996491,21.550136796720736,13186900
2000-11-01,21.970911026000977,22.03102295767266,21.399847675119965,21.88074312849345,8789400
2000-11-02,21.880752563476562,22.36164822421231,21.820640605884595,21.970920499864516,6435700
2000-11-03,21.369779586791992,21.910786664938627,21.219499842862373,21.910786664938627,5879800
2000-11-06,21.880752563476562,21.970920499864516,21.429912881536797,21.58019277551672,4568100
2000-11-07,21.610239028930664,21.82063078581872,21.45995920258205,21.70040692473983,4101800
2000-11-08,20.949010848999023,21.610242181392106,20.798731000727866,21.610242181392106,5754400
2000-11-09,21.21950912475586,21.309677010555106,20.46811007642881,20.708557771893467,6306500
2000-11-10,20.58833122253418,21.42989804622901,20.58833122253418,20.979058676392494,4465600
2000-11-13,20.257720947265625,20.498168673642667,19.596489699728764,20.137497084077104,6041800
2000-11-14,20.468101501464844,20.768660994878424,20.07737416002719,20.588325298830277,6506300
2000-11-15,19.596485137939453,20.588331778356633,19.53637322033841,20.227660272750388,8300500
2000-11-16,19.656606674194336,20.07739030330553,19.506326806654624,19.656606674194336,6940400
2000-11-17,19.055482864379883,19.716714130967198,18.815035131075405,19.686658164304138,8358900
2000-11-20,18.54452896118164,19.205760139700274,18.334137222562074,19.115592251720457,7421300
2000-11-21,18.604639053344727,18.905198650329293,18.153799657867875,18.544527133947813,6202100
2000-11-22,18.003524780273438,18.454364298978113,17.793133004877923,18.42430833106447,6600100
2000-11-24,18.815038681030273,18.84509465336419,18.183863262018075,18.243975206685903,3835500
2000-11-27,18.935256958007812,19.325984482538132,18.845089067731585,18.96531292143322,10451600
2000-11-28,18.274028778076172,19.29593170316596,18.003525062611228,18.965316050931026,13168300
2000-11-29,18.243968963623047,18.54452858411107,17.88329741903742,17.973465305183826,9867200
2000-11-30,17.73301124572754,18.39424217353433,17.041724366656805,17.883291002047265,15472400
2000-12-01,17.943410873413086,18.604642094878894,17.82318701496476,17.85324297957684,9448300
2000-12-04,18.243968963623047,18.454360697964663,17.733017608793407,17.973465305183826,6819200
2000-12-05,19.86699676513672,19.927108706937435,18.304086278318096,18.57459001642132,13818600
2000-12-06,19.265871047973633,20.798725062711007,18.784975670801124,19.836934308365986,19776900
2000-12-07,18.8450984954834,19.44621806471732,18.424314797019655,18.965322409330184,9650300
2000-12-08,19.23581314086914,19.656596553325652,19.05547739267349,19.38609293103218,8411700
2000-12-11,20.43805503845215,20.498166965035832,19.265872470070335,19.356040359945858,9131000
2000-12-12,20.67850112915039,21.009116699529248,20.167549793110336,20.43805344160213,7843400
2000-12-13,21.39984893798828,21.490016840816885,20.979065391454803,21.129345229502473,10288900
2000-12-14,20.61838722229004,21.129338509139792,19.897044229090387,20.34788359984017,16122600
2000-12-15,21.129350662231445,21.129350662231445,20.137503476095404,20.197615426770316,11412000
2000-12-18,21.82064437866211,21.82064437866211,21.06924477884592,21.159412730823863,13271000
2000-12-19,21.550128936767578,22.091136357774296,21.129345387095686,21.52007296893387,13078000
2000-12-20,20.91895294189453,21.55012824617583,20.79872907441238,21.55012824617583,6853300
2000-12-21,21.730459213256836,22.000962854915635,20.888892328096127,20.888892328096127,8796400
2000-12-22,21.94084930419922,22.301520799610714,21.64028972468964,21.850681430346345,7098600
2000-12-26,22.00096893310547,22.24141668100826,21.730465216714826,21.94085699612977,4832200
2000-12-27,22.301525115966797,22.361637043503098,21.550126021763067,21.67034987683566,7452200
2000-12-28,22.572021484375,22.81246911669857,22.091126219727865,22.211350035889648,6397400
2000-12-29,21.850683212280273,22.872585865949503,21.309675925043624,22.572026261929143,9657000
2001-01-02,21.159395217895508,21.550122686407782,20.82877966761589,21.459954809058797,7803200
2001-01-03,24.523683547973633,24.644788158087085,20.920821397098496,21.041926007211945,21303200
2001-01-04,25.189760208129883,26.158597139211803,24.614513280299995,24.947550975359405,26409800
2001-01-05,23.70623207092285,24.9475545676123,23.40347048636445,24.584240666142218,16215700
2001-01-08,23.857603073120117,24.281469117566413,23.40346088264194,23.736498488992602,9938300
2001-01-09,23.585121154785156,24.220920313001447,23.191531199698883,24.160368012218942,7285100
2001-01-10,24.675071716308594,25.038385655689826,23.70623454462531,23.978719999161235,10857000
2001-01-11,26.219152450561523,26.279704765689843,24.7658968874819,24.7658968874819,16077700
2001-01-12,25.8255558013916,26.18886959930098,25.37141355400488,26.158593449475198,8946800
2001-01-16,25.765005111694336,26.49163275291721,25.43196744280052,25.916385870282433,10508500
2001-01-17,25.674169540405273,26.18886397694642,25.25030353384198,25.643893397079324,10317300
2001-01-18,24.91727066040039,25.129203703684475,24.49340457383222,24.947546809440972,13565600
2001-01-19,24.493404388427734,25.038375067033048,24.13009060269086,24.584232834861954,10789100
2001-01-22,24.644784927368164,25.28058404711599,24.2511949960957,24.493404184571062,10581500
2001-01-23,25.03838539123535,25.220042359007312,24.281481358852176,24.281481358852176,8794600
2001-01-24,25.79527473449707,25.916379310715367,25.310856429623886,25.522789438005905,9316500
2001-01-25,25.704456329345703,26.098046355590103,25.068657056181678,25.67418017348075,8347100
2001-01-26,26.249425888061523,26.400806660195673,25.553074336244435,25.886112034939565,7967800
2001-01-29,26.701141357421875,27.127430061517533,26.245788732350974,26.25063210321034,9494400
2001-01-30,27.117734909057617,27.214618933983505,26.46377097464874,26.691446308129144,9452800
2001-01-31,26.63817024230957,27.771709440874012,26.4008043988543,27.364797886314733,13130800
2001-02-01,27.054780960083008,27.054780960083008,25.92124124111308,26.638182471838082,9174100
2001-02-02,26.4686222076416,26.802872100539524,26.299076499584416,26.643013134734495,7075200
2001-02-05,26.449241638183594,26.618789172425043,26.0132662242257,26.405643911996865,5273700
2001-02-06,25.325393676757812,26.381425949771025,25.189757114395974,26.163437297468377,7560200
2001-02-07,25.349618911743164,25.91638762323593,25.13163023504988,25.359305654787512,7988800
2001-02-08,25.034744262695312,25.698396985167644,24.962080760040177,25.34961697698805,5730800
2001-02-09,25.16554069519043,25.480411602068095,24.729563319009202,25.039590854111463,5490500
2001-02-12,25.45619773864746,25.722627606163893,25.034754062833823,25.41744521052834,5246300
2001-02-13,24.773155212402344,26.013266908167022,24.753778034052246,25.451341671380256,7334700
2001-02-14,24.797380447387695,25.131630369407613,24.65690049757635,25.06865545182404,6835100
2001-02-15,24.758623123168945,25.55306895227561,24.65689570922687,24.889416304484225,7408400
2001-02-16,25.18491554260254,25.189758913928795,24.342026642786962,24.414690148048713,7364800
2001-02-20,24.196706771850586,25.480414811573226,24.041692984773967,25.184921050396618,9073500
2001-02-21,22.937211990356445,24.26936267686502,22.772509649744453,23.712282589434505,9835100
2001-02-22,23.39740562438965,23.39740562438965,21.987748318545005,23.130975905013248,12409800
2001-02-23,22.791872024536133,23.373174134244106,22.380117364443407,22.791872024536133,9708100
2001-02-26,23.51851463317871,23.881828459173985,22.6756275916991,23.252084863697448,8783500
2001-02-27,23.058317184448242,24.114349539706954,22.69500335161822,23.712283192288112,11744300
2001-02-28,22.60297393798828,23.25209499724444,21.944164284067345,23.198808650543413,10510600
2001-03-01,22.3365421295166,22.404360438421307,21.69226449910126,22.089487606609094,10551800
2001-03-02,22.186365127563477,23.058317987126973,21.89086957090973,22.089481065854248,7559700
2001-03-05,22.651412963867188,22.74345368069617,21.94416225008714,22.234814519358746,5988200
2001-03-06,23.23271369934082,23.71228888692944,23.009881605189005,23.373195525270937,6844500
2001-03-07,24.342025756835938,24.438909811022185,23.261772895246903,23.44585241340981,7296600
2001-03-08,24.33718490600586,24.79738097720585,24.1240395951412,24.34202827765741,7064400
2001-03-09,23.71229362487793,24.124048744079428,23.15521143027776,24.027164643117157,6377600
2001-03-12,22.03620147705078,23.17942774557936,22.03620147705078,23.00988198589996,8549500
2001-03-13,22.96143913269043,23.155205436548,22.089484297646198,22.646566348045564,7065900
2001-03-14,21.193302154541016,22.268711449485274,21.01891125828959,21.798825073242188,16205000
2001-03-15,21.924772262573242,22.25902208470048,21.6777197334398,21.75038322031335,8561300
2001-03-16,21.59537124633789,22.234803329871912,21.372537397662583,21.924774029086567,10739300
2001-03-19,21.87148666381836,21.992591237044575,20.660440931556195,21.50817294413971,9742500
2001-03-20,20.63138198852539,22.021662431310894,20.587784253836173,22.021662431310894,10213200
2001-03-21,19.47362518310547,20.892971617098066,19.400961664786518,20.728269243763805,12026300
2001-03-22,18.848716735839844,19.40579854236976,18.20444133188563,19.400953324346098,15668200
2001-03-23,20.205093383789062,20.297134073216704,19.284699424880973,19.522063433814893,10763200
2001-03-26,20.39887046813965,20.825159414711035,20.176038323670056,20.418247658418025,8319900
2001-03-27,21.004384994506836,21.023762176657257,19.90959822583553,20.398861911629723,12254000
2001-03-28,20.612003326416016,20.99953769142395,20.32135301463747,20.68466682831546,7315300
2001-03-29,20.829988479614258,20.951093063798062,20.355258731362863,20.733104442685352,6688200
2001-03-30,21.750389099121094,21.798830204856884,20.781552201127454,20.90265681337666,8463000
2001-04-02,21.605060577392578,21.992596787855803,21.144864561309305,21.55661947503948,8743100
2001-04-03,20.15180206298828,21.411290846868365,20.103360968492986,21.372536492944683,9050300
2001-04-04,19.775732040405273,20.391128141790283,19.150565647208662,20.220185297832575,11634000
2001-04-05,20.757434844970703,20.986988250048395,20.151805337948847,20.171342194367625,8644900
2001-04-06,19.726892471313477,20.757438541722152,19.292207585835882,20.31786850970127,9789600
2001-04-09,19.741539001464844,20.308096610934715,19.487567342019958,19.487567342019958,7386400
2001-04-10,21.148160934448242,21.15304607972347,20.13715198637111,20.220182687816745,7962300
2001-04-11,21.851476669311523,22.36919037186345,21.51447238490146,21.612154813181732,9898000
2001-04-12,22.159175872802734,22.344772317556025,21.490054250764263,21.612156831734513,6740700
2001-04-16,22.22267723083496,22.65247898247265,21.988240419888445,22.159183345639608,6377000
2001-04-17,22.159175872802734,22.45710646847215,21.86613042372914,22.002884718211813,5115500
2001-04-18,23.980955123901367,24.47913406410809,22.711088552256303,22.93087365280901,15206700
2001-04-19,23.83442497253418,24.17142931019149,23.541379504529054,23.93210741624844,11593500
2001-04-20,23.34600257873535,23.829529401064637,23.101797526942853,23.829529401064637,8496300
2001-04-23,23.101810455322266,23.54138053979839,22.82830183665955,23.419277945570325,5135800
2001-04-24,23.150646209716797,23.639056451583084,23.12622420711371,23.346009188580982,6179000
2001-04-25,23.189712524414062,23.2483212177686,22.476634188667433,23.204364231968505,8079600
2001-04-26,23.687898635864258,23.88326349357994,23.077385784424457,23.32159092500038,7012500
2001-04-27,24.347246170043945,24.454697003386496,23.956518407621402,24.16165164735382,6371800
2001-04-30,23.43391990661621,24.61587349560304,23.321585790260503,24.44004553499864,7737700
2001-05-01,23.800228118896484,23.800228118896484,23.223903950881475,23.683010717718144,8051200
2001-05-02,24.21048927307129,24.3570119350745,23.590208202892192,24.054198185182965,6753000
2001-05-03,23.932104110717773,24.00048125293213,23.59510168274529,23.736739250273285,7494000
2001-05-04,24.713552474975586,24.713552474975586,23.53648410561262,23.565789384903418,8223200
2001-05-07,24.029787063598633,24.391209641203435,23.74162491290092,23.956524773554115,10128700
2001-05-08,23.32158851623535,23.922332876427888,23.19948595855873,23.80999874694185,8695500
2001-05-09,23.077381134033203,23.253209097918234,22.955278588350488,23.077381134033203,6490800
2001-05-10,23.20437240600586,23.89303085070492,23.082269831675266,23.443694271474293,5905800
2001-05-11,22.681758880615234,23.345996753864064,22.637801907734467,23.209242555184442,5675600
2001-05-14,23.267850875854492,23.33622797414972,22.637801561900723,22.6622235511229,5469800
2001-05-15,23.092044830322266,23.40951235914856,22.96505893667452,23.150655424133184,5821200
2001-05-16,23.59510612487793,23.76116572857774,22.759922959222504,23.145767606515847,9348000
2001-05-17,23.5364990234375,23.81000954742997,23.375324543025126,23.473007006103725,7818200
2001-05-18,23.521835327148438,23.83441755930131,23.389964348620744,23.83441755930131,5556700
2001-05-21,24.14211082458496,24.176299381730416,23.29716159502209,23.678120867863818,6909900
2001-05-22,24.430269241333008,24.71354608198429,24.278861465535858,24.347238569722844,8750800
2001-05-23,23.893033981323242,24.327720767931044,23.63417708602927,24.32283562096078,6283400
2001-05-24,24.098161697387695,24.371672106844358,23.90768199887603,23.90768199887603,5418700
2001-05-25,23.78558349609375,24.264225396973032,23.736741345103482,24.054208805558773,3857900
2001-05-29,24.093278884887695,24.15188759408033,23.49253262889844,23.932102605686364,5391800
2001-05-30,23.746509552001953,24.371676036835744,23.634175400487003,24.093282299790534,5402700
2001-05-31,24.00536346435547,24.02001517499945,23.370428677104524,23.712316209515688,5875300
2001-06-01,23.87837028503418,24.054198224983654,23.639050371431523,24.054198224983654,6006400
2001-06-04,24.176315307617188,24.176315307617188,23.634179454132198,23.81000749992602,4271200
2001-06-05,23.687898635864258,24.37655705776286,23.687898635864258,24.176308917016097,6758900
2001-06-06,22.877145767211914,23.248336892914566,22.59386680924729,23.223916742813,12689200
2001-06-07,22.286163330078125,22.510831629185564,21.73914243250675,22.46687462604389,11970800
2001-06-08,21.587738037109375,22.051728246416943,21.3923731500943,22.051728246416943,7355600
2001-06-11,21.57796287536621,21.861239823720606,21.494932172187415,21.612151440458344,6247800
2001-06-12,21.24095916748047,21.31910472035513,20.757432278161854,21.29468272128303,8116400
2001-06-13,21.441211700439453,21.78798254663914,21.12374427817154,21.416789696313206,7347500
2001-06-14,21.28980827331543,21.656116053748843,21.15305396482436,21.31911356647968,6765500
2001-06-15,21.929622650146484,21.99799979228247,21.17258521414477,21.44121236273242,16099300
2001-06-18,21.641454696655273,21.929616763401384,21.416784608770406,21.734251955624167,7108600
2001-06-19,21.744033813476562,22.173835538190076,21.563322465697375,21.929630309192994,5717600
2001-06-20,22.271509170532227,22.46687403785552,21.734258580099358,21.758678722730405,7645800
2001-06-21,23.013891220092773,23.06761664747307,22.085912832258575,22.320349536442077,7181900
2001-06-22,22.418039321899414,22.764810277565864,22.344777012668285,22.759925129943564,7293900
2001-06-25,22.37895965576172,22.63781651692463,22.002883503557864,22.46687365825807,4647300
2001-06-26,21.822166442871094,22.012646110180775,21.490047379769162,21.514467515527876,6830700
2001-06-27,21.499814987182617,21.905194442108677,21.49004656062409,21.587728963072482,6571400
2001-06-28,21.978471755981445,22.139648109831615,21.64146919311946,21.685426211156948,4913000
2001-06-29,21.719602584838867,21.973576117029893,21.49004919046413,21.85635684711977,6180700
2001-07-02,22.369190216064453,22.418032361433085,21.534009093202933,21.880779941202185,5128300
2001-07-03,22.462688446044922,22.639829641927967,22.310148160539462,22.51189402094482,3057900
2001-07-05,22.403640747070312,22.634911091494423,22.118245018081325,22.536498059160387,4379000
2001-07-06,21.901723861694336,22.280612606589198,21.601567000792468,22.280612606589198,5037300
2001-07-09,21.645858764648438,21.847604580788158,21.335858454994543,21.847604580788158,4892200
2001-07-10,20.67156219482422,21.429339533013074,20.64203962130456,21.404736762723005,8433400
2001-07-11,20.691259384155273,20.76014793914688,20.031894550979075,20.64697361636462,8240300
2001-07-12,20.932357788085938,21.31616627823933,20.745373346467378,20.88807204867815,7200400
2001-07-13,20.937288284301758,21.109511526429873,20.76998672521644,20.809352681270447,5728800
2001-07-16,20.27300262451172,21.15379613388968,20.12538405151036,21.109510374282074,7292100
2001-07-17,20.81426239013672,21.020929805020625,19.97775500050412,20.366485181137975,6459800
2001-07-18,21.444108963012695,21.444108963012695,20.051569608243387,20.17458537271114,10179800
2001-07-19,21.5031681060791,21.77380256480337,21.134120604980737,21.567136865183162,8137100
2001-07-20,21.355541229248047,21.576968142689317,21.134112438734842,21.38014401106686,4094700
2001-07-23,21.163639068603516,21.503163904601152,21.158719262128784,21.355545308419362,4128000
2001-07-24,21.00125503540039,21.326016633800524,20.93728630140693,21.040619110654266,5781100
2001-07-25,21.109512329101562,21.23252813083975,20.519036105343837,21.23252813083975,7438000
2001-07-26,21.276805877685547,21.39982163307277,20.7896626604407,21.011091395551993,5522800
2001-07-27,21.754114151000977,21.76395564048918,21.05046360770825,21.06030509719645,6060000
2001-07-30,21.557279586791992,21.70489810371542,21.42934216227275,21.45394493558144,6203600
2001-07-31,21.306333541870117,21.699983677629582,21.18331775712829,21.404746545077963,8469900
2001-08-01,21.404747009277344,21.576968360822057,21.158715434458063,21.257128439800166,8843900
2001-08-02,21.404747009277344,21.773794371506263,21.404747009277344,21.429349791344883,4944500
2001-08-03,21.316171646118164,21.527758912451993,21.178394589741387,21.409662951935033,5896700
2001-08-06,21.040616989135742,21.43918876942292,20.947125677396556,21.316172996416327,5036000
2001-08-07,21.045536041259766,21.173471603287584,20.819187497710512,20.971725835850815,4686600
2001-08-08,20.706012725830078,21.030774243056907,20.578075289820795,20.83886808904298,5489800
2001-08-09,20.617448806762695,20.735542923464447,20.27792399783284,20.691257160433253,5501900
2001-08-10,20.7896671295166,20.853635861649085,20.238556952491788,20.617445785781307,4708300
2001-08-13,20.72570037841797,20.853637854911636,20.44522451919914,20.573161995692807,4209300
2001-08-14,20.7896671295166,20.952048862528624,20.666651347685143,20.72569839738412,4620700
2001-08-15,20.740453720092773,20.838864806664862,20.671563331592694,20.701087783807015,4808900
2001-08-16,20.755224227905273,20.78966849892116,20.31236663331248,20.76506571634867,6343100
2001-08-17,20.410783767700195,20.637132416449607,20.184435118950784,20.59284664803582,4967800
2001-08-20,20.2188777923584,20.499353677696323,20.086020497660613,20.322210618099273,5850000
2001-08-21,19.884260177612305,20.396006004570655,19.87934037490366,20.12537180589469,7114200
2001-08-22,20.27300262451172,20.322208189821506,19.977763601437005,20.02697104381879,5342100
2001-08-23,20.036815643310547,20.27300577219917,19.977766703284175,20.13030698274387,4557900
2001-08-24,20.140151977539062,20.248406509353586,19.60872268725608,19.830151558207323,11913100
2001-08-27,20.223785400390625,20.42061132057399,19.948231364619218,20.066325415072367,5481500
2001-08-28,19.923633575439453,20.272997887900168,19.756332064573943,20.125379349388613,6436800
2001-08-29,19.470928192138672,19.91378553907708,19.39711800862529,19.820292389684003,6178300
2001-08-30,19.308557510375977,19.43649309470802,19.249508584925657,19.31347731562759,7395300
2001-08-31,19.387300491333008,19.682537807618047,19.244601641730238,19.244601641730238,4918600
2001-09-04,19.598867416381836,20.017120156341225,19.219978734772557,19.43648574837595,6377800
2001-09-05,18.870624542236328,19.682529640746022,18.742688925483293,19.682529640746022,10440300
2001-09-06,18.17681312561035,18.698400770209506,17.960306002964394,18.698400770209506,11279200
2001-09-07,18.206335067749023,18.304748065151216,17.69458898291506,17.71427195780986,8777400
2001-09-10,18.33426856994629,18.383476001599487,17.660142711405957,17.861888488505105,9263700
2001-09-17,17.345226287841797,17.62570213722412,16.73014734146443,17.222210498566323,20453200
2001-09-18,17.143482208251953,17.665069883457154,16.926975072901655,17.27141781616982,13190400
2001-09-19,16.784276962280273,17.46824454702959,16.24300628669235,17.222212933691146,13595900
2001-09-20,15.529512405395508,16.602211137210162,15.40157587662011,16.31189381009213,12567200
2001-09-21,15.165384292602539,15.672209613475168,14.289512592547531,14.392845391011425,19319400
2001-09-24,16.031415939331055,16.090462982952964,15.549193410894343,15.573796189314166,13583500
2001-09-25,16.361099243164062,16.548083760094638,15.809989057395509,16.016654673156754,11045500
2001-09-26,16.036338806152344,16.607132009008726,15.770624243510916,16.597290520347336,8319900
2001-09-27,16.29713249206543,16.434911463068097,15.598403656192392,15.992053836759746,6552000
2001-09-28,16.803951263427734,17.227123843081284,16.380776806702908,16.533315126867944,10302300
2001-10-01,16.730146408081055,17.040146705340327,16.533320405392526,16.87776497156151,8583800
2001-10-02,17.217294692993164,17.34523031765121,16.641579689350912,16.926977287770857,10114000
2001-10-03,17.22722053527832,17.53032453286069,17.04337128422455,17.152687977251603,15753100
2001-10-04,16.97381591796875,17.490583604547574,16.919157542110675,17.465739405200512,11926300
2001-10-05,16.601139068603516,17.16262679578483,16.427227863299116,17.142750687895763,9235900
2001-10-08,16.119155883789062,16.447104122817457,15.925368546475493,16.14897004933354,7810600
2001-10-09,16.372577667236328,16.496800560166054,15.935312553386227,15.999908988447144,7750700
2001-10-10,16.59120750427246,16.829715205763094,16.17381855279117,16.248353038784185,8522700
2001-10-11,16.606103897094727,17.117903149855834,16.36759633558501,16.670700287344108,10665500
2001-10-12,16.342758178710938,16.442136839852107,15.90549320698397,16.392448457026674,8231000
2001-10-15,16.670711517333984,16.8197786067583,15.825996431020453,15.950218373710424,8377100
2001-10-16,16.864492416381836,17.142752265974103,16.621016706542488,16.894306580959984,8870300
2001-10-17,17.19243812561035,18.012309524219027,17.177531993250515,17.639641051304153,14314100
2001-10-18,16.9638729095459,17.39119983740048,16.894308413474754,17.21728859722262,6970300
2001-10-19,16.829708099365234,16.97877511291652,16.397413191419535,16.96883895477103,7393000
2001-10-22,17.54524040222168,17.729089735441868,16.83468537096253,16.83468537096253,7499100
2001-10-23,17.768831253051758,18.08684326292882,17.64957840790143,17.838397624127545,8313200
2001-10-24,17.997411727905273,18.086852354471166,17.75393404547795,17.863250788056433,7721100
2001-10-25,18.623493194580078,18.638399333024704,17.689336643740425,17.962628485162863,7579000
2001-10-26,18.65827751159668,18.92163132468674,18.384987535438334,18.62349525438512,6616600
2001-10-29,17.743999481201172,18.573809480951173,17.71418719680311,18.43467853695943,7740200
2001-10-30,17.64461898803711,17.92287895231612,17.167603531122463,17.54027221224158,9263400
2001-10-31,17.570085525512695,18.066977075915243,17.51542715168988,17.89306389597985,6379000
2001-11-01,18.057035446166992,18.1812583091991,17.4707033810162,17.932812583134883,8193300
2001-11-02,17.90796661376953,18.126598148648714,17.788711843068892,17.932810804814167,6018900
2001-11-05,18.066980361938477,18.424742949855258,18.02226003844888,18.1365448883687,6622200
2001-11-06,18.653289794921875,18.832170869707863,18.10174044616137,18.191180983554364,9947800
2001-11-07,19.175031661987305,19.353912798927727,18.653296276237423,18.742736844707633,8817300
2001-11-08,19.279388427734375,19.691809252767527,19.18000975581755,19.204855845414638,6771400
2001-11-09,19.40361213684082,19.527835008261683,18.89181451314385,19.279389265419958,4529500
2001-11-12,19.279388427734375,19.378767099651203,18.509207037487364,19.25951231425291,5311200
2001-11-13,19.55267333984375,19.87068538752539,19.36385599666124,19.801119008179704,7900400
2001-11-14,19.701751708984375,19.875663002055994,19.254548533241742,19.825974602747227,5773200
2001-11-15,19.65205955505371,19.771314355800275,19.453304081130444,19.68187372911304,5273100
2001-11-16,19.58250617980957,19.652070730014465,19.284371851648082,19.652070730014465,5616600
2001-11-19,19.925344467163086,19.994910855672927,19.661992630591783,19.676898766098756,4777500
2001-11-20,19.577531814575195,19.86572798660249,19.51790345168026,19.801131541211923,5442300
2001-11-21,19.29926109313965,19.67192962462755,19.10547376004437,19.577520945693742,4915600
2001-11-23,19.572542190551758,19.572542190551758,19.179997725222396,19.179997725222396,3129700
2001-11-26,19.62224769592285,19.637153835525766,19.35889389149631,19.57255740476181,6817800
2001-11-27,19.776275634765625,20.024721313331753,19.507953846996585,19.701743068489847,7612900
2001-11-28,18.633424758911133,19.69677189520793,18.484357739937842,19.62223933346628,18051800
2001-11-29,18.911691665649414,18.926597804481204,18.136540223054542,18.583743342915177,11981900
2001-11-30,18.74274444580078,19.055784666910014,18.688086087847978,19.03591045123741,7271300
2001-12-03,18.161380767822266,18.424734505671353,17.952687284177273,18.335293899683407,11064300
2001-12-04,18.494306564331055,18.613559490762164,18.01728917213335,18.384989802193296,8180500
2001-12-05,19.38870620727539,19.632181976403164,18.69802733802839,18.73280959076093,9551300
2001-12-06,20.06447410583496,20.347702035865034,19.453297946533745,19.502986325472644,10875900
2001-12-07,19.761377334594727,19.99988505311081,19.726595077445975,19.99988505311081,5674700
2001-12-10,19.219757080078125,19.761368713601925,19.08559619153663,19.761368713601925,6631800
2001-12-11,19.130329132080078,19.60237659365823,19.01107429827952,19.25952013116368,6604900
2001-12-12,19.06572723388672,19.254546543632653,18.717902788193918,19.254546543632653,6770500
2001-12-13,18.429704666137695,18.83218743851584,18.28560568517003,18.58374170394698,8901400
2001-12-14,17.90796661376953,18.38001382557872,17.589956419221526,18.186224586253896,14055500
2001-12-17,18.23591423034668,18.434669647289596,17.793681200447693,17.93777826169699,8043900
2001-12-18,18.479394912719727,18.558897479955096,18.245857187679356,18.36014200961203,8069500
2001-12-19,18.881872177124023,19.353919360650156,18.310446339883416,18.484359457756288,10382500
2001-12-20,18.146482467651367,18.613559915224748,17.96263309617445,18.31045571910615,19306500
2001-12-21,17.763872146606445,18.171323048399834,17.40114155820456,18.146478851069165,18511200
2001-12-24,17.90796661376953,17.912934693782347,17.68933318340007,17.768835732037072,3508600
2001-12-26,18.04212760925293,18.26075914521368,17.888090591229727,17.90796670235987,5315500
2001-12-27,18.047094345092773,18.305478084068678,17.883121179207958,18.012312100950837,6687800
2001-12-28,18.161380767822266,18.30051165240924,18.062002106114516,18.161380767822266,5924400
2001-12-31,18.062002182006836,18.151442788370588,17.96759349550746,18.111692460814655,6298000
2002-01-02,18.232542037963867,18.30276526811063,17.896482332504704,18.30276526811063,7929300
2002-01-03,18.71907615661621,18.80936124365674,18.22752507905511,18.307778277159223,10348200
2002-01-04,19.56173324584961,19.61189077086881,19.0701822297911,19.0701822297911,10432900
2002-01-07,19.5115909576416,19.902825315793894,19.5115909576416,19.586827303923275,9453000
2002-01-08,19.361095428466797,19.58680807247104,19.200589084594125,19.561729315000914,7604000
2002-01-09,19.416282653808594,19.86269133683186,19.255776204033662,19.48650398641165,6189600
2002-01-10,19.631956100463867,19.657034864958916,19.240722016857276,19.26078579380815,6870400
2002-01-11,19.230695724487305,19.707200042103647,18.91971474480209,19.687136259314244,7788900
2002-01-14,18.71405792236328,18.959832461813757,18.58364530220084,18.884596177923278,7333000
2002-01-15,18.994949340820312,19.205615214265,18.714064060744022,18.714064060744022,8475900
2002-01-16,18.312789916992188,18.81437279179039,18.1071410148604,18.80935780493261,15076200
2002-01-17,18.483335494995117,18.658890718770472,18.307782184607337,18.55857372138278,11503100
2002-01-18,18.01184844970703,18.30778254547069,17.80619946203314,18.132229231622595,11283800
2002-01-22,17.936603546142578,18.147269357741738,17.866382246738493,18.05698428325451,7824300
2002-01-23,17.931596755981445,18.232545866251197,17.550394422080576,17.73096274020976,8666100
2002-01-24,18.006832122802734,18.302766196577625,18.006832122802734,18.182385423606704,7715600
2002-01-25,17.55038833618164,18.067018164569955,17.430007585785166,17.781116034938837,13942200
2002-01-28,17.209312438964844,17.670767854264838,16.777950777383513,17.630642211510885,13716200
2002-01-29,16.075735092163086,17.37985206654761,15.900181803970622,17.08391801403221,17854300
2002-01-30,16.582340240478516,16.803036145812815,15.24812813202567,15.80990170172655,22844200
2002-01-31,17.078903198242188,17.103981969134306,16.562273246991783,16.607415799952623,12247600
2002-02-01,16.13091278076172,17.078904554852635,16.075738332383903,17.078904554852635,13705300
2002-02-04,15.328376770019531,16.226209875216494,15.323360825033733,16.13592477885948,12660000
2002-02-05,14.555940628051758,15.333393988227117,14.194800212636096,15.333393988227117,28714800
2002-02-06,14.766608238220215,15.07257330987999,14.49575287737714,14.68133906425413,19514500
2002-02-07,15.082599639892578,15.48386658685089,14.82177626787371,15.04748898533111,17090600
2002-02-08,15.609261512756348,15.749704123663589,15.16786798983593,15.16786798983593,15573300
2002-02-11,15.970401763916016,16.025576196490498,15.418660308251967,15.659419903078378,12952700
2002-02-12,15.794851303100586,15.895168303230662,15.57415447683071,15.85002574884151,7807600
2002-02-13,15.17288875579834,16.14595927974733,15.047492980957031,15.799867630004883,20457300
2002-02-14,15.152820587158203,15.443739619019814,14.746538662130693,15.047488625989189,17197200
2002-02-15,15.072569847106934,15.248124101022203,14.69638257015724,15.152823056320706,16647400
2002-02-19,14.560956954956055,14.92209642313993,14.52083034738007,14.69638365759139,13378500
2002-02-20,14.751555442810059,14.997330989498812,14.23994057091415,14.947172499896418,14369600
2002-02-21,14.616127967834473,15.122726900644443,14.495748165487594,14.686350236723706,9669400
2002-02-22,14.139623641967773,14.270035323896376,13.392265160552503,14.270035323896376,25756700
2002-02-25,14.545909881591797,14.570988653882523,13.918931007385254,13.94400977967598,11513000
2002-02-26,14.525842666625977,14.661270301065887,14.300130899253073,14.545906445073495,10028100
2002-02-27,14.525842666625977,14.821776701871583,14.295114954641194,14.641207479311982,10123500
2002-02-28,14.671304702758789,14.796700469449034,14.480703558334875,14.550924881539405,8056800
2002-03-01,14.876948356628418,14.922090893008289,14.570982489318956,14.846853651272983,9530300
2002-03-04,16.30145835876465,16.376696624237454,15.04750002347506,15.172895857004018,16655600
2002-03-05,16.30647087097168,16.993641311872445,16.20615575011133,16.311487775047667,16766900
2002-03-06,17.078903198242188,17.26448839890895,16.63750955966814,16.803032891653746,15044900
2002-03-07,17.078903198242188,17.480169272678793,16.90334988860979,17.279537192154276,12092200
2002-03-08,17.424999237060547,17.545378119934128,17.139095085113134,17.430014226602008,11721000
2002-03-11,18.20745849609375,18.302760469613595,17.57044799717495,17.80619256739325,16507800
2002-03-12,18.182382583618164,18.28269955986039,17.7359740483968,18.05698684166218,13336300
2002-03-13,17.740995407104492,18.232546662485117,17.52531450041665,18.05699332605913,10128600
2002-03-14,17.610572814941406,17.77609414774751,17.404923938796497,17.560413385767905,8074400
2002-03-15,18.06200408935547,18.092099760009837,17.48016785041623,17.61559549827977,11626800
2002-03-18,17.725936889648438,18.257615366297266,17.590509298991098,18.061996459756703,8641100
2002-03-19,18.102134704589844,18.102134704589847,17.83629626581078,17.931596368881756,7615100
2002-03-20,17.650711059570312,17.91153453751909,17.630649186949597,17.906519547710896,8460200
2002-03-21,17.450077056884766,17.685819820193455,17.154142942044388,17.650709155160506,6479800
2002-03-22,17.655723571777344,17.826261883662102,17.30461505749843,17.4550895883644,7176700
2002-03-25,17.53032684326172,18.117178055275943,17.53032684326172,17.655722597629275,8444900
2002-03-26,17.630647659301758,18.097120119950883,17.60556697227013,17.655726432945606,9780000
2002-03-27,17.806201934814453,18.05197852172087,17.63064859658693,17.65572737156402,6541200
2002-03-28,17.881444931030273,18.16734725129538,17.685825842027693,17.9817600576305,6425000
2002-04-01,17.861366271972656,18.031904523975204,17.55540041572808,17.88143004594632,4588500
2002-04-02,17.710901260375977,17.90651837770906,17.655726809151194,17.74601192690305,5126800
2002-04-03,17.731157302856445,17.90841939759871,17.51338135947226,17.82232022426884,5978700
2002-04-04,17.44247055053711,17.82738098631351,17.28040360873347,17.65011894047242,6825900
2002-04-05,17.655193328857422,17.862841821230464,17.53364209654553,17.53364209654553,5999500
2002-04-08,17.715959548950195,17.82231561911944,17.346244210749706,17.49311798307316,5735300
2002-04-09,17.822317123413086,17.953997734538408,17.650120738704192,17.72609047066038,5537600
2002-04-10,17.746347427368164,17.923607540339486,17.472858739934978,17.82231521921716,9663300
2002-04-11,16.94614028930664,17.71595922839402,16.76381449689248,17.62479633218694,12118300
2002-04-12,17.36144256591797,17.401960280167803,17.01704972275818,17.067696865570475,6738500
2002-04-15,17.42222023010254,18.029970526043613,17.346250477114367,17.97932531204555,11163000
2002-04-16,17.91853904724121,17.979313651019904,17.386756917200557,17.700761290711924,14282300
2002-04-17,18.875751495361328,19.032754683276316,18.11099633757024,18.20722490809469,19356200
2002-04-18,18.870689392089844,19.07833781183888,18.41994052473149,18.744074454877243,10163900
2002-04-19,19.123918533325195,19.22014711839147,18.890947521463612,18.99223985374838,6647600
2002-04-22,18.536426544189453,18.93653022044696,18.445263632333546,18.875755589873247,8053500
2002-04-23,18.536426544189453,18.663041484879244,18.333843798280185,18.57694425256571,7383300
2002-04-24,18.176834106445312,18.58706706377855,18.166704682956716,18.58706706377855,7354700
2002-04-25,17.741281509399414,18.00464076796879,17.41714763177258,17.92867297714455,10939400
2002-04-26,17.721019744873047,18.15657331632932,17.609598030412954,18.105928136296434,7525800
2002-04-29,17.391828536987305,17.95399918944523,17.21963213832443,17.92867658740466,8569000
2002-04-30,17.776735305786133,18.20722722471818,17.39689051778224,17.574152578045023,9882800
2002-05-01,17.979324340820312,18.156584512229195,17.42221928897156,17.948936054868373,6543700
2002-05-02,18.359167098999023,18.374360274223225,17.974258514723523,17.979322262468006,7680200
2002-05-03,18.070478439331055,18.440193710515892,17.73621518510983,18.38448284614735,7122800
2002-05-06,17.42222023010254,18.207232639018986,17.34118672851099,18.207232639018986,6321700
2002-05-07,17.538698196411133,17.999576399999643,17.538698196411133,17.695699451222122,8673800
2002-05-08,18.693429946899414,18.814981141212733,18.23255163561218,18.485781519440124,10199300
2002-05-09,18.11606788635254,18.52630103364885,17.979323503920437,18.35916836667932,8214200
2002-05-10,17.766599655151367,18.232541453838902,17.726081969010043,18.20215318923291,5472400
2002-05-13,18.40475082397461,18.455396035621515,17.776739766801665,17.90335472790991,5811000
2002-05-14,19.03782081604004,19.108724867214896,18.602265150833933,18.688364307253753,8431300
2002-05-15,18.718748092651367,19.215078314957626,18.688361750299908,18.860558107589036,8716400
2002-05-16,19.15937042236328,19.245467639711894,18.65291074763402,18.764330562321028,5798700
2002-05-17,19.29610824584961,19.625307728937415,19.042878468702032,19.245463063216047,7433100
2002-05-20,18.97197914123535,19.21001580897331,18.88081624431402,19.14417550964338,4149000
2002-05-21,19.002368927001953,19.574668951582275,18.890947170360516,19.20495165581578,6318700
2002-05-22,19.022626876831055,19.088465246276414,18.657975277482663,19.002368025313828,5234100
2002-05-23,19.432857513427734,19.57973128530901,19.012496980790388,19.022626406298446,6222500
2002-05-24,19.14418601989746,19.605064504250848,18.997312168446353,19.245478397863444,4945900
2002-05-28,18.840301513671875,19.19482369547566,18.71368658674127,19.11885396652111,4890600
2002-05-29,18.723827362060547,18.992250551619446,18.58708292624989,18.789665772938854,5388600
2002-05-30,18.237606048583984,18.627580101915882,17.751405384166176,18.485772057791447,9332200
2002-05-31,18.20722770690918,18.612395105112153,18.16671000109361,18.23761405428031,7764000
2002-06-03,17.55389404296875,18.359165085372286,17.508312590304758,18.23255015374903,7325800
2002-06-04,17.548831939697266,18.0552917136338,17.260150023112697,17.68051063084485,9405000
2002-06-05,17.574148178100586,17.802055380241132,17.33104780648068,17.54882558497164,7263200
2002-06-06,17.0626277923584,17.675445540586004,16.91575593738587,17.660250434768418,7494700
2002-06-07,17.0626277923584,17.21456725859088,16.459941402669564,16.586556336536255,9275100
2002-06-10,17.158851623535156,17.27027142070777,16.804329520554962,17.042366148496956,5536800
2002-06-11,16.67772674560547,17.513386457825856,16.606822659863898,17.2095093206587,6525300
2002-06-12,16.79926109313965,16.870167047722475,16.069960091052316,16.63719420378691,9581500
2002-06-13,16.540973663330078,16.941077288522834,16.459940188910444,16.773944660787723,6041300
2002-06-14,16.71316909790039,16.96133518609647,15.826864676042037,16.383969539842592,9795700
2002-06-17,17.96919059753418,17.974256276638652,17.00185261156401,17.017045784896418,10245100
2002-06-18,17.736223220825195,18.075550374640915,17.614672013314685,17.96919427556353,7572900
2002-06-19,17.528566360473633,17.802054997157057,17.34624060268468,17.57414779992087,6437800
2002-06-20,16.905620574951172,17.52349992151778,16.718229147591977,17.52349992151778,8559200
2002-06-21,16.70810890197754,17.042372277691396,16.60681656012682,16.61188030782353,12353700
2002-06-24,16.804336547851562,17.168988227064233,16.02945269552006,16.333328772865478,10176300
2002-06-25,16.67772674560547,17.396898966117345,16.561241185888395,16.865116391064117,6963000
2002-06-26,15.948413848876953,16.196578955020108,15.269757858201755,15.573633833518203,19122800
2002-06-27,16.571372985839844,16.7131811775942,15.902844927299554,16.232043757295422,9726800
2002-06-28,17.17911148071289,17.17911148071289,16.485262257547152,16.53590938492553,7830000
2002-07-01,15.882585525512695,17.057572542574363,15.877520809715527,17.01199106639561,10082100
2002-07-02,15.990097045898438,16.148821097001328,15.36032399642496,15.882575246683352,12179600
2002-07-03,15.846735954284668,15.949137536759002,15.360325263636248,15.723852492782381,8979400
2002-07-05,16.68643569946289,16.742757212287042,15.949139712772428,16.128343727281102,4612400
2002-07-08,16.5277042388916,16.870752412493683,16.28193934518369,16.686428253921314,7585700
2002-07-09,16.010583877563477,16.76835990771531,16.000343423392476,16.517473663443074,7100300
2002-07-10,15.43712043762207,16.25633764828529,15.3910394023822,16.179536248413097,8858000
2002-07-11,15.652172088623047,15.821135636108924,14.976317898679543,15.360326049927737,11589300
2002-07-12,15.467850685119629,15.846739656193629,15.196485500415823,15.744337073214158,7531200
2002-07-15,15.401285171508789,15.406405396813978,14.561587753119833,15.155520216358331,11558500
2002-07-16,14.59230899810791,15.099199614536413,14.556468395418497,14.797113139606823,14886800
2002-07-17,14.40799331665039,15.283532882962175,14.095667182085347,14.85344344277108,16035100
2002-07-18,13.926702499389648,14.438713606329213,13.778218809617005,14.131506746848736,9790100
2002-07-19,13.36348819732666,13.926700530659115,13.23548543868672,13.593892576928429,12270800
2002-07-22,12.554509162902832,13.645092094452195,12.503307870814034,13.291804253281239,16705900
2002-07-23,10.281180381774902,12.298503905123777,10.13781695660752,12.109059413887714,44908600
2002-07-24,11.929855346679688,12.134660518286573,9.328839628423266,9.733328768105089,46819400
2002-07-25,11.443450927734375,13.056286070543566,10.752235587506465,12.160266438251359,33168200
2002-07-26,11.392240524291992,11.92985148424331,10.777827161562097,11.87865118450175,18050500
2002-07-29,12.851471900939941,12.912912653044406,11.904251679511633,12.160257091974248,18354600
2002-07-30,12.743946075439453,13.056272916537672,12.185854331468661,12.595463479505867,16052300
2002-07-31,12.779792785644531,12.851474982398178,12.344584261372619,12.697871112140403,13790900
2002-08-01,12.810507774353027,12.943630671734544,12.416259306328877,12.779786429630676,12536300
2002-08-02,12.211457252502441,12.749068178852243,11.919611265250662,12.5596247378495,13448400
2002-08-05,11.443450927734375,11.98106231647614,11.315448123121202,11.714816248500606,14479200
2002-08-06,12.10905933380127,12.610829853693364,11.904255139619131,12.032257883055896,14504500
2002-08-07,12.308746337890625,12.569871118815556,11.868416514258575,12.503310110784094,10715900
2002-08-08,13.506847381591797,13.517087834175951,12.70811063511056,12.953875637630432,16995400
2002-08-09,13.491479873657227,13.721884063998028,12.93850844962346,13.107471913173146,12011100
2002-08-12,13.035795211791992,13.214999196904111,12.805390925147682,13.20987897143426,9748200
2002-08-13,12.493062019348145,13.199637396408285,12.441860749381279,12.774668515874403,11024300
2002-08-14,12.871955871582031,12.87195587158203,11.965697168843647,12.49306785924835,15345800
2002-08-15,12.692756652832031,13.097244946356476,12.34458892073479,12.861720290281136,13570400
2002-08-16,12.728589057922363,12.830990634043415,12.385541775921446,12.69274845745084,9678900
2002-08-19,13.931821823120117,14.003504042539298,12.718356040284224,12.790037283119716,13035800
2002-08-20,13.58877182006836,13.880617921171668,13.465888325998446,13.82941662807311,9419200
2002-08-21,13.76285171508789,13.829413674877102,13.302042128771125,13.568288014761515,9146800
2002-08-22,13.665563583374023,13.798686460420903,13.138192298524775,13.51708003631232,11966500
2002-08-23,13.163800239562988,13.532448725719552,13.005077128347429,13.465886759459806,9148500
2002-08-26,13.563167572021484,13.69629051288814,13.133078371247125,13.184279652593256,8705300
2002-08-27,13.696287155151367,14.029093937436581,13.41468164165995,13.824289838844372,9691100
2002-08-28,13.455647468566895,13.696292251889913,13.332764963683866,13.517088232716741,7982600
2002-08-29,13.619491577148438,13.716773931890588,13.138201006753139,13.261083518572141,6932700
2002-08-30,13.517091751098633,13.947181118429446,13.36348882415917,13.440290287628901,7594200
2002-09-03,12.67226505279541,13.138194720044284,12.67226505279541,13.133074495762294,11007600
2002-09-04,12.999959945678711,13.184284231913166,12.41626767471434,12.677393421351967,9968900
2002-09-05,12.339468002319336,12.769557414797989,12.28314646745694,12.610833266837362,11126100
2002-09-06,12.242178916931152,12.86683178050009,12.237058691420362,12.820751704069304,11131700
2002-09-09,12.078336715698242,12.23705981477071,11.305200171092691,11.878652785362453,23679300
2002-09-10,11.853049278259277,12.25241803541834,11.64312493806341,12.237057360556552,11271200
2002-09-11,11.766016006469727,12.293387843160655,11.725055153484861,12.293387843160655,6951000
2002-09-12,11.269357681274414,11.725046974948434,11.192556257571828,11.714806524699265,11703100
2002-09-13,11.284717559814453,11.520242039415997,11.136233971435464,11.269356885525344,10826400
2002-09-16,11.11575698852539,11.213039340130143,10.885352652514172,11.059436449455998,10109200
2002-09-17,11.033834457397461,11.469043915861503,10.926312637615142,11.366642322247385,10284400
2002-09-18,10.465505599975586,10.542307058229323,9.625806856861958,9.758929840240748,46143600
2002-09-19,10.17365837097168,10.414303174529945,9.984213882982488,10.240219367161526,18650600
2002-09-20,10.332378387451172,10.49622169175205,10.189015007896339,10.301658012040537,16576500
2002-09-23,9.856206893920898,10.13781241454258,9.73332443165418,10.014929952275864,13813500
2002-09-24,9.543880462646484,9.881807493511312,9.472199267185172,9.861327570486528,18935000
2002-09-25,9.671887397766113,9.881811827908988,9.380041286425213,9.74356960125199,16291400
2002-09-26,9.866449356079102,10.096853653614632,9.625803630536607,9.671884685360354,16468700
2002-09-27,9.390277862548828,10.112212990312875,9.34931703886658,9.866448048219384,14082400
2002-09-30,9.723087310791016,9.984212998716684,9.144515397485126,9.39540063257057,19837400
2002-10-01,10.107093811035156,10.291418024968369,9.615563875990816,9.805007338903799,15851400
2002-10-02,9.507966995239258,10.310283591265133,9.42460955587281,9.971642875927499,15141200
2002-10-03,9.179744720458984,9.721567929874137,9.16932479493015,9.513174387791386,21175900
2002-10-04,8.617077827453613,9.445441664597,8.617077827453613,9.184949604425343,21502400
2002-10-07,8.736906051635742,8.986978251449278,8.41389538160265,8.622288881447263,19884300
2002-10-08,8.648341178894043,9.065128298530361,8.252392918390102,8.986980837810911,22978300
2002-10-09,8.049202919006348,8.653544792755449,7.950216174934408,8.361793029377532,27852900
2002-10-10,8.30969524383545,8.518089155567608,7.991895161926502,8.054413186391422,22442500
2002-10-11,8.955714225769043,9.299563547400146,8.544136435323868,8.564976269942969,19016500
2002-10-14,8.794211387634277,9.132851855943656,8.75253269835443,8.861939878775488,10441300
2002-10-15,9.695516586303711,9.752824174399308,9.382925857688019,9.534010763738175,20045700
2002-10-16,9.528801918029785,9.627788204961602,9.377716016346675,9.455863451076521,15243300
2002-10-17,9.789291381835938,10.289435623789256,9.648625441149713,10.211288210196335,13722500
2002-10-18,9.883071899414062,10.153983976263147,9.528803407032989,9.784085597014307,10505200
2002-10-21,10.560352325439453,10.753115965917953,9.664258665813808,9.731987183375558,18375700
2002-10-22,10.372796058654785,10.612449323923963,10.325907397921654,10.40926479618087,11149300
2002-10-23,10.299857139587402,10.34153583287376,9.85181044148525,10.263388407174146,13235400
2002-10-24,10.263392448425293,10.878153168038892,10.237342633802585,10.544723490458795,15584100
2002-10-25,10.612452507019043,10.628081402818765,10.164405611714798,10.169615574880996,9805800
2002-10-28,11.070917129516602,11.258471808282604,10.914622226344106,10.940671045639935,15491700
2002-10-29,10.659335136413574,10.940667051865342,10.367584293266049,10.836469825320599,13296300
2002-10-30,10.966715812683105,11.044864229091909,10.596817548127914,10.680174931512136,9994100
2002-10-31,10.810420989990234,11.03444433094322,10.638496262186518,10.96671583573965,9821000
2002-11-01,11.211584091186523,11.34704014917117,10.68538974837269,10.810425880274169,9145800
2002-11-04,11.466865539550781,12.013898703694272,11.4616555768629,11.644000296143654,13636400
2002-11-05,11.706518173217773,11.769036733440972,11.352249644282331,11.367878539064028,10929600
2002-11-06,11.492916107177734,11.972221816670947,11.06570903878792,11.956592919929177,17198700
2002-11-07,10.732278823852539,11.10217727036397,10.42489794878301,11.044869662158705,19726200
2002-11-08,10.523880958557129,11.00839541700894,10.419683723839345,10.73227443429422,12928700
2002-11-11,10.63849925994873,10.836472853263738,10.419685818022316,10.534302004289037,8165400
2002-11-12,10.70101547241211,10.88856910041465,10.57597839547914,10.581188356492884,9326300
2002-11-13,10.91462516784668,10.992772640493751,10.471788164581243,10.68018175620644,10768000
2002-11-14,11.419974327087402,11.435604211671993,11.159482212868893,11.159482212868893,10599200
2002-11-15,11.50854206085205,11.643998083905414,11.180321429765431,11.425184661080532,12308100
2002-11-18,11.404350280761719,11.670052492530054,11.30536394214731,11.586695052802623,9986300
2002-11-19,11.435599327087402,11.51374672923348,11.268883610491468,11.284513488399936,8207300
2002-11-20,12.357743263244629,12.399421954090206,11.539798334338714,11.617945755461873,19718200
2002-11-21,12.967300415039062,12.967300415039064,12.378588524893473,12.529673472717162,20578600
2002-11-22,13.019392013549805,13.170477873418537,12.665122680876623,12.665122680876623,14654500
2002-11-25,12.998562812805176,13.13922786329084,12.769329369730045,13.024611638602778,10104600
2002-11-26,12.602609634399414,13.003766762786894,12.555720971106306,12.972507985157696,9448600
2002-11-27,13.123590469360352,13.128800429886857,12.712012531051725,12.790159951552573,11766600
2002-11-29,13.113179206848145,13.389301334884244,13.081920416747517,13.233005396983065,4637400
2002-12-02,13.139225959777832,13.618531638388143,12.920412476201408,13.54038417861775,12493900
2002-12-03,12.82142162322998,13.081913726140309,12.712014423284414,13.076703764838282,12677900
2002-12-04,12.868311882019043,13.128804017333609,12.529671311151196,12.826633180116657,9266800
2002-12-05,12.300442695617676,12.87352477297523,12.263973944552989,12.868315803136507,11451300
2002-12-06,12.727643966674805,12.868309936970645,11.878439177435606,11.961796568640885,13236200
2002-12-09,12.118101119995117,12.503629579450951,12.029533704059372,12.430692058221231,9414800
2002-12-10,12.581768989562988,12.60781879735211,12.123303303158622,12.123303303158622,8975700
2002-12-11,12.55051326751709,12.6599195057548,12.347329685819167,12.43068710362851,6803600
2002-12-12,12.581768989562988,12.894359727142518,12.435894040738152,12.550510213914604,8396500
2002-12-13,12.305645942687988,12.529668290341544,12.24833736875189,12.477570670797887,8218200
2002-12-16,12.920412063598633,12.936041952533131,12.26918159681042,12.399427690168062,7942600
2002-12-17,13.035028457641602,13.331989373186877,12.84747377679247,12.9204112665899,11435100
2002-12-18,12.503621101379395,12.805791904914788,12.451522481383941,12.738064394509667,14182700
2002-12-19,12.154562950134277,12.602609739240801,11.909700701554398,12.508832411874447,13923400
2002-12-20,12.95688247680664,12.956882476806642,12.326490835519863,12.399428333601401,15517500
2002-12-23,12.873522758483887,13.01939873361442,12.659919255359865,12.712017888884969,9285700
2002-12-24,12.607823371887207,12.82142690476762,12.519255980666138,12.816216941319448,3772400
2002-12-26,12.738065719604492,12.962088119601683,12.602609691004725,12.607819652916096,5838500
2002-12-27,12.39942741394043,12.743277013248608,12.331699884130739,12.738068044085317,7220200
2002-12-30,12.498408317565918,12.555716885989101,12.300434798728656,12.508828237951642,7389700
2002-12-31,12.503621101379395,12.58176853452331,12.342116273722164,12.498411140009996,6215300
2003-01-02,13.44430923461914,13.476017228216133,13.106086940328426,13.34389941225323,16739100
2003-01-03,13.708537101745605,13.734960246779991,13.31746870896212,13.476009595125186,12525700
2003-01-06,14.78661823272705,14.850035195785704,13.719106578418497,13.740245902097525,22932400
2003-01-07,14.712627410888672,14.95043967825421,14.596364195720007,14.786613001634361,17837500
2003-01-08,14.14716625213623,14.40083204253024,14.00976369701158,14.40083204253024,15857300
2003-01-09,14.42724895477295,14.474811395931933,14.189437756955833,14.189437756955833,11205600
2003-01-10,14.316283226013184,14.633366110784449,14.136602958242092,14.18945027370042,8725900
2003-01-13,14.416693687438965,14.633366783599502,14.379699859332133,14.480109662521743,9290600
2003-01-14,14.580513000488281,14.665068268424717,14.342700679430612,14.532950536276747,8216900
2003-01-15,14.310991287231445,14.606934695670677,14.173588738461538,14.559372236174239,8147800
2003-01-16,14.15245246887207,14.437826259034006,14.00976506980193,14.310993351408886,7734500
2003-01-17,13.840649604797363,14.184155400134424,13.756094363113718,13.925204846481009,9809500
2003-01-21,13.43372917175293,14.057324941805671,13.354458745114297,14.01504731373319,10367800
2003-01-22,13.05323600769043,13.433734820333898,13.000388698384189,13.433734820333898,16066100
2003-01-23,13.280472755432129,13.349174534219962,12.947536544930053,13.264619274156635,8020000
2003-01-24,12.582890510559082,13.280471863204742,12.450772799588975,13.132500672024234,11709500
2003-01-27,12.308096885681152,12.736158350355556,12.186547722346793,12.551193196391877,8787500
2003-01-28,12.424357414245605,12.656885012900196,12.28166995543628,12.47191990051538,10567800
2003-01-29,12.4190673828125,12.503622654567849,12.027998998949423,12.260526500265806,9989200
2003-01-30,12.175969123840332,12.604030239106825,12.06498971885825,12.419065236122137,9122100
2003-01-31,12.334512710571289,12.413783155697542,11.996291607110788,12.02271475282674,9560900
2003-02-03,12.461343765258789,12.614600809886381,12.334510870383326,12.419066133633635,7833000
2003-02-04,12.181255340576172,12.466630145517914,12.022714454260784,12.466630145517914,8152200
2003-02-05,12.123124122619629,12.519477343207653,12.038568849532453,12.286949838228736,8414600
2003-02-06,11.79018783569336,12.012145698044298,11.732056710586566,11.980437719988005,8906400
2003-02-07,11.615790367126465,11.964581087305637,11.52066544199064,11.94344277504116,9526700
2003-02-10,11.679207801818848,11.784901383459221,11.499527604254073,11.626360507009506,9080900
2003-02-11,11.626361846923828,11.864174196984095,11.594653869575268,11.864174196984095,12582400
2003-02-12,11.367410659790039,11.74262456380659,11.36741065979004,11.626361313543374,9567700
2003-02-13,11.251151084899902,11.377984037885945,11.023908332807896,11.362129540770674,10872500
2003-02-14,11.547090530395508,11.599937827317493,11.18773012090003,11.256430901313767,8881000
2003-02-18,11.890595436096191,12.080845285626774,11.663352784263163,11.668637614303265,9225300
2003-02-19,11.890595436096191,11.96986587074118,11.784900851250695,11.89059543609619,8084700
2003-02-20,11.99100399017334,12.049135098836922,11.827177299269907,11.943441532553397,7140000
2003-02-21,12.091413497924805,12.207677738621594,11.705629990833998,11.938157464249349,8525100
2003-02-24,11.784900665283203,12.096698576881101,11.726769551715936,12.096698576881101,7695700
2003-02-25,11.917017936706543,11.917017936706543,11.478387146776662,11.62635935599788,10674500
2003-02-26,11.806039810180664,11.943442363084383,11.679206917033747,11.811324640059064,6608100
2003-02-27,11.975152015686035,12.154832224865798,11.737339677660353,11.837749443491015,8760600
2003-02-28,11.985719680786133,12.154830200560902,11.895879591158511,11.964580361825183,7684900
2003-03-03,12.075563430786133,12.32922928734006,11.975153651241595,12.234104339137708,8083200
2003-03-04,11.837745666503906,12.101981065345415,11.837745666503908,12.075557928652485,7706700
2003-03-05,12.054422378540039,12.054422378540039,11.811326219495651,11.843034195027883,7670600
2003-03-06,11.626361846923828,11.906451836108317,11.605222523372504,11.848319704320602,10613600
2003-03-07,11.779608726501465,12.04912781273213,11.399109295629836,11.462526203434292,9272100
2003-03-10,11.330411911010742,11.726764929741279,11.28284946812485,11.557654469692707,8585100
2003-03-11,10.965770721435547,11.520664740292808,10.923493091503357,11.388547020757441,12601900
2003-03-12,10.965770721435547,11.097888440970914,10.638118333477422,10.833653001900178,16405900
2003-03-13,11.47838306427002,11.5048072036496,11.1348773161583,11.230002201969082,12988100
2003-03-14,11.235282897949219,11.679198196493026,11.182435646603055,11.504802972634922,13848700
2003-03-17,11.922303199768066,11.980435321213847,11.103173709470754,11.230006604279344,15267800
2003-03-18,12.054422378540039,12.154832143700201,11.864173517368283,12.09141518465737,9193900
2003-03-19,12.329227447509766,12.33979710861688,11.996291186462498,12.075561628809146,11398700
2003-03-20,12.434916496276855,12.503617246873784,12.022708968761554,12.038563453350651,10698200
2003-03-21,13.026806831359863,13.158924549746835,12.556468076455264,12.625168846506082,18484800
2003-03-24,12.487771034240723,12.704445101905945,12.392647087629348,12.551188006626887,10964200
2003-03-25,12.757290840148926,12.926401415080507,12.456062502554731,12.456062502554731,9397300
2003-03-26,12.773140907287598,12.868265824710335,12.619883871889146,12.630453531153492,6461300
2003-03-27,12.746721267700195,12.905262168292264,12.514193739917161,12.688589133759821,7552700
2003-03-28,12.921113967895508,12.995099571684332,12.6198847068019,12.746718610408815,7736700
2003-03-31,12.530043601989746,12.736147922736267,12.498335632635733,12.551182920211204,9251900
2003-04-01,12.804850578308105,12.894690678034497,12.551184770131817,12.762572943612057,9689000
2003-04-02,13.458754539489746,13.571312327730896,13.196118677937166,13.292596344005334,13884500
2003-04-03,13.367645263671875,13.662440553923597,13.346205085743193,13.614201175908013,10313700
2003-04-04,13.710681915283203,13.748201209761868,13.448045831608448,13.582043896074595,10113600
2003-04-07,13.742839813232422,14.327071398645876,13.721400656634387,14.182353257894139,12796300
2003-04-08,13.930435180664062,13.989394641450161,13.64099996530035,13.855396610444553,8949700
2003-04-09,13.791078567504883,14.155553414043936,13.710679944844552,13.962595901799977,10140100
2003-04-10,13.78571605682373,13.882194795686157,13.619558796740533,13.791076100352061,7215900
2003-04-11,13.716041564941406,14.075156408246022,13.624922842839517,13.935798302541716,8002200
2003-04-14,14.225234985351562,14.257394234506924,13.871479155346181,13.925078585487851,10041200
2003-04-15,14.402100563049316,14.686175571583806,14.085865309443435,14.209143181913998,13327300
2003-04-16,14.203794479370117,14.846985581705187,14.069796418243985,14.761226904370387,18636300
2003-04-17,14.63793659210205,14.723695203122354,14.203783496021352,14.203783496021352,11055000
2003-04-21,14.712982177734375,14.86841934058701,14.557543992558035,14.637942595573103,8337900
2003-04-22,15.37225341796875,15.436571896741057,14.562905233430085,14.64330384305736,13899900
2003-04-23,15.779603958129883,15.913601951267445,15.356169809099882,15.409769210819617,15108200
2003-04-24,15.30793285369873,15.46337104086318,15.1739348395185,15.399051544234235,12139800
2003-04-25,14.986340522766113,15.415134870451789,14.820183236978925,15.409774826094276,11300700
2003-04-28,15.441934585571289,15.495534008612347,15.007781201354252,15.007781201354252,9481100
2003-04-29,15.61880111694336,15.677760543566881,15.345445169402378,15.377605414282437,12232300
2003-04-30,15.731363296508789,15.892160466033003,15.44192716457704,15.618804459983064,14738100
2003-05-01,15.69384479522705,15.843921888194552,15.377609460297643,15.731364068468926,10261200
2003-05-02,16.004722595214844,16.106560346447,15.592008480251838,15.624167716308115,10634900
2003-05-05,16.272720336914062,16.58895575485822,16.0797628555044,16.0797628555044,13997200
2003-05-06,16.460325241088867,16.642562729218465,16.063691008784545,16.213769240869013,12208100
2003-05-07,16.51927375793457,16.610392441483455,16.165519109409164,16.320957284655233,10721500
2003-05-08,16.058326721191406,16.363843151064664,15.983288136129927,16.32096381355467,10890100
2003-05-09,16.12264060974121,16.17624001849662,15.854644588287849,16.12264060974121,8820500
2003-05-12,16.58359718322754,16.610396381435958,15.956486335306048,16.122643613310785,8801900
2003-05-13,16.465675354003906,16.642552689031316,16.272718911816362,16.583594258904647,7476000
2003-05-14,16.342397689819336,16.599673631736135,16.229839848602133,16.471035660777737,7515000
2003-05-15,16.63718605041504,16.8033432230404,16.487107977587566,16.5085471180925,10648700
2003-05-16,16.749752044677734,16.883750061035155,16.562154617312597,16.637194201652893,9273900
2003-05-19,16.30487632751465,16.74974963697989,16.203037563471206,16.74974963697989,8306200
2003-05-20,16.31024169921875,16.503199205226448,16.106564104583086,16.304881654904765,8688400
2003-05-21,16.374555587768555,16.401355801811995,16.04224111221896,16.133359795319393,8389500
2003-05-22,16.342397689819336,16.449596510113196,16.22447980535507,16.294158322919476,8651800
2003-05-23,16.562150955200195,16.62111039650434,16.278075877622438,16.374553569315342,5751600
2003-05-27,17.17854118347168,17.226780539619995,16.347754089492444,16.45495288589392,11224800
2003-05-28,17.446542739868164,17.596621920755847,17.18926677289338,17.258946319568103,12017300
2003-05-29,17.296463012695312,17.6287774980109,17.25358266896565,17.553738941131314,9548300
2003-05-30,17.612699508666992,17.72525735112628,17.376861692488536,17.467981406370427,10683100
2003-06-02,18.180849075317383,18.534605785745306,17.859254668115927,17.87533377508179,13337100
2003-06-03,18.127246856689453,18.427403072695714,18.08436856562967,18.18084523167592,11581300
2003-06-04,18.593570709228516,18.66861134291468,17.902142249772872,18.036140314383005,13171500
2003-06-05,18.813318252563477,18.915158040436268,18.443484511183723,18.59356161586295,10380500
2003-06-06,18.829397201538086,19.574425662164607,18.76507669735457,19.172431711928976,11835400
2003-06-09,18.095090866088867,18.64180300721221,18.009332219127213,18.54532427379942,10274000
2003-06-10,18.266611099243164,18.4059681406379,18.15405120831748,18.223730751338614,10879300
2003-06-11,18.513168334960938,18.647166365101686,18.17549272650491,18.384529326380846,9252300
2003-06-12,18.59892463684082,18.824040317534635,18.347007717795194,18.754362822832693,9632500
2003-06-13,18.59892463684082,18.786521037419,18.405967170733312,18.679322217954002,6746500
2003-06-16,19.26891326904297,19.26891326904297,18.67932082817603,18.732921256244264,9417400
2003-06-17,19.34395980834961,19.40291928123789,19.09740387140599,19.290361402804685,9515500
2003-06-18,18.7972412109375,19.204596317862702,18.65252311068624,19.08131634588585,11336300
2003-06-19,18.464927673339844,18.920520126155687,18.250530022222073,18.89372093092785,10874200
2003-06-20,18.65252113342285,18.85083760030871,18.53460428414739,18.679320324410583,14781400
2003-06-23,18.143327713012695,18.625721313080838,18.014690782759285,18.5185225081049,9876500
2003-06-24,18.384525299072266,18.454204831982825,17.95573210548272,18.089730106269908,8236100
2003-06-25,18.21836280822754,18.663234954311847,18.111164035611367,18.384518963368407,8978200
2003-06-26,18.438133239746094,18.438133239746094,17.955739422477038,18.223735533260278,6316400
2003-06-27,18.170129776000977,18.45956390458816,18.11652934874614,18.438125778333458,6674600
2003-06-30,18.320207595825195,18.475645773941178,18.030771411329358,18.357726874039766,7847900
2003-07-01,18.520517349243164,18.520517349243164,17.892519749884368,18.32020832204171,10439900
2003-07-02,18.607141494750977,18.682934003721662,18.42848801863308,18.536763916530187,7459100
2003-07-03,18.477210998535156,18.59089975540207,18.244418554365268,18.298555467580698,4376600
2003-07-07,18.986099243164062,19.078134445931664,18.623377491267064,18.666686595659286,9773400
2003-07-08,19.164756774902344,19.1864102968252,18.894068131557344,18.986101279003226,6165500
2003-07-09,19.305517196655273,19.554550294628687,19.16475998720663,19.20806910350206,9640700
2003-07-10,18.953615188598633,19.28927054529605,18.79661736744873,19.191822482408433,7622500
2003-07-11,19.359643936157227,19.473334695226484,19.04564629612949,19.061886948058078,6973600
2003-07-14,20.193363189697266,20.334122376678224,19.370469840637057,19.749434181876424,12088000
2003-07-15,20.187957763671875,20.507370417696364,20.03637073222939,20.32330207359428,11553500
2003-07-16,19.62493133544922,20.71309903322735,19.48958698141164,20.71309903322735,14435700
2003-07-17,18.9698543548584,19.624920159716492,18.850750730269738,19.624920159716492,12002000
2003-07-18,19.126861572265625,19.218894724726365,18.86699864312698,19.072722601532337,7596000
2003-07-21,18.639623641967773,19.007760431179314,18.13614250569878,19.002345500790145,11938000
2003-07-22,18.915725708007812,18.98069248327317,18.547588908934383,18.6775203942742,9538500
2003-07-23,18.872417449951172,19.018589603174853,18.731658162317558,19.00234687602267,7764200
2003-07-24,18.720827102661133,19.143100714988993,18.688343722793448,19.137685785749177,8595200
2003-07-25,19.202653884887695,19.2243074077861,18.661276573807154,18.81286156004873,8693400
2003-07-28,19.213476181030273,19.39212956866642,19.03482072820417,19.20264839008415,8228700
2003-07-29,19.078142166137695,19.267623446761288,18.812866308073595,19.262210580968215,9207500
2003-07-30,18.980688095092773,19.262204527252322,18.96444537243617,19.218893353755274,5860400
2003-07-31,18.97527313232422,19.386721019058395,18.93737688817639,19.300100737407583,8761300
2003-08-01,18.06034278869629,18.996925048451423,17.989963178081737,18.991512185414926,20439300
2003-08-04,18.26065444946289,18.29855069186136,17.54062377870161,18.06034544461521,15744400
2003-08-05,17.735525131225586,18.244421278268906,17.719284467874388,18.217352817619854,12309200
2003-08-06,17.860036849975586,18.011621823051065,17.594761081903133,17.86544971393241,12232200
2003-08-07,17.78424072265625,17.908759299725546,17.60558731524368,17.73551669060006,9218200
2003-08-08,17.860036849975586,17.995381165990228,17.681381361544886,17.98455337288621,6296700
2003-08-11,17.984554290771484,18.233587349302738,17.832967244769026,17.860037761505858,6982000
2003-08-12,18.211933135986328,18.287725632110476,18.027864760317414,18.119899980747185,8519300
2003-08-13,18.098249435424805,18.314801254863053,17.935836603441725,18.298558526030902,6716000
2003-08-14,18.35268211364746,18.379750552066163,17.979130641825183,18.098234249094833,6993000
2003-08-15,18.22276496887207,18.406833385333044,18.12531686220502,18.406833385333044,3542300
2003-08-18,18.433897018432617,18.460965470932642,18.222760197665643,18.460965470932642,7126400
2003-08-19,18.50969886779785,18.628802597231218,18.314804672168144,18.48804533396672,8275200
2003-08-20,18.856184005737305,18.9644578805115,18.43390804638917,18.774976534464876,9319200
2003-08-21,18.73164939880371,19.180993444622384,18.612547824824446,18.975269540199978,8675600
2003-08-22,18.36351203918457,19.029407754767675,18.309375149958438,18.85616723101612,8131400
2003-08-25,18.266075134277344,18.341867642957137,18.01162708497436,18.255247338010093,6126200
2003-08-26,18.071170806884766,18.709996043094137,17.86544690068428,18.136135490088588,9840600
2003-08-27,18.006208419799805,18.082002977950953,17.897934609964967,17.946658650466862,6019800
2003-08-28,18.358108520507812,18.44472882647282,17.930419856284527,18.00621236585503,5600000
2003-08-29,18.52592658996582,18.569235687730664,18.28771932409447,18.385167375552765,5862800
2003-09-02,18.78579330444336,18.964446745073477,18.4501399463085,18.634206251422317,8424200
2003-09-03,18.872417449951172,18.96986555210029,18.704589703985242,18.785797144173173,7478400
2003-09-04,18.77496910095215,18.92114125225398,18.71541725428944,18.877830067338937,6254600
2003-09-05,18.50969886779785,18.780387660007076,18.493458201126607,18.67211379527666,6752900
2003-09-08,18.75872039794922,18.839925737068388,18.54758155978319,18.590892726132143,5748400
2003-09-09,18.547588348388672,18.76414012901343,18.520519892108286,18.677519829801692,5257900
2003-09-10,18.071170806884766,18.552996165594028,17.952067166686057,18.363512913896987,9825500
2003-09-11,18.23358917236328,18.488037185758728,18.14696887964004,18.271485421355283,6717500
2003-09-12,18.40682601928711,18.47720563820236,18.103654023736237,18.146965193896474,6251300
2003-09-15,18.390602111816406,18.520531610246373,18.25525767958977,18.406842782822114,5058200
2003-09-16,18.73164939880371,18.77496056402528,18.336444309512,18.347272100817392,6846900
2003-09-17,18.76414680480957,18.861594934241143,18.68835427418314,18.731663406601857,7692500
2003-09-18,19.34882354736328,19.419201101921193,18.742479549085452,18.8778238596526,14752000
2003-09-19,19.213476181030273,19.381301777720296,19.00775228343384,19.218889043908355,12211800
2003-09-22,18.942787170410156,18.980683405261292,18.709994833358937,18.95361289591913,9198100
2003-09-23,19.191823959350586,19.197236823176386,18.737066985941777,18.942790919557513,8583700
2003-09-24,18.877819061279297,19.354231491634195,18.834509966805083,19.21888721546892,11445500
2003-09-25,18.666685104370117,19.07813292177176,18.63961665813871,18.948201488594908,8682300
2003-09-26,18.50969886779785,18.791215459518437,18.374354471693238,18.688354461947903,10336800
2003-09-29,18.75872039794922,18.839925737068388,18.471789083862596,18.623376100893857,6481500
2003-09-30,18.58547592163086,18.78578486054134,18.331028036265085,18.731645914086045,9570000
2003-10-01,19.1539249420166,19.20806183319261,18.70999582576527,18.785788299487688,11368400
2003-10-02,19.143001556396484,19.268726329024933,19.011809310697664,19.214064109701262,7329000
2003-10-03,19.22498321533203,19.569360826669275,19.132057081844295,19.50376578625271,11020900
2003-10-06,19.432706832885742,19.52016759785883,19.19765563604011,19.241387061141214,7475700
2003-10-07,19.727895736694336,19.766159706637644,19.224994569220907,19.43271475264884,11345300
2003-10-08,19.46550941467285,19.79348682962966,19.43817831096471,19.788021442979854,9122600
2003-10-09,19.514705657958984,19.76068975451219,19.399913774643984,19.706025463483982,9138000
2003-10-10,19.41631507873535,19.59123666712875,19.367118251672846,19.514708732860367,5649300
2003-10-13,19.91921615600586,19.935616490186227,19.438182781469013,19.438182781469013,7584400
2003-10-14,20.10506248474121,20.10506248474121,19.760686884807445,19.952006662548428,7239600
2003-10-15,20.006675720214844,20.21439589671956,19.820821264443236,20.19253017598645,7431100
2003-10-16,20.13787269592285,20.21986812534283,19.952018196437233,19.979349311167095,6902200
2003-10-17,19.864547729492188,20.181592259777428,19.766154096072437,20.017603565820966,5893700
2003-10-20,20.006675720214844,20.006675720214844,19.662300002202958,19.76069366027204,7403400
2003-10-21,20.044939041137695,20.17066588867529,19.87001745138517,20.006675073706194,7525900
2003-10-22,19.121126174926758,19.35617735268894,18.962602899649205,19.170322981556726,19397500
2003-10-23,19.13206672668457,19.350719751938595,18.968078000358947,18.968078000358947,10030800
2003-10-24,19.006336212158203,19.18672313092898,18.929808302059744,19.13206093378127,7625600
2003-10-27,19.104740142822266,19.28512715891757,19.017279329060543,19.268728907971713,9827700
2003-10-28,19.432706832885742,19.509234741583555,19.1265951980945,19.132060583617577,11744200
2003-10-29,19.64043426513672,19.70602934205159,19.328855043253707,19.432714088804744,7608300
2003-10-30,19.591236114501953,19.78802341720103,19.531106429207263,19.760692310766103,6897700
2003-10-31,19.624040603637695,19.771629039882235,19.574843763146056,19.624040603637695,6287600
2003-11-03,20.066802978515625,20.088668696599694,19.706026971047102,19.798955230289565,8157200
2003-11-04,20.006675720214844,20.09413651791737,19.831754124809787,19.842686985176343,6485500
2003-11-05,19.968402862548828,20.0831968026818,19.842678152145066,19.98480318841295,5912300
2003-11-06,19.848155975341797,19.973880751323815,19.73882944854828,19.973880751323815,9049600
2003-11-07,19.700563430786133,19.941080096566917,19.6896305707193,19.864552161328934,6347600
2003-11-10,19.61857032775879,19.733362244101926,19.4873801620038,19.684165410636282,4639500
2003-11-11,19.700563430786133,19.77162389337578,19.421780712156508,19.432713572223342,4123200
2003-11-12,19.61857032775879,19.826290522972624,19.54750777159062,19.733362244101926,7141100
2003-11-13,19.6021728515625,19.67870079880993,19.46551520712632,19.574841739721297,4597500
2003-11-14,19.38351821899414,19.66230095883008,19.186730893281712,19.51471046454576,7224800
2003-11-17,19.356185913085938,19.43271384941553,19.170331459758405,19.241394008591545,5762000
2003-11-18,19.071935653686523,19.432711659461443,19.02820630295332,19.361649118636638,6955200
2003-11-19,19.00086784362793,19.20858793638818,18.968071360980407,19.071930364746,9797800
2003-11-20,18.929805755615234,19.24685020983551,18.831412145801973,18.98993541552655,7517200
2003-11-21,19.13206672668457,19.208594659954542,18.99540910720825,19.050071320906863,6834200
2003-11-24,19.2796573638916,19.3288541907153,19.126601496097773,19.224993064515374,7258700
2003-11-25,19.421770095825195,19.48189975070977,19.186718945946602,19.214052123787738,5539000
2003-11-26,19.41084861755371,19.487378641039488,19.241394492910015,19.296056710169932,3922400
2003-11-28,19.350719451904297,19.39991627756216,19.26872404739793,19.296055153823467,2447600
2003-12-01,19.492839813232422,19.514705529499768,19.32885111168627,19.465508710512974,6957000
2003-12-02,19.574831008911133,19.624027817347958,19.449106295179035,19.514701344685125,6301200
2003-12-03,19.569372177124023,19.673233310355332,19.476445989738057,19.574839650046695,7612400
2003-12-04,19.345247268676758,19.514703423618037,19.257786498274957,19.487372323847957,6089700
2003-12-05,19.11020278930664,19.312457586359066,19.050073097492675,19.224994699916948,6769400
2003-12-08,19.38351821899414,19.388985692058377,18.98447817973505,18.98447817973505,6070400
2003-12-09,19.039140701293945,19.4053821235607,18.968078154723603,19.38351640381139,7684300
2003-12-10,18.95168113708496,19.15940134057555,18.858754939741644,19.000877972510885,6405900
2003-12-11,19.121126174926758,19.203121547719686,18.88607499716458,19.03366541705448,7650900
2003-12-12,19.181257247924805,19.224986587463217,19.077398241945613,19.21952120198183,5457900
2003-12-15,19.27419662475586,19.438187494944746,19.192203274891952,19.40538890386086,8140500
2003-12-16,19.525644302368164,19.536577163813636,19.306991243918958,19.35072268970084,7330600
2003-12-17,19.492839813232422,19.542036632219215,19.285119679151574,19.531103774085544,7282300
2003-12-18,19.487380981445312,19.536577816979673,19.235929330252915,19.536577816979673,7733000
2003-12-19,19.558435440063477,19.558435440063477,19.317918809884503,19.542037195005452,12023200
2003-12-22,19.733354568481445,19.738822039645456,19.487372582062154,19.552967639425347,8872000
2003-12-23,19.771621704101562,19.837218857239108,19.673230144854468,19.711494108236565,7058300
2003-12-24,19.749755859375,19.81535091993539,19.695091571216864,19.77708696083938,2007000
2003-12-26,19.798952102661133,19.848148917963872,19.74428781608625,19.82628320333392,1347300
2003-12-29,19.968402862548828,19.97387033291319,19.8044142005104,19.826279911509914,5532000
2003-12-30,20.006675720214844,20.050407161681058,19.962946363978528,19.973879224345083,5358700
2003-12-31,20.077733993530273,20.137863670124062,20.006671458898573,20.115997954048236,6141100
2004-01-02,20.204626083374023,20.452908372222158,20.154969625604394,20.171523181335253,9280500
2004-01-05,20.1660099029541,20.33704932550427,20.028075495813905,20.22670137884971,9715400
2004-01-06,20.673614501953125,20.72878743596469,20.46395356422665,20.4970585874611,21209800
2004-01-07,20.977069854736328,21.015691329498516,20.684649515904763,20.690165967422566,14472600
2004-01-08,21.335693359375,21.39086838576478,20.99913516960159,21.02120307544545,11834300
2004-01-09,21.385347366333008,21.595008233028846,21.159135045983643,21.186723608355265,10569000
2004-01-12,21.40190887451172,21.600534810981564,21.197764381632943,21.24190441405406,7044400
2004-01-13,21.46259307861328,21.490179537152564,21.214310742336004,21.407418056822845,7205200
2004-01-14,21.639150619506836,21.699842095833937,21.47914620095576,21.561907687713084,8672300
2004-01-15,21.473630905151367,22.041922184065836,21.352250038786632,21.986747149616086,50329900
2004-01-16,21.666746139526367,21.672262592084454,21.49019019168676,21.517776663903028,18767200
2004-01-20,21.567424774169922,21.804672131513172,21.45156037306148,21.738464202981504,18914100
2004-01-21,22.12468719482422,22.12468719482422,21.501224932624442,21.56743288605808,20679600
2004-01-22,22.036407470703125,22.36193286422453,21.931578044038265,22.091582514773624,15683600
2004-01-23,21.848804473876953,22.22950470139426,21.72190509960837,22.0363953107765,10503600
2004-01-26,22.212966918945312,22.224001929506418,21.699852608488786,21.76606056714236,12289900
2004-01-27,22.086055755615234,22.190887248060143,22.008812827316007,22.152265783910526,9141000
2004-01-28,21.58397674560547,22.16881942495369,21.484663798080067,22.06950647742829,14578500
2004-01-29,21.54535675048828,21.738466208194037,21.18672850854152,21.61156468512714,12886900
2004-01-30,21.457075119018555,21.589493070275285,21.374315741106045,21.545353051619063,8622300
2004-02-02,21.523283004760742,21.73846243826671,21.44052362699254,21.572939473306437,8810200
2004-02-03,21.589492797851562,21.606044252282825,21.38534837121041,21.57293923870839,6921800
2004-02-04,21.473630905151367,21.64467035487706,21.43500943339272,21.583978869338512,7851100
2004-02-05,21.49570655822754,21.62812457093382,21.302599148773496,21.578468079258077,6487100
2004-02-06,21.920547485351562,21.9702039827395,21.46812255568955,21.517779053077486,7312300
2004-02-09,21.799161911010742,22.014341444255916,21.799161911010742,21.986752867500165,6090000
2004-02-10,21.7825984954834,21.909497881014524,21.694320570561235,21.755012038578677,7191400
2004-02-11,22.21847152709961,22.28467944418569,21.80466836206607,21.83777337296498,11688200
2004-02-12,22.268129348754883,22.290199357366408,22.05846847636915,22.190886423326422,8121300
2004-02-13,22.157785415649414,22.428137808229785,22.06950746995807,22.328824856237997,6907200
2004-02-17,22.433656692504883,22.516418196379643,22.207444300588016,22.301238707247766,8309400
2004-02-18,22.334341049194336,22.477794024731832,22.262614561425586,22.43917045077003,7170700
2004-02-19,22.521926879882812,22.687447725831152,22.328819577061708,22.472270415627136,14877300
2004-02-20,22.383989334106445,22.54951015671222,22.257089966618302,22.521923703729833,9572100
2004-02-23,22.240550994873047,22.439174830620303,22.163305936584376,22.38952045021796,8355200
2004-02-24,22.179853439331055,22.395030781113732,22.086056946544318,22.124678412776486,10757900
2004-02-25,22.26261329650879,22.31778832423913,22.04191949972372,22.290201862730008,9655500
2004-02-26,22.378477096557617,22.433650012904785,22.152264771995274,22.26261060468961,6612000
2004-02-27,22.632282257080078,22.731595218260892,22.378483402823527,22.433656334718453,9295700
2004-03-01,22.913654327392578,22.957794331154375,22.687442069891425,22.748133522708287,10655400
2004-03-02,22.990909576416016,23.161949025782015,22.84194224549586,22.852975147650252,8802700
2004-03-03,23.228151321411133,23.2557398842344,22.897109614650326,22.996422547620934,7990900
2004-03-04,23.5040225982666,23.531611164008265,23.172980856487325,23.172980856487325,9311600
2004-03-05,23.730236053466797,24.188179325830898,23.366089278634206,23.50402369493007,16242100
2004-03-08,23.691614151000977,23.995071545059066,23.680579145334125,23.74678917933523,8789300
2004-03-09,23.432296752929688,23.691611996021035,23.332983815673618,23.691611996021035,9036700
2004-03-10,23.18953514099121,23.443336085675348,23.062635721005304,23.443336085675348,10364300
2004-03-11,22.792285919189453,23.360575095992264,22.73159443337316,23.035049757742264,11924500
2004-03-12,22.90815544128418,22.974363392972442,22.692978019762695,22.81435891373904,10815400
2004-03-15,22.582618713378906,22.797796027066035,22.483305783259954,22.775726019325873,7970000
2004-03-16,22.803321838378906,22.897116244056438,22.62124737364612,22.704008876654196,7481600
2004-03-17,23.32746124267578,23.421257713799196,23.00193602767965,23.00193602767965,8745600
2004-03-18,23.18400764465332,23.23918054715739,23.007451830986717,23.062624733490786,10219700
2004-03-19,22.803321838378906,23.366092481869,22.704008876654196,23.184020121848665,9468900
2004-03-22,22.51090431213379,22.75918677057354,22.31227834538199,22.75918677057354,9690300
2004-03-23,22.61021614074707,22.8419471250267,22.53848963314709,22.70401266679517,10830000
2004-03-24,22.47780418395996,22.654360153101898,22.36745617706796,22.61573866639667,7835100
2004-03-25,22.897117614746094,22.96332555828849,22.455727816609166,22.538487219859014,8173900
2004-03-26,22.75918197631836,22.996429374993944,22.731595510016827,22.786768442619888,6019400
2004-03-29,23.206083297729492,23.266772663376017,22.880558042389815,22.880558042389815,7541100
2004-03-30,23.161941528320312,23.288840909142326,23.09021505926033,23.206081541499277,7785300
2004-03-31,23.145402908325195,23.305407387743312,23.029538466558773,23.222645869502813,7842800
2004-04-01,23.316431045532227,23.393676080788577,23.139875174370292,23.145393729244603,10295200
2004-04-02,23.099510192871094,23.677971846012174,22.86033858862589,23.639037131068335,12806900
2004-04-05,23.22188377380371,23.22188377380371,22.87703244120226,22.96046308588242,10003200
2004-04-06,23.082841873168945,23.138462330173653,22.999409065877455,23.138462330173653,7845200
2004-04-07,23.01052474975586,23.121767742852516,22.927094096271077,23.08283301353623,7224700
2004-04-08,22.888158798217773,23.233010158643108,22.804726025022557,23.22188564743151,4961800
2004-04-12,23.116186141967773,23.121747331910786,22.86589015889735,22.893700352175898,4989800
2004-04-13,22.270761489868164,23.160701139881645,22.248512468171953,23.160701139881645,11592300
2004-04-14,21.842477798461914,22.265198610059855,21.697861276384845,22.059400459793984,12978200
2004-04-15,21.564361572265625,22.009331203470662,21.269569589426517,21.881402567110626,15835000
2004-04-16,21.836917877197266,22.00378344735066,21.642244207730126,21.703427967215188,9741200
2004-04-19,21.892536163330078,21.942595400237643,21.619990957548104,21.831352415800442,7395300
2004-04-20,21.436429977416992,21.964832269826893,21.414180968481734,21.92589544329905,9028300
2004-04-21,20.958087921142578,21.436431027777545,20.830159296169892,21.436431027777545,18611600
2004-04-22,21.347442626953125,21.514306001706917,20.869099396684785,20.969217845893642,14094200
2004-04-23,21.30294418334961,21.38637693000417,21.091582781132168,21.35856672171361,7214500
2004-04-26,21.441997528076172,22.014898008268723,21.280695348129587,21.308507678438442,7071300
2004-04-27,21.480932235717773,21.664483431124356,21.34187907136111,21.44756083421323,8743600
2004-04-28,21.097148895263672,21.442000191747645,21.074899876965823,21.442000191747645,7048500
2004-04-29,20.94141387939453,21.369695890940125,20.835732083848026,21.1194018150919,10451500
2004-04-30,20.913591384887695,21.13607725736242,20.885781181273988,21.02483432112506,7720300
2004-05-03,21.05820083618164,21.141631419280124,20.84127834963103,21.141631419280124,8119800
2004-05-04,21.308507919311523,21.553240727602446,21.03040158734246,21.097146512915817,9740200
2004-05-05,21.163896560668945,21.386382528804408,21.08046591395573,21.308513076492027,8968500
2004-05-06,20.913591384887695,21.163887460976127,20.75785254722491,21.02483432112506,7717600
2004-05-07,20.290634155273438,20.974775356913955,20.285072963197155,20.85241003519278,11997100
2004-05-10,19.695493698120117,20.023659310581532,19.25608510957659,19.99584909700683,21494000
2004-05-11,19.5731201171875,19.968032665392506,19.428505778561924,19.968032665392506,16613700
2004-05-12,19.895732879638672,19.90129407426891,19.333956741725753,19.63431217456334,16881200
2004-05-13,19.884605407714844,20.240581220983028,19.73442771365798,19.773362435622737,11896100
2004-05-14,19.834548950195312,20.157153402199874,19.650999824089986,19.873483677605034,9251400
2004-05-17,19.63986587524414,19.728859798240993,19.32838608386392,19.500812737950156,10311700
2004-05-18,19.78449058532715,20.00697657044846,19.73999466137305,19.84567433732469,8825600
2004-05-19,19.879045486450195,20.190523282107193,19.862357660409035,20.02365987417904,10945700
2004-05-20,19.973602294921875,20.19052495538414,19.88460832853265,19.88460832853265,7384700
2004-05-21,20.06814956665039,20.1571434886447,19.951343320084604,19.956906633711885,7116500
2004-05-24,20.06814956665039,20.285072118900118,19.968031139183985,20.173829185961612,6079600
2004-05-25,20.490875244140625,20.524248768828215,19.912413546920305,20.07371573356918,8236600
2004-05-26,20.48531723022461,20.59099689212891,20.301765998630316,20.496439618397,6704000
2004-05-27,20.552061080932617,20.63549171851185,20.3073261184205,20.57431009966703,8163000
2004-05-28,20.490875244140625,20.557620171732818,20.390756791860838,20.507560945592925,4311000
2004-06-01,20.496435165405273,20.607678119010792,20.301761587932763,20.490873972527286,5619300
2004-06-02,20.746728897094727,20.79678811437704,20.440812401161754,20.60767575150859,6267600
2004-06-03,20.5576171875,20.691109145089108,20.49087226959679,20.66329893944466,7280700
2004-06-04,20.735607147216797,20.852413417590988,20.66330102958384,20.74673165495638,5832100
2004-06-07,21.213945388793945,21.21950870224859,20.869094216990213,20.874655408662452,7368400
2004-06-08,21.169464111328125,21.24177026191944,21.013723053767432,21.163900794031026,7042800
2004-06-09,20.958087921142578,21.15832476780674,20.913589901091708,21.130514566166134,6053000
2004-06-10,21.024839401245117,21.024839401245117,20.846851508972083,20.974780173931887,5198600
2004-06-14,20.896907806396484,20.985901740055443,20.59099129205523,20.985901740055443,6317600
2004-06-15,20.718921661376953,20.946968767946295,20.685548137812077,20.91359524438142,8166300
2004-06-16,20.757843017578125,20.846836901355612,20.629914442259338,20.735594016188365,5895200
2004-06-17,20.757843017578125,20.908020594286675,20.652163443649098,20.735594016188365,5747200
2004-06-18,20.70779800415039,20.946969628399305,20.65217758437376,20.807916457174727,12953300
2004-06-21,20.579862594604492,20.796785131116504,20.524242193061728,20.69110551947233,5511700
2004-06-22,20.5576171875,20.590990707342947,20.413002845079262,20.57986620072863,9628200
2004-06-23,20.924701690673828,20.924701690673828,20.61878541496027,20.635471101448676,9303600
2004-06-24,21.008142471313477,21.09713636988599,20.902462879815463,20.92470976312216,10092000
2004-06-25,21.13051986694336,21.419748582700077,21.008152402888886,21.01371359589913,12499100
2004-06-28,21.108272552490234,21.458687150297646,21.052650008990522,21.186141991606753,11788300
2004-06-29,21.297388076782227,21.347447312373852,21.024842878164847,21.108275644745355,9783000
2004-06-30,21.564361572265625,21.608857474494844,21.247320577420624,21.34743900966458,16628400
2004-07-01,21.418474197387695,21.682207744709707,21.154742790621064,21.64854108968503,15371800
2004-07-02,21.36797332763672,21.598038069826217,21.295025343853137,21.424085844051604,8373200
2004-07-06,20.902223587036133,21.33429665362127,20.88539026644012,21.323073726372428,15088300
2004-07-07,20.683395385742188,20.96957272583083,20.565557783385447,20.90784765586609,13643800
2004-07-08,20.62166404724121,20.89100797384875,20.571161927217595,20.717055751421793,9619100
2004-07-09,20.666555404663086,20.79561590008414,20.554328235432322,20.784392969105543,7199600
2004-07-12,20.705827713012695,20.84611109280125,20.604823508320575,20.761940208706317,9447300
2004-07-13,20.840497970581055,20.913445925367075,20.593599999722638,20.593599999722638,9633300
2004-07-14,20.453323364257812,20.919063212403753,20.3635420597625,20.688998485849822,10905200
2004-07-15,20.200817108154297,20.5599424031437,20.15031497976169,20.503829878509958,12141900
2004-07-16,20.127859115600586,20.369146704671294,20.0661340848307,20.341090456290765,10179400
2004-07-19,20.200817108154297,20.32987762725639,20.0380877899386,20.172760845837427,9112000
2004-07-20,20.425270080566406,20.5487180543666,19.920248831434613,20.16153652373586,11567800
2004-07-21,20.66094207763672,21.210852831196597,20.593606634899114,20.902229733047857,18145600
2004-07-22,20.63849639892578,20.756336100451872,20.26814824976342,20.4982129766589,12868900
2004-07-23,20.498205184936523,20.72265943146665,20.40842391443534,20.537484356996142,10259500
2004-07-26,20.464540481567383,20.5543217605587,20.29058831702909,20.447705020125266,8089000
2004-07-27,20.711448669433594,20.84050918779485,20.470160961893452,20.55433188891651,8491200
2004-07-28,20.80121421813965,20.958330879507873,20.40281003221081,20.76193505279759,8535900
2004-07-29,20.840497970581055,21.036895981073503,20.649712493832226,20.90222299843427,8556300
2004-07-30,20.947126388549805,20.980793047569957,20.694615743120504,20.76195120171644,7910000
2004-08-02,20.99201774597168,21.03129694516858,20.711450814247623,20.891013479306555,8075700
2004-08-03,20.80121421813965,21.048112134654566,20.717043354947258,21.014445501820788,9053900
2004-08-04,20.879785537719727,20.969566848717577,20.559939483505183,20.76194796838917,6809800
2004-08-05,20.357927322387695,20.924673484919808,20.284981492006267,20.896617231653497,8439200
2004-08-06,20.25130844116211,20.571154370296192,20.144693844968906,20.284977222327868,9666200
2004-08-09,20.240095138549805,20.34670978543974,20.17275968475382,20.23448474263159,7355900
2004-08-10,20.756328582763672,20.761938975778065,20.31303261522347,20.31303261522347,9031000
2004-08-11,20.705827713012695,20.773163135955944,20.481373449129205,20.660936004014196,7271900
2004-08-12,20.683395385742188,20.75073085272377,20.62167031577745,20.70584125492135,7201400
2004-08-13,20.688993453979492,20.722662237684663,20.481374639184153,20.660937204502492,6165000
2004-08-16,21.17719078063965,21.210857439044634,20.722671627172012,20.73389456015887,9070700
2004-08-17,21.283803939819336,21.463366573899023,21.24452474739912,21.295026872018745,10501300
2004-08-18,21.50264549255371,21.53070175241731,21.227691149112836,21.266970341032962,9555700
2004-08-19,21.32308578491211,21.50264844133007,21.23891485322307,21.50264844133007,7859600
2004-08-20,21.687820434570312,21.771989213283707,21.278190910721303,21.30624931084783,9293600
2004-08-23,21.631696701049805,21.816871789543796,21.58680713267685,21.743923832813937,8000900
2004-08-24,21.654146194458008,21.80003999188045,21.513862791317067,21.743927486846015,6038500
2004-08-25,22.1311092376709,22.237725995596907,21.659756910493243,21.659756910493243,11953600
2004-08-26,22.136722564697266,22.248949721003882,21.940324506021952,22.063774592014724,8500300
2004-08-27,22.288225173950195,22.333114744626094,22.16477510862091,22.192831357862673,6590800
2004-08-30,21.940322875976562,22.27139178517924,21.940322875976562,22.260168856326885,5918800
2004-08-31,22.209672927856445,22.209672927856445,21.83371223484704,21.945939403232916,6606700
2004-09-01,22.030109405517578,22.24895335935254,21.878605181366527,22.176005374740885,8253400
2004-09-02,22.366779327392578,22.439727274164653,22.035710511186032,22.136714701930686,7301300
2004-09-03,22.36117935180664,22.445350271547106,22.27701057262158,22.305066832349937,6939300
2004-09-07,22.372407913208008,22.50146845287728,22.282626575153042,22.361184978381644,10487500
2004-09-08,22.091827392578125,22.383617097141034,22.080604464646328,22.23211078089368,11362200
2004-09-09,22.29945182800293,22.344341406179893,22.080607910017235,22.170389206926124,7663900
2004-09-10,22.33311653137207,22.400451963050347,22.147943559118108,22.23211231357726,6536900
2004-09-13,21.973997116088867,22.378014092824287,21.973997116088867,22.271397312543918,8320200
2004-09-14,22.159177780151367,22.26017990886213,22.046950576460013,22.05256097339444,7749300
2004-09-15,21.92910385131836,22.136722700397595,21.929103851318363,22.091830981377772,7142200
2004-09-16,22.209672927856445,22.355566748369444,21.968385265021134,22.05816657161879,10947400
2004-09-17,22.248960494995117,22.33312929756734,22.170399949149306,22.26579382739836,9749500
2004-09-20,22.097444534301758,22.2545612769977,22.0525528132143,22.2545612769977,7806700
2004-09-21,22.501455307006836,22.585626198752013,22.164776021135516,22.164776021135516,10296700
2004-09-22,22.36117935180664,22.411681475539837,22.0806124734123,22.164783393152767,12767500
2004-09-23,22.1423397064209,22.31067942189939,22.114283443933754,22.30506902562421,9352100
2004-09-24,22.305063247680664,22.406067478914565,22.119888110233486,22.147946506007955,8779600
2004-09-27,21.9571590423584,22.237725850983534,21.91787986039527,22.232113316100303,10374800
2004-09-28,22.097444534301758,22.147946650247608,21.856156884844378,21.962771511594468,8002100
2004-09-29,22.26578140258789,22.26578140258789,21.906656241345313,22.097441750824782,7725600
2004-09-30,22.293838500976562,22.327507288829548,22.11988630790181,22.24894892439414,8422700
2004-10-01,22.636131286621094,22.669800075863918,22.366787394343433,22.389233253838647,11375700
2004-10-04,22.50031089782715,22.89078549811133,22.49465281552206,22.822877716702997,12622200
2004-10-05,22.33054542541504,22.528612890969875,22.104185383173718,22.46636317775978,12012800
2004-10-06,22.347532272338867,22.370166773823012,22.160783063527187,22.24566946003263,7631200
2004-10-07,22.37015724182129,22.573882779625603,22.302249448803124,22.364499158548867,7051800
2004-10-08,22.438077926635742,22.505985752136983,22.21737371594271,22.375828187113413,6542800
2004-10-11,22.285268783569336,22.460697395253796,22.285268783569336,22.353176563616564,3363700
2004-10-12,22.35883903503418,22.432407070464514,22.07588737741732,22.09852402812663,8410800
2004-10-13,22.206043243408203,22.46069796472926,22.04193079194615,22.409766588715154,7602800
2004-10-14,21.80424690246582,22.206039765311328,21.617499992163623,22.206039765311328,11762100
2004-10-15,21.92310333251953,22.12682678653507,21.798603867217857,21.8042619525722,8057300
2004-10-18,22.070222854614258,22.132472546527143,21.804247683258904,21.815566005311176,5915300
2004-10-19,21.493003845214844,22.285269209661717,21.385483011521824,21.92874957978568,16571000
2004-10-20,21.07988739013672,21.193068425323432,20.553597411454884,20.768641162434772,23141100
2004-10-21,21.33455467224121,21.41943887131692,20.966716666663874,20.98369523347882,11568200
2004-10-22,21.204397201538086,21.436417466653335,21.164784143500096,21.39114416675292,8983300
2004-10-25,20.949743270874023,21.238353043229026,20.88183547009933,21.204400222216712,11971100
2004-10-26,21.215715408325195,21.277962957216868,20.910127111949006,20.94974016976632,10566300
2004-10-27,21.51563835144043,21.60618277047664,20.955393274513792,21.13648211258621,11518800
2004-10-28,21.775957107543945,21.815570162901707,21.317574691440313,21.419437450574453,8766200
2004-10-29,21.84385871887207,21.855177039881728,21.515636044587986,21.741995988534146,11215900
2004-11-01,21.787277221679688,22.036273898491817,21.747664163067526,21.940071372933648,10154500
2004-11-02,21.815568923950195,22.166428319514193,21.73634281773408,21.787274194408653,9869300
2004-11-03,21.985332489013672,22.313557292123203,21.860835286755574,22.26828401221204,11104200
2004-11-04,22.432418823242188,22.443737154526733,21.78728905127977,21.92876495421016,12158700
2004-11-05,22.268295288085938,22.585201931687948,22.070229985053366,22.43240777274144,13418700
2004-11-08,22.228687286376953,22.324891997423087,22.132484734081213,22.25132394294668,7547900
2004-11-09,22.132476806640625,22.347520649527528,22.10418207543831,22.25697621443035,7004600
2004-11-10,22.04193115234375,22.17774671810238,21.985339534319746,22.172088635674726,7633400
2004-11-11,22.172096252441406,22.307911864856685,21.996665414425575,22.183414579934386,8004300
2004-11-12,22.166433334350586,22.234343291113323,22.01364132850937,22.030617738325066,11168600
2004-11-15,22.160776138305664,22.160776138305664,22.04193694733577,22.070231684411926,8794300
2004-11-16,21.770305633544922,21.934415987524197,21.730692566161967,21.787282045637543,14141300
2004-11-17,21.657119750976562,21.974026379066622,21.57223339168911,21.787277252134142,14438700
2004-11-18,21.402462005615234,21.69673197203495,21.38548559791304,21.61750585775843,14942800
2004-11-19,21.17609977722168,21.493006392306263,21.091215580167567,21.44773525229401,14346300
2004-11-22,21.249670028686523,21.41944059928357,21.023309987473773,21.176101989886163,13073300
2004-11-23,21.25533103942871,21.33455716465488,21.08555830394405,21.306262428324107,10883200
2004-11-24,21.33455467224121,21.391144138291683,21.249668314415747,21.37982581333164,6854700
2004-11-26,21.328893661499023,21.385485284259175,21.277962280389726,21.334553903149878,3143500
2004-11-29,21.113853454589844,21.425099846013072,21.000672359867806,21.328895159936902,10747600
2004-11-30,21.30626106262207,21.33455579713919,20.97237801432036,21.040285808911424,13032200
2004-12-01,21.662782669067383,21.662782669067383,21.374172868825223,21.391149280971742,11122800
2004-12-02,21.753320693969727,21.855183454203555,21.617505119491042,21.645799850944965,8238200
2004-12-03,21.53828239440918,21.798597418714316,21.49866933239535,21.719371294686663,10918000
2004-12-06,21.572235107421875,21.74200568074957,21.37416979833122,21.47603257407783,10695800
2004-12-07,21.396806716918945,21.674098153099266,21.391146474445883,21.617508680868585,8779000
2004-12-08,21.249670028686523,21.408124432160367,21.238351702813397,21.39680610628724,11421600
2004-12-09,21.328893661499023,21.442074748269647,21.07989699760339,21.07989699760339,10360900
2004-12-10,21.29494285583496,21.425100362339546,21.215716735245202,21.311919264889944,8579000
2004-12-13,21.645803451538086,21.730689818769605,21.459054307128742,21.50432761198555,14880100
2004-12-14,21.92310333251953,21.957056162146813,21.674104401916182,21.685422731375482,12084600
2004-12-15,22.087207794189453,22.211707226129555,21.93441362555843,21.957050278411185,13420900
2004-12-16,22.030616760253906,22.070229820565185,21.86084619338415,21.95704872306872,11590300
2004-12-17,21.798585891723633,21.968356376116184,21.61183684776764,21.617497087205063,14179700
2004-12-20,21.84385871887207,22.002313054258284,21.79858759358244,21.84385871887207,8837800
2004-12-21,22.10983657836914,22.21169932120454,21.86649804367893,21.872158284252713,8686400
2004-12-22,22.087207794189453,22.200388899703178,21.957050278411185,22.041936647233985,9282700
2004-12-23,22.160776138305664,22.341865046093144,22.12682115856424,22.138139485144716,8556100
2004-12-27,22.07589340209961,22.234347841558378,22.030622247075975,22.183416442937776,5639800
2004-12-28,22.189067840576172,22.239999223847377,22.04193393265367,22.053252257686133,5420000
2004-12-29,22.160776138305664,22.160776138305664,22.036276704670502,22.075889768327134,6008200
2004-12-30,22.115509033203125,22.251324659494287,22.098530460853887,22.160780189050026,4745700
2004-12-31,22.07589340209961,22.166437870897298,22.041940575519487,22.115508631027115,5754000
2005-01-03,22.15511131286621,22.46069740255275,22.075883050911056,22.34185824774413,14957900
2005-01-04,21.926759719848633,22.29782005132744,21.8753821689925,22.252150149383866,11360900
2005-01-05,21.972440719604492,22.217908944719248,21.915353313341388,22.03523360000108,9770200
2005-01-06,22.0980224609375,22.252155148130413,22.058062376590588,22.132274895089683,9115900
2005-01-07,21.921064376831055,22.18936757955501,21.915354547052374,22.086612420158772,9971200
2005-01-10,21.846853256225586,21.98385869256905,21.72126312485895,21.846853256225586,9284500
2005-01-11,21.6356258392334,21.835426254154648,21.635625839233395,21.749796260524853,8966300
2005-01-12,21.687015533447266,21.70984832388345,21.44725272373678,21.692723186640706,9075900
2005-01-13,21.56142807006836,21.909653755093192,21.52717561365745,21.692725886482812,9646600
2005-01-14,21.584257125854492,21.681302459262813,21.492919444785798,21.567129813511425,7346500
2005-01-18,21.921064376831055,21.972441956529178,21.41870606174522,21.527168873258134,9729100
2005-01-19,21.60137367248535,21.94959912363528,21.59566602241491,21.69841896731141,15845900
2005-01-20,21.264564514160156,21.595664818986826,21.184644351660232,21.578537514407483,15240300
2005-01-21,21.036222457885742,21.401575248601073,21.036222457885742,21.264567679875146,14174400
2005-01-24,21.053361892700195,21.247454789899017,20.9848569800446,21.041944407257596,12870700
2005-01-25,21.041940689086914,21.241741204870376,21.024815552780414,21.116153242518898,9986100
2005-01-26,21.024805068969727,21.121850363198938,20.984842808077524,21.007677763541295,14555600
2005-01-27,20.979143142700195,21.064773169449502,20.842135535433712,20.904930598028265,9791100
2005-01-28,21.12185287475586,21.12185287475586,20.910634955753512,21.05335017788024,15282000
2005-01-31,21.310243606567383,21.350203705038325,21.25886602601016,21.28169881252067,14111800
2005-02-01,21.407283782958984,21.48720396065619,21.293111167250903,21.407283782958984,14015400
2005-02-02,21.418703079223633,21.430120559529126,21.338782894746878,21.40728559891814,13147400
2005-02-03,21.344491958618164,21.42441214838393,21.32165699649599,21.390161882862515,10737700
2005-02-04,21.5157527923584,21.544297587786495,21.350204738251044,21.373037525866515,10662400
2005-02-07,21.675588607788086,21.73267382550658,21.464368511374424,21.521455906754387,9438000
2005-02-08,21.55571174621582,21.68701170074721,21.51575164793654,21.647049424805896,7579200
2005-02-09,21.407283782958984,21.54429135734099,21.378741173447345,21.47007883048151,7084500
2005-02-10,21.378738403320312,21.498618654332766,21.344485969747655,21.441533442706238,8872600
2005-02-11,21.395872116088867,21.452959528282204,21.201779269955733,21.293116951802965,10676700
2005-02-14,21.407283782958984,21.447243871807586,21.27598603707622,21.447243871807586,6686000
2005-02-15,21.43583106994629,21.55000371056779,21.378745838466536,21.504333783254392,8145300
2005-02-16,21.310243606567383,21.367328839336718,21.224613579751335,21.3159512587795,9579800
2005-02-17,20.99626350402832,21.333071526929217,20.996263504028324,21.2816939580914,12155800
2005-02-18,20.842134475708008,20.984849727925752,20.722254186483966,20.922056846185967,17789700
2005-02-22,20.51103401184082,20.91063711050535,20.493908880272613,20.842132228909126,14882000
2005-02-23,20.82500457763672,20.882091972059662,20.550991617390878,20.653746749690747,12550200
2005-02-24,20.939172744750977,21.059052981103974,20.807875031936604,20.847835110720936,9123400
2005-02-25,21.104732513427734,21.16752757377746,20.922057162044144,20.939182295716993,8776200
2005-02-28,20.864959716796875,21.133264962802805,20.847834591361917,21.1047223611909,11403900
2005-03-01,21.17323112487793,21.315946351608662,21.053350857062885,21.121853556148405,10170900
2005-03-02,21.116147994995117,21.361616205815952,21.04764311146852,21.121855646458123,9392100
2005-03-03,21.1275634765625,21.22461097354821,20.950597970110202,21.20748584135264,8372400
2005-03-04,21.412994384765625,21.572836939849783,21.190358951166846,21.26457148825371,12698300
2005-03-07,21.315948486328125,21.435828766148774,21.29882335425711,21.412993804946243,11265600
2005-03-08,21.087602615356445,21.28169542460062,21.07047748378427,21.25315281275977,9934400
2005-03-09,20.81929588317871,21.019096309487765,20.7450833629805,20.967718745913817,17648000
2005-03-10,20.756507873535156,20.89351330437516,20.716547774734984,20.825010588955156,11903100
2005-03-11,20.61378288269043,20.76791555287853,20.550987849169978,20.69941069213202,9297300
2005-03-14,20.807884216308594,20.83071917931045,20.47107613384799,20.613791386116688,13097500
2005-03-15,20.69370460510254,20.933465102836006,20.659452172142956,20.842127459271655,8607000
2005-03-16,20.69370460510254,20.77933459867089,20.5795320062318,20.693704605102536,13404700
2005-03-17,20.636619567871094,20.710829906748515,20.493904362498988,20.676579651162385,9034600
2005-03-18,20.556699752807617,20.693707324992413,20.448236967338204,20.6423297576308,18106400
2005-03-21,20.431116104125977,20.522453778769652,20.265565888314963,20.482493682216916,11448100
2005-03-22,20.014389038085938,20.550997636868036,19.95730162694184,20.550997636868036,14833000
2005-03-23,19.94017219543457,20.14568247594287,19.911629584844327,20.014384725098477,17485800
2005-03-24,19.94017219543457,20.065762295225554,19.905919756129318,20.03721750697371,11987900
2005-03-28,19.894498825073242,20.02579873080139,19.825996136008154,19.940168736224116,8804800
2005-03-29,19.740371704101562,20.03721746683942,19.591946645071037,19.78033179438018,14720400
2005-03-30,19.951589584350586,19.96871471509443,19.67757660414114,19.70611921460141,11279800
2005-03-31,19.75178337097168,19.94016848560951,19.71182328804751,19.923043357973782,13312200
2005-04-01,19.551984786987305,20.04292548334916,19.317931917519605,19.86025017926029,20140200
2005-04-04,19.471271514892578,19.575056968470662,19.22910472337813,19.41361170762878,15639300
2005-04-05,19.93829917907715,20.042082397362623,19.586582174317286,19.6038790107822,15200900
2005-04-06,19.995956420898438,20.12857063032501,19.96136054907135,20.036317171615398,10676000
2005-04-07,20.065143585205078,20.2381185248327,19.990186971551356,20.036314795183088,8304500
2005-04-08,19.892173767089844,20.151637343081575,19.892173767089844,20.09974462788323,6360800
2005-04-11,19.961355209350586,20.070907674416116,19.932526423621105,19.990183995080063,7172800
2005-04-12,20.203527450561523,20.295780910173843,19.748025031446215,19.961360744394206,14425600
2005-04-13,19.932531356811523,20.232355641492745,19.89217060690212,20.209291727402828,11500600
2005-04-14,19.713430404663086,19.955597126129124,19.713430404663086,19.932533209895002,11012300
2005-04-15,19.563522338867188,20.00749289651259,19.540458419107217,19.74802929795405,15012100
2005-04-18,19.972902297973633,20.134345379988222,19.724970593738636,19.748034519597017,16011300
2005-04-19,20.15163803100586,20.27272030410335,19.99595988009638,20.024788678524875,10932200
2005-04-20,20.042085647583008,20.687862173947785,20.02478880831307,20.543715981374703,25470000
2005-04-21,20.203527450561523,20.27848187434305,19.788385782558105,20.19199549317299,16555800
2005-04-22,20.105501174926758,20.28424316419686,19.926761385152002,20.047843603934,13476600
2005-04-25,20.27848243713379,20.295781473444684,20.117039428205683,20.168932138146292,9174600
2005-04-26,20.22658920288086,20.428392936865148,20.203525290569587,20.284246784163305,8410100
2005-04-27,20.468759536743164,20.61290573066389,20.16317030947006,20.2265949867146,11456900
2005-04-28,20.191993713378906,20.474518946259366,20.18046175700684,20.353436703596312,12987700
2005-04-29,20.462989807128906,20.468754685741086,20.134334539342802,20.197759201555982,14205800
2005-05-02,20.50912094116211,20.526417781138647,20.249657344031874,20.514888020818578,10170400
2005-05-03,20.468759536743164,20.653266489001982,20.336145302275657,20.514887374556054,12748700
2005-05-04,20.814708709716797,20.855069466479147,20.439929939852657,20.474523617365367,12880000
2005-05-05,20.69940185546875,20.866609829615367,20.480298945159557,20.843548101817426,8286700
2005-05-06,20.532180786132812,20.785877253259883,20.468756119477046,20.757048459187992,7313800
2005-05-09,20.73398780822754,20.757051726914344,20.491823260505118,20.50335521984852,6858100
2005-05-10,20.261180877685547,20.537941199694018,20.180459392036685,20.526409244673392,13667900
2005-05-11,20.353429794311523,20.43415126201808,20.099733438734475,20.261176374147592,9091900
2005-05-12,20.082443237304688,20.40532921468816,19.967125874169554,20.38226530216198,11278100
2005-05-13,19.869115829467773,20.082453833657453,19.667311987122854,20.082453833657453,13913000
2005-05-16,20.03055763244629,20.134340876602053,19.909473148520913,19.944069029570525,10447100
2005-05-17,20.301546096801758,20.330374890962027,19.892171501036284,19.897936380069936,11668100
2005-05-18,20.78587532043457,20.814704111825748,20.445690303228748,20.526411798922368,14821100
2005-05-19,20.866600036621094,20.930024707167952,20.64749942863612,20.65903138687156,10298500
2005-05-20,20.791643142700195,20.90695831239291,20.705154565934784,20.866597563101283,7475100
2005-05-23,20.705158233642578,20.757050948994916,20.595607923230425,20.6993933539351,7940900
2005-05-24,20.693620681762695,20.757045338884147,20.561006489370413,20.73974850494036,6290700
2005-05-25,20.705158233642578,20.757050948994916,20.58407596431921,20.63596867967155,5064800
2005-05-26,20.722461700439453,20.808950320189233,20.59561451083593,20.780121513438296,5880200
2005-05-27,20.64173126220703,20.780112554245207,20.589838552629715,20.728219844667894,6003700
2005-05-31,20.612903594970703,20.757049773956513,20.549478924297564,20.659031428004308,7597500
2005-06-01,20.61866569519043,21.04533929525598,20.503350527141865,20.503350527141865,12206800
2005-06-02,20.607141494750977,20.63020321488184,20.186232659790367,20.3246139780577,15578700
2005-06-03,20.49758529663086,20.67056026379098,20.41686379192254,20.53794604898502,8616400
2005-06-06,20.474525451660156,20.520653291804695,20.295785569841254,20.451463731084363,5933100
2005-06-07,20.457223892211914,20.722452313369793,20.439927055896042,20.48028780696372,8578500
2005-06-08,20.5667724609375,20.64749615579003,20.45722217430989,20.49758292198826,7721800
2005-06-09,20.468759536743164,20.584076931779016,20.359209221182102,20.480291496196386,7090400
2005-06-10,20.42839241027832,20.54947464754773,20.31884212886728,20.526410735830982,6504700
2005-06-13,20.468759536743164,20.61867061064232,20.336145302275657,20.34767726172888,7127600
2005-06-14,20.52642250061035,20.601379156903576,20.405340193942262,20.439936081346122,5900100
2005-06-15,20.589839935302734,20.699392440376094,20.532182342787614,20.6071389726542,9128200
2005-06-16,20.69940185546875,20.785888283579656,20.532191681824965,20.56102049119527,9775400
2005-06-17,20.803176879882812,20.872366427518788,20.687859500825482,20.86659934884309,15436700
2005-06-20,20.78587532043457,20.866596816128187,20.64172916398288,20.69938894626103,8378700
2005-06-21,20.780115127563477,20.83777272334677,20.69939361366835,20.78588000734329,5783400
2005-06-22,20.90696144104004,21.0049819893423,20.791646254090846,20.872367764753765,9192700
2005-06-23,20.716691970825195,21.004984369863124,20.710924891126425,20.999217290164353,10695500
2005-06-24,20.50912094116211,20.774349418452378,20.411102581966485,20.69939497888976,12273900
2005-06-27,20.520652770996094,20.62443820919079,20.480292011642206,20.51488789087258,8561800
2005-06-28,20.71091651916504,20.710916519165043,20.537941589563125,20.624430154111867,5892400
2005-06-29,20.73398780822754,20.814709324135013,20.68786217035027,20.74551976757094,6204900
2005-06-30,20.364974975585938,20.75705281584495,20.364974975585938,20.589842695838158,10788500
2005-07-01,20.411556243896484,20.551280422529253,20.382445004211863,20.504706436610256,10686600
2005-07-05,20.359146118164062,20.539623252032385,20.265995984945917,20.376611074119225,7921200
2005-07-06,20.143741607666016,20.463947383580248,20.044770528474437,20.37661813180816,10760500
2005-07-07,20.062232971191406,20.1437390781436,19.969082817406775,20.1437390781436,10625900
2005-07-08,20.26600456237793,20.39408466171533,20.085525131248705,20.149566291355054,9587000
2005-07-11,20.35332679748535,20.568738325356243,20.231067641153075,20.26599978048006,8455100
2005-07-12,20.52215576171875,20.580373754962647,20.295102478843845,20.353320472087738,14462200
2005-07-13,20.661888122558594,20.708462086656393,20.4755856035432,20.52216178851573,11108900
2005-07-14,20.778331756591797,20.8773050754857,20.65607255755423,20.75504587644813,8773400
2005-07-15,20.877304077148438,20.92970119149831,20.72593364863749,20.778330762987366,7631300
2005-07-18,20.673534393310547,20.778328611157676,20.597851407768346,20.76668456241075,8386100
2005-07-19,20.498870849609375,20.78996530264288,20.434829714602095,20.67352707725459,12573900
2005-07-20,20.46976661682129,20.673531893061178,20.28346630115198,20.50469875883739,13308600
2005-07-21,20.6094970703125,20.784153373442187,20.37662051888932,20.784153373442187,9322000
2005-07-22,20.725927352905273,20.725927352905273,20.562915144833756,20.609491330496915,6976600
2005-07-25,20.632774353027344,20.725924490614677,20.516338346699023,20.696815489032595,5979400
2005-07-26,20.592021942138672,20.755036353603227,20.55709202751197,20.749213220582423,6473500
2005-07-27,20.58039093017578,20.685185182169327,20.417378636352904,20.67936426633677,8414600
2005-07-28,20.644418716430664,20.661885894349048,20.481406528355755,20.586200712368054,7518400
2005-07-29,20.45811653137207,20.638595880541928,20.440651575956185,20.638595880541928,8494900
2005-08-01,20.55126190185547,20.63276796941777,20.463934924127482,20.562905943060624,7263000
2005-08-02,20.696821212768555,20.74921831845658,20.551273943732383,20.65024724153202,6646600
2005-08-03,20.731754302978516,20.75504240009711,20.62113695210278,20.702645292017863,9788200
2005-08-04,20.644418716430664,20.67935085139293,20.580377579437094,20.621130626455823,9565300
2005-08-05,20.52215576171875,20.66770296570257,20.49886767607156,20.580373754962647,9288400
2005-08-08,20.370790481567383,20.626952796711887,20.34167926002022,20.557090750922367,5770300
2005-08-09,20.394084930419922,20.562920314583838,20.32422285523584,20.41737302910639,5923500
2005-08-10,20.26017951965332,20.58620620364375,20.161208442171905,20.527985963176665,9726700
2005-08-11,20.26600456237793,20.359154735021175,20.06223703286907,20.260181427345373,9605300
2005-08-12,19.974905014038086,20.2019583644301,19.96326096775199,20.16702622557181,8664400
2005-08-15,20.172847747802734,20.254353844420187,19.939971282431806,19.95161532778781,7604000
2005-08-16,20.13210105895996,20.370798511972993,20.097168911857345,20.178675034221513,8645900
2005-08-17,20.062232971191406,20.207780225284566,20.02730305156895,20.17285030566211,11000800
2005-08-18,20.17867660522461,20.242717769461002,20.015664347805018,20.06223832669257,6676300
2005-08-19,20.108810424804688,20.260178601408537,20.09716637723901,20.260178601408537,6186900
2005-08-22,20.09133529663086,20.24852654528383,20.033117302703438,20.137911468472087,6593100
2005-08-23,19.99818992614746,20.17866930360976,19.974904055567357,20.091340071091793,7900100
2005-08-24,19.70709228515625,20.137913024479616,19.68962732980337,19.974900852187993,13530100
2005-08-25,19.864288330078125,19.899220470071235,19.712920165190944,19.78860535807194,6982000
2005-08-26,19.59065818786621,19.905038519072583,19.57901414287716,19.875929517037207,9644200
2005-08-29,19.742034912109375,19.846829141686516,19.43347535884082,19.46258437352881,7483200
2005-08-30,19.549901962280273,19.637228954188163,19.392710711797104,19.631408043077293,8907800
2005-08-31,19.73038673400879,19.74785169499242,19.42182724529797,19.555730461547476,10076800
2005-09-01,19.82935905456543,19.957439130280992,19.63141469659605,19.648879656722062,9768700
2005-09-02,19.858469009399414,20.038946194980443,19.835180914203477,19.957440082669656,7100200
2005-09-06,20.12627601623535,20.143740977693522,19.93997569109802,19.93997569109802,7289600
2005-09-07,20.31258201599121,20.324226067174614,20.161213792358332,20.318405152020752,10212300
2005-09-08,20.167034149169922,20.34169047033409,20.09134892901106,20.34169047033409,9160300
2005-09-09,20.271812438964844,20.318388605769215,20.149553332414165,20.16119737411526,9107300
2005-09-12,20.12627601623535,20.312576341372687,20.08552295891625,20.25435832259542,9714100
2005-09-13,19.881755828857422,20.079700183571553,19.881755828857422,20.027303083180318,13029900
2005-09-14,19.934158325195312,20.07970561891618,19.899226175187138,20.027308504341647,8136800
2005-09-15,19.8701171875,20.04477349602624,19.823540987426092,19.998197295952334,8574400
2005-09-16,20.370790481567383,20.376611393352178,19.922504764408707,19.928325676193506,19557400
2005-09-19,20.137914657592773,20.34750302232132,20.03894138719342,20.30674997594349,10208200
2005-09-20,20.102985382080078,20.347505915995466,20.056411417113914,20.09716446928735,12550200
2005-09-21,19.80023956298828,19.99818383834658,19.74784248360303,19.963253932672387,10551200
2005-09-22,19.93998146057129,20.021487598792636,19.67217494330809,19.73621611501792,8108600
2005-09-23,19.83517837524414,19.9574375280608,19.74202822725887,19.922507610613017,9615200
2005-09-26,19.747846603393555,19.939970008178207,19.730381646912925,19.939970008178207,9849000
2005-09-27,19.724563598632812,19.875931758814062,19.643057495391,19.823534660890793,8734600
2005-09-28,19.747846603393555,19.945790920046942,19.65469646737281,19.730381646912925,8838600
2005-09-29,19.99818992614746,20.015657105175837,19.50333019754469,19.707095445587093,10701100
2005-09-30,19.75366973876953,19.969079011932262,19.66634051460588,19.928325966222406,10533700
2005-10-03,19.864288330078125,20.044767722063636,19.648879018974316,19.90504138296601,14619200
2005-10-04,19.75843620300293,20.158309514252824,19.734915958927182,20.064221808266254,14992300
2005-10-05,19.670238494873047,19.905456736932507,19.664356748965,19.83489148863755,11652000
2005-10-06,19.79372787475586,19.981903362220766,19.652595137542797,19.7055196335941,12637200
2005-10-07,19.934850692749023,20.03481788931031,19.8407629958329,19.923089450231053,9923000
2005-10-10,19.71139907836914,20.023064272495038,19.705517333256296,19.993662276616302,6499600
2005-10-11,19.587905883789062,19.799601562594894,19.47029567785598,19.693754844806026,10166000
2005-10-12,19.564382553100586,19.711394743391487,19.411488618990365,19.493817329864793,15446600
2005-10-13,19.846656799316406,19.86429755419355,19.358574977575767,19.39385873055931,13003500
2005-10-14,20.040699005126953,20.105382472110442,19.852521373954982,19.981892794377096,11165800
2005-10-17,19.993667602539062,20.18772486484308,19.86429609433638,20.117157364062116,8469300
2005-10-18,19.858409881591797,20.08186907210952,19.840769133971143,19.98189960139304,8777600
2005-10-19,20.422937393188477,20.434698640010428,19.940737489630678,20.081870208265663,19372600
2005-10-20,20.43470001220703,20.640516237340695,20.258285784488375,20.517026502260496,18561300
2005-10-21,20.658151626586914,20.693433113207185,20.44645373395416,20.44645373395416,15313700
2005-10-24,21.028623580932617,21.046266569891444,20.728719687369757,20.73459918820397,14340400
2005-10-25,21.005104064941406,21.116832530502183,20.881612110846877,20.993342819635824,10839200
2005-10-26,21.228561401367188,21.39321659556083,20.952179982707815,20.999222721600134,16107000
2005-10-27,21.187400817871094,21.352056032691873,21.134476327969505,21.228564060769166,10161100
2005-10-28,21.428495407104492,21.45201789522087,21.169754767508113,21.29912620892027,12044700
2005-10-31,21.53434944152832,21.640198419799646,21.404980212818842,21.463784203756926,14962500
2005-11-01,21.66960906982422,21.75193783053841,21.510837782234542,21.634327558461784,19177200
2005-11-02,21.875417709350586,22.045952414542715,21.58139328380348,21.587272785293948,12955100
2005-11-03,21.810728073120117,22.045948468749295,21.746042352160696,21.910695283164355,10366900
2005-11-04,21.940107345581055,21.957748096419543,21.793095106650348,21.816615360025416,11269800
2005-11-07,22.157676696777344,22.187078685123957,21.981262523469752,22.028305256178747,8644600
2005-11-08,21.957740783691406,22.098873473083202,21.904816305572982,22.016544762388325,7807400
2005-11-09,22.181188583374023,22.187068080942108,21.881282613184325,21.963609038498564,11315500
2005-11-10,22.534029006958008,22.586953486738736,22.15767814772976,22.198841382756097,16843700
2005-11-11,22.498748779296875,22.569316258821704,22.339977558437056,22.445824291267463,8195900
2005-11-14,22.42230224609375,22.475226729885797,22.334094025364255,22.334094025364255,8725900
2005-11-15,22.187082290649414,22.49286795424749,22.140039550295707,22.3576169912917,10030500
2005-11-16,22.234128952026367,22.316455436278947,22.022430996389183,22.292932942712937,10959700
2005-11-17,22.304697036743164,22.34586028412404,22.169446046316175,22.169446046316175,9583900
2005-11-18,22.36350440979004,22.42231066008621,22.122404391648427,22.345863656315725,14886200
2005-11-21,22.24000358581543,22.381136273091304,22.21060159690778,22.345852540465344,10634100
2005-11-22,22.463464736938477,22.498746229473962,22.063591371196477,22.15179734576335,11501000
2005-11-23,22.804533004760742,22.92802496442972,22.42818211090625,22.469345349719816,11983100
2005-11-25,22.851572036743164,22.928018993156684,22.786886323103086,22.92213725015612,3775300
2005-11-28,22.875102996826172,23.02211522111624,22.786894764960724,22.933906989250794,11353900
2005-11-29,22.910381317138672,23.039752774402217,22.81629359637288,22.85157733287063,14807000
2005-11-30,22.492870330810547,22.998592741609386,22.47522958171755,22.945668251101868,12823600
2005-12-01,22.681047439575195,22.804537178617917,22.58108019651071,22.65164544121674,12194100
2005-12-02,22.928030014038086,22.97507276451633,22.575199290921795,22.575199290921795,9823600
2005-12-05,22.845691680908203,22.86333466775347,22.68103875853787,22.83393268064846,6495100
2005-12-06,22.845691680908203,23.098552807821402,22.810410193673317,23.022108089993935,12369500
2005-12-07,22.622243881225586,22.86922336409693,22.534035641212267,22.845700867662877,9663000
2005-12-08,22.72808837890625,22.869218843153458,22.592835172762605,22.6222394091067,8597600
2005-12-09,23.00446891784668,23.11031788355931,22.728087501355436,22.733967002460272,8492400
2005-12-12,23.022113800048828,23.09855853683649,22.869219840016747,23.01623205523231,8013600
2005-12-13,23.175003051757812,23.280852014912277,22.933903134178905,22.945664379332527,10624800
2005-12-14,23.257322311401367,23.357291742587805,23.086787674406967,23.174995864087503,8511200
2005-12-15,23.27497673034668,23.374943967419906,23.175007250044906,23.26321548306244,8737000
2005-12-16,23.398466110229492,23.451390600598664,23.31025787853803,23.363182368907204,12066400
2005-12-19,23.28672981262207,23.469025734327406,23.222046333850482,23.35141553462164,15601200
2005-12-20,23.28672981262207,23.39257876803446,23.180880857209683,23.339654290328266,7655500
2005-12-21,23.421985626220703,23.510191603467813,23.286732423297654,23.322016160133433,11624300
2005-12-22,23.55135154724121,23.586635279141667,23.439623094398303,23.486665827037662,10147300
2005-12-23,23.639558792114258,23.7689279840219,23.527828100596235,23.59251381816397,7005900
2005-12-27,23.58076286315918,23.851267094940933,23.50431811197822,23.757179349216916,7752400
2005-12-28,23.469026565551758,23.657201994454574,23.41610208597109,23.586636769423034,9526900
2005-12-29,23.439620971679688,23.55134941440434,23.404337242974567,23.439620971679688,7390000
2005-12-30,23.33965492248535,23.398461145544996,23.21616521890216,23.35141616709728,8567500
2006-01-03,23.6336669921875,23.733636397679092,23.110304217444263,23.421971429175112,12838600
2006-01-04,23.497299194335938,23.805694112727302,23.37868541612854,23.59218976442792,13491500
2006-01-05,23.568439483642578,23.609953914987756,23.426102674482795,23.491340284415745,8109400
2006-01-06,23.734500885009766,23.8649761250836,23.455759149349195,23.67519292935476,7966900
2006-01-09,24.119991302490234,24.149646410132142,23.651470917466863,23.651470917466863,16575200
2006-01-10,24.15558433532715,24.167445929967105,23.764160761680067,24.019179390519454,16614800
2006-01-11,24.13779067993164,24.238610830817485,24.08441464053101,24.155581938942642,12332300
2006-01-12,23.6929931640625,23.971732716376955,23.663340309012174,23.87091255673228,12230000
2006-01-13,23.675193786621094,23.740431409020232,23.51506795647246,23.592164908064838,10961200
2006-01-17,23.55065155029297,23.615889175687983,23.372732193449437,23.414246634634015,9941100
2006-01-18,23.295637130737305,23.550655750563763,23.09992648201454,23.194816973412678,17813100
2006-01-19,23.165159225463867,23.408316199703293,23.010960795536057,23.331216984739388,12091800
2006-01-20,22.5661678314209,23.02282906423485,22.465347666154834,23.016899397841296,20902400
2006-01-23,22.696645736694336,22.95166440605694,22.518726313558805,22.61954649046726,13172300
2006-01-24,22.60175132751465,22.850838024457264,22.589889733036266,22.696641820973905,9781500
2006-01-25,22.821178436279297,22.939792083699523,22.57209181282726,22.631397505353796,14248700
2006-01-26,23.4794864654541,23.609961728499655,22.957587675639466,22.957587675639466,16187900
2006-01-27,23.574373245239258,23.74636292634876,23.230393883020252,23.277840248443795,12929400
2006-01-30,23.6336669921875,23.70483650434468,23.378648562872804,23.437956489670455,8701700
2006-01-31,23.574373245239258,23.835321467967063,23.568443580744926,23.740430999487206,15582100
2006-02-01,23.651487350463867,23.853130005747484,23.526941693988213,23.651487350463867,11429800
2006-02-02,23.716718673706055,23.81753884321588,23.479491285355344,23.651481028791206,10309100
2006-02-03,23.44390296936035,23.781950476334288,23.366806002764687,23.396458856252842,10440700
2006-02-06,23.39052391052246,23.48541438686336,23.313426953873073,23.366802988212793,6591800
2006-02-07,23.283777236938477,23.48541982868152,23.15923388207693,23.248194714045425,8590500
2006-02-08,23.485414505004883,23.49727609740309,23.2778422939548,23.295633551368404,10065200
2006-02-09,23.58623695373535,23.740433130468322,23.39052407234656,23.44390010705556,8496300
2006-02-10,23.675193786621094,23.710778561302604,23.301563833117932,23.497274437948075,8790500
2006-02-13,23.58623695373535,23.90649316198932,23.491346476737966,23.58623695373535,7791600
2006-02-14,23.781951904296875,23.91835911079469,23.51507394451135,23.521003610617942,12904100
2006-02-15,23.912431716918945,24.01918382602407,23.70485942830802,23.70485942830802,12685700
2006-02-16,24.208951950073242,24.208951950073242,23.86497487476437,23.98951818156411,11572000
2006-02-17,24.18523406982422,24.208957256042833,23.95987058785007,24.11406677353594,11518600
2006-02-21,24.13779067993164,24.286057204670325,24.048829860141378,24.096276233994217,7324500
2006-02-22,24.558876037597656,24.641904959799646,24.161522692097133,24.25048128201279,13151400
2006-02-23,24.380949020385742,24.65375889782291,24.315711383962125,24.469907582662515,8739500
2006-02-24,24.707122802734375,24.807945171960245,24.238600246188586,24.280114673997286,9294300
2006-02-27,24.65968132019043,24.8791150707266,24.64188780469996,24.64188780469996,8541700
2006-02-28,24.39873695373535,24.671546793976415,24.297916811094392,24.665617128913542,11716200
2006-03-01,24.689342498779297,24.873191542774844,24.39280944731021,24.410600706440707,10527700
2006-03-02,24.707122802734375,24.813874834918646,24.535133166174532,24.68933155149254,10939800
2006-03-03,24.665613174438477,24.962146152124742,24.570722712073554,24.612237147960265,12290600
2006-03-06,24.57072639465332,24.79609212493474,24.398736698849934,24.6003792443928,9777800
2006-03-07,24.60038185119629,24.70713393146445,24.327571984896615,24.327571984896615,9441300
2006-03-08,24.67154884338379,24.754579997733323,24.434323760916566,24.60631347280345,9147100
2006-03-09,24.345369338989258,24.754586503253506,24.29199328549254,24.61224960647285,9767500
2006-03-10,24.392805099487305,24.552933190223175,24.23860667328214,24.35129066067066,11175700
2006-03-13,24.35129165649414,24.600378299580168,24.303845288839277,24.582587042893262,10626100
2006-03-14,24.541074752807617,24.61224204815866,24.463975529796258,24.46990519508904,16221500
2006-03-15,24.446182250976562,24.51734954044535,24.309777336841663,24.410597475058495,14011200
2006-03-16,24.505489349365234,24.63003267864715,24.469904571412915,24.564795050251632,10045600
2006-03-17,24.552934646606445,24.61224034490022,24.463973836798413,24.523279535092186,13042300
2006-03-20,24.58258628845215,24.6418919838333,24.40466693994144,24.499557409971636,9418000
2006-03-21,24.434324264526367,24.736786986175538,24.33943377711019,24.475838711372965,13473600
2006-03-22,24.938432693481445,25.027393526416578,24.315713650039395,24.42839541103833,13516100
2006-03-23,24.932493209838867,25.027383671834652,24.802017976207008,24.93842287392801,12986800
2006-03-24,24.96808433532715,25.163797253313373,24.855402579811592,24.90284895836626,7212800
2006-03-27,24.974008560180664,25.02738458840601,24.778295702565337,24.82574206648438,7836200
2006-03-28,24.647823333740234,25.027385204974774,24.612238559924297,24.86725711635385,15562700
2006-03-29,24.718994140625,24.95622147512706,24.499560326749496,24.748646991845877,7822900
2006-03-30,24.630035400390625,24.93250039049058,24.386878380098363,24.635967328555253,9323500
2006-03-31,24.695266723632812,24.873186062842464,24.612237849492786,24.778295597772843,10371300
2006-04-03,24.867259979248047,25.181584265857524,24.837607128837856,24.87912157188562,10872900
2006-04-04,25.273836135864258,25.387439024567332,24.81344188028565,24.873232394158446,14008500
2006-04-05,25.43528175354004,25.507030850317765,25.136324522626392,25.21405176044282,9494600
2006-04-06,25.285804748535156,25.393429540987704,25.124367559856342,25.345595286180878,6226600
2006-04-07,24.93303680419922,25.375492287048807,24.89118296881785,25.261889345422663,10753900
2006-04-10,25.040645599365234,25.26785133739985,24.927040449486423,25.070540851121212,7409300
2006-04-11,24.879220962524414,25.321676384165002,24.80149144434223,25.112407236208327,8828400
2006-04-12,25.052621841430664,25.100453821833558,24.933038469128753,25.010768003254462,5873900
2006-04-13,25.22600555419922,25.363525580716686,25.058590266414868,25.088485527681755,6554700
2006-04-17,25.112403869628906,25.33961197185272,25.010759520208616,25.27981916555048,7986200
2006-04-18,25.471145629882812,25.560833677939605,25.15425181357595,25.243939861632743,11079200
2006-04-19,25.48310661315918,25.70433654452029,25.291774221236395,25.351567019251032,9448100
2006-04-20,25.471145629882812,25.680416981728058,25.33960604849114,25.411355118419493,8435900
2006-04-21,25.411361694335938,25.63856980224441,25.351571167400106,25.63856980224441,13733100
2006-04-24,25.518985748291016,25.57877627354173,25.208069999090174,25.417339118330005,9475900
2006-04-25,25.24394416809082,25.60269185979447,25.178173225743972,25.429296153764085,11649000
2006-04-26,25.50702667236328,25.554860916288476,25.208069490417692,25.345589520409188,10647800
2006-04-27,26.278343200683594,26.344114161796764,25.429303409465273,25.507032934495644,17465000
2006-04-28,27.133350372314453,27.44426606826359,26.368018551185063,26.368018551185063,28234900
2006-05-01,26.774600982666016,27.258912375173363,26.74470572455465,27.133350922588416,16235100
2006-05-02,27.205106735229492,27.21108487598738,26.852337128087616,26.906149518358838,12964500
2006-05-03,27.181182861328125,27.324683293374104,27.037684710144134,27.25891235705561,15589600
2006-05-04,27.31871795654297,27.39046935261258,27.205115000727623,27.2110931433018,10550700
2006-05-05,27.892711639404297,27.982397443642462,27.318712000311372,27.450253916895985,17297800
2006-05-08,27.56385612487793,27.892710907712825,27.527982716468806,27.86281335955497,10283900
2006-05-09,27.516023635864258,27.71333422099154,27.414376991937207,27.468189384401494,7931000
2006-05-10,27.456222534179688,27.575805845879053,27.211077771583867,27.34860006259841,7213600
2006-05-11,26.995834350585938,27.480143523945376,26.88222916207957,27.456226402063795,10532900
2006-05-12,26.49957275390625,26.882237702128826,26.46369705968676,26.876259560190412,18204900
2006-05-15,26.6310977935791,26.756659222411578,26.45770213612765,26.50553636474663,11229400
2006-05-16,26.49957275390625,26.78657146507318,26.385969810172366,26.666988098537875,8263600
2006-05-17,25.859800338745117,26.338131449532032,25.764134116587734,26.188652834857205,13005200
2006-05-18,25.55486488342285,25.95546647460539,25.52496733589717,25.88371737844157,10905200
2006-05-19,25.56083869934082,25.74021254983041,25.41136011045579,25.650526765016746,13351300
2006-05-22,25.495067596435547,25.680421866608473,25.315693747063623,25.56083854007311,14742200
2006-05-23,25.21405029296875,25.644549410305125,25.184155027789842,25.5548636147684,13249400
2006-05-24,25.20209312438965,25.39940369231448,24.86726023593053,25.172195579400704,12944000
2006-05-25,25.62062644958496,25.650523988815912,25.303732605322583,25.501045416109204,9902400
2006-05-26,25.84784698486328,25.93753508408766,25.68043163256509,25.77011745092636,7918100
2006-05-30,25.375484466552734,25.704339187289072,25.375484466552734,25.65052680397424,8680900
2006-05-31,25.495067596435547,25.692380427348233,25.21404712120678,25.507026157175307,11348000
2006-06-01,26.05712127685547,26.116911828902143,25.554872884727992,25.560851027587315,9034900
2006-06-02,26.194623947143555,26.427810138223762,26.02720640722143,26.188643527398924,9637700
2006-06-05,25.692367553710938,26.26636449643418,25.656491889467823,26.10492742863181,7867200
2006-06-06,25.339609146118164,25.817940138883486,25.118379208763756,25.69237868094423,12679200
2006-06-07,25.261878967285156,25.57279467443211,25.190129890516484,25.333628044053828,9958000
2006-06-08,25.321670532226562,25.4113585925451,24.66396569276436,25.1124014326328,14402700
2006-06-09,25.172191619873047,25.46517063629766,25.124359660967002,25.32167019785534,8106100
2006-06-12,24.87323570251465,25.24992237642918,24.867257562676986,25.172192873366328,9059600
2006-06-13,24.233469009399414,25.040654788181357,24.11986609869485,24.72375861686889,16522300
2006-06-14,23.898643493652344,24.424806615807466,23.515978575407587,24.299245117170187,16879100
2006-06-15,24.27533531188965,24.40687727253769,23.916587413039462,23.976377969226654,18481200
2006-06-16,24.012237548828125,24.335111809522694,23.922549493903414,24.275319012618894,15754500
2006-06-19,23.886682510375977,24.191617873445843,23.767099165321337,24.018222137159743,9087100
2006-06-20,24.209545135498047,24.382938506964443,23.940483309620546,24.000273812765997,11176100
2006-06-21,24.640052795410156,24.78953140098415,23.97636742172362,23.994306405379007,15242300
2006-06-22,24.556346893310547,24.915094659939612,24.514493063232578,24.586242160385858,10466300
2006-06-23,24.43675422668457,24.69385753105442,23.826881431262716,24.412839390660384,9954700
2006-06-26,24.813447952270508,24.813447952270508,24.281304493653785,24.31717789841112,11183300
2006-06-27,24.4188232421875,24.855300463591654,24.3291351733136,24.3291351733136,14116000
2006-06-28,24.675920486450195,24.699837602999494,24.47860769621114,24.616127695076948,8540100
2006-06-29,25.518985748291016,25.62661051843217,24.879217548486583,24.921071372334552,17320000
2006-06-30,25.112403869628906,25.70434010727816,25.112403869628906,25.66846442349682,16247700
2006-07-03,25.841794967651367,25.84179496765137,25.31736448992816,25.347503749663403,6828300
2006-07-05,25.56450843811035,25.84179328882562,25.341475171185284,25.84179328882562,10451000
2006-07-06,25.588598251342773,25.721211328785547,25.480095179223085,25.558459020081962,10831500
2006-07-07,25.56450843811035,25.769458610264675,25.492173759549402,25.588620764123323,6736400
2006-07-10,25.666980743408203,25.733286180573227,25.576560684445038,25.642868421087677,5332100
2006-07-11,25.841794967651367,25.914131950389695,25.40778456861201,25.534370839186902,8814500
2006-07-12,25.468046188354492,26.0587840251886,25.44996310440829,25.847807047560917,7025300
2006-07-13,24.949644088745117,25.29323649575816,24.8411409813224,25.28720956733543,11099000
2006-07-14,24.648258209228516,25.02199002607003,24.479476543457075,24.865264522064795,10439300
2006-07-17,24.551803588867188,24.67838979887851,24.352882730203255,24.600028220953607,10806600
2006-07-18,24.539749145507812,24.780867723833513,24.425219085515554,24.68442075239867,10760800
2006-07-19,25.950288772583008,25.956318002039996,25.16062987503717,25.257076851053352,27046400
2006-07-20,25.908092498779297,26.14318185124776,25.769450119105002,25.95028790565942,16362600
2006-07-21,26.01056480407715,26.20345872076724,25.793558572931577,26.02261866182802,15203300
2006-07-24,26.643495559692383,26.733913281023803,26.131119274241065,26.161260814161523,12629200
2006-07-25,26.902698516845703,27.04134086942716,26.528964558259062,26.613357655004823,12536000
2006-07-26,26.914764404296875,27.029294484929647,26.745980449259914,26.82434434626002,14170000
2006-07-27,26.94489860534668,27.107653299612167,26.643501534368475,26.93284244657029,13841100
2006-07-28,27.415067672729492,27.451236136357164,27.00516761618798,27.053392234358206,14184400
2006-07-31,27.499469757080078,27.553721325080303,27.149850329560984,27.186016508576266,14621600
2006-08-01,27.43317413330078,27.601958141257615,27.27644858963906,27.601958141257615,13402300
2006-08-02,27.421112060546875,27.674284547487574,27.246301172243463,27.668257616622252,11051900
2006-08-03,27.52357292175293,27.60796371069,27.186007466528103,27.21614900498552,9045400
2006-08-04,27.198081970214844,27.788820190770984,26.595287586037788,27.704429344902692,14113100
2006-08-07,27.28849983215332,27.32466832007963,27.029298084042825,27.12574508570176,5925500
2006-08-08,27.119714736938477,27.55975427027818,27.089573184392208,27.41508263627997,11025900
2006-08-09,26.73390769958496,27.354786960589674,26.721853845505333,27.198059263840456,10452800
2006-08-10,26.55307960510254,26.733917374934705,26.324017203594057,26.673638884816317,10392300
2006-08-11,26.480743408203125,26.61335883807929,26.221541776796183,26.553078052009727,6868600
2006-08-14,26.456642150878906,26.824347051410196,26.348138990083516,26.703787728362226,6985600
2006-08-15,27.149850845336914,27.192046254641212,26.613364384630252,26.613364384630252,11078300
2006-08-16,27.4090518951416,27.51755503068711,27.19807255403543,27.390966506232488,8814800
2006-08-17,27.403018951416016,27.5356343878805,27.27643274359645,27.29451583057725,6163700
2006-08-18,27.5537166595459,27.5537166595459,27.288488093942036,27.535633573100178,9213600
2006-08-21,27.403018951416016,27.487409756629056,27.32465737484789,27.372879706622353,5649000
2006-08-22,27.33671760559082,27.481389233592278,27.19204827706688,27.288495262575346,6252400
2006-08-23,27.43918228149414,27.5115169153355,27.222176080493522,27.246288391599492,8730200
2006-08-24,27.53563117980957,27.710441998514035,27.505491938527317,27.547687336217813,8682800
2006-08-25,27.43918228149414,27.541656154479682,27.306566869887863,27.535629226441465,4450900
2006-08-28,27.7405948638916,27.752651026220928,27.312611448850866,27.366863029593908,7324900
2006-08-29,27.7104549407959,27.740594196154813,27.378916233414458,27.656203361358735,8050800
2006-08-30,27.565786361694336,27.7707365401986,27.547703266363328,27.66223336925646,8596400
2006-08-31,27.52357292175293,27.650159105158536,27.475350599278833,27.547685232728245,6245400
2006-09-01,27.565786361694336,27.66826260068549,27.318640761099022,27.63812104249642,6703300
2006-09-05,27.60797691345215,27.692367742746832,27.390970609850026,27.511529922904277,6134000
2006-09-06,27.65619468688965,27.758668582864203,27.41507612069049,27.517552316142105,7126400
2006-09-07,27.246288299560547,27.674271472601273,27.204092905005915,27.662215317089014,7278400
2006-09-08,27.282466888427734,27.390970037963395,26.932847417295392,27.12574139436377,7728200
2006-09-11,27.360836029052734,27.481395362695725,27.1980812735564,27.481395362695725,7173200
2006-09-12,27.73456382751465,27.74059305802574,27.300553509301512,27.360832017546265,11555700
2006-09-13,27.969648361206055,28.168569227022505,27.565775101129937,27.734556720547182,11745700
2006-09-14,28.029937744140625,28.06610623355805,27.78881908031381,27.975686159753494,7622400
2006-09-15,28.30117416381836,28.542290344975402,28.18664185075323,28.24692262064968,15421000
2006-09-18,28.078153610229492,28.301186809815054,28.01184588345283,28.15048826695073,11125300
2006-09-19,28.210769653320312,28.24090890508423,27.861150193799364,28.168574240955326,6768700
2006-09-20,28.463937759399414,28.626692440172803,28.30118307862603,28.30118307862603,9084200
2006-09-21,28.216796875,28.542303990150508,28.132403756799285,28.37955158231393,7782700
2006-09-22,28.22282600402832,28.295160668644463,28.035958962669298,28.150491339412177,6046700
2006-09-25,28.27707290649414,28.5121622522722,28.180625936444752,28.397632193925162,15329800
2006-09-26,28.271045684814453,28.301184931491548,27.96361939006756,28.27707261435902,12381400
2006-09-27,28.23487663269043,28.45790981292018,28.102261190646058,28.20473738662864,8884200
2006-09-28,28.421751022338867,28.524224945470454,28.271052453396404,28.331330961182317,6165100
2006-09-29,28.307209014892578,28.608606050313863,28.234874370245002,28.42174136001788,10115300
2006-10-02,28.252944946289062,28.530231843697972,28.174583407400952,28.30719648062169,7382800
2006-10-03,28.783422470092773,28.885896378279057,28.295158350118097,28.301187579703964,11801200
2006-10-04,28.83197593688965,28.862331311681015,28.504132330822934,28.56484308040567,20650500
2006-10-05,28.78342056274414,28.813775953437283,28.534502653511794,28.710567161887024,12915100
2006-10-06,28.449499130249023,28.655918974878666,28.40092866517511,28.595205893536274,10748900
2006-10-09,28.60128402709961,28.66199480450481,28.346293666868814,28.4495047676189,7252800
2006-10-10,28.856264114379883,28.935189956017368,28.58913352510225,28.710557362398287,14164900
2006-10-11,28.92305564880371,28.9594835052465,28.637709896587854,28.7166357608967,10288100
2006-10-12,29.299484252929688,29.487691477774824,28.86843146141272,28.959499996395312,14979300
2006-10-13,29.23875617980957,29.420890826286602,28.983768137935265,29.15376016585147,7298000
2006-10-16,28.977697372436523,29.202330039084547,28.838060724738142,29.129476639408832,7330200
2006-10-17,29.135543823242188,29.269107979097583,28.534497016007023,28.564852400702915,8880100
2006-10-18,28.66200828552246,29.141631526901897,28.297738817823706,29.044492847784312,21532700
2006-10-19,28.455568313598633,28.66198815121499,28.152009865102052,28.66198815121499,11986700
2006-10-20,28.607358932495117,28.613431400825398,28.25523219628578,28.46165211612163,10979200
2006-10-23,28.771278381347656,28.81984885997051,28.425221827047444,28.431294294859246,8838300
2006-10-24,28.6195068359375,28.662004858221636,28.382731478649188,28.577008813653368,13431500
2006-10-25,28.698427200317383,28.838063863212557,28.48593481384971,28.71663997322647,9021700
2006-10-26,29.001989364624023,29.111270647569636,28.722716004193384,28.74699893242813,7644300
2006-10-27,28.7105770111084,28.96556515956643,28.631651115456254,28.88056911008042,7112500
2006-10-30,28.807706832885742,28.941271019910204,28.583074154554108,28.74092358138954,10222600
2006-10-31,28.801645278930664,29.190202315240654,28.795575124661692,29.008065263608014,12564200
2006-11-01,28.492008209228516,29.032342105481977,28.358441694300915,28.98984408999922,11490200
2006-11-02,28.47379493713379,28.583076208166766,28.34629857694991,28.49200771031658,7059000
2006-11-03,28.467716217041016,28.686278711109043,28.230940953789855,28.62556793652019,7984100
2006-11-06,28.92912483215332,28.971622835194992,28.56485325698082,28.643779112329984,8633700
2006-11-07,28.83197593688965,29.141604465308223,28.819833323779772,28.83804608546126,8535500
2006-11-08,28.92305564880371,29.0809073774214,28.655924982793117,28.831989481648336,7511200
2006-11-09,28.680208206176758,28.98983685830782,28.64378035229234,28.929126084468027,6836700
2006-11-10,28.90485382080078,28.90485382080078,28.722719101573293,28.80771514948155,5849900
2006-11-13,28.93520736694336,29.07484405326768,28.753072659388526,28.777357904654092,7664600
2006-11-14,28.98984146118164,29.026269320849906,28.57093149685229,28.831992034555025,8276800
2006-11-15,28.807706832885742,28.941271019910204,28.528433522963393,28.880560236350718,11340700
2006-11-16,29.050539016723633,29.12946485208264,28.75912321997523,28.83804905533424,8192500
2006-11-17,28.93520736694336,29.135557166431596,28.892709345712845,29.135557166431596,12991600
2006-11-20,29.080923080444336,29.171989296773354,28.86843061040533,28.935213891961332,8614500
2006-11-21,28.98984146118164,29.105192876179245,28.777351403036594,29.008054233031807,7423800
2006-11-22,28.8927001953125,29.07483484518477,28.765206171998685,28.898770346722227,5916100
2006-11-24,28.698427200317383,28.85627663612165,28.643786565622047,28.66807180681288,2926400
2006-11-27,28.309864044189453,28.69234605542558,28.2005828078456,28.619492669852136,11109800
2006-11-28,28.048816680908203,28.28559203167162,27.793826238261747,28.206666142760998,13415600
2006-11-29,28.33415412902832,28.455578013009113,28.054880817050073,28.054880817050073,9414400
2006-11-30,28.097383499145508,28.376659173510433,27.957746819947218,28.36451655149732,13058500
2006-12-01,27.933452606201172,28.237011111148213,27.629894101254127,28.230940960075014,14731400
2006-12-04,28.437355041503906,28.613419494329417,28.024515373621316,28.09736875149262,13148100
2006-12-05,28.655942916870117,28.686298324919584,28.394882238900195,28.473808152604146,10747700
2006-12-06,28.43130111694336,28.686289242994008,28.388800779966473,28.57700795583846,14162400
2006-12-07,28.309864044189453,28.583067135049095,28.267366042940996,28.583067135049095,7394600
2006-12-08,28.388792037963867,28.619497163801302,28.13987414186507,28.32808125978084,9120100
2006-12-11,28.86841583251953,29.044480336317243,28.352367256249316,28.352367256249316,11221600
2006-12-12,28.916988372802734,29.123408281235548,28.746994008467027,28.874490360710798,15958400
2006-12-13,28.898775100708008,29.080912096510403,28.838064312752614,29.0080563718022,11353700
2006-12-14,29.111263275146484,29.16590390278156,28.71663626267451,28.904843383632613,10052600
2006-12-15,29.323749542236328,29.536241873885142,29.141614912228395,29.26303877088951,16172100
2006-12-18,29.281259536743164,29.5058922312417,29.159835644917326,29.323757551486995,8538200
2006-12-19,29.305540084838867,29.433034108651395,29.11126281541947,29.15983097479045,9291400
2006-12-20,29.27519416809082,29.366260364864914,29.226623677036514,29.341977435306248,6036400
2006-12-21,29.53623390197754,29.730511097012403,29.34195670694268,29.396594996827314,10782200
2006-12-22,29.074827194213867,29.627303465825328,28.910905357674146,29.530164857057393,8342000
2006-12-26,29.329837799072266,29.366263355103566,29.11127519900958,29.12948797702523,4101200
2006-12-27,29.7183780670166,29.748733454286644,29.03233519806927,29.469460185854135,7716200
2006-12-28,29.700166702270508,29.748737180760823,29.530174659490168,29.627313300502916,6525200
2006-12-29,29.323749542236328,29.69409126896736,29.305536774025775,29.596952645231962,9601100
2007-01-03,29.391016006469727,29.57444189443212,29.09753411925255,29.348216710358056,14244700
2007-01-04,29.464385986328125,29.68449798551862,29.195361505310142,29.378787393839982,9471500
2007-01-05,29.21980094909668,29.501053960763617,29.121973713195775,29.452139176620523,10760500
2007-01-08,29.317644119262695,29.384900817821112,28.93244814812867,29.085303433075413,8239200
2007-01-09,29.19536018371582,29.415472172942447,28.956906306182514,29.287074290022453,9276700
2007-01-10,29.409358978271484,29.421587682237412,29.005821076943064,29.02416529908535,15597000
2007-01-11,29.537752151489258,29.60500650866448,29.311524680712317,29.348210783851176,8049200
2007-01-12,29.342103958129883,29.50718562706334,29.28707595768982,29.409358329879527,10646700
2007-01-16,29.5866756439209,29.62947494733194,29.40936291128253,29.446049028086467,8696500
2007-01-17,29.611116409301758,29.892369482864847,29.421575077612303,29.745629762912714,16291400
2007-01-18,29.43992805480957,29.7028393247317,29.299299143783465,29.37878454297507,12654200
2007-01-19,29.812898635864258,29.855700268459827,29.43381812013623,29.531645425239816,14649200
2007-01-22,30.363176345825195,30.485461050881366,29.776212560419687,29.88015304366604,18325500
2007-01-23,30.467113494873047,30.485455380884698,30.13083003541733,30.308142708151014,12845300
2007-01-24,30.791173934936523,30.815631344242156,30.271464482933055,30.37540730628852,13857500
2007-01-25,30.699459075927734,30.986827797371784,30.528261879690536,30.71780329865806,14855900
2007-01-26,30.38762855529785,30.723909687389018,30.26534387115933,30.571054415312453,13990300
2007-01-29,30.24700355529785,30.357059543497993,30.026891578897576,30.308144734348385,12085000
2007-01-30,30.681106567382812,30.72390585163002,30.185854708025914,30.387624761522225,12325700
2007-01-31,31.13967514038086,31.280301705956347,30.479339268232007,30.613852649385205,18460500
2007-02-01,31.310867309570312,31.329211524690173,31.09687090305445,31.158012067091583,13420400
2007-02-02,31.13967514038086,31.38424450022553,31.01739046045852,31.316987809648932,15443400
2007-02-05,31.158018112182617,31.274189611732325,30.901222374541625,31.06630634833356,8079900
2007-02-06,31.18246841430664,31.37812293149182,31.03572636022485,31.090754338957293,9849200
2007-02-07,31.310867309570312,31.316982825405567,31.06018480520063,31.084642203769846,7537400
2007-02-08,31.13967514038086,31.21916053218832,30.888992596113894,31.21916053218832,10312300
2007-02-09,30.82785415649414,31.298648735518793,30.619973198563248,31.194708256553344,9489000
2007-02-12,30.840072631835938,30.968472807086282,30.723903488156555,30.93178670953106,7889000
2007-02-13,31.15190887451172,31.194708169541244,30.77282840465591,30.78505477547579,8374100
2007-02-14,31.439273834228516,31.51875923533235,31.182478075505195,31.23750607128684,10745900
2007-02-15,31.310867309570312,31.469838067884297,31.11521278578841,31.21304004767936,13339600
2007-02-16,31.3353328704834,31.396474050446812,31.188590773230096,31.280304875561725,11291900
2007-02-20,31.567651748657227,31.641021580413604,31.255825882019057,31.274170089246827,9171500
2007-02-21,31.57989501953125,31.70217735144077,31.347554390608398,31.45761035523575,9337100
2007-02-22,31.57379150390625,31.763332922223483,31.41482301257237,31.671618806047142,9111600
2007-02-23,31.200807571411133,31.641031362822496,31.011268586408946,31.51874671716538,10042600
2007-02-26,31.066307067871094,31.439271981313812,30.833966395776713,31.286416705638686,13342800
2007-02-27,30.094146728515625,30.94402166852339,29.10364288562398,30.94402166852339,21228500
2007-02-28,30.198083877563477,30.50379438830194,29.892373366825016,30.00242933728175,19180400
2007-03-01,30.081924438476562,30.228664224886263,29.531644408473056,29.947411023945293,22648000
2007-03-02,29.464385986328125,29.95963798450674,29.41547350450064,29.929067391816222,16922400
2007-03-05,29.066951751708984,29.44603207758503,28.859068540928103,29.10363551500894,20199600
2007-03-06,29.666141510009766,29.763968757951353,28.999692654537206,29.329860490984654,17751900
2007-03-07,29.568315505981445,29.880139143042918,29.50717201570472,29.77008319293048,13664500
2007-03-08,29.800662994384766,30.1736278755694,29.727290789088524,29.831233580398433,11979500
2007-03-09,29.849578857421875,30.17363130428489,29.67226617305339,30.03300472673327,9452900
2007-03-12,29.86179542541504,29.947393974151797,29.715053390162364,29.73951078476873,10445700
2007-03-13,28.55335235595703,29.653909349888195,28.467753815551376,29.62333877579836,25294400
2007-03-14,28.920209884643555,29.07306511905751,28.070335154483676,28.565586953643777,25043400
2007-03-15,29.164785385131836,29.464380402059273,28.82238874768564,28.82238874768564,15828300
2007-03-16,28.75514793395996,29.244286923924,28.7245773301841,29.11588665624528,24746900
2007-03-19,29.091421127319336,29.22593220211415,28.83462301655338,28.85908042374761,14448200
2007-03-20,29.19536018371582,29.27484558702246,28.93856441787583,29.048618080102536,14507400
2007-03-21,29.990219116210938,30.357073354575427,29.23205788855522,29.23205788855522,20747600
2007-03-22,29.635578155517578,30.02077172620507,29.568321468842772,29.996316657548345,18906700
2007-03-23,29.666141510009766,29.89236658355239,29.611113537268523,29.70894078521011,11748200
2007-03-26,29.77621078491211,29.82512326458595,29.311529399884222,29.684496678492057,11851000
2007-03-27,29.696735382080078,29.849590722664136,29.56222193600214,29.70896408921329,11183500
2007-03-28,29.342103958129883,29.64169903533611,29.219819253553432,29.52552984880119,13176700
2007-03-29,29.653911590576172,29.73951013744977,29.36042985884436,29.494943193865993,10837100
2007-03-30,29.58054542541504,29.97185444980054,29.317634237333703,29.721171960279467,12674800
2007-04-02,29.494956970214844,29.647812255994097,29.16478899315888,29.580555557069374,13834500
2007-04-03,29.90134048461914,29.919812553987168,29.611932203503223,29.710453821700458,13572200
2007-04-04,29.90134048461914,29.993703180399926,29.722769317592697,29.90134048461914,9163600
2007-04-05,30.03066062927246,30.104551282655322,29.765883243297232,29.77203981902017,7991000
2007-04-09,30.172286987304688,30.252336569668547,29.962928167312665,30.036818824679955,7509000
2007-04-10,30.320072174072266,30.38164733348122,30.15997300130217,30.178445079336502,8200100
2007-04-11,30.26465606689453,30.38164981891918,30.15997546860557,30.233866135729453,11971300
2007-04-12,30.295440673828125,30.492483999435,30.006032261681028,30.492483999435,9472400
2007-04-13,30.227693557739258,30.44936779070893,29.962916262685557,30.44936779070893,11266300
2007-04-16,30.769567489624023,30.94197975950842,30.369322035745522,30.461687094007022,15765000
2007-04-17,30.898883819580078,31.046665128158452,30.609475429280234,30.769574587338614,12238500
2007-04-18,32.06266784667969,32.43212342372997,31.668581271441713,31.754787416157363,39198500
2007-04-19,32.07499313354492,32.161199304566615,31.619328923790547,32.03804662498906,20708700
2007-04-20,32.35207748413086,32.45675570716176,32.081141191220084,32.41981155735856,21166800
2007-04-23,32.19197463989258,32.45059540350822,32.05034993438875,32.235077709005004,12675600
2007-04-24,32.11808776855469,32.191978417283266,31.80405074975221,32.05651261943777,10315700
2007-04-25,32.52449417114258,32.59838482966547,32.13040752709826,32.167354030830545,18088100
2007-04-26,32.59838104248047,32.63532754192042,32.364393592851684,32.493702817479395,14440500
2007-04-27,32.35824203491211,32.51218229421135,32.10578010361903,32.49371021475686,14428600
2007-04-30,32.081146240234375,32.672278568474596,32.013414505288246,32.30282056970674,29900000
2007-05-01,32.17967224121094,32.32745593042739,31.773270032043243,32.265880763470065,13859000
2007-05-02,32.35824203491211,32.49371021475686,32.01957393424217,32.01957393424217,12968600
2007-05-03,32.450599670410156,32.58606547017245,32.247397447354615,32.530649244547924,9700300
2007-05-04,32.407501220703125,32.666119706292214,32.382870217616045,32.51217946041059,11974600
2007-05-07,32.469085693359375,32.60455390025613,32.3582484966152,32.518347713664525,7375400
2007-05-08,32.29667282104492,32.419825520962114,32.16120461624177,32.31514490390266,9028200
2007-05-09,32.758487701416016,32.78927528353705,32.284351420137845,32.35824208701672,12561700
2007-05-10,32.019569396972656,32.65380242375138,31.98878181926389,32.50602111117265,13478400
2007-05-11,32.111934661865234,32.25355939928517,31.847157263967468,32.0934602359815,12419400
2007-05-14,31.914888381958008,32.11808825628262,31.74247373371797,32.01956660683463,9328300
2007-05-15,32.03804397583008,32.456761642405695,32.019571897550556,32.074990481330914,11105000
2007-05-16,32.623008728027344,32.67842729708675,32.14271602880663,32.247394243173744,12924700
2007-05-17,32.36439514160156,32.63532910363544,32.3274486403936,32.49986094814774,9049900
2007-05-18,32.35207748413086,32.59222385361715,32.29665891048469,32.40133713351559,11115100
2007-05-21,32.36439514160156,32.518335373222484,32.21045490998064,32.253557986919176,10408300
2007-05-22,32.19813537597656,32.438281731390376,32.07498273631939,32.364391087172564,9665800
2007-05-23,32.0134162902832,32.41365954175453,31.976469783663845,32.222775129909174,11246900
2007-05-24,31.767107009887695,32.16735256073307,31.680900854060464,32.01956890149955,13105800
2007-05-25,31.797897338867188,31.92720658379828,31.56390750355727,31.73016325372944,10761300
2007-05-29,31.90873146057129,31.970306614488464,31.680900572347866,31.804053229123777,9552300
2007-05-30,32.0565299987793,32.0565299987793,31.619337746837907,31.668599771991783,10243400
2007-05-31,31.914888381958008,32.21045333030197,31.816364383568608,32.17350683090595,10976300
2007-06-01,31.9580078125,32.068845018471784,31.81022408822341,31.97032096965899,12104800
2007-06-04,31.75479507446289,31.896419824785855,31.736322995837845,31.748638497901823,11095500
2007-06-05,31.53927230834961,31.705528024043453,31.520797885089433,31.55158780754263,13615700
2007-06-06,31.13285255432129,31.545410972811734,30.948122520252177,31.545410972811734,13877400
2007-06-07,30.67720603942871,31.18828868375504,30.62794639178569,30.972770972110656,17409400
2007-06-08,31.0405330657959,31.083636177249257,30.50482128848744,30.68339266390473,13508100
2007-06-11,31.05283546447754,31.305297445939047,30.80653006107696,31.040519959413267,11252000
2007-06-12,30.387813568115234,31.03436469211376,30.381656989794276,30.923527490796438,15388300
2007-06-13,30.96661949157715,31.028194648496466,30.49248326668506,30.56021734866131,14507600
2007-06-14,30.985103607177734,31.299143136725036,30.74495711337249,30.74495711337249,12440700
2007-06-15,31.13285255432129,31.397629764284396,31.046644108917057,31.18211217418375,18351900
2007-06-18,31.05283546447754,31.311454023999975,30.9912602880986,31.299140867878116,9290300
2007-06-19,31.311445236206055,31.32991966308868,30.966620586953784,31.058983325599893,12251900
2007-06-20,30.455541610717773,31.39765763434146,30.430910604452908,31.348395621811733,14920700
2007-06-21,30.689529418945312,30.71416042356214,29.975246727650465,30.597164326103144,19429500
2007-06-22,29.999876022338867,30.634109086950037,29.913669860035416,30.51711534510132,25110400
2007-06-25,29.7781925201416,30.30158825803964,29.593464750821177,29.99986678290252,17240200
2007-06-26,29.925975799560547,30.20306864656302,29.741248017872632,29.83361308318718,18963800
2007-06-27,30.320072174072266,30.357016330140933,29.605789519796307,29.71662433694407,16354200
2007-06-28,30.147663116455078,30.467859172709364,29.901360083988692,30.326234400529195,14430900
2007-06-29,29.833616256713867,30.357012085328968,29.618098531034782,30.313909009981437,21764700
2007-07-02,30.26465606689453,30.326231231340778,29.907513536068837,30.110715806836964,15717900
2007-07-03,30.618377685546875,30.767312870259804,30.432210480089054,30.52529289919574,7444000
2007-07-05,30.277069091796875,30.62458055838069,30.19019122515092,30.469440834443105,11613000
2007-07-06,30.388769149780273,30.506674484922343,30.066078247700418,30.171572121157386,10792400
2007-07-09,30.277069091796875,30.58114162505771,30.11572245324497,30.537702691734733,10577700
2007-07-10,29.482751846313477,30.140545122456913,29.451724375237077,29.9729939379512,21881800
2007-07-11,29.86749267578125,30.059864369222634,29.240727025730784,29.488951467437772,27232500
2007-07-12,30.736270904541016,30.79832819337503,29.86749016605647,30.21500151455288,19172800
2007-07-13,31.05897331237793,31.164469559200977,30.574938114792346,30.829367175990463,16393800
2007-07-16,30.922443389892578,31.313393694704004,30.860386095065863,30.9720868585102,12263900
2007-07-17,30.978302001953125,31.325815870134903,30.92245396836926,30.9969203803923,18302200
2007-07-18,30.33292579650879,30.587354901999213,29.68133929388647,30.28948685415029,35535600
2007-07-19,30.171567916870117,30.83556563740992,29.687532814820823,30.717660318697487,26199400
2007-07-20,29.51378631591797,30.28948505077157,29.402085508719473,30.28948505077157,30677800
2007-07-23,29.259355545043945,29.70615638093092,29.203505144652507,29.631689969490516,20520200
2007-07-24,28.13615608215332,29.135256838941213,27.999632291612176,28.93667807119717,35706200
2007-07-25,28.092689514160156,28.67601377519059,27.484542339747154,28.34091154625588,40175100
2007-07-26,27.354232788085938,27.64589381167109,26.994307551127154,27.490754113101396,51202000
2007-07-27,27.447309494018555,28.07407507189891,27.118414158785235,27.36043165959794,40020600
2007-07-30,27.77001190185547,28.012029503917,27.062575105908092,27.77001190185547,32316300
2007-07-31,27.310794830322266,28.527092014770826,27.2673558987967,27.968588084807497,34080900
2007-08-01,27.540401458740234,27.577633473396567,26.808141852074183,27.118421266178643,44504500
2007-08-02,27.67072868347168,27.776222587788244,27.304598742013965,27.559027862874753,28297400
2007-08-03,27.087390899658203,27.89411681655512,26.92604429593253,27.6769198295773,36628500
2007-08-06,27.993408203125,27.993408203125,26.85778444839101,27.155652392113698,34200000
2007-08-07,28.13615608215332,28.576752575132566,27.397691437558013,27.91896129469754,30556500
2007-08-08,28.862192153930664,29.308995300199047,28.092700476739825,28.390568451837332,27447200
2007-08-09,27.410085678100586,28.50847522323961,27.410085678100582,27.949973629482987,39278200
2007-08-10,27.459720611572266,27.801027399962333,26.37994750525893,26.907423784810323,32549000
2007-08-13,27.199087142944336,28.19198004981535,27.106002397256184,28.06786784464562,21357600
2007-08-14,26.870197296142578,27.31700041842064,26.764703429629208,27.26735457494792,25217200
2007-08-15,26.684032440185547,27.565224933328356,26.566127102541518,26.76470575922847,27726700
2007-08-16,28.21680450439453,28.483644931538624,26.162754380091812,26.5288841033423,51414800
2007-08-17,29.172481536865234,29.96679877519046,28.63880271238639,29.836481935512314,57869900
2007-08-20,28.849777221679688,29.482745061148638,27.96858256899361,29.2717549922444,32691300
2007-08-21,28.669832229614258,29.215924925893685,28.39058014815062,28.62018636302285,23582300
2007-08-22,28.54571533203125,29.060780462343246,27.94377231642442,28.961488745155055,30844900
2007-08-23,28.340913772583008,28.905624443802466,28.018225342234032,28.824951152593474,21476600
2007-08-24,28.514671325683594,28.545698785697617,27.943756119003044,28.23541945107047,13248000
2007-08-27,27.869285583496094,28.48363961598495,27.856874127893548,28.39055488258742,13527200
2007-08-28,27.056367874145508,27.602460384738116,26.969490004396675,27.602460384738116,23516300
2007-08-29,27.385250091552734,27.44730500105416,26.77710298291512,27.230110450556104,21605200
2007-08-30,27.285968780517578,27.527986312356028,26.89501610826268,27.081183258350432,15581500
2007-08-31,27.627277374267578,28.005818611629948,27.472137678118667,27.92514530680422,16937800
2007-09-04,28.111318588256836,28.30989725317631,27.465936743646346,27.552816980887478,15416800
2007-09-05,27.410085678100586,27.906534695543392,27.348030734542412,27.819656827664208,15556800
2007-09-06,27.43490982055664,27.64589995216468,27.199099130769888,27.45352819824625,18994400
2007-09-07,27.00672149658203,27.298384914253674,26.808142853516614,26.851581783734414,21526200
2007-09-10,27.261146545410156,27.58383738502542,26.901221327947205,27.149445779110884,17181500
2007-09-11,27.63968849182129,27.82585565144627,27.09980065149183,27.279763264934985,15148000
2007-09-12,27.596248626708984,27.76379977483674,27.397670014241374,27.61486463186414,13896800
2007-09-13,28.297483444213867,28.40918422987411,27.54040323470406,27.565223790327497,20262100
2007-09-14,28.2602596282959,28.3223145862292,27.931361722963672,28.06788547111082,12482300
2007-09-17,28.105113983154297,28.316104110105172,27.85688946889053,28.167168928098032,17958300
2007-09-18,29.67511558532715,29.69993850041222,27.999606692980336,28.34712040244093,27267800
2007-09-19,29.519981384277344,29.8240562322782,29.271756921940156,29.768205846614528,31807800
2007-09-20,29.141441345214844,29.631683376546533,28.998713102025366,29.5510100678763,19553500
2007-09-21,29.24693489074707,29.50136388651874,28.936655512135584,29.47654096809131,20535000
2007-09-24,28.756685256958008,29.290366025003724,28.65118906531859,29.290366025003724,17346800
2007-09-25,28.60777473449707,28.700859550206633,28.328525021858788,28.700859550206633,16405200
2007-09-26,28.626371383666992,28.973882715014692,28.384353887266016,28.70704230430505,17485400
2007-09-27,28.676029205322266,28.719468143493927,28.347133711381233,28.66982465725971,12840300
2007-09-28,28.434005737304688,28.676023305106234,28.285072942001012,28.576733985822415,15587900
2007-10-01,29.048357009887695,29.19108524357674,28.18577832712439,28.216808159562582,17276200
2007-10-02,29.265541076660156,29.383446348764732,29.05455107530676,29.16004725960496,16003200
2007-10-03,29.403179168701172,29.690954392066875,29.184220278417033,29.221754724481215,12675700
2007-10-04,29.55957794189453,29.67218604878148,29.39066578156411,29.52829844253101,11132400
2007-10-05,29.766040802001953,29.953720272099943,29.578358945430026,29.684712156585714,13435600
2007-10-08,29.67844009399414,29.766026030617713,29.43445666529609,29.597113875409963,8305500
2007-10-09,29.759777069091797,29.84110569702269,29.396930489776167,29.77228934927143,12967500
2007-10-10,29.34687042236328,29.697206977293447,29.121654236084787,29.697206977293447,18858500
2007-10-11,29.19048500061035,29.79106020351518,29.109156362777288,29.409443964229702,27920400
2007-10-12,29.290584564208984,29.46575175721042,29.11541737120755,29.196743632830206,12507000
2007-10-15,28.946495056152344,29.290574374046308,28.64620752127362,29.25929486996016,16575300
2007-10-16,28.220800399780273,29.027824515498796,27.901743244043526,28.77758370262579,22510200
2007-10-17,29.009056091308594,29.47825584480527,28.621184963297214,29.4282091120651,34659600
2007-10-18,28.71502685546875,28.85891449844275,28.433506516400737,28.840144884855924,19397900
2007-10-19,28.164499282836914,29.152945585504785,28.126962441036802,28.646211346807565,29500400
2007-10-22,28.383466720581055,28.73380352279585,27.93929136549613,28.089436391152244,18094100
2007-10-23,28.74004554748535,28.77132743751565,28.233311385029328,28.727533268767864,13519100
2007-10-24,28.946495056152344,29.05284584733987,27.98932838957184,28.608670684486334,27352800
2007-10-25,28.808866500854492,29.121666359466317,28.245828187237322,28.840146009420966,20076400
2007-10-26,29.60337257385254,29.68470118922096,28.733789520712936,29.378156338354184,18851700
2007-10-29,29.196744918823242,29.715993958768244,29.096649034631618,29.647177590922606,18861900
2007-10-30,29.12791633605957,29.33436294963374,28.808859224436407,29.027820502044502,13131400
2007-10-31,29.403179168701172,29.747258447636067,28.80260416694503,29.37189966815671,23899100
2007-11-01,27.72657012939453,28.977769151069275,27.651498856306414,28.55861862431515,31730100
2007-11-02,26.994609832763672,27.82665563253927,26.31270652346446,27.80788841784769,39570300
2007-11-05,26.756898880004883,27.025906936138096,26.068737792918803,26.70684975957386,28852800
2007-11-06,27.5952091217041,27.739096797471177,26.706856114457587,26.706856114457587,28756400
2007-11-07,26.42532730102539,27.407518450401927,26.369023243383992,26.85699015196079,28980700
2007-11-08,26.65680503845215,26.85073942858267,25.449397361327513,26.594243633189404,37342800
2007-11-09,26.46912956237793,27.08221710699095,25.755943754343406,25.899833814774844,43587300
2007-11-12,26.5191707611084,27.32619494259989,26.187603685531016,26.34400360970502,27691800
2007-11-13,28.183263778686523,28.402225088252916,26.66931376993233,27.08846439027438,35927500
2007-11-14,28.245830535888672,28.790101666917007,27.801652886006455,28.71503036282055,25367400
2007-11-15,27.23235321044922,28.27084858011871,26.95083526462323,27.901744674764732,23434200
2007-11-16,26.95709228515625,27.59520429196685,26.57547607051205,27.36373306159073,29021800
2007-11-19,25.88106918334961,26.800701870681,25.768461001779464,26.71311825978742,29656500
2007-11-20,26.043718338012695,26.494148536547527,25.19915724112177,25.881061066104667,33277800
2007-11-21,25.449405670166016,26.275197397453756,25.11783846667947,25.53073433032334,26759300
2007-11-23,26.243913650512695,26.400313609828657,25.624568761572945,25.962393246449174,10808400
2007-11-26,25.31175994873047,26.58172879492847,25.230433716724384,26.19385531385712,27132300
2007-11-27,26.494150161743164,26.575478802686014,25.380583298801508,25.599542270793247,28501100
2007-11-28,27.50136375427246,27.60771695009757,26.62552555790738,26.73187636725889,32246500
2007-11-29,27.307422637939453,27.582685594173984,26.907036901862398,27.138510464861557,23553600
2007-11-30,28.53986358642578,28.833896270300873,28.15824730815572,28.38972096359839,40113500
2007-12-03,28.283361434936523,28.727536642440807,28.120706565453766,28.715026748727343,21417200
2007-12-04,27.620237350463867,28.20830041459748,27.526396408119194,27.72658819107848,19315200
2007-12-05,28.089426040649414,28.270848130603557,27.48259359917219,27.864209778390926,20627900
2007-12-06,28.908971786499023,28.933996356101378,27.857963727943236,28.07692513225237,19130200
2007-12-07,28.82763671875,29.284324235508308,28.683746680679164,28.908962965430895,15286600
2007-12-10,29.665939331054688,29.94745969899584,29.121668210684252,29.27806814993226,23388400
2007-12-11,28.74004554748535,30.041293896426524,28.464782575120022,29.47199834038305,38455700
2007-12-12,28.871416091918945,29.897398826556163,28.264583850821722,29.421941899570953,44364000
2007-12-13,28.627431869506836,28.94023161731666,27.983065152689864,28.671226029755083,41261000
2007-12-14,28.277103424072266,28.64620729693382,27.951791333883,28.30212798173448,27651800
2007-12-17,27.85796356201172,28.464796245645605,27.751612721546635,28.039388110836697,19965700
2007-12-18,27.463825225830078,28.120704372335037,26.982113215333577,28.008096245908675,25224900
2007-12-19,27.513874053955078,28.214545037883756,27.313682344261167,27.46382731976831,21293700
2007-12-20,27.10723114013672,27.86420606457917,26.932061633686402,27.732830724596205,27147500
2007-12-21,27.5952091217041,27.639000919264777,27.10724201375716,27.476343625633145,26363000
2007-12-24,28.045637130737305,28.220804292023697,27.61397178831929,27.61397178831929,7679700
2007-12-26,28.11443519592285,28.145717074009244,27.676517540380193,27.976804955526116,14578700
2007-12-27,27.301151275634766,27.964287349176118,27.219822703768422,27.901725991405172,16530000
2007-12-28,27.063440322875977,27.69529731779973,26.78817733077922,27.645248199342145,16852200
2007-12-31,27.307422637939453,27.613965095898113,26.769406616981637,26.944573735815155,16361200
2008-01-02,26.61322593688965,27.635599685649233,26.505941140222742,27.48413610557791,22122300
2008-01-03,26.430204391479492,26.916146821307194,26.354471415385643,26.72050691087847,17150700
2008-01-04,25.830673217773438,26.379724230276985,25.64134553147209,26.13359799734202,25873800
2008-01-07,26.089412689208984,26.24087623087593,25.34472195816175,25.937949147542035,25644100
2008-01-08,25.054424285888672,26.240881301336735,24.87771638522718,26.1651483121539,33646000
2008-01-09,25.40782928466797,25.458317932224897,24.322349843937474,24.984997694819203,33546300
2008-01-10,26.08310890197754,26.59429335867074,24.801986802179776,25.098601669843553,41863600
2008-01-11,25.786487579345703,26.56904237706657,25.489872785931624,25.79910974155814,37520500
2008-01-14,26.10202980041504,26.348155901491534,25.622397350813436,26.0452312842104,22817000
2008-01-15,24.719947814941406,25.70445520175983,24.517997952122077,25.70445520175983,45240000
2008-01-16,26.14620590209961,26.91614080150466,25.37627100269456,25.534044389790292,63183100
2008-01-17,25.268999099731445,26.30399265999672,25.117535511858257,26.234571949197843,39647200
2008-01-18,24.984989166259766,25.666568823604333,24.309719383990345,25.395200861625856,51919100
2008-01-22,25.786487579345703,26.505933973435663,23.76698736655006,23.76698736655006,57178600
2008-01-23,28.853607177734375,29.12497768430885,25.243750137669515,25.496188602018858,77137000
2008-01-24,28.373973846435547,29.036621789002393,27.932207748913793,28.923027131144597,52062600
2008-01-25,27.54092788696289,28.929334468328495,27.26955741121015,28.82204729056443,38410900
2008-01-28,28.75894546508789,28.784189795917566,27.389473017908415,27.635599224918042,29739100
2008-01-29,29.94540786743164,30.166289782964103,28.24145375176073,28.992454672003422,56112700
2008-01-30,29.882291793823242,31.106615360940463,29.23226592133978,29.724518336817983,68343800
2008-01-31,29.913854598999023,30.4124169966175,28.93565703727588,29.289070520748478,55500600
2008-02-01,30.450271606445312,30.73426425835441,29.59829605814948,29.8254877722453,48834500
2008-02-04,29.169147491455078,30.38084606986627,29.049238164524276,30.185208591073607,28310200
2008-02-05,27.698719024658203,28.702158716800984,27.673474683456817,28.430788067468274,39045100
2008-02-06,27.591419219970703,28.235135126853905,27.307426554076415,27.938520297205248,27274800
2008-02-07,28.468645095825195,28.765259987551257,27.294810102749054,27.38316286008905,36818000
2008-02-08,27.654525756835938,28.373972190048345,27.301112417963434,28.373972190048345,26058300
2008-02-11,27.357913970947266,27.76812588448621,27.023435043171364,27.698705184585926,25874000
2008-02-12,27.332670211791992,28.05211667613961,26.97925685762495,27.553552053501694,27193400
2008-02-13,27.83123779296875,27.875414169828066,27.143345400889693,27.484136657317553,26533400
2008-02-14,26.890892028808594,27.83121991202501,26.802539331854618,27.799665721317222,31180000
2008-02-15,27.294801712036133,27.294801712036133,26.51224448807444,26.764682923528234,29031400
2008-02-19,27.029739379882812,27.799671915924904,26.61321530297629,27.477815247097375,25811900
2008-02-20,27.231689453125,27.351596368909377,26.411265857720213,26.739434814395928,30149700
2008-02-21,27.181217193603516,27.572494782337447,26.644788280136552,27.22539357906868,32878200
2008-02-22,27.723939895629883,27.7807384115327,26.44913063336847,27.1748891801899,30452700
2008-02-25,27.787050247192383,28.058420685927118,26.98556109179341,27.40839505275979,27917200
2008-02-26,27.591419219970703,28.10891589674182,27.395779292925397,27.5977290981321,24989300
2008-02-27,28.026866912841797,28.077355556828678,26.89720878166139,27.18120138550996,38566000
2008-02-28,26.783615112304688,27.78074428970935,26.75206090955559,27.76812212712344,36606500
2008-02-29,25.653955459594727,26.486998807849975,25.483559900983742,26.430200288312978,36856600
2008-03-03,25.130157470703125,25.641344367194606,24.884031248943828,25.590855702509604,31481900
2008-03-04,24.73256492614746,24.97869352810949,24.120405582873477,24.846162001689393,56449300
2008-03-05,24.448577880859375,24.97869683441363,24.050988063835664,24.83985541094425,36325600
2008-03-06,23.583972930908203,24.126713944951707,23.445133941975687,24.095159738713935,44356900
2008-03-07,23.703886032104492,24.663148979448195,23.104346389085677,23.28105189789594,43258700
2008-03-10,23.02229881286621,24.145644873659432,22.91501403511922,23.811165969587634,41281300
2008-03-11,24.511672973632812,24.776731102527442,23.45143564319273,24.2844789160484,58401200
2008-03-12,24.366533279418945,25.388904614886112,24.234004152261182,24.51799445119012,44572400
2008-03-13,24.050983428955078,24.581102280349782,23.11696495886567,23.88058782592482,45537900
2008-03-14,23.060157775878906,24.48642807040512,22.725676573555337,24.48642807040512,77776000
2008-03-17,25.43938446044922,25.93163670925122,23.350463730330908,23.350463730330908,125296300
2008-03-18,26.954017639160156,27.06130484506085,26.032621199928187,26.625848549687404,76994300
2008-03-19,26.802547454833984,28.329792896309254,26.783613008726547,27.301109596948017,70593300
2008-03-20,29.011384963989258,29.314309722148394,27.0423704248069,27.080236922363785,72777200
2008-03-24,29.37741470336914,30.39347606487652,28.411841999357833,28.664278064543115,66011200
2008-03-25,29.06818199157715,29.4405274388013,28.342423141204563,29.04293766118829,54485500
2008-03-26,27.837541580200195,28.63271852831458,27.749188853457625,28.569610125621672,41122700
2008-03-27,27.04867172241211,28.077354950848218,27.048671722412106,27.906959392216642,32154500
2008-03-28,26.954017639160156,27.66715436065732,26.91615354908036,27.263254683593008,29011900
2008-03-31,27.10547637939453,27.925897752792526,26.8909044133583,26.954012823838323,28920400
2008-04-01,29.661413192749023,29.661413192749023,28.184653375791466,28.48126827809725,54562600
2008-04-02,29.419649124145508,30.25948317380109,29.22877576345102,29.95408919456775,36597900
2008-04-03,29.44509506225586,29.9222735816851,28.834307139879744,28.866118555763936,30314400
2008-04-04,28.99335479736328,29.54688097411081,28.707047317302674,29.171500595154562,29875900
2008-04-07,28.974258422851562,29.7377439633442,28.92972198880274,29.540509450375403,24069200
2008-04-08,28.54163360595703,29.018812048070746,28.268051104980767,28.783404696203398,29187700
2008-04-09,28.185335159301758,28.7452251248217,28.045364488212787,28.7452251248217,28476400
2008-04-10,27.905393600463867,28.509820067441836,27.727247772027997,28.121714575159512,30230100
2008-04-11,27.059179306030273,27.93082640298629,26.995556528714573,27.561807498805777,41959900
2008-04-14,26.403873443603516,27.230982246787317,26.193913766896877,26.976488537298856,33774900
2008-04-15,26.798341751098633,27.167360926763912,26.263901776481617,26.83651690180527,37271800
2008-04-16,28.605243682861328,28.605243682861328,27.421841285334313,27.69542366442084,52568400
2008-04-17,28.70705795288086,28.834306038613104,28.10263136594422,28.210793088286007,30302500
2008-04-18,29.114240646362305,29.814103682264925,28.897919697382164,29.476898425081462,31398100
2008-04-21,28.777042388916016,28.936101877530668,28.376211798031644,28.8152175399234,23513400
2008-04-22,29.04425048828125,29.13968468216093,28.471635616786806,28.60524494445081,23703800
2008-04-23,28.726137161254883,29.2923884054729,28.433465933579374,28.891557918589253,23260300
2008-04-24,29.884065628051758,30.119472740578715,28.846998188677716,28.8660845302994,37769300
2008-04-25,30.40580940246582,30.456707171692454,29.610512038478255,30.087690456870796,24266600
2008-04-28,30.11949920654297,30.596677582801856,29.782293930644204,30.329456430028422,27175000
2008-04-29,29.954082489013672,30.37399941983839,29.661411200759122,30.119503280587928,20738700
2008-04-30,30.316730499267578,30.946604528011335,29.731390492893482,30.06223442222589,36280800
2008-05-01,31.334712982177734,31.481047391152508,30.33581978787472,30.33581978787472,31723700
2008-05-02,30.959325790405273,31.78007299013746,30.558495367527247,31.748261591159178,27942900
2008-05-05,30.539405822753906,30.946597512062,30.443969208736235,30.743001667407952,19276100
2008-05-06,30.666654586791992,30.98477340527105,30.062228346270985,30.119489830679374,25441400
2008-05-07,29.62958335876465,30.81298562401933,29.515060402317182,30.679376317181855,27636400
2008-05-08,29.29875373840332,29.903180206716005,28.827939068767467,29.890455157934646,26106000
2008-05-09,29.62958335876465,29.85862927165958,28.961534397523568,29.107868746972283,21730400
2008-05-12,30.055875778198242,30.08768718388626,29.591420032345358,29.788654630898574,20295600
2008-05-13,28.93609046936035,30.05587018688073,28.77066973432319,29.92862216074602,27485300
2008-05-14,29.209680557250977,29.502349395384975,28.821575067655736,29.266942062716748,24138200
2008-05-15,29.915903091430664,29.928628139291515,28.999721488941837,29.29875161898033,27289500
2008-05-16,29.60413932800293,30.10676769219982,29.29874552403695,30.10676769219982,20871400
2008-05-19,29.26056671142578,30.043138625909545,29.184216456071,29.616858194866627,19402200
2008-05-20,27.803592681884766,29.05061820248293,27.676344634933916,29.05061820248293,48996100
2008-05-21,26.98920249938965,28.02627064650214,26.93194343544863,27.867211218965746,40611900
2008-05-22,27.390033721923828,27.822675571395667,26.78560739453926,26.97648065470073,28883300
2008-05-23,26.925586700439453,27.294605833262995,26.7983386399122,27.180082821493954,21440900
2008-05-27,27.36458969116211,27.612724498919484,26.912861386444465,26.97648662960848,28457800
2008-05-28,27.269147872924805,27.631803163273297,26.65836027097515,27.606353073095182,31688700
2008-05-29,27.720870971679688,28.032628451593055,26.90648765165843,27.160981225638203,22789000
2008-05-30,27.358240127563477,27.988116956544534,27.27552848946263,27.969028161871474,21391600
2008-06-02,26.81742286682129,27.211889603035353,26.50566529289028,27.12281670392777,30620500
2008-06-03,26.652006149291992,27.160996001195297,26.20663911873096,27.05919803081464,28503100
2008-06-04,26.486591339111328,26.944681095748486,26.187558671750153,26.556577914626125,30800100
2008-06-05,26.785602569580078,26.9255756212703,26.340238181572804,26.658356988465936,27755300
2008-06-06,25.50676727294922,26.588371754343406,25.417694391020405,26.588371754343406,39887900
2008-06-09,23.865276336669922,25.65946897960786,23.171777109462834,25.65310524311683,74856700
2008-06-10,24.36154556274414,24.95960821163276,23.642596180434897,23.687132631572634,54412400
2008-06-11,23.623506546020508,24.654210943300736,23.585331410175232,24.495151517860087,50965800
2008-06-12,24.18340492248535,24.654222102804543,23.94163623386026,23.99253401097148,53247700
2008-06-13,25.182302474975586,25.18866378739204,24.049797127463652,24.425177663476983,40465600
2008-06-16,25.411340713500977,25.86307146459607,24.8769007833371,25.118671863592294,34860200
2008-06-17,24.838722229003906,25.92668819403989,24.78146073468336,25.67855586100232,32510200
2008-06-18,24.64785385131836,24.972334066830463,24.132500350976585,24.514242066526663,35513700
2008-06-19,24.590604782104492,24.832373524877497,23.426287835108717,24.6796777322899,59944400
2008-06-20,24.087963104248047,24.93415810240611,23.50898681275425,23.97980141794021,55374100
2008-06-23,23.45808219909668,24.17067013654342,23.229036249706947,24.17067013654342,37741100
2008-06-24,23.99889373779297,24.342460350257035,23.063623272565167,23.419917360998358,43526200
2008-06-25,24.119781494140625,25.016876940282476,23.858924021916547,24.138867856700475,42317900
2008-06-26,23.108158111572266,23.909819147628983,23.031810250489873,23.642597993258498,45708400
2008-06-27,22.300140380859375,23.47081834367447,21.75933907675052,23.19087451039128,69316700
2008-06-30,21.829313278198242,22.586435160544713,21.606628658411253,22.17924347837337,50792600
2008-07-01,21.887222290039062,22.093098373493493,20.799939070905566,21.674911198468646,74620100
2008-07-02,22.260364532470703,23.000233154086654,22.02232084855147,22.105958747206873,51750200
2008-07-03,22.717161178588867,23.218983815214216,22.1896034184862,22.59492056918985,33028500
2008-07-07,21.90009117126465,23.128915192134354,21.59127702748048,22.83940116538774,48883600
2008-07-08,23.013107299804688,23.193248252259576,21.501201956352965,22.067362390943707,62285100
2008-07-09,22.05450439453125,23.637180785496263,21.932266188669967,22.99381715714483,50971000
2008-07-10,22.202465057373047,23.032404253084447,21.584836915826173,21.874350874125042,47807900
2008-07-11,21.33393669128418,22.163876317044064,20.645537841642607,21.475477467402488,71316700
2008-07-14,20.38818359375,22.09952866939071,20.38174981340963,21.996590638181015,50370200
2008-07-15,19.957134246826172,21.115187950504026,18.811946879366403,19.77055825980251,88717800
2008-07-16,23.122480392456055,23.122480392456055,20.265947695976894,20.780637940265482,79957800
2008-07-17,26.24923324584961,26.37147389523725,24.319142529916004,24.479983422910472,132114600
2008-07-18,25.747400283813477,26.583772106461886,25.219842559332037,26.50656919547922,65409900
2008-07-21,24.866008758544922,26.345744823628912,24.672997679163593,25.95329256176901,41354400
2008-07-22,26.2878360748291,26.403641714701788,24.19690445547053,24.550753930976065,50104200
2008-07-23,26.99551773071289,27.66461600925564,25.329207040358064,26.319986900403787,59345600
2008-07-24,25.181230545043945,27.20139022248498,25.116895218772534,27.0598520138408,47454600
2008-07-25,25.425716400146484,26.01760942295292,24.75661801887619,25.200537785981016,35188000
2008-07-28,24.22907066345215,26.15272871562792,24.06822977947962,25.354956851259846,41673200
2008-07-29,26.217060089111328,26.217060089111328,23.920252812612784,24.409207945453513,50527400
2008-07-30,26.744613647460938,27.066295315055353,25.715233292853345,26.641675612000178,47954900
2008-07-31,26.139850616455078,26.995522498163382,25.927539557135525,26.139850616455078,37394100
2008-08-01,26.22348403930664,26.860414713576212,25.586555819273006,26.448662641183574,30773300
2008-08-04,25.824600219726562,26.30712265269376,25.033263724168684,25.824600219726562,27748000
2008-08-05,26.950496673583984,27.021267051396514,25.869645795189168,26.551611990011633,35763100
2008-08-06,26.628808975219727,27.194969417026606,25.95327794066734,26.60307385190204,33009400
2008-08-07,25.612295150756836,26.731745974952258,25.399984072995018,26.172020562854545,42712200
2008-08-08,26.422931671142578,26.79608357922567,25.348516091964083,25.41928399644947,37174200
2008-08-11,26.950496673583984,27.568125045741887,25.972583857215483,26.24279780393268,34643900
2008-08-12,24.396339416503906,26.38433245869027,23.817313817973012,26.37146735017246,65248300
2008-08-13,23.746545791625977,24.22263584354246,23.25759062992303,24.216200834412337,48575900
2008-08-14,24.325563430786133,24.724447926866482,23.431286522872753,23.540659542874234,41142300
2008-08-15,24.49283790588379,24.904589979332187,24.042483155211123,24.479970346809033,36656900
2008-08-18,23.63717269897461,24.467109630397463,23.579269894062634,24.396339262812084,32193100
2008-08-19,22.890871047973633,23.418428841891895,22.51771909634351,23.167515053259596,41424300
2008-08-20,23.804439544677734,23.84947477450446,22.53058064193032,22.852262257398937,39065000
2008-08-21,23.328357696533203,23.547101368447162,23.025978542885085,23.276889896561165,30564500
2008-08-22,24.23549461364746,24.608646510002465,23.714371905323315,23.94598308868349,36022700
2008-08-25,23.24472999572754,24.09396984055305,23.212562303197622,24.06180214802313,27081000
2008-08-26,23.55353546142578,23.881649729419085,23.096748017150837,23.270453982758838,28810800
2008-08-27,23.894514083862305,23.945984329158104,23.077442346564336,23.514929614633115,23812300
2008-08-28,25.013965606689453,25.013965606689453,23.95241518782469,24.229061601123117,34724300
2008-08-29,24.7630615234375,25.05257312719808,24.505715148720405,24.77592663336013,23327100
2008-09-02,25.084735870361328,25.74739927670137,24.7694867769723,25.451452750980206,33267600
2008-09-03,25.547948837280273,25.57368395102739,24.730877382575663,25.033258833515504,28787600
2008-09-04,24.389911651611328,25.593000781678693,24.338443844723567,25.284186577640728,41510300
2008-09-05,25.477188110351562,25.573693596182682,24.029620548303484,24.126126034134604,42100300
2008-09-08,26.731752395629883,28.08924974596043,25.734539481566564,27.27217782291226,85629900
2008-09-09,25.3935489654541,26.98265456804159,25.38068140558975,26.25565584247665,56435300
2008-09-10,25.348512649536133,26.01760855422935,24.956060680275037,25.7280970594829,46100400
2008-09-11,26.796092987060547,26.82182566398229,24.396344772589586,24.608655923295004,57012300
2008-09-12,26.48727035522461,26.995528037058357,25.856774509276534,26.274961706580076,51417100
2008-09-15,23.804439544677734,26.924750233028945,23.804439544677734,24.698714043002738,92112900
2008-09-16,26.210628509521484,26.345734247461642,22.5305887232418,22.890873145319052,90368100
2008-09-17,23.013107299804688,26.172021246812893,22.839398900979013,25.142640869590092,104396300
2008-09-18,25.927534103393555,26.410056459365773,21.90008191874242,23.50205476619825,132982000
2008-09-19,30.270240783691406,30.881436369348645,27.37510612406497,30.238073111653883,88523900
2008-09-22,26.24923324584961,29.5303889354791,26.21706555809817,29.39528072014343,44934200
2008-09-23,26.094816207885742,27.137064061761347,25.773134559409893,26.088381200543946,32404400
2008-09-24,26.056211471557617,27.342937963980212,25.876070547973978,26.699574717768915,27186400
2008-09-25,27.960580825805664,28.951361336102575,26.570915579842236,27.182111476674084,36831300
2008-09-26,31.035852432250977,31.524807551139205,26.043350923249047,26.088386166268883,148081400
2008-09-29,26.377901077270508,30.559763443179246,26.377901077270508,29.967870255576575,79528000
2008-09-30,30.04506492614746,30.488984694878514,28.160010365880744,28.713303165718223,66987800
2008-10-01,31.930124282836914,32.16816803914034,29.787723113396666,30.18017515615201,59424300
2008-10-02,32.31912612915039,32.31912612915039,30.28986275676283,31.930130603453748,53944700
2008-10-03,29.75823211669922,32.82482077923749,29.32385142203533,32.617356184917526,68639000
2008-10-06,28.526405334472656,29.27198282680183,27.03525282298704,28.195759451746362,63065300
2008-10-07,25.49222755432129,29.654489831443172,25.485745369945302,29.453507491376495,62396200
2008-10-08,25.479263305664062,28.23465442910602,24.960601941768306,25.239382888582114,75686800
2008-10-09,23.7806453704834,27.677091323931617,23.780645370483402,26.600868113519223,88790300
2008-10-10,26.996355056762695,27.2297533382266,22.704427961178272,22.710910147586496,112976400
2008-10-13,27.223264694213867,28.578268864028537,25.71266088260857,28.46805193584926,81628900
2008-10-14,26.393417358398438,28.234667935919504,25.712673838059988,28.09203753834987,95288900
2008-10-15,24.954118728637695,27.093598312295196,24.63643726518032,25.498713756584365,84755700
2008-10-16,26.250783920288086,26.581429886781034,23.54077452909898,25.297741618297778,75112400
2008-10-17,25.498714447021484,26.834267131045728,25.32366577545888,25.693212146589126,60991200
2008-10-20,26.360994338989258,26.386928030866482,25.155104871601207,25.93958050208983,44732100
2008-10-21,25.7645320892334,26.75647222463208,25.673764175327776,25.881228746480797,41780700
2008-10-22,24.09832763671875,25.965511192071347,23.346267971436447,25.38201803132989,60825200
2008-10-23,24.53919219970703,25.122687875107715,23.223088310181225,24.221513144456672,63917000
2008-10-24,22.97023582458496,24.461388080204003,22.373773438433957,22.769253476600063,61968800
2008-10-27,22.04313850402832,23.274961939111083,21.60876019710165,22.75629787812453,62712700
2008-10-28,24.37710952758789,24.454910597155884,21.083607584232592,22.659043381979036,73082500
2008-10-29,23.151762008666992,24.88279679087846,23.0220960836085,24.05942101090462,61823300
2008-10-30,24.39008140563965,24.63644656376583,23.359240516281464,23.916802597379682,47372000
2008-10-31,26.743507385253906,26.743507385253906,24.16964661033655,24.176131269831043,86948900
2008-11-03,26.40636444091797,26.743494854654227,26.062751843897388,26.743494854654227,45059900
2008-11-04,27.339967727661133,27.502049592225895,26.503627186118422,26.743507653185837,48917100
2008-11-05,25.427400588989258,27.553913600124808,25.03840267778977,27.054701221647708,53524900
2008-11-06,24.80500030517578,25.77749121186834,24.545670880627792,25.258829889600097,56467100
2008-11-07,24.4743595123291,24.973571910420915,23.644501226240248,24.78555636961242,50210800
2008-11-10,23.605602264404297,24.94763988286729,23.112874492503394,24.81797389873349,41558500
2008-11-11,23.566707611083984,24.279869465287675,22.866515079021948,23.223094769537013,61577400
2008-11-12,22.41267204284668,23.534277848941695,22.244108051997507,22.963749196609236,56726100
2008-11-13,24.111291885375977,24.312274242791798,21.718964990227338,22.464542389608592,74523600
2008-11-14,22.347843170166016,23.929760916439903,22.14686081369651,23.553732362638225,55941000
2008-11-17,21.245689392089844,22.60717595546489,21.070640695683434,21.926432673777366,57560400
2008-11-18,20.83724021911621,21.459633869183644,19.683218350469613,21.239202475638198,67807700
2008-11-19,18.457881927490234,20.75944510087688,18.33470060319232,20.54549709333373,90226200
2008-11-20,15.157892227172852,18.61347680007353,14.470665612871784,17.98459974361358,160729900
2008-11-21,14.729996681213379,15.83215365097348,12.76556563755179,15.39129086306944,194075000
2008-11-24,17.88087272644043,18.373601783811495,14.587369015875186,15.507994132118327,137382200
2008-11-25,19.300716400146484,19.910143562782146,18.477339904128986,19.20994967903653,105430800
2008-11-26,19.851781845092773,19.93606384734135,18.263379515466887,18.6458927093509,55644900
2008-11-28,20.526039123535156,20.701087764916704,19.53409805895905,19.683214255276297,22787500
2008-12-01,16.934316635131836,19.903656849716388,16.869483630957554,19.884206577488094,70984500
2008-12-02,18.496782302856445,18.73666276309651,15.955338689350699,17.206610846031474,81316000
2008-12-03,19.611906051635742,19.929586364908218,17.53077545756915,17.79010619936438,64914200
2008-12-04,20.150012969970703,21.32996972605738,19.287737687521428,19.346087244998813,80719600
2008-12-05,21.621715545654297,22.04312930097128,19.27477129492154,19.715634078794764,73599200
2008-12-08,23.657461166381836,24.441936503064586,21.783793437342688,22.023676287605326,84589300
2008-12-09,22.01720428466797,23.145295375459103,21.822706502993217,23.125843866070195,65827700
2008-12-10,21.7319278717041,22.665518142098758,21.446664796265395,22.302456495753493,47919600
2008-12-11,19.41092872619629,21.239211127141903,19.281262711321425,21.135478809876716,70746400
2008-12-12,20.059242248535156,20.240773058045892,18.159643512423074,18.438424383127018,59939000
2008-12-15,18.56161117553711,19.307188604819405,18.263381193093203,19.021924229352777,51629100
2008-12-16,20.9733943939209,21.23272639256503,18.697765874852898,18.80798160330067,75822100
2008-12-17,20.655710220336914,21.323486614087027,20.13056416496182,20.42231197350354,46719900
2008-12-18,19.585968017578125,21.128987753247888,19.527619695621365,20.850206803894917,57491500
2008-12-19,19.657283782958984,20.260228377321877,19.307187679623688,19.52113564182476,55696800
2008-12-22,19.333118438720703,20.221327317228614,19.132137337032614,19.864746587010156,36378400
2008-12-23,18.872812271118164,19.70915402999219,18.872812271118164,19.598938315162197,26931700
2008-12-24,19.352575302124023,19.372024334884337,18.57458184046201,18.57458184046201,12339700
2008-12-26,19.320161819458008,19.61839315592213,18.963582137154756,19.48224371806617,12630500
2008-12-29,19.307193756103516,19.462792210621913,18.671831854420144,19.44334194008714,22318000
2008-12-30,20.10462760925293,20.13056005550372,19.372017144730723,19.378500565439936,29842400
2008-12-31,20.441761016845703,20.707575121356374,19.73508413317014,19.903649386179435,25891700
2009-01-02,20.573013305664062,20.763321228512332,19.99552451896426,20.46801557202259,32494900
2009-01-05,19.19491958618164,20.192399468497296,19.083359319716443,20.166149405012817,44069400
2009-01-06,19.60834312438965,19.96271138197139,19.365536356791733,19.549282999797626,44216300
2009-01-07,18.433679580688477,19.293348867797047,18.374618207744145,19.129289776656474,42156500
2009-01-08,17.862754821777344,18.341808357501744,17.626510562772378,18.308995785645756,52075800
2009-01-09,17.04245376586914,18.079306918036554,16.93745607337152,18.079306918036554,42597500
2009-01-12,16.346851348876953,17.1605844703252,16.077794480159056,17.00965037356576,59360000
2009-01-13,17.291833877563477,17.449330504233245,15.926861861420239,16.543723336292178,73422800
2009-01-14,17.003080368041992,17.24588832029124,16.248408965022247,16.79308497781089,73907300
2009-01-15,15.972787857055664,17.75118720782537,15.592170943317466,17.41650787560531,136759300
2009-01-16,14.975316047668457,16.405911752778195,13.472535181983277,16.29435150279243,156843400
2009-01-20,11.871315002441406,13.958146678073039,11.615383240903297,13.78096257315984,142090400
2009-01-21,14.850626945495605,14.988437219617435,12.389740815983172,12.65879885101423,136421400
2009-01-22,15.159066200256348,15.638118633337445,13.91877813503485,14.673451250762522,110240800
2009-01-23,15.933419227600098,16.13028963439028,14.312514621786258,14.384701021722702,74369200
2009-01-26,16.07779884338379,16.898094702740103,15.579058810694491,16.405917187126313,74278400
2009-01-27,16.445280075073242,16.517466463110438,15.789043825051646,16.484655151277884,50766500
2009-01-28,18.151498794555664,18.223685199371698,17.285266943449656,17.843068135956283,91373900
2009-01-29,16.688093185424805,17.83650697716784,16.569970423720907,17.547762587632942,58624200
2009-01-30,16.740585327148438,17.705252074120835,16.143410495450595,16.93745568312772,74937200
2009-02-02,16.53715705871582,16.852150216563167,15.979355892733095,16.405909283776985,51532900
2009-02-03,15.78248405456543,16.70121596556285,15.552802328487608,16.42559664259793,66166300
2009-02-04,15.775919914245605,16.73402423015001,15.579048289946941,15.913728924750497,55330300
2009-02-05,16.104042053222656,16.61590565039601,14.75875666581131,15.579052175816418,79815500
2009-02-06,18.13180923461914,18.243369460708813,16.602778636843937,16.740588916917748,76845200
2009-02-09,17.902122497558594,18.354924536692646,17.25901012378056,17.48869302501049,54360000
2009-02-10,16.15653419494629,18.118680088457815,15.946537580335926,17.62650298719225,91948700
2009-02-11,17.121212005615234,17.469017834136064,16.49778677094082,16.569973193308066,64712000
2009-02-12,17.18683433532715,17.206520629314312,15.861236301080355,16.63559557359426,80536400
2009-02-13,16.202472686767578,16.989955402899675,16.18278514948755,16.569964620962555,58580600
2009-02-17,14.207517623901367,15.224684781604793,14.207517623901367,14.962189223699662,91424800
2009-02-18,14.115640640258789,14.63406658107484,13.780960032134967,14.555318938969943,82868300
2009-02-19,13.51846694946289,14.63406781926198,13.479093125079025,14.483133782731077,66502700
2009-02-20,13.059102058410645,13.780962235358967,12.304430567284792,12.9344168115275,135941600
2009-02-23,12.803171157836914,14.148455155664193,12.783483617013287,13.715339270916314,101615400
2009-02-24,13.794089317321777,13.846588178832157,12.442241443004226,13.210038074888269,186379900
2009-02-25,14.260013580322266,15.237805454156582,13.203474056494912,13.669401198689158,135790100
2009-02-26,15.126243591308594,15.86779118265375,14.962184544757866,15.303427661984466,125043400
2009-02-27,14.995001792907715,15.487179086427629,14.141893733136913,14.19439259437884,109872500
2009-03-02,13.88595962524414,14.719380003680708,13.82689825973784,14.24032781828194,94984900
2009-03-03,13.787531852722168,14.371582057386739,13.518474932483072,14.22721044827641,85590100
2009-03-04,12.665359497070312,14.266576344661752,12.337241362413865,14.266576344661752,145009700
2009-03-05,10.893522262573242,12.46848905015304,10.526030304194602,12.140370917254277,153808900
2009-03-06,10.45384407043457,11.595695039762623,9.817294707877156,11.280701927879994,155154800
2009-03-09,10.43415355682373,11.346322570975708,9.856666349678534,10.086348605152407,132882900
2009-03-10,12.796609878540039,12.796609878540039,11.241329050258896,11.385701860214818,149090800
2009-03-11,13.387218475341797,13.721899093684247,12.547236924996424,13.354407165408146,155421000
2009-03-12,15.22468090057373,15.309991058975774,13.124724482676918,13.223159665962742,151894700
2009-03-13,15.585613250732422,15.966230282157133,15.034374618783323,15.48061553528226,120464600
2009-03-16,15.152494430541992,16.583089591410957,15.067183020946363,15.953102168900847,125001900
2009-03-17,16.497779846191406,16.55027869905765,14.614382404402466,15.290304978596426,99884700
2009-03-18,17.790569305419922,17.934940863636836,15.867796442248995,16.287787340095726,142105800
2009-03-19,16.373092651367188,17.987433000092853,16.13684723382835,17.8824353148914,124920200
2009-03-20,15.19186782836914,16.26153353873425,15.19186782836914,16.18278464374645,108922700
2009-03-23,18.93898582458496,19.14241878948261,16.49122272391362,16.602782979181065,146776000
2009-03-24,17.32464027404785,19.22772553586158,17.19339374835093,18.407430056487424,133143000
2009-03-25,18.742109298706055,18.84054449820986,17.0162082956135,17.843066224454105,149452500
2009-03-26,19.096481323242188,19.42459955473545,18.14493795124304,19.06366874908983,133663400
2009-03-27,17.980880737304688,19.162107246619854,17.902133054353456,18.551807071224463,108610200
2009-03-30,16.307470321655273,17.30494967672068,16.261533986510504,16.845583821930457,104860500
2009-03-31,17.442764282226562,17.784007526675637,16.307475557237705,16.884963065660124,84307400
2009-04-01,18.466487884521484,18.558361811703044,16.59621555208419,16.59621555208419,106016900
2009-04-02,18.51251220703125,19.50519323761598,18.019458789754708,19.446026727230823,131840800
2009-04-03,19.24880027770996,19.24880027770996,18.078620055444695,18.394173850022074,80949500
2009-04-06,18.53880500793457,18.998987346178694,18.19695441113648,18.58482311636904,72188000
2009-04-07,17.91427230834961,18.44019539749363,17.756495381606403,17.93399489440484,73652600
2009-04-08,18.032608032226562,18.295569616395248,17.427795761688714,18.045756424909932,66538300
2009-04-09,21.52998924255371,21.75350678843719,19.853608902326727,20.01138577226228,147913000
2009-04-13,22.154531478881836,22.450363996459306,20.91203615895601,21.043516302624134,110196200
2009-04-14,20.18231964111328,21.858700696747604,20.14944866216185,21.720646346850497,109541400
2009-04-15,21.40508270263672,21.674618337519206,19.89962640906955,20.12971814111289,108069400
2009-04-16,21.85211944580078,22.35831853627955,21.273602975227202,22.35831853627955,132956000
2009-04-17,21.865270614624023,22.33860261486472,21.38536567340173,21.92443711465411,104962100
2009-04-20,19.518339157104492,21.313051813802073,19.485468181110328,20.89231460617248,109372200
2009-04-21,21.385360717773438,21.635175049766445,18.979262374345925,19.110742479800884,115629300
2009-04-22,20.971200942993164,22.443786707072306,20.589906425989632,20.80027564172959,124080300
2009-04-23,21.832399368286133,22.187398343656334,20.81342305702611,21.18814336176174,89366500
2009-04-24,21.944164276123047,22.68045665970353,21.201296442766342,22.128236745068342,117098100
2009-04-27,21.54971694946289,22.200548454799215,21.299905065458113,21.385365837870772,67832500
2009-04-28,21.556293487548828,22.16767985418921,21.221015798591676,21.26703391153888,65809900
2009-04-29,22.667308807373047,22.71990237563718,21.85870150380723,21.9836074667355,84731300
2009-04-30,21.694345474243164,23.147208614737433,21.529994372165564,23.015727231515594,94556900
2009-05-01,21.359067916870117,22.20054466196467,21.076383852602696,21.595731370579074,68254100
2009-05-04,23.52851104736328,23.653417017554712,21.628612169833048,21.733796804678335,100918400
2009-05-05,22.89082145690918,23.63368914568137,22.654155467013698,23.30498693922627,63488200
2009-05-06,24.46859359741211,24.55405436738368,23.377302347923923,23.548226395665935,102644800
2009-05-07,23.16693687438965,25.454704351062524,22.831659157786284,25.310074551131716,113228400
2009-05-08,25.599332809448242,25.599332809448242,23.79804570915279,24.19248744428043,110026400
2009-05-11,23.55480194091797,25.099701348972296,23.554801940917972,24.554054468090825,86808000
2009-05-12,23.245830535888672,23.83749325974879,22.39120492955745,23.82434737264515,94148900
2009-05-13,22.384618759155273,23.18665290961187,22.14137983941631,22.811932611598245,82160700
2009-05-14,23.364158630371094,23.41674969103911,22.23342198631596,22.430642852469923,68764300
2009-05-15,22.949983596801758,23.45618519956447,22.614708513308706,23.304982514240283,68301000
2009-05-18,24.494890213012695,24.554056717470658,23.14063856755122,23.47591375428028,71730900
2009-05-19,23.541658401489258,24.77100423721479,23.515361616988322,24.521189800054724,59860600
2009-05-20,22.713319778442383,24.166182789271293,22.52267191517563,24.067573641504698,77073900
2009-05-21,22.94342041015625,23.24582590935135,22.134810585222436,22.47666126127753,65068100
2009-05-22,22.62128448486328,23.20637397843694,22.62128448486328,23.180077201517104,39227200
2009-05-26,24.02155113220215,24.034699517719385,22.430631593790256,22.430631593790256,65462400
2009-05-27,22.785634994506836,24.139888877560345,22.785634994506836,23.99525911600939,76374100
2009-05-28,24.093868255615234,24.10701413456578,22.746187453534354,23.101186372359514,66107300
2009-05-29,24.258224487304688,24.3699820367404,23.456190279640865,23.896650044309435,61932300
2009-06-01,23.738874435424805,24.803868912841413,23.51535682828316,24.586926754385665,90184500
2009-06-02,22.680452346801758,23.35100515190393,22.647582627569058,23.055172663211966,159381700
2009-06-03,22.338600158691406,22.989431587462157,22.121658020966922,22.614711297739152,72136300
2009-06-04,23.239246368408203,23.298412869383174,22.50295408456331,22.614714145426685,70954200
2009-06-05,22.713319778442383,23.508778439633026,22.680450062520183,23.482484171574413,61583800
2009-06-08,23.265539169311523,23.489056745011712,22.71331942392273,22.71331942392273,61615100
2009-06-09,23.18006706237793,23.521917489411784,23.06830957105022,23.482474849083218,58992300
2009-06-10,22.90397071838379,23.449615097824324,22.59498983005307,23.383875657149193,60176100
2009-06-11,22.96970558166504,23.581091787742814,22.706745363568213,23.055168843750753,66560900
2009-06-12,23.094619750976562,23.298413531841305,22.877675071966824,22.917120243004696,41157300
2009-06-15,22.351749420166016,23.03545059253691,22.305731313160162,22.930265989695137,55388500
2009-06-16,22.023046493530273,22.60813598420016,21.944158670960956,22.52924816163084,56344000
2009-06-17,21.516843795776367,22.036193827418952,21.15527190952087,21.977027336373613,65456600
2009-06-18,22.46350860595703,22.555547334496953,21.58916200111866,21.595734942114902,63861500
2009-06-19,23.009151458740234,23.088039275843766,22.213692824466854,22.779060947272228,77009100
2009-06-22,21.608877182006836,23.009148948788006,21.602304242881253,22.805352726719956,70388300
2009-06-23,22.069067001342773,22.41091761342022,21.648328558108666,21.766661558743124,59046500
2009-06-24,21.99675178527832,22.305732672112295,21.740364456968805,22.207121003778376,50429500
2009-06-25,22.443784713745117,22.4700814903268,21.569438208692603,22.009897931341907,57205700
2009-06-26,22.64759063720703,22.838238587100378,22.009907325811916,22.272870188271682,46722500
2009-06-29,22.746191024780273,22.811932968846513,22.378046169204303,22.713321306646524,34914800
2009-06-30,22.42406463623047,22.87109983186429,22.26628647573668,22.74619139003206,39470600
2009-07-01,22.23314094543457,22.759836105419925,22.154137299306925,22.562325734360495,36463700
2009-07-02,21.24558448791504,22.23313875750928,21.24558448791504,21.963207357612735,38352200
2009-07-06,21.462848663330078,21.462848663330078,20.797896450449063,21.087578179870757,60664000
2009-07-07,21.601110458374023,21.989548676388953,21.15341886773034,21.482603713116514,56704900
2009-07-08,21.535266876220703,22.04879682106812,20.929568109837167,21.680108977521314,71784600
2009-07-09,22.134384155273438,22.21997290225967,21.64060697966767,21.653774672394825,41655600
2009-07-10,21.291671752929688,22.167301965134985,21.206083006585224,21.930291032265078,51037400
2009-07-13,22.852006912231445,22.852006912231445,21.350925113365044,21.640606816739794,70454200
2009-07-14,22.845426559448242,23.102190312144145,22.424070400000524,22.733502416886985,52924000
2009-07-15,23.87247657775879,24.208246423741894,23.049514716106483,23.11535317192684,84050100
2009-07-16,23.786890029907227,23.971232680744308,23.187773903206445,23.37211655404353,71465100
2009-07-17,24.28725242614746,24.491347891860155,23.819810645929927,23.977817932336723,61742300
2009-07-20,24.346498489379883,24.649347790457846,24.089734842314662,24.372833866381388,43554400
2009-07-21,24.320167541503906,24.56376605591168,24.096321819184475,24.4913450117083,43509400
2009-07-22,24.247760772705078,24.57694567044054,23.83956969124646,23.96466155973407,40137700
2009-07-23,25.116790771484375,25.327468754718183,24.076566031722756,24.326747078617775,56528800
2009-07-24,24.96537208557129,25.182635242191036,24.62302213029011,25.050960830131842,35328600
2009-07-27,25.10362434387207,25.985839384758258,24.734936598963884,24.998285346966846,30479300
2009-07-28,25.070711135864258,25.149714770665604,24.787612057055814,24.846865411026887,29035900
2009-07-29,24.866609573364258,25.176043958129455,24.649346491768362,24.879777261171252,29931400
2009-07-30,25.327468872070312,25.86074642082941,24.95219855572884,25.10362319991227,38531000
2009-07-31,25.445987701416016,25.445987701416016,24.97196075487763,25.268227596464122,39085700
2009-08-03,26.071428298950195,26.170184717570784,25.66982505821059,25.75541127543638,42957800
2009-08-04,26.47303009033203,26.663957798309617,25.78832538608945,25.854163825812588,43363800
2009-08-05,27.50668716430664,27.783203763396855,26.505964849732845,26.55863563488575,63334100
2009-08-06,26.82855987548828,27.954371233152205,26.47962480838885,27.835864510084363,54175600
2009-08-07,27.888526916503906,28.395471632808153,27.11165085894465,27.177486791356177,65696000
2009-08-10,28.105796813964844,28.45473440349088,27.658105293104796,27.671272986245466,43700600
2009-08-11,27.151165008544922,27.987292239698714,26.953652107724736,27.83586752415587,50698800
2009-08-12,27.789777755737305,27.94778755081569,27.012901495519618,27.118240521745044,43077100
2009-08-13,28.244047164916992,28.309883097761706,27.526424446398256,28.132123065305155,40385300
2009-08-14,27.947786331176758,28.211132629507663,27.51984514310351,28.066293044443796,38413900
2009-08-17,26.815383911132812,27.374999377771104,26.802216222466992,27.13140090467311,39162800
2009-08-18,27.454015731811523,27.572522473289062,27.03265954499405,27.058992423059408,29053600
2009-08-19,27.263086318969727,27.585688543207965,26.993154870721742,27.091911319963057,29394100
2009-08-20,27.928030014038086,28.066289503057728,27.309163653994208,27.342081623196957,29634300
2009-08-21,28.74442481994629,28.843181292657523,28.000466256904225,28.21772949227637,42863600
2009-08-24,28.31646728515625,29.126263871449183,28.27696672781122,28.876082791850717,40385200
2009-08-25,28.691741943359375,29.06042722938508,28.507396788866373,28.56665014004624,34835700
2009-08-26,28.507402420043945,28.823419518267265,28.257221275478575,28.566655782928358,31908400
2009-08-27,28.606149673461914,28.72465636116534,28.00703364628564,28.342800920458785,28975700
2009-08-28,28.25721549987793,28.87608438828451,27.98728412668361,28.843166418183767,27263600
2009-08-31,28.61273765563965,28.704908983121143,27.691021869344382,27.941200469228352,32251100
2009-09-01,27.43425750732422,28.849753021937886,27.361838967617885,28.36256096910375,51475400
2009-09-02,26.900985717773438,27.723947823620737,26.82856465062191,27.32892450592541,35898500
2009-09-03,27.723939895629883,27.816111223290324,27.065570399220643,27.144574035575264,35019600
2009-09-04,27.8753719329834,27.974128388092527,27.513269116718227,27.868789341333915,21880200
2009-09-08,28.007041931152344,28.336226714043704,27.552765323414693,28.171634322598024,28089300
2009-09-09,28.217723846435547,28.35598087138348,27.908289304568434,28.046546329516364,29031600
2009-09-10,28.32305335998535,28.40864208964373,27.78319062487265,28.132125621316693,25112100
2009-09-11,27.98070526123047,28.566653746040537,27.967537569141644,28.39547877184677,27289900
2009-09-14,28.803668975830078,28.869504928896866,27.658104807511304,27.704192988434805,28945000
2009-09-15,28.434980392456055,29.09993505448959,28.01362427589014,28.711496913627784,49985400
2009-09-16,29.396196365356445,29.41594664479195,28.448142768770648,28.5403140881098,38721900
2009-09-17,29.600284576416016,29.699040980849432,29.099924988936607,29.15917832930072,35705700
2009-09-18,29.59369659423828,29.850460185190425,29.42910429116852,29.784624268554214,39492000
2009-09-21,29.330371856689453,29.494964294169733,29.113111145185755,29.32378926424201,24070000
2009-09-22,30.59443473815918,30.607602430943988,29.284278188097474,29.50154135182594,41148100
2009-09-23,29.6661319732666,30.614183193846298,29.61346120527195,30.54834724533343,34427200
2009-09-24,29.211856842041016,30.153325519175723,29.139435788187487,29.76488737608182,42231400
2009-09-25,28.737836837768555,29.152607917816148,28.533741337798418,29.067021669763697,31056100
2009-09-28,29.50153923034668,29.51470692218459,28.764163556306187,28.948508730556522,25826100
2009-09-29,29.547636032104492,29.758314157951684,29.25136913279395,29.55421862476412,23930600
2009-09-30,28.84975814819336,29.554213479761188,28.5929943839839,29.494960110214315,40904000
2009-10-01,27.236751556396484,28.678582688727293,27.230168964986966,28.573243645808773,50562700
2009-10-02,27.592700958251953,27.94865135390588,26.71600859649541,26.907167421700645,43061100
2009-10-05,28.87148666381836,28.95717899646103,27.915694919093607,28.001387251736283,34430200
2009-10-06,29.603160858154297,29.662485930596294,29.04946102020236,29.240619866351025,41695700
2009-10-07,30.123903274536133,30.20300253398463,29.306535878501244,29.398818766944512,36148700
2009-10-08,29.8602352142334,30.61168445247391,29.695443626390478,30.348019420637282,36627700
2009-10-09,30.22277069091797,30.282095752299306,29.715214905734953,29.965696263105382,26034200
2009-10-12,30.37438201904297,30.598496130193148,29.89318844357437,30.565538320583983,24220600
2009-10-13,30.09752082824707,30.34141155527391,29.352662510305848,30.090930274335577,45701900
2009-10-14,31.086278915405273,31.290621349363363,30.73692162254364,31.1060530974104,70368700
2009-10-15,31.086278915405273,31.191745410298577,30.558946440938776,30.558946440938776,36096800
2009-10-16,30.3612003326416,30.901716491238584,30.321649449871142,30.783066357447066,37459000
2009-10-19,30.308467864990234,30.605093219460784,29.959110511124937,30.598500147961428,30415400
2009-10-20,30.34142303466797,30.710557056341244,30.170040908420976,30.196408163080452,30614800
2009-10-21,29.431766510009766,30.598488260109555,29.431766510009766,30.334823336532494,32991600
2009-10-22,30.1304874420166,30.235953937088414,29.55042297638142,29.609745522497203,32388900
2009-10-23,29.814085006713867,30.45347698423652,29.636109842418303,30.12389390543422,27638200
2009-10-26,28.88466453552246,29.800905209967702,28.70668934836466,29.741580147581768,42085500
2009-10-27,28.937395095825195,29.438360265254765,28.78578466799799,28.996720150121266,38075200
2009-10-28,28.133220672607422,28.878079369473753,28.014570525689948,28.82534485327926,45679500
2009-10-29,29.234020233154297,29.266980555073143,28.185945864930908,28.48916423075543,35898600
2009-10-30,27.53338050842285,28.983547074403198,27.5070132492457,28.97036344481462,58853300
2009-11-02,28.067291259765625,28.245263878230308,27.368574350406263,27.803623837304272,44598100
2009-11-03,28.146385192871094,28.317767225110426,27.671784927410762,27.74429358069147,29387800
2009-11-04,27.823400497436523,28.79896602439272,27.764075447813283,28.482566597908477,42548800
2009-11-05,28.91761589050293,28.957166761439268,27.9486434404941,28.08047464791036,32893300
2009-11-06,28.660551071166992,28.798975393816313,28.284826472821724,28.436434423511926,27140000
2009-11-09,29.234020233154297,29.260387484881566,28.541896219690443,28.957171633576564,38845500
2009-11-10,29.11536979675293,29.214245732389983,28.70668745752412,29.095595615433314,30980200
2009-11-11,29.214256286621094,29.655899106960838,28.858305807156892,29.227439917103517,32669300
2009-11-12,28.541902542114258,29.43177862613288,28.34415313939459,29.056054006609486,34649600
2009-11-13,28.278228759765625,28.535303155205792,27.922278436301106,28.44961085188597,36650700
2009-11-16,28.370515823364258,28.74624038231726,28.18594756466267,28.508940131500697,43516700
2009-11-17,28.449609756469727,28.469383935505498,28.040927464442163,28.291408780625943,25859700
2009-11-18,28.594629287719727,28.673728524411292,28.304594562318325,28.4364282998172,20422300
2009-11-19,28.04751968383789,28.46279506986917,27.85636089341658,28.410060569951835,26878000
2009-11-20,27.988201141357422,28.172769419496547,27.783861192927596,27.99479421264093,25328200
2009-11-23,28.528711318969727,28.76601154487189,28.146396244086887,28.311187788239014,29810700
2009-11-24,28.001386642456055,28.5287192270134,27.84318812434891,28.51553559808445,31881800
2009-11-25,27.790449142456055,28.12662282529767,27.645431762063353,28.12662282529767,26123800
2009-11-27,27.243337631225586,27.61906212790644,26.861020065048294,27.01262797471607,26230100
2009-11-30,28.00796127319336,28.113427720663662,27.348795347874336,27.39493676148519,38240600
2009-12-01,27.83000373840332,28.152993837556345,27.43450242485344,28.087078209224718,39211100
2009-12-02,27.638830184936523,27.78384750750358,27.335614432767866,27.78384750750358,32519700
2009-12-03,27.289478302001953,28.403468136643845,27.230153250777285,27.882726299729445,53314400
2009-12-04,27.513595581054688,28.021151292223433,27.17082888911529,27.849769203513357,61485000
2009-12-07,27.190608978271484,27.658616432352137,27.065368290629,27.441092868076257,32949600
2009-12-08,27.16423988342285,27.289483077100574,26.781924775481517,27.032406133797704,41878900
2009-12-09,27.151052474975586,27.36198543918585,26.76214435074054,27.19060334870974,42492800
2009-12-10,27.20378875732422,27.394947554463325,26.801696982141767,27.263113814556373,36380900
2009-12-11,26.999446868896484,27.190605669817455,26.861022570789363,27.019223564711425,46616100
2009-12-14,27.53338050842285,27.638847030611227,26.828072669815544,27.032412642137892,35340800
2009-12-15,26.93353843688965,27.48723829148504,26.775337400782323,27.35540451381563,40244400
2009-12-16,27.263111114501953,27.487227695792125,26.946711678772164,27.1378679424603,43562800
2009-12-17,26.54462242126465,27.10491266953172,26.491887919794163,27.065364307948286,44272800
2009-12-18,26.992855072021484,27.151053544149196,26.393013959955198,26.716003974018918,48126800
2009-12-21,27.61906623840332,27.84318285877128,27.35539873872821,27.388356547557688,35991900
2009-12-22,27.64542007446289,27.75088652983709,27.480628580783293,27.684970938172707,24754800
2009-12-23,27.394948959350586,27.64543031204777,27.322440272957348,27.579514695973682,24503600
2009-12-24,27.612464904785156,27.61246490478516,27.361981106504043,27.474040640413573,7956500
2009-12-28,27.50041389465332,27.77067192846619,27.394947406202434,27.58610368778756,13039900
2009-12-29,27.34880828857422,27.55314821281931,27.329031591584314,27.507006777375604,15593000
2009-12-30,27.37516212463379,27.43448716293751,27.1774128351276,27.203780077600065,15501800
2009-12-31,27.467449188232422,27.770667494318307,27.32243436134164,27.434491387326293,20143100
2010-01-04,28.279205322265625,28.37160157669859,27.500454514828483,27.579651304342455,35460500
2010-01-05,28.826963424682617,28.93255659586117,28.23300026334089,28.239601252655678,41208300
2010-01-06,28.985347747802734,29.097541892136295,28.582775571477214,28.675169268258134,27729000
2010-01-07,29.559532165527344,29.7773170902804,28.78078118845193,28.899573881059435,44864700
2010-01-08,29.48692512512207,29.500124587891037,29.09095131221351,29.282337228513256,33110100
2010-01-11,29.387929916381836,29.823502110234834,29.242740863457545,29.777305250094372,31878700
2010-01-12,28.701576232910156,29.137148438086385,28.338597297313193,29.031555252514575,47109600
2010-01-13,29.203144073486328,29.387931524157672,28.292401248317194,28.74117292926777,39622000
2010-01-14,29.4935302734375,29.559527602220466,29.104154845010346,29.170152173793316,37938300
2010-01-15,28.826963424682617,29.321931886620792,28.602577621235717,29.236136648307035,69738500
2010-01-19,28.562986373901367,28.87316749315505,28.312204103161346,28.642183160225976,41731500
2010-01-20,28.642183303833008,28.82697077110276,28.186810591574794,28.38479752329816,39934400
2010-01-21,26.754703521728516,28.477194664908062,26.609511925739284,28.404598866913446,137547700
2010-01-22,25.843965530395508,27.190280993835124,25.61957961982224,26.827304451962746,106634900
2010-01-25,25.876956939697266,26.325728656781617,25.632773143429144,26.239933397401856,56572200
2010-01-26,25.368785858154297,26.292728110494384,25.263192673676013,25.73836326259835,52975300
2010-01-27,25.956138610839844,26.0617317464563,25.124590465013704,25.309377822957764,66314300
2010-01-28,26.055147171020508,26.424724637237585,25.55358009029925,26.187139303065216,65047400
2010-01-29,25.698772430419922,26.299334315759083,25.606378681527875,26.167344684508066,53649000
2010-02-01,26.154136657714844,26.352123557331772,25.705365009228462,25.804357200266917,37408200
2010-02-02,26.761293411254883,26.847088646595573,26.200330180846635,26.26632496646889,45968500
2010-02-03,26.589710235595703,27.124274640786556,26.510513457571754,26.781098672843363,37373300
2010-02-04,25.309391021728516,26.345524992036612,25.309391021728516,26.25973225541561,57211800
2010-02-05,25.276382446289062,25.659159166741325,24.438235764386924,25.50076819197577,75224100
2010-02-08,24.88042640686035,25.26980187315822,24.629641568175053,25.26980187315822,58321000
2010-02-09,25.335783004760742,25.540370857059504,24.972806668618695,25.203790923198298,45173500
2010-02-10,25.6525821685791,26.068356663310606,25.421597736806866,25.50079203947999,39331800
2010-02-11,25.751548767089844,25.982532946203126,25.315976802519987,25.63275618424909,33830600
2010-02-12,25.70535659790039,25.85714658852252,25.315981398464764,25.520566703523677,38051100
2010-02-16,26.444530487060547,26.490727369465393,25.57338567951021,25.95616272519753,46425300
2010-02-17,26.424720764160156,26.6953034622992,26.239930799366064,26.56990982234247,34644100
2010-02-18,26.66890525817871,26.73490005754441,26.246532500141708,26.35872416257144,31809500
2010-02-19,26.41811752319336,26.860290685431792,26.332324797157494,26.470915370790756,40290200
2010-02-22,26.95928192138672,27.256263509785295,26.563308148548522,26.662302850527997,43898900
2010-02-23,26.319120407104492,27.223261978823455,26.23992365053768,26.99227773268559,52233100
2010-02-24,26.95928192138672,27.038478689986242,26.398318656942628,26.43131605175584,44645000
2010-02-25,26.820693969726562,26.853691367759552,26.200334327070006,26.503914417037677,46718100
2010-02-26,27.698436737060547,27.92282254699951,26.794292507798936,26.8536888256516,67699100
2010-03-01,27.60605239868164,27.837036759023515,27.328868648730683,27.73804202313945,34606800
2010-03-02,27.467449188232422,27.98221810142454,27.295861228861572,27.705034453161122,33891600
2010-03-03,27.408044815063477,27.757824137848644,27.282653747673503,27.48724155845203,27562500
2010-03-04,27.66543960571289,27.771035308101517,27.493851624411587,27.658841133083655,25450700
2010-03-05,28.252811431884766,28.292407312635664,27.84363553549338,27.929430806354897,34790800
2010-03-08,28.107614517211914,28.397995163920772,28.02842025311682,28.279202509007998,28524900
2010-03-09,27.99541664123535,28.259400843439014,27.75123289059792,27.975618707209055,37107100
2010-03-10,28.331998825073242,28.701576233350306,28.2528045652782,28.292400436405657,40903700
2010-03-11,28.496992111206055,28.5101915758444,28.246207318158433,28.318803114899097,30119600
2010-03-12,28.47719955444336,28.734582869678444,28.27921006499397,28.602590715892497,31367300
2010-03-15,28.424392700195312,28.51678642337505,28.114211614486084,28.325397986765516,29142000
2010-03-16,28.536592483520508,28.628986224853975,28.173613474652395,28.60918576775349,28553800
2010-03-17,28.899559020996094,29.110745362031178,28.556380587429135,28.582779509443462,32918800
2010-03-18,28.800567626953125,28.89956233709619,28.477189606560568,28.873163412052698,26012000
2010-03-19,28.6751766204834,28.965557244467462,28.463990254396798,28.675176620483402,37014400
2010-03-22,28.86656951904297,28.899566921812113,28.404598327653588,28.424396265806983,23257200
2010-03-23,29.420927047729492,29.526520220565125,28.892958666011488,28.939155521780837,33735700
2010-03-24,29.658517837524414,29.678318293606726,29.17015022486288,29.32853876827832,35849200
2010-03-25,29.658517837524414,30.391071774057227,29.62552043410791,29.684916767273826,45019400
2010-03-26,29.7113094329834,30.28547218750944,29.55951939523697,29.724508895075257,39727000
2010-03-29,29.605712890625,29.94889131340889,29.341728713855947,29.863096078327995,30628400
2010-03-30,29.420927047729492,29.73110557681802,29.275735491003058,29.63211339340076,30296300
2010-03-31,29.533126831054688,29.69811636642371,29.20314776031665,29.2427461551198,39043000
2010-04-01,29.850250244140625,29.936141443543757,29.724718891440382,29.751144820186582,23894600
2010-04-05,29.95596694946289,29.995609630300542,29.59258452969739,29.916324268625242,21342400
2010-04-06,30.28631019592285,30.352378799680903,29.830430781138656,29.883285160073964,28192100
2010-04-07,29.94275665283203,30.42506465806261,29.744548263338924,30.279713183291086,28890100
2010-04-08,30.233463287353516,30.372211433664177,29.605803783173368,29.837046493096945,28869900
2010-04-09,30.37881088256836,30.53737907905006,30.02864270413108,30.31274227090864,22881200
2010-04-12,30.484527587890625,30.70255858173364,30.32596188360155,30.411850589942954,24645900
2010-04-13,30.30614471435547,30.64310130701166,30.29293048323592,30.41846441869316,27988900
2010-04-14,31.535036087036133,31.667175859448015,30.90737405834708,31.317007604859572,72533100
2010-04-15,31.587886810302734,31.845557929784945,31.37646422404266,31.4821755171727,45412100
2010-04-16,30.09470558166504,31.548237444432505,29.823820292904028,31.495380548891088,121203900
2010-04-19,29.989004135131836,30.193820891918154,29.460447608343635,29.883292829774195,72136600
2010-04-20,30.312747955322266,30.491136264683043,30.10132533393685,30.240070956654193,39310700
2010-04-21,29.962574005126953,30.649698711750037,29.73133132518466,30.418456031807743,46320600
2010-04-22,29.55956268310547,29.81062553984252,29.090466250029092,29.671879878957757,63176900
2010-04-23,29.691694259643555,29.777585494308845,29.23581466707852,29.552948625431153,32483800
2010-04-26,28.99795913696289,29.60580102118685,28.89224783366606,29.585978419073754,42889300
2010-04-27,28.020122528076172,29.31508632669529,27.947445551153194,28.727067179381287,66296100
2010-04-28,28.713850021362305,28.879024035549186,28.264576501145548,28.30421917187836,48578900
2010-04-29,29.070634841918945,29.288665813004297,28.80635533521358,28.997957851557164,36520300
2010-04-30,28.13245964050293,29.103681832089187,27.90121434128162,29.083861742574346,54121100
2010-05-03,28.760114669799805,28.892254459312547,28.337269359644523,28.39012628359236,31230900
2010-05-04,28.059770584106445,28.64778984418963,27.914416602384783,28.390118709578452,48982200
2010-05-05,28.165485382080078,28.654399257110686,27.498180674336457,27.8219229864701,43062100
2010-05-06,26.963014602661133,28.26458448842213,25.95875601016924,28.165481564117812,78226200
2010-05-07,26.92997932434082,27.64353251811482,26.28249727092902,27.108367622784318,72976300
2010-05-10,27.71620750427246,28.60814641151194,27.366036786613698,27.960664405010757,66578300
2010-05-11,27.451932907104492,28.11262925875734,27.187655878657296,27.392470134641474,50771200
2010-05-12,27.544429779052734,27.610500925918572,26.96301880877264,27.577466612663926,47700000
2010-05-13,26.963014602661133,27.484962719518634,26.943192001515346,27.37925142138034,35320800
2010-05-14,26.35517120361328,26.49391680172214,25.90589758276515,26.49391680172214,60719400
2010-05-17,26.322139739990234,26.454279499278236,25.61519492620914,26.38160250565202,56506200
2010-05-18,25.78036880493164,26.837481830719998,25.469840750950446,26.837481830719998,61735000
2010-05-19,26.018220901489258,26.203215058276925,25.45002168237701,25.463235910769896,64600500
2010-05-20,24.994144439697266,25.932332058540826,24.650582031001193,25.469844103743938,76564100
2010-05-21,26.460878372192383,26.533555346645013,24.458969990314706,24.458969990314706,89588800
2010-05-24,25.516084671020508,26.593020103909513,25.436801838522143,26.533557349446788,49141600
2010-05-25,25.727516174316406,25.77376471936777,24.67700882748737,24.88843146782407,66813700
2010-05-26,25.621797561645508,26.097499627186615,25.41698335481439,25.89268289999954,50719600
2010-05-27,26.70534896850586,26.751600038161463,26.03144081576574,26.150366376921504,44843000
2010-05-28,26.150360107421875,26.65909402773953,26.005006118556082,26.645882319984736,41252400
2010-06-01,25.463239669799805,26.40142734098805,25.436811209112513,25.97858205141832,37848600
2010-06-02,26.13052749633789,26.17677601683408,25.549114283928915,25.879462299104755,39618500
2010-06-03,25.83321189880371,26.38819662472877,25.516078129754412,26.33534225673147,30950400
2010-06-04,24.855396270751953,25.568949546832737,24.776113413528506,25.430203916602558,52868900
2010-06-07,24.260766983032227,25.192348589976444,24.221124300905775,24.96771176530555,44528300
2010-06-08,24.961103439331055,24.974317666731892,24.148447356850838,24.35326410102956,51017900
2010-06-09,24.525049209594727,25.21217405779678,24.452372203679186,25.205568202875686,42586000
2010-06-10,25.29804801940918,25.350902383757,24.716634889453292,24.89502309479277,44302600
2010-06-11,25.16591453552246,25.218768912907528,24.789317960364777,24.967706209706144,31147600
2010-06-14,24.66379737854004,25.284851076050703,24.59772622751335,25.086642663684042,48662200
2010-06-15,25.271638870239258,25.291458956956607,24.617548284640733,24.809150857431472,45355600
2010-06-16,25.45001220703125,25.687863188835674,25.09984410623886,25.119664181270753,37217100
2010-06-17,25.397165298461914,25.701087517123824,25.053602914151014,25.502876607453235,34755100
2010-06-18,25.886070251464844,25.94553299404744,25.357513939816936,25.50286535029805,37270800
2010-06-21,25.6812686920166,26.282502322921445,25.542523051120895,26.130542451413273,33665100
2010-06-22,25.324481964111328,26.150352064370285,25.25180499203165,25.720898604093414,42245700
2010-06-23,25.69447135925293,25.839825310219094,25.119666448254556,25.298054700706945,45046000
2010-06-24,25.126277923583984,25.568945727704993,24.72325280233173,25.469840280711214,73843400
2010-06-25,26.05785369873047,26.163564975628447,25.291446311131207,25.621794366481847,70734200
2010-06-28,25.463239669799805,26.190004696203186,25.41699112377541,26.130541919835146,39962900
2010-06-29,24.485401153564453,25.046991894188984,24.366475640432405,25.046991894188984,56694200
2010-06-30,24.188095092773438,24.76950861810659,24.122023941964727,24.458980510197403,35332500
2010-07-01,23.870515823364258,24.274089477020073,23.26184285236777,24.17485104696135,56642900
2010-07-02,23.70511817932129,24.274091794532033,23.380933219719818,24.022685728672357,36796000
2010-07-06,24.03592300415039,24.39980240541782,23.724970276836725,24.274096822646904,35953600
2010-07-07,25.240022659301758,25.29956671696367,24.088838385772082,24.24100597228544,44602900
2010-07-08,25.246639251708984,25.683294862831232,24.578424802795418,25.65683027456878,41498200
2010-07-09,25.703155517578125,25.729620119715232,24.929084833593024,24.975396625431276,30422300
2010-07-12,25.9280948638916,26.027335841921804,25.53775088680395,25.70976824554924,24998900
2010-07-13,26.781553268432617,26.92048858786755,26.291970945527897,26.338282718672875,48564800
2010-07-14,26.695554733276367,26.71540444629741,26.358139897558328,26.56323677342039,37320600
2010-07-15,26.768329620361328,27.019738272797547,26.007491298756296,26.940346996587277,81876200
2010-07-16,25.802385330200195,26.69554381287852,25.70976178666938,26.649232041113113,58507400
2010-07-19,25.828861236572266,26.04057300705209,25.220188003590238,25.822243824105367,35404900
2010-07-20,26.219200134277344,26.22581502164097,25.326038912014866,25.352503509075138,43538200
2010-07-21,25.418663024902344,26.62939186653285,25.36573635344577,26.62939186653285,41115600
2010-07-22,26.033960342407227,26.199360350996354,25.623769027771264,25.7759367328168,35494400
2010-07-23,26.351520538330078,26.437526692884138,25.782544321789054,25.914862259196184,28241000
2010-07-26,26.68231201171875,26.702159191307857,26.13318315426737,26.33166252156468,27209400
2010-07-27,26.920499801635742,27.28438177621085,26.86757312048153,26.953581816635953,44872200
2010-07-28,26.67569923400879,27.059428264700603,26.56322849840758,26.755090489950966,23945400
2010-07-29,26.60292625427246,27.013119930480165,26.404446827225133,26.93372614061896,28994300
2010-07-30,26.649234771728516,26.92049054434969,26.27874055964254,26.27874055964254,26406500
2010-08-02,27.549020767211914,27.588717671704817,26.946964929988532,27.112364913003784,35566700
2010-08-03,27.178516387939453,27.555628008104705,27.0395785354029,27.456387045407524,29967900
2010-08-04,27.317455291748047,27.390231670743326,27.032967186840786,27.271143509442478,23078100
2010-08-05,27.30422019958496,27.410076051709584,27.085891084938964,27.105740792326614,19830500
2010-08-06,26.755090713500977,27.09250797072891,26.444140573544946,26.953572640718605,34906600
2010-08-09,26.344911575317383,26.83449668165098,26.23905567716467,26.827879268376858,37790900
2010-08-10,25.914865493774414,26.28536232664563,25.908250605599566,26.245665426186974,34166500
2010-08-11,24.988622665405273,25.65683729721892,24.975390367652174,25.57083114752789,46201600
2010-08-12,25.015087127685547,25.134175283026448,24.624743179357644,24.717366739333293,35387300
2010-08-13,24.809995651245117,25.16726019433583,24.809995651245117,25.008475111694423,24564100
2010-08-16,24.93569564819336,25.02170432918504,24.66443983011463,24.69090442792791,28334100
2010-08-17,24.79676055908203,25.18710454766872,24.743833886695572,25.120945576234902,33883800
2010-08-18,25.068017959594727,25.266497410205464,24.73721803397579,24.73721803397579,27041700
2010-08-19,24.525495529174805,25.12093614371237,24.479183761799884,24.915839371193425,35384700
2010-08-20,24.571813583374023,24.71736633167963,24.353486984718298,24.551966399078783,30862000
2010-08-23,24.399808883666992,24.750456078593484,24.373344277762122,24.618135572872855,29282800
2010-08-24,23.956531524658203,24.280716582767166,23.76466694993664,24.20794019071393,48709200
2010-08-25,23.969758987426758,24.10869433122994,23.599262213482135,23.784511862355842,36058000
2010-08-26,23.572799682617188,24.22778201854931,23.56618227182036,24.055767194872992,31873200
2010-08-27,24.214553833007812,24.274097921277633,23.51987448572868,23.731586238731783,38448800
2010-08-30,23.71834945678711,24.214549257337488,23.70511968305214,24.082231329566213,27306500
2010-08-31,24.055763244628906,24.241010335676346,23.63895476596984,23.777890084255418,34784400
2010-09-01,24.96877098083496,25.008465343137846,24.254242173755628,24.307171355229187,36770500
2010-09-02,25.246639251708984,25.273103839971437,24.803368755422152,25.034927593213478,31282900
2010-09-03,25.914865493774414,25.914865493774414,25.451747607439383,25.451747607439383,34135600
2010-09-07,25.32603645324707,25.696533204712672,25.28634208531326,25.623756831763835,31885500
2010-09-08,25.881784439086914,26.08688129334065,25.365737383368348,25.365737383368348,30781000
2010-09-09,26.530149459838867,26.675702215167966,25.88178199561359,26.417678711668422,33438800
2010-09-10,26.305200576782227,26.629385510865795,26.245656508228194,26.411056418233574,21928600
2010-09-13,27.204984664916992,27.43654612277992,26.88741704514789,26.88741704514789,41643200
2010-09-14,26.94034767150879,27.277762496707883,26.768330290973385,27.105747639975707,42754100
2010-09-15,27.11236572265625,27.218221613995034,26.688942157301124,26.801412937684535,25399500
2010-09-16,27.118986129760742,27.191760012500882,26.827880503584947,26.940353820190268,25207500
2010-09-17,26.503681182861328,27.178513085312662,26.457369412244276,27.145431085898583,45938300
2010-09-20,27.251304626464844,27.33069844807568,26.483848684187098,26.62278661010413,33337500
2010-09-21,26.854339599609375,27.456395397740224,26.774948319582034,27.330692327379992,33548900
2010-09-22,26.424301147460938,27.01974211317732,26.298598065277933,26.74848623408508,34546000
2010-09-23,25.868549346923828,26.265510713222547,25.79577549404836,26.219198932391443,33471100
2010-09-24,26.298587799072266,26.33166727896468,26.00086743243547,26.139802762265127,28855100
2010-09-27,25.855323791503906,26.245665286827013,25.80900947931313,26.159659121994725,25684900
2010-09-28,25.769311904907227,26.06703231031134,25.544367879024435,26.040567713430338,31442600
2010-09-29,25.41204833984375,25.723001054963277,25.180489418245994,25.66345697172343,40207000
2010-09-30,25.18048858642578,25.76931198801124,25.11432709400991,25.46497669430685,54885200
2010-10-01,25.676692962646484,25.861940126561027,25.33266071265996,25.365740202815655,38973800
2010-10-04,25.802560806274414,26.19340841897447,25.6435708760832,25.82243359990111,38886100
2010-10-05,26.25965118408203,26.378892992854073,25.88205296532358,26.074165049129547,42379500
2010-10-06,26.43189811706543,26.54451400954192,26.113918183704047,26.20666380505266,31559900
2010-10-07,26.180164337158203,26.710126666440814,25.96817940544516,26.571012028827827,26923900
2010-10-08,26.041030883789062,26.352382105806957,25.921789129975267,26.27951186435876,28178500
2010-10-11,26.319271087646484,26.438512891884216,26.10066279791662,26.18015649172212,24601000
2010-10-12,26.76310920715332,26.822730093821537,26.147027553934524,26.147027553934524,38798100
2010-10-13,26.392135620117188,26.97509514437905,26.21989889982035,26.93534704259128,69607700
2010-10-14,25.650190353393555,26.087409392278282,25.239467523639284,26.001289763193217,76504900
2010-10-15,24.610132217407227,25.795921275572326,24.20603544602504,25.74954976348498,142280400
2010-10-18,25.30571174621582,25.345457319329086,24.517390852025283,24.610136419092292,55058700
2010-10-19,24.96785545349121,25.603812325201503,24.841990279151034,25.106972519618484,70595100
2010-10-20,25.239469528198242,25.371960692607487,24.815499823735678,25.173225209523007,43497200
2010-10-21,24.974491119384766,25.43820895715148,23.987434542894764,25.299091836880226,38250300
2010-10-22,24.974491119384766,25.034112020341325,24.72275814567273,24.841999947585855,24876900
2010-10-25,24.55714225769043,25.219595520702438,24.510770731444282,25.153351205224695,37893500
2010-10-26,24.643266677856445,24.683012264042535,24.36503493925809,24.497526123016396,39188100
2010-10-27,24.86849021911621,24.928111099770614,24.510764935189776,24.550513031312065,30777500
2010-10-28,24.848623275756836,25.146727779421035,24.72938400135006,24.97449102567,30614600
2010-10-29,24.928117752075195,25.00098801754982,24.722756324561143,24.80887595894558,19803300
2010-11-01,24.789003372192383,25.173227531717444,24.5770185004058,24.914871127168734,36941900
2010-11-02,24.484272003173828,24.88836889808485,24.398154898433738,24.861870161060832,39913100
2010-11-03,24.987735748291016,25.060606005307523,24.484269896390664,24.497519263762612,35299600
2010-11-04,26.36563491821289,26.398757070368614,25.080476714339994,25.26596278805862,77569400
2010-11-05,27.12082862854004,27.38581087569231,26.352383144268035,26.425253388587812,75684800
2010-11-08,26.835979461669922,27.293073811541507,26.637243996405928,27.067839610360036,32967000
2010-11-09,26.43189811706543,26.94861108642305,26.31927969752915,26.782997696033064,32800100
2010-11-10,26.90885353088379,26.922102900717988,26.22652741030546,26.41201353386643,35587900
2010-11-11,26.511381149291992,26.789610319995408,26.398762775155774,26.67699447291796,25499700
2010-11-12,26.239770889282227,26.670363940459982,26.087406960983174,26.40538418444098,33504800
2010-11-15,26.551130294799805,26.922102536908636,26.30602074676776,26.378891016341672,28772500
2010-11-16,26.239770889282227,26.478254438640164,25.862172778484936,26.32589051034111,46023000
2010-11-17,25.954912185668945,26.286138729613615,25.82242106267948,26.219894431647873,32027500
2010-11-18,26.272899627685547,26.498133866634298,26.074164129097582,26.21327872540326,30987600
2010-11-19,26.107282638549805,26.259646583719807,26.00791363962829,26.107282638549805,26542000
2010-11-22,25.511070251464844,25.90191771957882,25.312334807538374,25.87542151356469,33249500
2010-11-23,24.928117752075195,25.318965290209213,24.90824243518111,25.179848180185513,35340400
2010-11-24,25.279216766357422,25.332214241122195,24.90161860336382,25.06060850059945,24248300
2010-11-26,24.841997146606445,25.15997440683597,24.841997146606445,24.98111172413337,12819100
2010-11-29,25.113603591918945,25.23284538376289,24.583641476534034,24.82212506022192,30911400
2010-11-30,24.7757625579834,25.034119025402312,24.669770096297185,24.835383475623118,33716700
2010-12-01,25.272592544555664,25.299088754039598,24.94136591894974,25.140101388901574,33157200
2010-12-02,26.041030883789062,26.087402396154662,25.391827183612776,25.458071479261378,41526000
2010-12-03,26.239770889282227,26.27951646280299,25.636938595986695,25.882045565245317,30070200
2010-12-06,26.43189811706543,26.531264635063547,26.034424463893593,26.15366630713917,25364500
2010-12-07,26.001300811767578,26.80286896915196,25.994677388435154,26.729998677197077,40908200
2010-12-08,26.670368194580078,26.716742249515203,25.875426272665642,26.074161753144253,38115900
2010-12-09,27.03472137451172,27.2268309201264,26.87573146300901,26.941975785350774,43001900
2010-12-10,27.4454288482666,27.49180035754845,27.00820995571079,27.087703610614284,28449000
2010-12-13,27.498430252075195,27.816410000692848,27.266572651060574,27.53817835241698,35730400
2010-12-14,27.021474838256836,27.491816146559184,26.809489952062556,27.452068032750567,34010800
2010-12-15,26.637245178222656,27.1605838640484,26.537878704711336,26.981721179257626,30264000
2010-12-16,26.504762649536133,26.94860779565321,26.37889739795103,26.77636847552677,37123200
2010-12-17,26.279512405395508,26.544494647561095,26.186769378754935,26.53787122868303,52004800
2010-12-20,26.465023040771484,26.677008000341722,26.29278368170813,26.385529312697656,22978200
2010-12-21,27.160579681396484,27.319569552412737,26.484877151929386,26.604118923427006,30757800
2010-12-22,27.929035186767578,28.180768185838048,27.26658178809941,27.273205210180056,47280400
2010-12-23,27.87603187561035,28.001897073899226,27.703792628416725,27.922403397456694,18927900
2010-12-27,28.266881942749023,28.27350789109996,27.690548262102133,27.703797631745136,17203200
2010-12-28,28.22713279724121,28.564982835778657,28.13438974850774,28.286753689578237,20386600
2010-12-29,28.0615234375,28.333129201469575,28.021775327995094,28.20726397862574,13637400
2010-12-30,27.97540283203125,28.134392737507262,27.85616103468894,28.02840030954286,12901900
2010-12-31,28.101261138916016,28.121136451623865,27.849530763826404,27.895902281714395,12199700
2011-01-03,28.869707107543945,29.17443492490261,28.45898436895651,28.485483099263703,43278500
2011-01-04,29.287538528442383,29.38038811024616,28.743703095053387,29.035516427859733,40036800
2011-01-05,29.645671844482422,29.81147537545832,29.115101051351775,29.128363107464075,50032500
2011-01-06,29.49977684020996,29.712005250358345,29.347237828538447,29.44672100265397,31606200
2011-01-07,28.94267463684082,29.572728792914646,28.286093828797878,29.539568580481717,69579400
2011-01-10,28.783491134643555,29.02887962776106,28.5182044994089,28.697272598698166,30098100
2011-01-11,28.916141510009766,29.194692822361354,28.7967627375679,28.982464455789522,28067100
2011-01-12,29.65229606628418,29.778308340076677,29.34721824650538,29.473227990337357,44296900
2011-01-13,29.479869842529297,29.82474150844184,29.294168157831013,29.80484336331913,42133000
2011-01-14,29.784944534301758,30.468054234056606,29.47986666159192,29.519657887621314,86983800
2011-01-18,29.678831100463867,30.12318333496103,29.513027574762955,29.857899211816182,46237700
2011-01-19,28.989089965820312,29.824741213804124,28.91613600433397,29.546189954489115,44989200
2011-01-20,29.678831100463867,29.8380035983196,28.92276742806146,29.06867534026579,46977700
2011-01-21,30.036968231201172,30.202771761914413,29.745152397970767,29.877795728533577,44767400
2011-01-24,29.857887268066406,30.162965026128262,29.751773155264022,29.983896986406734,27826800
2011-01-25,29.758426666259766,30.129827606682863,29.353865514897194,29.72526645532029,36022400
2011-01-26,29.831390380859375,30.162997658365544,29.75843637501398,29.97729839255017,25639400
2011-01-27,29.910953521728516,30.096655181557352,29.639035854438653,29.83136854177953,26740900
2011-01-28,29.539569854736328,30.428277248070216,29.446720243934035,29.877808084082126,38593900
2011-01-31,29.80483055114746,29.910944669662214,29.44669698238527,29.453328007934875,23574500
2011-02-01,30.461423873901367,30.50784865859365,29.95074871232524,29.977277883566835,28255500
2011-02-02,30.143077850341797,30.4945804729327,30.0701239030205,30.368570719352743,24104900
2011-02-03,30.14971351623535,30.342046219681922,29.73852146711183,30.162978102331092,23322400
2011-02-04,29.572723388671875,29.95738633653062,29.38039064976171,29.844641128869778,38172900
2011-02-07,30.176254272460938,30.34205786736457,29.612523061773423,29.678843487750044,36790900
2011-02-08,30.335430145263672,30.38848598583905,30.050247728529246,30.16962653227679,28649500
2011-02-09,29.917591094970703,30.176244211993996,29.612513189248933,30.083394634597045,33491000
2011-02-10,30.196144104003906,30.2027776633068,29.811481153168756,29.910961773057792,22688600
2011-02-11,30.88587760925293,31.09810589944202,30.109918397616706,30.109918397616706,40812800
2011-02-14,30.865989685058594,31.104747203475807,30.819564893139848,30.905780918153855,28699200
2011-02-15,31.051706314086914,31.39657819795951,30.866007041987377,30.879271637132035,35972900
2011-02-16,31.79448699951172,32.07303827175254,31.2373869849914,31.270549718086762,44327800
2011-02-17,31.714900970458984,31.82764869338692,31.50267264137713,31.68174076840768,22932600
2011-02-18,31.83427619934082,31.920494739103106,31.535829353979807,31.714897461196415,23844300
2011-02-22,30.514490127563477,31.35014159788138,30.40837593624903,31.303716797303927,44561900
2011-02-23,30.4813289642334,30.839465297459242,30.036976592608664,30.534387323212844,36264800
2011-02-24,30.448162078857422,30.547645215150535,29.983911659424983,30.262462923068945,31926900
2011-02-25,30.958833694458008,31.078212432171316,30.587432896020946,30.67365143547188,26782100
2011-02-28,30.9654598236084,31.29043578707704,30.786391745365748,31.04504732280106,25985300
2011-03-01,30.24256706237793,30.965470654827598,30.235936033439394,30.81956524852682,33682600
2011-03-02,29.983922958374023,30.487967328256804,29.891073345490934,30.103301754927198,28600000
2011-03-03,30.5609188079834,30.726722397358404,30.315527674135744,30.322161234489464,23043600
2011-03-04,30.189504623413086,30.534376241733902,29.910953399785896,30.494582486941194,27716900
2011-03-07,29.970651626586914,30.275732110260428,29.68546929117227,30.25583396200156,28110800
2011-03-08,30.77314567565918,30.965475907036126,30.043608400569088,30.096666760922638,32941500
2011-03-09,30.879255294799805,31.237389054317887,30.52111900532023,30.72671632630921,25174700
2011-03-10,30.196144104003906,30.67365917534839,30.017075952249726,30.560913966815164,33783700
2011-03-11,30.335430145263672,30.401750578473486,30.010453950625944,30.030349574596418,20337600
2011-03-14,30.043598175048828,30.202770671972285,29.59924594315423,30.12318315853005,24508900
2011-03-15,29.585983276367188,29.838005358690367,29.081939111720835,29.546189517065265,35606000
2011-03-16,29.055418014526367,29.69873413461416,28.95593486226412,29.605884541815612,41962900
2011-03-17,29.552820205688477,29.585980403572975,28.783491976947797,29.48649727995855,46741800
2011-03-18,30.335430145263672,30.627243593334143,29.67884672465218,30.003822919289906,77421000
2011-03-21,30.262468338012695,30.720085280928874,30.056871000200772,30.693556102508943,28985300
2011-03-22,30.156354904174805,30.315524918728983,30.07676736693595,30.282364709860342,19756600
2011-03-23,30.24256706237793,30.302256442670526,29.69210058186751,30.03697227578456,26688900
2011-03-24,30.328781127929688,30.401735085259382,29.90432449978718,30.30888551409834,21748100
2011-03-25,30.414997100830078,30.7598687145418,30.28898481065106,30.308882952761923,20710400
2011-03-28,30.4813289642334,30.839465297459242,30.47469793434187,30.574178562485624,19039400
2011-03-29,30.5211238861084,30.534388476354202,30.18951671984902,30.39511407371612,17913300
2011-03-30,30.806297302246094,31.071581440211297,30.653758353674835,30.859353117854667,26829100
2011-03-31,30.57417106628418,30.73334357423466,30.48132149079689,30.541010865033172,23340500
2011-04-01,30.73997688293457,31.091482126162823,30.627231684324954,30.87262022773987,25387300
2011-04-04,30.900001525878906,31.02002763045974,30.706625852534184,30.75330238835113,15708000
2011-04-05,31.060047149658203,31.186740281302026,30.70663570887281,30.786652289717267,21058400
2011-04-06,31.766876220703125,31.82688931356066,31.093398217463797,31.21342440317887,31203300
2011-04-07,31.606830596923828,31.873553370963673,31.313432238694503,31.766863752611506,29972000
2011-04-08,31.233427047729492,31.780211859087732,31.093397349531376,31.686858726955656,23808000
2011-04-11,31.24675941467285,31.52015178397019,31.17340980813522,31.34011253438193,25641600
2011-04-12,31.100055694580078,31.413457588483876,30.83999988631155,31.04004262008108,27231300
2011-04-13,30.839996337890625,31.586823645085598,30.5932770794182,31.500140081424064,55383900
2011-04-14,29.986474990844727,30.506586470795213,29.946465437125187,30.45990992996277,45214600
2011-04-15,29.933135986328125,30.253204860609475,29.89312896684377,30.166521289272502,32475000
2011-04-18,29.31300163269043,29.57305743304532,29.026272790329575,29.51971389271469,50958800
2011-04-19,29.773094177246094,29.81310118511554,29.179630609150195,29.513035907691894,26705000
2011-04-20,29.71308135986328,29.986473605111048,29.299656954908645,29.939797066435617,35542800
2011-04-21,29.793100357055664,29.89978996042414,29.419685473425606,29.793100357055664,24368100
2011-04-25,29.74643325805664,30.019825612461307,29.59306706350588,29.773106303286752,17358900
2011-04-26,30.08650016784668,30.29321241497313,29.746427806374015,29.90646096106193,25900000
2011-04-27,30.339887619018555,30.42657372444644,30.039822287676675,30.20652496690205,20857200
2011-04-28,30.573278427124023,30.62662451953219,30.279882549924185,30.41324523726291,19859000
2011-04-29,30.42657470703125,30.686630488032023,30.273208542432876,30.546600843444082,23363000
2011-05-02,30.12651252746582,30.666630198003347,30.07983597437162,30.633287622637745,25904000
2011-05-03,30.61994743347168,30.719970060224718,29.91312968917789,29.9731427564935,30025500
2011-05-04,30.339887619018555,30.699966016628814,30.1931884473223,30.659956457889557,22727400
2011-05-05,30.119840621948242,30.479919040604717,29.99981702607725,30.166519715046228,26154500
2011-05-06,30.03315544128418,30.479917402747045,29.84644670996864,30.319884254397763,26332300
2011-05-09,29.979827880859375,30.079850568121152,29.553069163416662,29.839798153638974,22469500
2011-05-10,30.113170623779297,30.33988635986398,29.993144496223824,30.046490572328885,20534200
2011-05-11,29.493053436279297,30.033171320818703,29.413036819797213,30.019834794124623,31519600
2011-05-12,29.399690628051758,29.559726352087086,29.039612156733433,29.40635761736586,29567900
2011-05-13,28.772884368896484,29.406352535199645,28.659525220695823,29.379682038871046,32872500
2011-05-16,28.59284019470215,28.992925550585365,28.486150596887917,28.652853252452697,34951100
2011-05-17,29.212989807128906,29.353019501762653,28.439489175846557,28.459492691170805,36277100
2011-05-18,29.393007278442383,29.4996968538548,28.946242932622802,29.152955097844416,24372100
2011-05-19,29.339679718017578,29.573062516483663,29.17297699234702,29.55305900338135,19518000
2011-05-20,28.759550094604492,29.399687842736302,28.73287705251201,29.226318156497758,29946700
2011-05-23,28.372802734375,28.606188071044375,28.206100012617586,28.27278262752955,32299500
2011-05-24,28.232769012451172,28.619517948787635,27.79934098052524,28.5194978562764,39341400
2011-05-25,28.186094284057617,28.506163179426952,28.07273511946015,28.07940465226784,26505300
2011-05-26,28.306123733520508,28.399476854245673,28.072738388025833,28.086074911512537,21648100
2011-05-27,28.5328369140625,28.772889227321432,28.36613420137508,28.472823835747768,24747300
2011-05-31,28.83290672302246,28.92625984944067,28.51950476117683,28.83290672302246,28746300
2011-06-01,27.84601402282715,28.66619343139854,27.82601051558233,28.586174315057292,38628700
2011-06-02,27.746000289916992,28.139418799040545,27.225888633126434,27.959379561609605,45964000
2011-06-03,27.719314575195312,28.17274595620981,27.352569278584284,27.39924581395221,31833100
2011-06-06,27.025840759277344,27.49927835783442,26.91915113361969,27.405922709662814,40895900
2011-06-07,27.152530670166016,27.54594905813994,27.10585412783697,27.28589076614569,36312000
2011-06-08,26.93248748779297,27.385919029946837,26.805794353010473,27.059183166256766,38890700
2011-06-09,27.325904846191406,27.499277069563878,27.032509025298033,27.065849054813906,30082300
2011-06-10,27.372583389282227,27.672648764135637,26.739112607632002,27.06585102551269,48545700
2011-06-13,27.7860107421875,27.8860334009963,27.152542382004683,27.532624415587122,31767100
2011-06-14,27.746000289916992,28.299451980969224,27.659314165891377,28.092742242337884,32103500
2011-06-15,27.125856399536133,27.605960863001407,26.839127627597776,27.352572113541328,37336400
2011-06-16,26.912490844726562,27.145873664052793,26.472395711367135,27.09253010978478,50316600
2011-06-17,27.205881118774414,27.379253357528974,27.032511423701283,27.239221151248316,31999600
2011-06-20,26.99250602722168,27.21255485416012,26.752453686445858,27.005842551007206,21565400
2011-06-21,27.279224395751953,27.49260360656205,26.83912945549602,27.125858246962245,34241100
2011-06-22,27.132530212402344,27.69265137946361,26.992500556557353,27.11919369131978,27306300
2011-06-23,26.7191104888916,26.83913664508464,26.41904509840901,26.752450522571554,48307500
2011-06-24,26.332366943359375,26.792465607746678,26.299024359130197,26.705779467378505,36136800
2011-06-27,26.5924072265625,26.74577335808855,26.22566190824539,26.2723384463759,30632700
2011-06-28,26.365684509277344,26.719093216452055,26.165641892832785,26.719093216452055,41558700
2011-06-29,26.972496032714844,27.04584562407065,26.61908459651697,26.699103720003965,44775900
2011-06-30,27.299232482910156,27.38591859674869,26.91915054089361,27.152535840661784,28000100
2011-07-01,27.896345138549805,27.990271812932544,27.352908946222627,27.37974587013482,32136800
2011-07-05,27.5273380279541,27.849373369058473,27.487085209884427,27.849373369058473,23805800
2011-07-06,27.212013244628906,27.272395031150566,26.957067639391965,27.23213965369966,23865700
2011-07-07,27.721914291381836,28.03724182413612,27.574313734039734,27.634695547560543,28550800
2011-07-08,27.33277702331543,27.487085465740776,27.212013449363525,27.305940104812915,20680000
2011-07-11,26.45389175415039,26.983909470186187,26.35996508230807,26.963780498141503,38328000
2011-07-12,26.42705535888672,26.916817699926796,26.326420733892405,26.326420733892405,33808300
2011-07-13,26.581361770629883,27.084542534522548,26.440471770974266,26.61490664302745,34020600
2011-07-14,27.071125030517578,27.6682350412616,27.030872205941662,27.627979657375885,65327400
2011-07-15,26.822891235351562,27.339490504142113,26.500855826100942,27.24556382969109,46544900
2011-07-18,26.722248077392578,26.836301128721267,26.1184302782727,26.695411162029668,47603200
2011-07-19,27.097959518432617,27.16505181888076,26.64174211262355,26.78263210460029,34837400
2011-07-20,27.480369567871094,27.74873358165428,27.25226092394806,27.299224242463783,31250900
2011-07-21,28.372695922851562,28.54713085209283,27.661532622045186,27.889641412167187,45552200
2011-07-22,28.305593490600586,28.39281220373617,28.01710298964488,28.359267332317756,19986100
2011-07-25,27.97014617919922,28.117746719025728,27.701784585972206,27.85609307792254,22522300
2011-07-26,27.80240821838379,28.037227398730597,27.7017736205002,27.842663593122754,24350600
2011-07-27,27.285816192626953,27.775581088473448,27.232144904985486,27.64139903040495,32361100
2011-07-28,27.292537689208984,27.668247091173008,27.252282287791473,27.29924564312311,23370200
2011-07-29,27.138214111328125,27.33948588821381,26.769215427152783,26.997324123439093,37793400
2011-08-01,27.13150405883789,27.755448369210153,26.80946869853439,27.61455837894791,34039300
2011-08-02,26.728961944580078,27.09125270426601,26.728961944580078,26.903396814442004,42119000
2011-08-03,26.769222259521484,26.849730478962154,26.400220921855606,26.67529301764553,41110100
2011-08-04,25.440824508666992,26.561241951876966,25.373734747219356,26.373388572375312,59931100
2011-08-05,25.22613525390625,25.997680339313277,24.63573816245247,25.69577128157529,85507800
2011-08-08,22.851118087768555,25.306640264582487,22.602880386240603,24.30698662592122,107650300
2011-08-09,24.421043395996094,24.5485149485657,22.602881428149697,23.736717176249293,78985700
2011-08-10,23.059091567993164,24.05203442588065,22.8041485440054,23.830636267227153,83975700
2011-08-11,24.6155948638916,25.02484884190102,23.23352707373268,23.23352707373268,69583500
2011-08-12,24.092296600341797,25.393856681587437,23.87089837919476,24.910804853943947,44072800
2011-08-15,24.743078231811523,24.91751311856638,24.414332312264765,24.508258986618145,34827900
2011-08-16,24.172807693481445,24.535098526886827,23.99837278812526,24.333826694765015,42266600
2011-08-17,24.535097122192383,24.998022565499955,24.367370178475284,24.46129685746725,30131400
2011-08-18,23.60924530029297,23.797101230509135,23.146319825141816,23.66291915444337,57130300
2011-08-19,23.045684814453125,23.817229905539875,22.985303002461027,23.320756944792574,52960800
2011-08-22,22.415021896362305,23.602528606884402,22.374766520658255,23.56227323118035,50971400
2011-08-23,23.334171295166016,23.347589757610503,21.677030852577374,22.334520156497042,55807900
2011-08-24,24.038625717163086,24.15938675662432,23.2670807871595,23.361007461912646,41959800
2011-08-25,23.964824676513672,25.876910662699398,23.76355031223319,25.3536034579138,55387600
2011-08-26,24.29356575012207,24.47471112540758,23.361004512374507,23.66962142168629,35114200
2011-08-29,25.252962112426758,25.252962112426758,24.46800143466144,24.702818075195655,27943900
2011-08-30,24.86383819580078,25.306637138251297,24.655855904911313,25.091946897021323,28818700
2011-08-31,25.19930076599121,25.514625727656394,24.971191985578926,25.10537151344814,30051100
2011-09-01,24.353946685791016,25.373726600082605,24.34723873552422,25.239544560960905,36862300
2011-09-02,23.233531951904297,23.649493966047984,23.153021193572357,23.52202243765333,41677300
2011-09-06,22.435152053833008,22.47540743626438,21.992353084326755,22.213753848734736,57071200
2011-09-07,23.361003875732422,23.46834899601588,22.723641104351465,22.877949554802086,36145900
2011-09-08,22.48211097717285,23.421382575190073,22.43514765320291,23.106055206269723,44815300
2011-09-09,21.522724151611328,22.274140195413427,21.422086954618177,22.193631973405044,67187400
2011-09-12,21.750825881958008,21.750825881958008,20.939028198733478,21.03295614463782,53377600
2011-09-13,21.797794342041016,22.41502825542106,21.58310150335447,22.012484621417553,50137600
2011-09-14,22.00577163696289,22.267425225584365,21.37511933209807,21.95880830358518,44442500
2011-09-15,22.683391571044922,22.690099522336812,22.227174103898722,22.388190528003314,35847800
2011-09-16,22.42844009399414,22.99200255074789,22.153368094823218,22.844402067526186,52683800
2011-09-19,21.797794342041016,22.066155911606682,21.556267137914908,21.931973847168845,33154800
2011-09-20,21.636777877807617,22.005776678590337,21.630069925492432,21.985650262334467,34085100
2011-09-21,20.355342864990234,21.770958740172794,20.30167029188476,21.623358204391437,57389200
2011-09-22,19.637475967407227,19.879001958796227,19.14100423888133,19.691148552122044,86285600
2011-09-23,19.852157592773438,19.99304758593975,19.362395312259878,19.429485053964903,51731300
2011-09-26,21.234230041503906,21.34157517918173,20.10039558517002,20.167486616132408,58696100
2011-09-27,21.18056297302246,22.22718025665864,20.96587264191411,21.88501578192865,58242900
2011-09-28,20.442556381225586,21.469045583880618,20.409011509362706,21.214101230620162,38725900
2011-09-29,21.05978775024414,21.542842009013093,20.422426340536205,21.18726054404757,51014100
2011-09-30,20.207735061645508,20.764588251954542,20.201025832888224,20.623697007360693,42420600
2011-10-03,19.221506118774414,20.59686772664228,19.214796887947163,20.14735949845599,51002700
2011-10-04,20.48038101196289,20.595439383021315,18.849260234023745,19.11998543330252,69800000
2011-10-05,20.8729248046875,21.09627316911645,19.898313173125224,20.460068228562832,51117200
2011-10-06,21.915224075317383,21.969367818251975,20.588668809514605,20.78494407314066,53214000
2011-10-07,20.778179168701172,22.07089311187571,20.744337712305242,22.050589528957715,49320600
2011-10-10,21.861074447631836,21.874611026780006,21.37376921657082,21.387305795718994,37324800
2011-10-11,21.861074447631836,22.118264287770135,21.258710875649843,21.64449434493805,38161700
2011-10-12,22.4702091217041,22.923672935601527,22.125032784647903,22.172409523955434,55462500
2011-10-13,21.387310028076172,21.98967501018004,20.92707657331618,21.96260184652616,78830000
2011-10-14,21.583581924438477,21.87461193359262,21.251943467075634,21.57004663564844,51899600
2011-10-17,21.008298873901367,21.718952776572543,20.96092082825951,21.41438608061647,40865400
2011-10-18,22.246864318847656,22.61911131610833,21.07597699489138,21.22487682653134,64392400
2011-10-19,21.827241897583008,23.0184328775348,21.678342056899265,22.17918533257406,50119300
2011-10-20,22.42283821105957,22.463445379970924,21.434689555094025,21.87461819420239,41657100
2011-10-21,22.619112014770508,23.038738356564735,22.341618508404284,22.659721765155552,48445300
2011-10-24,23.397443771362305,23.478660672900713,22.72063023425182,22.747703395377542,45697200
2011-10-25,22.666492462158203,23.180869749793917,22.578505956251245,23.1334929962685,38679100
2011-10-26,23.13348388671875,23.289150670123405,22.673250534983943,23.08610715184944,36350900
2011-10-27,25.05563735961914,25.40758070741643,24.162243700533228,24.744303753358025,76438300
2011-10-28,24.832286834716797,25.028563372908412,24.493880078595527,24.778143096293494,39891200
2011-10-31,23.526033401489258,24.365283180377794,23.505729825027203,24.31790644740746,46429800
2011-11-01,22.138572692871094,22.768009560397633,21.549745571643996,21.976138871351434,74052400
2011-11-02,22.768009185791016,22.835692095176476,22.375458638711343,22.815385931441337,34325900
2011-11-03,23.26885223388672,23.363605724560255,22.226558672799854,23.092879252488167,40084700
2011-11-04,22.99135971069336,23.05227304033152,22.63941631521054,23.004896293039515,30858700
2011-11-07,23.17409324645996,23.241773557505134,22.815380368773095,23.0319604623237,25925900
2011-11-08,23.702009201049805,23.810299258330133,23.025195697588092,23.370369448344572,30193100
2011-11-09,22.023508071899414,23.004887992255195,21.91521803404321,22.903364952210815,52990400
2011-11-10,22.158876419067383,22.49051360759011,21.84754022870234,22.280700480884782,30427400
2011-11-11,22.52435302734375,22.910136525619773,22.348382648872047,22.52435302734375,29983400
2011-11-14,22.0302791595459,22.32130917440767,21.806932044558167,22.301005595364778,27596300
2011-11-15,22.13180160522461,22.40929503242297,21.71217796498677,21.718944963867358,31260500
2011-11-16,21.29932403564453,21.98967552486212,21.251947289060855,21.888152449703355,40761800
2011-11-17,20.636045455932617,21.319627311956474,20.534523679297664,21.251945697226695,55130100
2011-11-18,20.72403335571289,20.879700176564082,20.527756788702632,20.757873519925926,39029900
2011-11-21,20.243494033813477,20.43300230056335,20.03368218589289,20.31794394055797,39658100
2011-11-22,19.905088424682617,20.372090183089753,19.884783551388555,20.236726942968414,36466200
2011-11-23,19.207962036132812,19.729108618158644,19.174121885474097,19.702036755815474,44468500
2011-11-25,19.275646209716797,19.742647838677,19.140284298035592,19.140284298035592,21423200
2011-11-28,19.735881805419922,20.351781994907387,19.50576510924666,20.108128718742915,45280100
2011-11-29,19.329790115356445,19.715573542275212,19.275645095629585,19.614051791652237,45104700
2011-11-30,20.960914611816406,20.981219482498183,20.16904272809825,20.405927722374845,61412600
2011-12-01,20.615745544433594,20.96092070077792,20.32471672563637,20.886472068490136,33189700
2011-12-02,21.881389617919922,22.517593608838716,20.852631124648376,20.90000788025725,90515100
2011-12-05,22.680017471313477,23.079337508288003,22.483743533894923,22.768003942331838,52207600
2011-12-06,22.49051284790039,22.727399127825212,22.11826593011987,22.510816427211015,38782900
2011-12-07,23.011659622192383,23.140253261207416,22.145339144957045,22.213019464051552,44722800
2011-12-08,21.806936264038086,22.808620139444496,21.71218276771897,22.707097060908797,47788900
2011-12-09,22.456674575805664,22.544661063277623,21.90168765206971,21.90168765206971,39104600
2011-12-12,21.68510627746582,22.064120204626533,21.495598022966092,22.03028004424986,35977900
2011-12-13,21.177490234375,22.084420222076243,20.893228577171342,21.908447306134107,49475100
2011-12-14,21.326393127441406,21.61742313335975,20.86615974979559,20.89999990777337,41291500
2011-12-15,21.4955997467041,21.847541831969682,21.367004803305818,21.72571517937336,33457300
2011-12-16,21.583581924438477,22.064118885846078,21.529436896520448,21.76632187775656,52596800
2011-12-19,20.778179168701172,21.59035475841002,20.588670885642657,21.570051175492026,47388000
2011-12-20,21.8001651763916,21.955831992714597,21.14365645695149,21.25194652838657,49091600
2011-12-21,21.87461280822754,21.935526128435793,21.590351077562133,21.658032687895677,30893000
2011-12-22,22.63941764831543,22.707097982192433,22.023517315413446,22.125037816228946,35543200
2011-12-23,22.720630645751953,22.808617130084716,22.4228336134918,22.75447080685262,21958800
2011-12-27,22.35515594482422,22.801852888746176,22.35515594482422,22.48375220169712,16891600
2011-12-28,22.097963333129883,22.395760364224536,22.0438170101097,22.328080042288093,19242700
2011-12-29,22.619112014770508,22.686794932078914,22.138574920157662,22.138574920157662,19792000
2011-12-30,22.504058837890625,22.61911594454563,22.37546514542213,22.40930531903597,18196900
2012-01-03,23.6749324798584,23.817062674563495,23.01842265407072,23.05226538962375,44102800
2012-01-04,23.824909210205078,23.961246832951485,23.4022649200727,23.477248142180553,36571200
2012-01-05,24.322538375854492,24.48614143644109,23.449981784929268,23.661302621555603,38381400
2012-01-06,24.10440444946289,24.38389545556164,23.954432777752814,24.329359356603675,33160600
2012-01-09,24.063499450683594,24.322540688402658,23.85217859396521,24.15893501183693,23001800
2012-01-10,24.57476043701172,24.77926555595969,24.377071028511757,24.588394458331408,35972800
2012-01-11,24.990598678588867,25.045134785019897,24.3089129507491,24.40434853657872,29852900
2012-01-12,25.120113372802734,25.256451013175077,24.65656695579129,25.099663636895354,39420700
2012-01-13,24.486148834228516,24.486148834228512,23.94761911330391,24.036236381051584,61571500
2012-01-17,23.797639846801758,24.322537975012168,23.518148905850627,23.756737782117302,55115100
2012-01-18,24.90879249572754,25.00422806384214,23.53860298087018,23.545421293120768,55502100
2012-01-19,25.174646377563477,25.324618023598294,25.02467473152866,25.113294576951404,37000400
2012-01-20,25.467775344848633,25.495043393927745,24.963326838582244,25.072396434474395,34716500
2012-01-23,25.67227554321289,25.863146648974897,25.40641861720901,25.433686661010377,27499200
2012-01-24,25.67227554321289,25.82906289443508,25.086025603602394,25.345066818867824,25403800
2012-01-25,25.631378173828125,25.78134984179047,25.304169389530127,25.467775081891254,29860700
2012-01-26,25.55638885498047,25.972214798220886,25.39278320157586,25.82224576639227,33284600
2012-01-27,25.365522384643555,25.67228144689278,25.32462290995991,25.37915640967956,27674600
2012-01-30,25.229183197021484,25.338252790237515,24.78608911226696,24.99059427449399,24423600
2012-01-31,25.426868438720703,25.590474101676968,25.174645533735934,25.5836557904909,29649500
2012-02-01,25.631378173828125,25.924503197341295,25.563210652258473,25.82906762697408,41957800
2012-02-02,25.597288131713867,26.013116672351476,25.50866829508037,25.692723678662112,26784200
2012-02-03,26.09491729736328,26.244888923346508,25.938129961300607,26.08810158728383,41074400
2012-02-06,25.999481201171875,26.122184783382554,25.774526367401286,25.94494772042462,23106200
2012-02-07,25.8154354095459,25.98585682582306,25.699550094681157,25.808619697081564,21091900
2012-02-08,26.108558654785156,26.142642415607444,25.88360375301864,25.93813725024945,23258700
2012-02-09,25.808612823486328,26.3675947119681,25.794978801764366,26.31305862508024,28608400
2012-02-10,25.63819694519043,25.74726654190889,25.297354130392204,25.372339965715703,22618800
2012-02-13,26.108558654785156,26.13582670361269,25.754081821299977,25.958589587082233,24828000
2012-02-14,25.849517822265625,26.08129104031107,25.522309032158706,26.060841303561983,27031900
2012-02-15,25.495044708251953,26.176730367826345,25.433692894873282,25.95859116479649,26534900
2012-02-16,25.904052734375,25.98585427804899,25.256450895930787,25.324621016012603,22139600
2012-02-17,26.224449157714844,26.340334476065493,26.060843448980645,26.313066424539038,28009300
2012-02-21,26.217618942260742,26.56527994032945,26.183535193538386,26.347140827998366,22804200
2012-02-22,25.9517765045166,26.169915738248214,25.83589117428253,26.10856391623465,23416900
2012-02-23,26.238079071044922,26.25852880627231,25.733630598568496,25.944954064139882,31361400
2012-02-24,26.09491729736328,26.367592508164865,26.0335655049541,26.353958487582435,17586400
2012-02-27,26.626649856567383,26.742535201206913,25.76090852739076,25.951779730526514,34030400
2012-02-28,26.728891372680664,26.960664577409336,26.48348414409452,26.67435787767494,37900900
2012-02-29,26.74933624267578,27.226513942381445,26.599364622526323,26.810688032698426,41187700
2012-03-01,27.5196533203125,27.57418942915238,26.9061376984126,26.933403152407745,44376700
2012-03-02,27.696887969970703,27.86730937805495,27.42421267686618,27.56055032341844,34897900
2012-03-05,27.54010009765625,27.75142097565751,27.267424809392615,27.74460526364184,30806900
2012-03-06,26.803874969482422,27.17880149282678,26.66753734269613,26.892494816957107,33927500
2012-03-07,27.23333740234375,27.308323226598024,26.844776858866084,26.89931034896306,22875100
2012-03-08,27.567365646362305,27.778689125556085,27.41739657765395,27.587817983332208,22052300
2012-03-09,27.969558715820312,28.24904970160744,27.608266187965377,27.778687584187384,33494200
2012-03-12,27.63553237915039,27.935473080201056,27.40375919183998,27.85367154362796,30763800
2012-03-13,29.57832908630371,29.810102226292212,27.826397816552504,27.962735416620465,77277600
2012-03-14,29.707862854003906,29.994169588233298,29.360201704811683,29.735128304579703,68028700
2012-03-15,30.47134017944336,30.621309210373614,29.264756619136044,29.74875266523895,57117700
2012-03-16,30.382726669311523,30.621315586670935,30.144137751952115,30.587231827108756,48844500
2012-03-19,30.67585563659668,30.914444584711518,30.137323324652325,30.29411071918843,41509300
2012-03-20,30.934890747070312,31.08485979861826,30.24638689067552,30.355456473812204,34796200
2012-03-21,30.75765609741211,31.132582688454047,30.580418970884356,31.037147112598763,27267900
2012-03-22,30.437255859375,30.74401222626217,30.273650210001403,30.48497363202072,27457200
2012-03-23,30.784923553466797,30.846275365392838,30.294109058058453,30.300927370730435,30639300
2012-03-26,31.47342300415039,31.47342300415039,30.948527378850034,31.003060874803335,33529400
2012-03-27,31.282546997070312,31.691559854946792,31.24164753157932,31.302996729815806,33026400
2012-03-28,31.541589736938477,31.568857782198542,30.92125600960364,31.193928660932492,29755800
2012-03-29,31.132579803466797,31.371171321419673,30.859907126351732,31.30300120182278,32262300
2012-03-30,31.343894958496094,31.44614881055287,31.016686272507272,31.412065060008437,25945800
2012-04-02,31.44615364074707,31.596122686262824,30.98942299194176,31.187112416057847,27669300
2012-04-03,31.164836883544922,31.555943601145604,30.85607241733124,31.384406623272866,31036400
2012-04-04,30.471817016601562,30.78058398243665,30.163050050766476,30.657077196102616,41342900
2012-04-05,30.42380142211914,30.691398714509297,30.06014383168603,30.279710975054716,28832300
2012-04-09,30.11503028869629,30.382627545364418,29.55238923174113,29.634726245151374,29376400
2012-04-10,29.476909637451172,30.197364322968454,29.271065815509978,30.10816699117653,38841000
2012-04-11,30.197359085083008,30.334589148389288,29.895455039765796,29.909178307841,32142200
2012-04-12,30.766876220703125,30.869799466999467,30.190511799826737,30.272848826395684,33631100
2012-04-13,29.6484375,30.842335489052633,29.545516929314083,30.842335489052633,58183900
2012-04-16,29.730783462524414,30.053271127315917,29.39456991110174,29.76509032676445,40387600
2012-04-17,30.121891021728516,30.190504758291578,29.614140471844525,29.977797987032048,26887000
2012-04-18,29.70333480834961,30.128745653004657,29.689611540141925,29.929762190161927,20242900
2012-04-19,29.655317306518555,29.97780508566438,29.346550183977325,29.806268086191128,25961800
2012-04-20,29.312227249145508,29.902314622851204,29.305364307156115,29.854281881261837,26178100
2012-04-23,29.401443481445312,29.476920187240978,28.68098853807721,28.76332557283287,25536300
2012-04-24,29.69647979736328,29.717066013896208,29.37399206940746,29.490635954159327,21420400
2012-04-25,29.61412239074707,30.11500969068695,29.490615646384395,29.950335776499834,31694000
2012-04-26,30.053260803222656,30.11501418461918,29.545513105024614,29.655296603346766,28100300
2012-04-27,29.73764419555664,30.183641289121525,29.662167522727568,30.149331806965765,26242900
2012-04-30,29.490636825561523,29.758234091378394,29.18873268777136,29.730790164267688,23518000
2012-05-01,30.046403884887695,30.355170826863077,29.476900123305846,29.504346655358184,26359700
2012-05-02,29.641586303710938,29.868013722904493,29.394572670084365,29.819983584971126,22462200
2012-05-03,29.5112247467041,29.771961723285703,29.27793431869887,29.76510139486508,19536400
2012-05-04,28.646665573120117,29.284783123425992,28.619219037797233,29.044632482964932,31279900
2012-05-07,28.667259216308594,29.092672810621522,28.385938674235383,28.427108491653385,25910100
2012-05-08,28.39279556274414,28.708422909949437,28.097751811133875,28.4751325625703,28049700
2012-05-09,27.88504409790039,28.145780975380305,27.52824695436102,27.93993717418919,38769900
2012-05-10,27.95366668701172,28.40652419776111,27.81643658308385,28.289877693316143,35827100
2012-05-11,25.36001968383789,26.066753631487508,25.12672934899697,25.483526485662257,217294200
2012-05-14,24.55722999572754,25.023810701628605,24.53664378219484,24.769934135145373,96488500
2012-05-15,24.865999221801758,25.572730669324596,24.78365959528635,24.83168973536384,89903700
2012-05-16,24.33080291748047,25.373747997208973,24.33080291748047,25.243380843785314,68729600
2012-05-17,23.280994415283203,24.08378606256039,23.24668754972749,24.042618870871955,95429200
2012-05-18,22.97909164428711,23.322165554299215,22.622294463780975,23.322165554299215,82650100
2012-05-21,22.30666160583496,23.130039407362073,22.13512467291039,22.999672280619915,99554800
2012-05-22,23.335886001586914,23.72699266360271,22.636017534685855,22.862444952225328,84721000
2012-05-23,23.50742530822754,23.617208864755153,22.78697055492468,23.06829108211709,52512900
2012-05-24,23.308439254760742,23.658373445821116,23.068285978493623,23.630926908399864,37843800
2012-05-25,22.98595428466797,23.41822818768256,22.841863856145267,23.329028229215254,28796400
2012-05-29,23.075151443481445,23.32902539875949,22.889891221809524,23.315302128549035,35855200
2012-05-30,22.615434646606445,22.944785331660338,22.608574319134032,22.848725042367107,34203600
2012-05-31,22.745803833007812,22.965370950656716,22.58112718604788,22.6154340574093,42124900
2012-06-01,21.908700942993164,22.40272822993991,21.79891739227681,22.238051595142224,50472200
2012-06-04,21.27058219909668,22.07337388378519,21.153937018559162,22.066513557332772,60492400
2012-06-05,21.949871063232422,22.04593265872344,21.174524515628466,21.19510811495113,46502800
2012-06-06,22.690908432006836,22.855585062181415,22.1419906938353,22.443894795468083,47980500
2012-06-07,22.512514114379883,23.212385304290024,22.505651169435122,23.17121548696122,53888800
2012-06-08,23.10946273803711,23.109462738037106,22.33411483599038,22.485068219781777,34238200
2012-06-11,22.519371032714844,23.630929757849994,22.491924491984054,23.582899620294203,46404900
2012-06-12,23.171220779418945,23.178081108484065,22.306672740171773,22.560549412183267,43334400
2012-06-13,23.53487205505371,24.063206243359478,23.075154226074552,23.116321424224047,72456600
2012-06-14,23.7750186920166,23.93969267313903,23.37705177232022,23.610342093448438,44428000
2012-06-15,24.03575897216797,24.06320551506792,23.61034802700427,23.939698689464528,40917100
2012-06-18,23.754440307617188,24.221021103597014,23.67210328992857,23.8161937252453,31084400
2012-06-19,24.275909423828125,24.447446370485437,23.82991231554067,24.008312205834084,32489000
2012-06-20,25.01009750366211,25.34630858988854,24.58468643606152,24.721913955163735,61149700
2012-06-21,24.3651065826416,25.40805152518242,24.310216121163702,25.037533712229894,95637000
2012-06-22,24.6944637298584,25.037537675095713,24.67387751328055,24.715047328989762,44193500
2012-06-25,24.2347469329834,24.33767017903794,23.768166087777406,24.19357711107221,33115800
2012-06-26,24.502330780029297,24.783651198360566,24.41313347436128,24.742484016497,35053600
2012-06-27,25.236520767211914,25.263967313403253,24.358252228662796,24.454312522885765,34156800
2012-06-28,24.618982315063477,24.65328917950931,23.91224834373856,24.23473862791057,69904800
2012-06-29,24.51605987548828,25.25023779099751,24.186709255045024,25.18162405994744,56063200
2012-07-02,24.8934383392334,24.948331412976334,24.41999735670675,24.88657801373844,34274900
2012-07-03,24.824260711669922,25.00414549222174,24.589025143704742,24.87960885981248,26705900
2012-07-05,23.786449432373047,24.672040627583367,23.675750532971755,24.63744771638358,58519800
2012-07-06,23.454355239868164,23.606564593262203,23.33673616209935,23.46819029441016,32057200
2012-07-09,23.495868682861328,23.60656760822707,23.205284993502712,23.392089924920636,30545000
2012-07-10,23.69650650024414,23.834880788683513,23.39208517709354,23.675751280722743,33175500
2012-07-11,23.931745529174805,24.077037365797803,23.606566299262973,23.66883460628289,35144300
2012-07-12,23.551223754882812,23.917913517083782,23.482035264382883,23.75186641842604,39301500
2012-07-13,24.955711364746094,25.04565506201366,24.11855061733307,24.25692492714384,83001000
2012-07-16,24.277673721313477,24.803492792236685,24.028600557461,24.741224501273567,52368300
2012-07-17,24.208492279052734,24.547506538349474,23.7103458613283,24.519831150860288,43998300
2012-07-18,24.18773078918457,24.374535667799254,23.9732531665035,24.042438985574204,28944900
2012-07-19,23.8418025970459,24.333028901915647,23.738023841531863,24.22925014640161,34384700
2012-07-20,23.454355239868164,23.61348475980343,23.454355239868164,23.558133984554523,36301200
2012-07-23,23.827959060668945,23.869472136260462,22.900854819950645,22.997718662997514,41248300
2012-07-24,24.028608322143555,24.139307248597408,23.675756318843963,23.924829563182776,29920400
2012-07-25,24.333019256591797,24.526744274114577,24.07011106875356,24.20156516267268,32127700
2012-07-26,24.77582550048828,24.865766554459547,24.450646282878914,24.755067639420027,28900500
2012-07-27,25.52304458618164,25.737524906138066,24.568264717023744,24.914199184473798,63636200
2012-07-30,25.004138946533203,25.267049839379148,24.865764653494807,25.253212146148297,30698200
2012-07-31,24.907276153564453,25.13559411848837,24.845007857609744,24.983382141872426,19681600
2012-08-01,24.907276153564453,25.184024722089816,24.782739561655035,25.038730272015528,22180200
2012-08-02,24.333019256591797,24.796572626472976,24.04935321446252,24.644360678262817,36675000
2012-08-03,24.969547271728516,25.107921571631096,24.561344538614534,24.782742362750565,24516300
2012-08-06,25.114835739135742,25.460770122978577,24.98338162341263,25.073325302207337,18979200
2012-08-07,25.606060028076172,26.20106754635622,25.30163874305206,25.30163874305206,37225800
2012-08-08,25.709840774536133,25.931238547292146,25.42617471323814,25.495360527498278,18672400
2012-08-09,25.543800354003906,25.779035902453664,25.315484973042114,25.405428675491592,23406700
2012-08-10,25.57839584350586,25.599151067372276,25.18403075442042,25.433101358629184,15492700
2012-08-13,25.592214584350586,25.661400372176715,25.356979210765658,25.50918847183687,14453500
2012-08-14,25.6683349609375,26.041944797839175,25.58531143249392,25.889732796300628,18065100
2012-08-15,25.6475772857666,25.882812793251322,25.56455376526321,25.6475772857666,17521300
2012-08-16,25.6683349609375,25.841302184769344,25.46077482019336,25.723685739413472,15894100
2012-08-17,25.58531379699707,25.737525812602502,25.46077717318728,25.737525812602502,17079800
2012-08-20,25.855138778686523,25.94508247024572,25.460773736280412,25.54379726118952,17922100
2012-08-21,26.318702697753906,26.886035180953673,25.98660582753487,26.035036456154025,36880600
2012-08-22,26.173402786254883,26.415555855098408,25.986597859173948,26.207995704765313,16899400
2012-08-23,25.758275985717773,26.214909303719462,25.737520765576367,26.159561170252346,16429500
2012-08-24,25.716768264770508,25.903573202778052,25.370833780890763,25.557638718898303,20019300
2012-08-27,25.758275985717773,25.90356780524783,25.529960646351984,25.813626758455,17618200
2012-08-28,25.68910026550293,25.93817356226901,25.529970690184857,25.66834239792499,18050500
2012-08-29,25.806705474853516,25.938162234777582,25.640658442371528,25.82054316743868,13681900
2012-08-30,25.529966354370117,25.689095902662846,25.398509559363003,25.640665285324655,13700700
2012-08-31,25.696001052856445,25.875888378546204,25.502278676823874,25.69600105285645,16771600
2012-09-04,25.606060028076172,25.765192155376862,25.44693054004518,25.585304811154213,13631400
2012-09-05,25.675262451171875,25.799799098993702,25.55764333299742,25.654507222958614,13537500
2012-09-06,26.768407821655273,26.892944439592537,25.945084749088252,26.000435530069485,41346800
2012-09-07,27.190446853637695,27.349576381651538,26.98288671445748,27.010562103486937,28082400
2012-09-10,26.816835403442383,27.522541945542212,26.796080182556278,27.14201460676579,20853500
2012-09-11,27.398012161254883,27.41877002657798,26.79608685230229,26.84451747260475,22378900
2012-09-12,27.61940574645996,27.847723754652264,27.529464688024007,27.59173299577914,29882200
2012-09-13,28.64336395263672,28.767900524199714,27.391080711595315,27.5640478788473,47018600
2012-09-14,28.760988235473633,29.12076035859068,28.525752718022883,29.030816667993857,43471600
2012-09-17,28.498090744018555,28.671058040050095,28.33204361782031,28.36663654917232,19740100
2012-09-18,28.5465087890625,28.59494203872595,28.131388517329892,28.40121695788312,25186600
2012-09-19,28.60185432434082,28.89243793344397,28.394294226514308,28.594936798096867,22887200
2012-09-20,28.539594650268555,28.56034987453851,28.055285849561386,28.3389520180902,20997400
2012-09-21,28.283611297607422,28.850943783580718,28.20750526961346,28.733324656879688,28287400
2012-09-24,28.525745391845703,28.691795036511504,28.082949858429657,28.096787548757604,20499500
2012-09-25,28.0552921295166,28.747161245604662,28.041454430482293,28.747161245604662,21988200
2012-09-26,27.84081268310547,28.11064119952767,27.467202749934238,27.778544360910264,23782700
2012-09-27,28.145225524902344,28.359705822317554,27.820046315108044,27.95150308805651,20843400
2012-09-28,28.006851196289062,28.110632581220244,27.785453371754784,27.96533811446254,21380700
2012-10-01,28.34587287902832,28.71256259287675,28.228253780323485,28.28360456542475,21956400
2012-10-02,28.311269760131836,28.532670202156467,28.062199211485364,28.463481739251897,26946100
2012-10-03,28.478544235229492,28.57612080770752,28.17187196885605,28.45763572934483,22419100
2012-10-04,29.14764976501465,29.26613752959454,28.513399238181965,28.687643917627895,24326500
2012-10-05,29.070995330810547,29.57978971464323,28.896750569548775,29.30099969188283,22774400
2012-10-08,29.036130905151367,29.1615872768075,28.652793173429906,28.80612932962353,18631300
2012-10-09,28.840986251831055,29.23826399319487,28.785226666282192,29.11280758447331,19947500
2012-10-10,29.112794876098633,29.273099626429996,28.80612526573805,28.959458741537233,25797600
2012-10-11,29.34280014038086,29.719169249982645,29.168555477649942,29.53098469518175,27755000
2012-10-12,29.008255004882812,29.572808752930378,28.6806767983729,28.994315110747486,44564000
2012-10-15,29.5379581451416,29.55886665540455,29.084920925184232,29.210377304287416,26268000
2012-10-16,29.85159683227539,30.0467500033182,29.461287831427228,29.82371704819426,28588100
2012-10-17,30.193103790283203,30.346439887639455,29.80976620565414,29.921282642250986,26177500
2012-10-18,29.977060317993164,30.214033242429462,29.79584697990113,30.03281990433743,23630400
2012-10-19,29.496139526367188,29.844628890014025,29.314926227126485,29.830688996416608,29747500
2012-10-22,29.335834503173828,29.63553556621066,28.92461695101372,29.447350992297103,27993000
2012-10-23,28.80613899230957,29.0919002327677,28.61098309384692,28.903715612159154,22896400
2012-10-24,29.070995330810547,29.189483151025858,28.81311382859706,29.05008681026363,18918900
2012-10-25,29.04309844970703,29.468255842539,28.854916557932626,29.44037871779325,17311700
2012-10-26,28.687660217285156,29.036149774180636,28.485535636182345,28.868873617014508,21892700
2012-10-31,29.05006980895996,29.12673788444806,28.680671982076408,28.889765041467808,19423500
2012-11-01,29.858566284179688,29.900385961471247,28.980374331157915,29.06401102697841,23325400
2012-11-02,29.565832138061523,30.01886930998881,29.50310661392271,29.997960801942536,17029200
2012-11-05,29.461284637451172,29.52401281545191,29.17552352850609,29.503104309039085,13252500
2012-11-06,29.886457443237305,30.0049425858459,29.55887649335579,29.670393016478318,17190900
2012-11-07,28.21369743347168,29.280073992780267,28.095212330776388,29.280073992780267,47631200
2012-11-08,28.157943725585938,28.924619318721533,28.157943725585938,28.771283136589197,27830900
2012-11-09,28.3112735748291,28.736431000102193,27.78157094156665,28.09521188306013,27553200
2012-11-12,28.283388137817383,28.513389654825797,28.088232354471128,28.471569988659763,12816000
2012-11-13,27.907026290893555,28.241575729917454,27.879146506284247,28.004602878263533,19793500
2012-11-14,27.384292602539062,28.137028184135993,27.272776121607567,28.025511703204497,30986600
2012-11-15,27.453990936279297,27.683995186574155,27.161261154554325,27.223989344747217,24858700
2012-11-16,27.551563262939453,27.649139841734897,27.063680368962235,27.481866466303384,32458000
2012-11-19,28.290367126464844,28.36703521316803,27.941877756914284,27.941877756914284,26781200
2012-11-20,28.367029190063477,28.701578594746376,28.05338829231003,28.10914785580501,19375900
2012-11-21,28.387928009033203,28.562172597347008,28.12307549034303,28.534292825114058,13030200
2012-11-23,28.638858795166016,28.72946678297685,28.555222084213067,28.6458274132608,8316700
2012-11-26,28.49249267578125,28.49249267578125,27.94187881297782,28.429764480540822,20376600
2012-11-27,28.40188217163086,28.715523120002647,28.325214088833004,28.485518871609084,19875000
2012-11-28,28.457643508911133,28.492491914499603,27.795513167678518,28.220670628641447,26106900
2012-11-29,28.729475021362305,28.820080376391783,28.513410575782448,28.68068670441909,18915000
2012-11-30,28.63188362121582,28.813096896581904,28.47157619534727,28.569155437673235,20066600
2012-12-03,28.443706512451172,28.834012948822785,28.40188682622713,28.764316130545907,18955500
2012-12-04,28.27642822265625,28.520369726377456,28.018546824613406,28.422793124888976,24031100
2012-12-05,28.715530395507812,28.917654908865625,28.227644647623368,28.360069677704296,25515600
2012-12-06,28.903701782226562,28.95945868456324,28.65278907480599,28.75036564796683,20541700
2012-12-07,29.663415908813477,29.670384526305476,29.08492228275117,29.161590368977535,34552900
2012-12-10,29.489166259765625,29.74007632867274,29.280070547532727,29.6494710227184,22394500
2012-12-11,29.719173431396484,30.032814400193146,29.565837255815246,29.69129364333391,21955000
2012-12-12,29.809785842895508,30.23494336835714,29.760997535917614,29.970090659931916,23110600
2012-12-13,29.816747665405273,29.914324257120334,29.621594481975155,29.72614234953427,18457000
2012-12-14,29.837656021118164,30.04674907776065,29.76795656306236,29.809776237895843,16208600
2012-12-17,30.30463218688965,30.32554069614031,29.83765775520747,29.97008274506601,23879800
2012-12-18,30.576473236083984,30.625261561760716,30.186166630670108,30.54859609195752,33858600
2012-12-19,30.3394832611084,30.93888539421192,30.262815175418943,30.66009549751546,34348500
2012-12-20,31.036460876464844,31.043432152420554,30.25584547147891,30.450998658034703,25014900
2012-12-21,30.66705894470215,30.806455198930546,30.207053166882112,30.54160258177283,38973500
2012-12-24,30.611297607421875,30.680997059882387,30.464932745398183,30.47190402002536,8621200
2012-12-26,30.639188766479492,30.792524960072814,30.471915335980633,30.632220148026725,11498900
2012-12-27,30.4091854095459,30.681006712756822,29.900391210937205,30.63918702812318,19567000
2012-12-28,30.13736343383789,30.45100175592071,30.032815553968263,30.039784171870156,15401200
2012-12-31,30.646156311035156,30.667064822610076,30.0049344821875,30.039782887733338,24209600
2013-01-02,31.34090232849121,31.57950312585657,31.0321259283239,31.565467469890645,31413000
2013-01-03,31.277740478515625,31.404058694129066,31.01808755843352,31.397042205273838,24227700
2013-01-04,31.832136154174805,31.88125960625621,31.186509434347595,31.193528600089145,24487700
2013-01-07,31.867223739624023,31.923366357073178,31.593535172127766,31.642658623882102,24456900
2013-01-08,31.930381774902344,31.930381774902344,31.55142715091147,31.860206182471703,19624200
2013-01-09,31.90934181213379,32.42163132809083,31.677757450069606,31.97250094023963,25920600
2013-01-10,32.38654327392578,32.3935597649831,31.95144587158069,32.20408238209636,23413600
2013-01-11,32.3795166015625,32.38653576802132,31.909334175872043,32.260217542039,19723900
2013-01-14,32.197059631347656,32.40758912350388,31.916351857120873,32.20407612104085,19079500
2013-01-15,32.526878356933594,32.61109226996643,31.825111810488192,31.923361375693165,29898000
2013-01-16,32.856712341308594,32.86373150651716,31.979504082138615,32.21810483571394,43453600
2013-01-17,32.59005355834961,32.8918135366052,32.484790130580514,32.56198491716147,41086800
2013-01-18,32.604068756103516,32.702315631175786,32.40757500595897,32.54792883193074,28679100
2013-01-22,32.660221099853516,32.66723758858317,32.37249687544513,32.456708125337805,24257300
2013-01-23,32.442665100097656,32.590035423185135,32.22511652052083,32.442665100097656,19105100
2013-01-24,32.540924072265625,32.84268399471744,32.33741374540211,32.44969632047527,20008200
2013-01-25,33.09532928466797,33.09532928466797,32.70935799722672,32.800588450376694,26009100
2013-01-28,32.73040008544922,32.983036538322494,32.618117514953056,32.87075396782633,19706800
2013-01-29,33.0672492980957,33.09532061125101,32.45671296062046,32.47776510697305,19907400
2013-01-30,33.07426834106445,33.22865520878508,32.954966599114954,33.01110922521537,18631300
2013-01-31,33.01812744140625,33.13742918959376,32.89882837024663,32.990056126888256,19536000
2013-02-01,33.57952880859375,33.68479486335252,33.13039863874003,33.2637359983714,24520000
2013-02-04,33.46025085449219,33.55148131427923,33.24972128939249,33.3620039025809,20822600
2013-02-05,34.23918914794922,34.246205635256324,33.635669512519,33.64268599982611,28067500
2013-02-06,34.11288070678711,34.267270241923114,33.90936771538557,33.97954331661416,28282600
2013-02-07,33.84620666503906,34.21112565998891,33.61462505262571,34.14095006277939,21429600
2013-02-08,34.12691879272461,34.16902308564911,33.867263160227225,33.916389297018775,15218300
2013-02-11,34.14796447753906,34.316389648450155,33.95147067566552,34.04269841109122,13935900
2013-02-12,34.48481369018555,34.60411541598311,34.10585904639667,34.24621291561782,16388000
2013-02-13,34.16200637817383,34.70236710916015,34.0356881461496,34.63218882635349,21635600
2013-02-14,34.540958404541016,34.59008186019499,33.94445509341371,33.965509915142235,18017800
2013-02-15,34.3023681640625,34.7093915899375,34.084819452818095,34.6321967995918,20016200
2013-02-19,34.702362060546875,34.86376807197866,34.47077777651819,34.47077777651819,20445900
2013-02-20,34.11288070678711,34.76552397091785,33.93743902668804,34.6321865807449,24786700
2013-02-21,33.8602409362793,34.00059480199058,33.56550022761019,33.97252349344286,24437700
2013-02-22,34.32340621948242,34.32340621948242,33.97252289984877,34.12691241713631,23584100
2013-02-25,33.474273681640625,34.526923780578834,33.439185880414875,34.456745501099704,32775500
2013-02-26,33.40410232543945,33.86726835788617,32.87777716688508,33.839199717304695,39401400
2013-02-27,34.583072662353516,34.66728661948681,33.516386631920106,33.57954576125591,31921200
2013-02-28,34.33042907714844,34.7725428914778,34.21113001131309,34.498854279711736,24711500
2013-03-01,34.32340621948242,34.68130602761674,33.944451591791534,34.105857597579735,25923400
2013-03-04,34.45675277709961,34.48482409481889,33.91639463465853,34.197099780766756,17695200
2013-03-05,34.73043441772461,35.16552901284668,34.60411620026539,34.73043441772461,25561100
2013-03-06,35.10939407348633,35.221676660565144,34.82166977678261,35.004130653928215,19607900
2013-03-07,35.530452728271484,35.69185876600705,35.0953553983466,35.123426711960036,24245400
2013-03-08,35.22867965698242,35.68482628640429,34.81463730524536,35.5023681700409,32711900
2013-03-11,35.4251823425293,35.6286953259924,35.02517554166871,35.24974066927369,19473000
2013-03-12,35.28483963012695,35.55852829865689,35.12343356091772,35.33396310001549,18003400
2013-03-13,35.200618743896484,35.39009608048597,35.16553094312679,35.29184916751978,16680200
2013-03-14,35.79010009765625,35.79010009765625,35.22166813237538,35.26377509622013,26378700
2013-03-15,35.10237503051758,35.291852384377954,34.49183867498605,35.067287226549624,60880800
2013-03-18,34.74447250366211,34.8497385926965,34.351484815593125,34.51990734561473,28011400
2013-03-19,34.52693176269531,35.081328252124344,34.16201265612284,34.842727400789585,24411500
2013-03-20,34.47078323364258,34.83570227783521,34.414643283704834,34.78657881775426,19385300
2013-03-21,33.930419921875,34.54797538651126,33.930419921875,34.239198992706925,23535900
2013-03-22,34.232181549072266,34.38657109225781,33.923405139728914,34.12691814174118,22791500
2013-03-25,34.04971694946289,34.61112971378077,33.79708053626304,34.41463591552632,23581400
2013-03-26,34.13393020629883,34.365514491054576,33.9093650873385,34.204108479116044,16417500
2013-03-27,33.52340316772461,33.902357913981504,33.3760327698563,33.82516313118531,26530100
2013-03-28,33.305843353271484,33.63567452340536,33.17952514671073,33.57251542012499,27506700
2013-04-01,33.565513610839844,33.67779621277269,33.326912747104004,33.36901704968607,17442200
2013-04-02,33.881282806396484,33.9514610564878,33.60057783711078,33.691805546689714,17273700
2013-04-03,33.08333206176758,33.94484127873326,32.85736287268891,33.91659445665712,33467400
2013-04-04,33.535274505615234,33.57058168777221,33.11864329112612,33.161010832208355,21514000
2013-04-05,33.83186340332031,33.92366424641712,33.01272425678494,33.040971084470996,22961500
2013-04-08,34.304988861083984,34.3120492212301,33.60589468092387,33.81068014411647,18672300
2013-04-09,34.375606536865234,34.57332896512267,34.220251661082365,34.41797678310585,20066700
2013-04-10,34.778114318847656,34.99702321629567,34.51683786908238,34.559205421399646,20388900
2013-04-11,34.82048416137695,35.02526694732448,34.48153027793696,34.749867085389866,22584700
2013-04-12,34.60862731933594,35.01113782142414,34.21318256379931,34.53095259504507,37805900
2013-04-15,33.84598922729492,34.84166707712052,33.82480545190478,34.17081968751809,31527300
2013-04-16,34.241424560546875,34.262608328388616,33.60588458764469,34.199054331098395,23865500
2013-04-17,33.040977478027344,34.0225320330435,32.751454172635775,33.97310142191076,43466300
2013-04-18,32.935062408447266,33.422310988359115,32.518430931158086,33.048047078876515,26106800
2013-04-19,33.3516731262207,33.44347395560588,32.977412143461265,33.29518217305199,19746100
2013-04-22,33.43642044067383,33.5352843510096,33.0974665436781,33.47173032696252,15230100
2013-04-23,34.015472412109375,34.064905721999224,33.46467257886884,33.66945809924626,20568500
2013-04-24,34.40385437011719,34.54508314083545,34.00840680831412,34.121391441148404,16459300
2013-04-25,34.601585388183594,35.0464636688578,34.52390792875845,34.61570880751242,19058800
2013-04-26,34.51683807373047,34.665129895252186,34.32617600587423,34.502714658285626,13929000
2013-04-29,34.54508972167969,34.67219779455313,34.35443030613616,34.65807706980421,13496300
2013-04-30,34.60862731933594,34.778105567255466,34.40384458254677,34.57332013670093,13802600
2013-05-01,33.9024772644043,34.53801740886945,33.789492649140016,34.432093153536684,17686400
2013-05-02,33.9519157409668,34.071960734484705,33.690636589605255,34.071960734484705,15529300
2013-05-03,33.591773986816406,34.3897294362279,33.17514266655016,34.340298829905294,43257900
2013-05-06,34.02253341674805,34.17082525617732,33.59177862184421,33.690639848130395,20829500
2013-05-07,34.70043182373047,34.876970449365054,34.07901510724237,34.29792397278488,24291600
2013-05-08,35.13825988769531,35.300677854005365,34.679260907142215,34.756938362220936,23559300
2013-05-09,34.629817962646484,35.17355726088674,34.54507748157856,35.09587983345732,18103100
2013-05-10,34.573333740234375,34.76399583400144,34.34736444994001,34.636887771490066,16199600
2013-05-13,35.074703216552734,35.09588968965249,34.32618094660042,34.48859620694416,23979500
2013-05-14,35.47014617919922,35.60431458701591,35.06763826198306,35.14531570105392,24188400
2013-05-15,36.07744216918945,36.31753486454804,35.41365774967633,35.44896494439483,27467000
2013-05-16,35.992706298828125,36.47995207718694,35.900905432609875,35.922089211827,21389500
2013-05-17,36.93190002441406,36.953086502770255,36.19043793235819,36.19749829596552,26080300
2013-05-20,36.9248161315918,37.16490874775569,36.65647669146383,36.91775307871808,22020000
2013-05-21,37.44031524658203,37.899314096187545,37.03780736124781,37.09429832551909,37112600
2013-05-22,37.871070861816406,38.81025505201574,37.63097819697886,37.72983940712974,46968300
2013-05-23,37.67334747314453,37.98405722643854,37.186101760614484,37.29908639078519,25294200
2013-05-24,37.89225387573242,37.89225387573242,37.22846955393999,37.355577591227075,18342300
2013-05-28,38.556034088134766,38.591343967657906,38.15352624421448,38.527789955788094,27162300
2013-05-29,38.605464935302734,38.81025038528573,38.06878870454506,38.19589672910238,20482600
2013-05-30,39.27632141113281,39.474046547573984,38.50661272444883,38.55604333511756,24890800
2013-05-31,38.54899215698242,39.42462532870344,38.54899215698242,39.339884809856095,24990100
2013-06-03,38.478363037109375,38.73963946922281,37.45443838961724,38.55603777569866,28279600
2013-06-04,38.16058349609375,39.11389083544457,38.040535850250166,38.51366068752223,22022600
2013-06-05,37.4473762512207,38.323009109500525,37.21434664222291,37.9769921824845,24326000
2013-06-06,37.779266357421875,37.79338977090083,36.91069663170873,37.31320448767907,23940900
2013-06-07,38.32301712036133,38.47130896560959,37.71572362789722,37.96993975904652,21691000
2013-06-10,38.386573791503906,38.725527758410855,38.14648106155731,38.58429626542462,16007000
2013-06-11,37.77220916748047,38.167654003014974,37.50386967639212,37.75102269860119,17600800
2013-06-12,37.55329895019531,38.20295983913429,37.40500714212435,38.06173108502812,18479100
2013-06-13,38.25239181518555,38.30182511341647,37.405008485062005,37.42619226018532,17090200
2013-06-14,37.51799774169922,38.224152399847995,37.36264285490129,38.16059837286396,17185300
2013-06-17,38.02642059326172,38.31594384456429,37.80751441164622,37.92049902937976,16856600
2013-06-18,38.210025787353516,38.32301041545606,37.93462592471393,38.15353212641923,13259100
2013-06-19,37.8145751953125,38.49248290930736,37.79339142105197,38.12528491788449,20840000
2013-06-20,37.058990478515625,37.553299202505784,36.91069866944833,37.48268482497826,31857100
2013-06-21,36.691802978515625,37.41208120202784,36.501140858135905,37.397957782692295,44412200
2013-06-24,35.9573860168457,36.331649735374256,35.38540259315381,35.92914188397417,30736500
2013-06-25,36.776527404785156,37.11548123924552,36.374016864237504,36.374016864237504,20951400
2013-06-26,37.073116302490234,37.28496214260841,36.63530120707721,37.179040569432324,19332000
2013-06-27,37.5321159362793,37.772208594396496,37.341453881853944,37.447375449579674,17093600
2013-06-28,37.277896881103516,37.51798952001087,37.12960508189282,37.510926466468085,18256000
2013-07-01,37.0660514831543,37.87106719502859,37.023681242720926,37.581543953148085,23511100
2013-07-02,37.556861877441406,38.076113626958886,37.073174795867,37.3932622341751,23935300
2013-07-03,37.5355110168457,37.56396382701125,37.13717981475603,37.2083118401699,10442300
2013-07-05,38.40331268310547,38.41042453078483,37.777364264330465,37.95519030382484,17070200
2013-07-08,38.908329010009766,39.05770219751434,38.44598032859915,38.79452047951922,21786900
2013-07-09,39.04348373413086,39.242648024650336,38.545570294422205,39.17151869615337,20508700
2013-07-10,39.000789642333984,39.228406647015206,38.723378874058064,38.95811043642799,16915000
2013-07-11,39.22129821777344,39.74054976042515,38.80162879105368,39.71921151084234,21322600
2013-07-12,39.100399017333984,39.72634486013381,38.94391119992871,39.48450128478504,32569200
2013-07-15,39.04348373413086,39.47737969282826,38.83720488271571,39.47026784534254,28292000
2013-07-16,39.128849029541016,39.41337183985303,38.965249363305325,39.050607834445294,19222700
2013-07-17,39.31377029418945,39.5342754991742,39.007909373543534,39.1572825543029,19166600
2013-07-18,40.09619903564453,40.21000754813467,39.47025357365323,39.48447726348165,24563100
2013-07-19,39.94684600830078,40.231368789653786,39.76901994830774,40.195801406926904,17762600
2013-07-22,40.231361389160156,40.30960256190008,39.797465448445934,39.953950507335605,15999700
2013-07-23,40.309593200683594,40.4660809366415,40.16733458262282,40.345160568607994,10577100
2013-07-24,40.28114700317383,40.494537664324284,40.103320999980205,40.48742310468723,16665000
2013-07-25,40.18867492675781,40.18867492675781,39.75477906419953,40.153110270389455,13870200
2013-07-26,39.86859893798828,39.98952206014288,39.54851151276742,39.87571349933214,16762300
2013-07-29,39.61252975463867,39.83303503253932,39.3920271901482,39.81880862298991,10049100
2013-07-30,39.356449127197266,39.82590962889661,39.178623138471615,39.740551200653634,14207400
2013-07-31,39.64097213745117,40.02507695393147,39.48448438701636,39.53427816403517,19404900
2013-08-01,40.217124938964844,40.38783636301884,39.97528149371405,40.089090014219764,15979400
2013-08-02,40.181575775146484,40.202914033026886,39.840147368598856,40.025087981596336,11007300
2013-08-05,39.9041633605957,40.24559175435133,39.84014587594278,40.06776570958324,9370200
2013-08-06,39.47026062011719,39.90415378597835,39.3422256815321,39.8259126243181,10588600
2013-08-07,39.33510971069336,39.45603279875617,38.96523131398559,39.16439827431092,12828400
2013-08-08,39.000789642333984,39.64096145047164,38.502876427065544,39.42045629007039,18587100
2013-08-09,38.78029251098633,39.22841476884782,38.64514573441636,38.901212882642206,12652500
2013-08-12,38.47443771362305,38.63803732606472,38.18280314998185,38.43887305238089,15133000
2013-08-13,38.616703033447266,38.90833762700543,38.12590143236426,38.566911959918556,15078100
2013-08-14,38.51710891723633,39.015019497798214,38.41041224231069,38.64514384178343,15785800
2013-08-15,37.905391693115234,38.18279982542383,37.62086900113183,38.068991291312365,16933200
2013-08-16,37.905391693115234,38.253929141714934,37.748903941183414,37.748903941183414,17139000
2013-08-19,36.86688995361328,37.66354972423324,36.845548987145435,37.62087050470715,22793300
2013-08-20,37.073177337646484,37.24389155425191,36.03467376741054,36.831333780278214,18701500
2013-08-21,36.72462463378906,37.14429408351622,36.475666616901485,36.93090072235279,17136200
2013-08-22,37.13718795776367,37.457275358787776,36.938023669753086,36.987814741755734,14658500
2013-08-23,37.215423583984375,37.286552895793925,36.916677218293096,37.179858928079604,11126800
2013-08-26,36.845550537109375,37.37191674643524,36.83843869026065,37.10162043821873,16548400
2013-08-27,35.99197769165039,36.66771696631174,35.95641303791225,36.29072675255094,23596800
2013-08-28,35.97776412963867,36.312075224986216,35.65767672906343,35.79993809747575,18748100
2013-08-29,36.0631103515625,36.40453591763511,35.88528436631161,35.984866483906636,13576000
2013-08-30,35.94218444824219,36.1555777845138,35.77147303531568,36.14846322615329,15863100
2013-09-03,36.36898422241211,36.78865380567896,36.15559350675663,36.45433996599227,15277200
2013-09-04,36.89533233642578,37.05893190694397,36.22670765081984,36.39030722133803,19923800
2013-09-05,37.06605529785156,37.3576898562528,36.92379394202932,37.0091496701588,13913200
2013-09-06,37.38615036010742,37.49284436386288,36.47567912361483,37.27945364294173,22339900
2013-09-09,37.59953308105469,37.8342620101021,37.35768959189119,37.54262745376462,19936400
2013-09-10,38.17569351196289,38.3606341157234,37.91251172874533,38.289504784067866,20233200
2013-09-11,37.88405227661133,38.23970429942875,37.74179363821204,37.9622961557767,16028600
2013-09-12,37.15852737426758,38.20414255604668,37.04471882681509,38.00497827635729,21976700
2013-09-13,37.407466888427734,37.556840034961645,37.15139708670751,37.194076291463766,11942900
2013-09-16,37.79869842529297,38.047656481656524,37.684889880884114,38.01920366720188,17055300
2013-09-17,37.76313018798828,37.926729785496,37.61375699636073,37.834259503979645,13207000
2013-09-18,37.990753173828125,38.31795241981791,37.38614575348136,37.47861333599375,20844500
2013-09-19,37.521278381347656,38.232582236918226,37.36479066483129,38.14722653400424,22452200
2013-09-20,37.556861877441406,38.03343711079129,37.556861877441406,37.66355859468085,30792200
2013-09-23,36.60369873046875,37.25809974173592,36.55390767360603,37.04470911040868,28189500
2013-09-24,35.792808532714844,36.46854771435324,35.778582130496176,36.28360719891935,34906900
2013-09-25,36.77442932128906,36.91669071031003,35.60789081545569,35.721699383990405,39175500
2013-09-26,36.909584045410156,37.38615939358371,36.66062859641636,36.93803687198399,22298700
2013-09-27,37.15852737426758,37.27233592172006,36.5539172612808,36.632161146418724,23026000
2013-09-30,36.767303466796875,37.05182615745085,36.58947746349051,36.79575627854417,21350600
2013-10-01,36.95935821533203,37.05182850265893,36.59659433952595,36.73174113376554,19188000
2013-10-02,37.32478713989258,37.58274348683523,36.75155233190846,36.77304778302062,23841200
2013-10-03,37.21731948852539,37.403622584937345,36.90204089981322,37.26031314155898,18614500
2013-10-04,37.74039077758789,37.74755775201492,37.26747160119863,37.31046524756124,17407200
2013-10-07,37.13849639892578,37.51826404432375,37.13849639892578,37.4681061565693,16159300
2013-10-08,36.45059585571289,37.231628996638385,36.429100408430116,37.13848023614724,19536000
2013-10-09,36.36463165283203,36.787392997146775,36.0063594197992,36.665579016547504,24721200
2013-10-10,37.632904052734375,37.661566478532954,36.81604405127043,37.14565374775599,24328700
2013-10-11,37.625736236572266,38.22763349785996,37.3749468499521,37.94818168608341,32498800
2013-10-14,37.769065856933594,37.8622174218814,37.088347928593365,37.2173261774747,18881600
2013-10-15,37.48243713378906,38.005514198045056,37.38928559995174,37.91236266420773,17566500
2013-10-16,38.693397521972656,38.72922419522042,37.67590578805646,37.69740124532513,24864000
2013-10-17,38.8438720703125,38.90119693552854,38.41394651479228,38.54292472812835,17791000
2013-10-18,38.908355712890625,39.108989979570694,38.55008355580434,38.87969328430781,24796600
2013-10-21,38.88685607910156,39.302450315291196,38.614568503626,38.88685607910156,19471700
2013-10-22,38.421104431152344,39.18064236982547,38.421104431152344,39.15914691560816,24820900
2013-10-23,37.79771423339844,38.234806721593074,37.77621877771666,38.19898005099018,21034400
2013-10-24,37.60424041748047,37.89802343896862,37.33911982086903,37.86219677457237,17759000
2013-10-25,37.812042236328125,37.912357998854674,37.310460690295855,37.37494978526286,20889600
2013-10-28,37.74753952026367,38.041322461680444,37.61856137687109,37.89801310975551,14836800
2013-10-29,37.78337097167969,37.96967397285374,37.439430123434,37.85502702343851,23363100
2013-10-30,37.69023132324219,38.14882199851139,37.61857798234999,37.97685015361047,16157200
2013-10-31,36.930702209472656,37.769057917571416,36.930702209472656,37.72606699924852,23738000
2013-11-01,37.625736236572266,37.76904562895492,36.75871837608621,36.86620110372303,25794400
2013-11-04,37.288963317871094,37.80487331766327,37.260300891938364,37.790544838096295,18891300
2013-11-05,37.224483489990234,37.35346170538593,37.016684950363825,37.15282740732592,14532200
2013-11-06,37.33195877075195,37.50393061389671,37.13849420563871,37.44660575504855,14013000
2013-11-07,37.00950622558594,37.50392070218643,36.95934835404961,37.35344708757745,17348900
2013-11-08,38.66474151611328,38.67190849199396,37.117005467335886,37.13850366157752,31183100
2013-11-11,38.76504898071289,38.80087838561581,38.47843287528829,38.62890653564119,12062800
2013-11-12,38.67190170288086,38.75072202332845,38.40677830984808,38.64323927119084,15964800
2013-11-13,38.79372024536133,38.836713900995434,38.084342694501515,38.349463404077376,22121900
2013-11-14,38.98001480102539,39.051668144628074,38.47843319560708,38.87969629322185,17634000
2013-11-15,39.31678771972656,39.3812768205635,38.82953734304741,38.88686220308014,20530100
2013-11-18,39.94017791748047,40.126478220809915,39.62489669636991,39.761041853994705,22318800
2013-11-19,40.23396682739258,40.58507203239084,39.96884344667166,40.10498862417694,22979900
2013-11-20,40.19813537597656,40.44176055482368,39.96167717105418,40.43459631429862,17682800
2013-11-21,41.00067138671875,41.12964959721468,40.32711790226223,40.32711790226223,22843600
2013-11-22,41.17264175415039,41.215635403413,40.88602562593308,41.022168081831296,16730600
2013-11-25,41.308773040771484,41.65987815801649,41.13680123499905,41.201290320488816,18649600
2013-11-26,40.964847564697266,41.53091837311174,40.964847564697266,41.29446011056666,16263300
2013-11-27,41.18696594238281,41.43775808685257,41.079485937666846,41.25862201225971,11238900
2013-11-29,41.00067138671875,41.45209239005455,40.986340170730315,41.25862780771061,7128800
2013-12-02,40.82869338989258,41.380432822196475,40.771371267956866,40.91467793949592,12465300
2013-12-03,40.74271011352539,41.00066650379626,40.226797332983644,40.76420556824809,20426800
2013-12-04,40.97917556762695,41.179809869676376,40.276962343954295,40.44176723725909,20287200
2013-12-05,39.99750518798828,40.656727407889434,39.947347302424035,40.63522921879064,21324900
2013-12-06,40.169471740722656,40.671050530273014,39.85419052054883,40.534908106452114,18661200
2013-12-09,40.491920471191406,40.50625168636055,40.19097315283873,40.32711559684592,12714000
2013-12-10,40.62805938720703,40.893179993477695,40.37726726049748,40.47758575122093,14543700
2013-12-11,40.1766357421875,40.6782172621615,40.097815437611665,40.51341241322993,17836100
2013-12-12,40.348602294921875,40.55639802219428,40.061983539968246,40.16229928418231,15325300
2013-12-13,40.2483024597168,40.52775710526534,40.15515364460091,40.39161190357239,11461300
2013-12-16,40.42744064331055,40.800044122980744,40.36295426035652,40.370118502884594,26379200
2013-12-17,39.92584991455078,40.59940058338893,39.882856271833596,40.59940058338893,18338500
2013-12-18,41.01499557495117,41.03649102855068,39.69655399732466,40.01183249484858,27685900
2013-12-19,41.00782775878906,41.2299574638841,40.71404472090178,40.9146762394396,16790000
2013-12-20,41.3446044921875,41.559567224253755,40.98633236094393,40.99349660087305,22001700
2013-12-23,41.73153305053711,41.83901303441898,41.41625187099259,41.53806579947089,13990600
2013-12-24,41.73871994018555,41.76738237813485,41.58824624105251,41.60974170281422,4532600
2013-12-26,41.70288848876953,41.88918884732676,41.502254179476886,41.81036851868324,6677000
2013-12-27,41.65989685058594,41.81037053977909,41.602574711874404,41.68139231092771,8943700
2013-12-30,41.523746490478516,41.75304046856262,41.35177464021552,41.659888935778504,8815800
2013-12-31,41.90351486206055,41.953672749806216,41.59540056110864,41.70288331107787,11017400
2014-01-02,41.98285675048828,42.19201440528272,41.80976284748997,42.05498150280256,15627600
2014-01-03,42.307395935058594,42.51655351410155,41.982841545384524,42.04054132633858,14214100
2014-01-06,42.552608489990234,42.891587777013925,42.43000059969964,42.66800528431881,17550700
2014-01-07,42.062191009521484,42.862757846586064,41.910733162314095,42.76178594844781,17851200
2014-01-08,42.4588737487793,42.48772365285652,42.04777224515287,42.22086891833792,14687400
2014-01-09,42.37952423095703,42.55262084835987,42.069397491542496,42.53819590096985,13242500
2014-01-10,42.18479919433594,42.37952912841105,41.96121661086912,42.314618233293444,12694900
2014-01-13,41.61500930786133,42.314601171739824,41.492398665953246,42.19920437709042,20711600
2014-01-14,41.64386749267578,42.24970147312825,41.51404572891617,42.04775497879266,30272400
2014-01-15,42.90602111816406,43.02141793507913,41.63665338082121,41.63665338082121,35186600
2014-01-16,42.5454216003418,43.14404195173372,42.36511383466211,42.40117483754241,21689400
2014-01-17,41.91072463989258,42.7185024120173,41.8530248519593,42.70407746503398,20997900
2014-01-21,41.954002380371094,42.14873506395859,41.528478767797075,41.896305335943886,19548300
2014-01-22,41.53567886352539,42.06939082730085,41.413068205771765,42.06939082730085,15433500
2014-01-23,40.72791290283203,41.18228642349035,40.54039131384608,41.1750753245037,26234600
2014-01-24,39.732601165771484,40.64856452625263,39.732601165771484,40.38892102233332,26833100
2014-01-27,39.732601165771484,40.24467432556961,39.44410777224405,39.7253900690079,23935000
2014-01-28,40.2014045715332,40.63414193561841,39.84078918436984,39.94897214975261,18041000
2014-01-29,40.04995346069336,40.295172091831716,39.55951619841665,39.63885204250226,25459000
2014-01-30,40.388919830322266,40.67019936750772,40.12206523751515,40.43940576000802,17031100
2014-01-31,39.92734146118164,40.46826461446439,39.797519684291586,40.02831334292336,18174000
2014-02-03,39.17005157470703,40.33123102464727,39.09071573468183,40.02831536412658,28549900
2014-02-04,39.631629943847656,39.92012059076005,39.37919753261274,39.465747202835715,20709300
2014-02-05,39.81914520263672,39.99224177648603,39.36477185492609,39.73980938759231,19491600
2014-02-06,40.73512268066406,40.78560862576647,39.811947968759775,39.92013095771737,20881600
2014-02-07,40.83608627319336,41.05966880698587,40.57644275040904,40.85772506761012,23388500
2014-02-10,40.92263412475586,41.05245312908606,40.67020171050769,40.944270166931396,14715200
2014-02-11,41.4202880859375,41.5212599650996,40.80724296172339,40.82887900689316,18774100
2014-02-12,41.485191345214844,41.622224191557365,41.2255478458064,41.35536959551062,13437900
2014-02-13,41.85302734375,41.90351328555873,41.08131051749945,41.16064635499245,16605500
2014-02-14,41.93958282470703,41.997279872768864,41.65108933056427,41.75206122813088,13067300
2014-02-18,42.18479919433594,42.30019603551416,41.759272826626656,41.8458197696909,14983800
2014-02-19,41.29767990112305,42.2208573190221,41.26883275624927,42.09103553761876,18669900
2014-02-20,41.52846908569336,41.809748645981934,41.30488655638029,41.49240534614699,12457000
2014-02-21,41.55010986328125,41.71599262924509,41.37701324807525,41.5356849160743,16790100
2014-02-24,41.85302734375,41.997274070893866,41.528475646773174,41.557322791179956,16151400
2014-02-25,41.13178634643555,41.81695606845142,41.05245052844847,41.759259042546056,17991800
2014-02-26,40.929847717285156,41.38422388961438,40.54759627540025,41.377010040931374,23661700
2014-02-27,40.886573791503906,41.03082050433463,40.48989739467732,40.951484674713875,16277500
2014-02-28,40.98032760620117,41.434703711485994,40.67019818924387,40.80001993361096,18599000
2014-03-03,40.54039764404297,40.69185550791186,40.16535715878798,40.605308550169376,19151000
2014-03-04,41.29767990112305,41.36980464150131,40.85051751588794,41.074100084144256,17157000
2014-03-05,41.94678497314453,42.040545751425405,41.36980085925699,41.4563477885208,17761500
2014-03-06,42.480491638183594,42.61752448816801,42.11987626859384,42.19920933883097,19420600
2014-03-07,42.84111785888672,43.12960857686342,42.60311033406026,42.80505411177171,18602200
2014-03-10,42.69688034057617,42.89882416187812,42.45887276437469,42.653605485463665,16945200
2014-03-11,41.968421936035156,42.87717434266185,41.92514984609496,42.85553554641442,19420000
2014-03-12,41.77368927001953,41.802539164159406,41.41307384710316,41.61502035480492,17932100
2014-03-13,41.4130744934082,42.076608312593855,41.24719172643113,41.83138971113267,17192500
2014-03-14,40.965911865234375,41.492410057322424,40.836090091702815,41.189494419933695,18635800
2014-03-17,41.52846908569336,41.61501600779514,41.146214906462816,41.261611719690876,13581400
2014-03-18,41.874664306640625,41.946786291414185,41.55732097057132,41.70156769139579,12554800
2014-03-19,42.04776382446289,42.502140093209555,41.75205924508631,41.82418399083531,21450700
2014-03-20,43.353172302246094,43.62724070373934,41.92513602805984,42.09101873780468,33736500
2014-03-21,43.39646530151367,44.13933505705582,43.27385735960811,43.96623841705517,35144100
2014-03-24,44.04555892944336,44.13210584367641,43.52627194149142,43.54069688574307,25810500
2014-03-25,43.944602966308594,44.34127944724315,43.677748279320305,44.07442476025486,24053500
2014-03-26,43.201725006103516,44.283571180700996,43.19451115755769,44.16817436546168,22745200
2014-03-27,43.21614456176758,43.67052069771089,42.567038547411194,43.23056950670131,24632600
2014-03-28,43.30268859863281,43.69936490324225,43.04304512615346,43.42529648770553,14708700
2014-03-31,43.785919189453125,44.009501717607236,43.70658336490563,43.872468862383315,15216700
2014-04-01,43.757080078125,44.20424524459329,43.540711345050696,43.95902661343503,14584400
2014-04-02,43.89497756958008,44.10545349184493,43.691760965251845,43.81514168398868,14012200
2014-04-03,44.025604248046875,44.127212519381104,43.749808391127004,44.01834770093061,11925200
2014-04-04,43.408687591552734,44.31590809386946,43.401428277108536,44.28687637332718,16966900
2014-04-07,42.8208122253418,43.54658870373742,42.7046880995432,43.32159699873246,18685700
2014-04-08,42.71195602416992,42.835339498046416,42.27649112857611,42.67566774430682,16956500
2014-04-09,43.01677322387695,43.147413214566555,42.457924990064214,42.893389779951164,15308400
2014-04-10,41.659584045410156,43.10387814039405,41.64506817905122,43.07484640767618,29977200
2014-04-11,40.13544464111328,40.679777080464596,39.591112201761966,40.0483522260301,47241300
2014-04-14,39.88868713378906,40.599947974085644,39.54031464682452,40.534627959741144,31081500
2014-04-15,39.77254867553711,40.38220100074493,39.44594872120838,39.98302450928423,26691400
2014-04-16,40.106414794921875,40.171734801453425,39.69272234309473,39.91771409195188,27049400
2014-04-17,40.077396392822266,40.33141716924657,39.924981158348864,40.164488834936485,17955400
2014-04-21,39.93949890136719,40.21529487772866,39.91046993171251,40.106427243512066,12384800
2014-04-22,40.50560760498047,40.701567689664756,39.874179742569204,39.9467590898332,16257600
2014-04-23,40.67978286743164,40.73058701417555,40.32415384022426,40.49833869516957,11379000
2014-04-24,40.781402587890625,40.832206748869886,40.36045342997399,40.694310136014614,15360600
2014-04-25,40.42576599121094,40.897519222936836,40.38221838901004,40.86849025675485,15937700
2014-04-28,40.273353576660156,40.425766031587585,39.68547340514471,40.374961879945104,21394100
2014-04-29,40.716064453125,40.86847963691311,40.33140375713793,40.44752789754636,13453400
2014-04-30,40.62897491455078,40.897511489128895,40.440274211267855,40.817678386451796,14388100
2014-05-01,40.440277099609375,40.7813902532091,40.28060534561485,40.585430219293535,12744600
2014-05-02,40.33866882324219,40.91203029088972,40.23705776336024,40.520112991532514,15153800
2014-05-05,39.35161209106445,39.72901629321114,38.97420788891776,39.10484791153078,25232300
2014-05-06,38.71292495727539,39.23548500876565,38.698409092665315,39.220969144155575,25327400
2014-05-07,39.22822570800781,39.27902984985455,38.64034841846173,38.86533739846358,18502600
2014-05-08,39.453216552734375,39.57659724621602,39.235484125719815,39.33709240708541,16090800
2014-05-09,39.199195861816406,39.41693107289692,38.95969100569335,39.35161106329641,12366500
2014-05-12,39.663700103759766,39.69998838717815,39.2137165297924,39.38790416626663,12825500
2014-05-13,39.64191436767578,39.79432954725569,39.55482195692856,39.729009547040825,12310700
2014-05-14,39.453216552734375,39.699980708315685,39.40966895988425,39.65643311546556,10325800
2014-05-15,38.836326599121094,39.33711450809511,38.72020238822935,39.33711450809511,19763000
2014-05-16,38.6911506652832,38.83630376709708,38.44438651613448,38.770983763833655,19992400
2014-05-19,39.06855010986328,39.126610789863975,38.509701875691334,38.52421773784591,12068900
2014-05-20,38.98872375488281,39.220972068725736,38.763731989576975,38.98872375488281,16888200
2014-05-21,39.27903366088867,39.62740613961768,39.177425367336674,39.22822951411268,13210200
2014-05-22,39.59111785888672,39.6274061396384,39.206457099405846,39.3153219416609,11800900
2014-05-23,39.57659149169922,39.620139078217434,39.30805496304762,39.591107353871955,10876500
2014-05-27,40.01932144165039,40.22979732096352,39.69272141661588,39.73626900949316,14503700
2014-05-28,40.244319915771484,40.35318476324434,39.91771983611593,39.98303985204704,11374900
2014-05-29,40.440277099609375,40.585430219293535,40.200769468617594,40.462049513838345,11741000
2014-05-30,40.33140563964844,40.55639738346183,40.142704940908644,40.33866495611037,11991900
2014-06-02,40.17173767089844,40.389472887301714,39.93223280892043,40.389472887301714,9440000
2014-06-03,40.353179931640625,40.39672752658678,39.98303506476184,39.98303506476184,9131500
2014-06-04,40.41124725341797,40.44753553503186,40.09916304802531,40.29512309108245,9727800
2014-06-05,41.10072326660156,41.122495675271196,40.27333851374455,40.57816330958973,16803400
2014-06-06,41.34748840332031,41.463612533452874,41.11524014305519,41.19507323301948,15399800
2014-06-09,41.674095153808594,41.8555393217063,41.29669372096546,41.30395026948932,11999700
2014-06-10,42.02246856689453,42.051497528347106,41.652320930037995,41.71038439017948,11609200
2014-06-11,41.565223693847656,41.9426278351972,41.35474782814194,41.71763610613752,14232200
2014-06-12,41.3983039855957,41.67409714054297,41.27492050586168,41.42007640082353,11670200
2014-06-13,41.3983039855957,41.85554131709069,41.2821798233499,41.391044668107476,12040800
2014-06-16,41.27491760253906,41.332981063886926,40.88300031291388,41.260401737202095,11199100
2014-06-17,41.674095153808594,41.797478627660546,41.137021967257624,41.21685784411154,11200500
2014-06-18,41.93536376953125,41.95713894640482,41.33297073596806,41.57973484780079,13729400
2014-06-19,41.58700180053711,41.87005425316311,41.52168179080663,41.87005425316311,11624400
2014-06-20,41.76845932006836,41.928131121269466,41.62330338885091,41.87006764133484,17124800
2014-06-23,42.23294448852539,42.25471967183129,41.54345884964852,41.761191302379025,16007700
2014-06-24,41.674095153808594,42.18213937764583,41.58700272843082,42.00795452689027,12322900
2014-06-25,41.75392532348633,41.90634050783728,41.2749128964554,41.52893635796171,14836600
2014-06-26,41.65232467651367,41.72490400821877,41.07896041482624,41.61603639497033,11854400
2014-06-27,41.75392532348633,41.877308780473484,41.543452221643605,41.60877222390318,10178600
2014-06-30,41.819244384765625,41.93536852298996,41.645059561738044,41.68860438318602,11549000
2014-07-01,42.07505798339844,42.38201660609394,41.716942842888926,41.768102148676,14472200
2014-07-02,41.636531829833984,42.009264160756985,41.52690319769502,41.85578630613998,19189900
2014-07-03,41.69499969482422,42.133511449140315,41.65845774562421,41.82655294232185,12599800
2014-07-07,41.41728210449219,41.65115674815755,41.21995499147888,41.57807005077074,13916100
2014-07-08,40.752201080322266,41.27110677948924,40.65719257295772,41.183402758576214,18343400
2014-07-09,40.94223403930664,41.015317953936844,40.64258552856657,40.83991544363529,10914300
2014-07-10,40.606040954589844,40.78875351736396,40.16752913114849,40.24061582904161,12436600
2014-07-11,40.78144454956055,40.86183852541728,40.335625438335036,40.40871213819231,10230000
2014-07-14,41.139556884765625,41.54152392210118,41.07378025771274,41.314959364925215,14004400
2014-07-15,42.586639404296875,42.89359513504728,42.21390425927468,42.35276757478073,36178000
2014-07-16,42.908226013183594,43.10555595435286,42.61588752802294,42.762055376616765,20507500
2014-07-17,42.28700256347656,43.01785292845066,42.21391585419542,42.79859837655301,17013500
2014-07-18,42.55740737915039,42.74011993158774,42.31622825967869,42.63049407290871,12803300
2014-07-21,42.564727783203125,42.68897101081752,42.31623854000137,42.47702372938629,9141400
2014-07-22,42.87899398803711,42.97400532589501,42.65973941357313,42.696281377988264,10375200
2014-07-23,43.12016296386719,43.259023501945194,42.76935519295512,42.944757684424985,11122100
2014-07-24,43.244407653808594,43.37596092093235,43.112857174657265,43.171323744505365,9844100
2014-07-25,43.127471923828125,43.317494549643435,43.00322871984864,43.06169528996474,10500600
2014-07-28,43.259029388427734,43.31018868773232,42.87898688789887,43.076316808633436,12382800
2014-07-29,42.85704040527344,43.215158105670454,42.7108698584181,43.215158105670454,13498800
2014-07-30,43.05438232421875,43.32479609970986,42.8351278363078,43.13477628697959,11815700
2014-07-31,42.148136138916016,42.88629651502231,42.14082886250676,42.86437189782184,15955900
2014-08-01,41.278419494628906,42.01657976742805,40.90568711452218,41.943493073700644,23915400
2014-08-04,41.40267562866211,41.643854807149985,41.17611100452976,41.59269550298671,13543900
2014-08-05,40.971473693847656,41.36613078391962,40.63528039700957,41.24188755637194,16863300
2014-08-06,41.09571838378906,41.43190890461753,40.80337989140594,40.84722913187822,12190600
2014-08-07,40.8618278503418,41.4318900204382,40.69373266654342,41.3880407999519,11743800
2014-08-08,41.176109313964844,41.190726655693204,40.664513505363665,40.84722609500888,12213200
2014-08-11,41.16148376464844,41.35150638125381,41.051855117532085,41.32227170362648,9066800
2014-08-12,41.183414459228516,41.32958508097361,41.02262928448436,41.09571320137054,11289600
2014-08-13,41.45383071899414,41.54153197607725,41.30035003413283,41.431903313743845,7012600
2014-08-14,41.64384460449219,41.65846194323947,41.43920743797477,41.490366729604126,8275900
2014-08-15,41.47575378417969,42.02389149938911,41.21264723480355,41.833871651491116,12727400
2014-08-18,41.82656478881836,41.972735414990154,41.48306423551057,41.55615094258287,8881400
2014-08-19,42.06774139404297,42.184677322525104,41.906953446890356,42.09697328518416,9040500
2014-08-20,42.1262092590332,42.27968714713827,41.94349669091597,41.96542130693883,8121400
2014-08-21,42.754737854003906,42.95206774788676,42.096971541061066,42.1408235579147,12745500
2014-08-22,42.747432708740234,43.178634471385806,42.630496779275624,42.71088796555491,10228600
2014-08-25,43.36866760253906,43.7267855645119,43.017859706632606,43.10556098361589,13996800
2014-08-26,43.660987854003906,43.81446571170235,43.40518863653451,43.53674188255375,10281100
2014-08-27,43.55137252807617,43.814479100514646,43.50752050334548,43.74139239263016,11410900
2014-08-28,43.237098693847656,43.39057657018946,42.981302233277994,43.302875324847335,9096100
2014-08-29,43.44903564453125,43.595206210828486,43.28824774280713,43.36864169366919,8897900
2014-09-02,43.60983657836914,43.639071259828214,43.22979687129188,43.45635868266801,8671100
2014-09-03,43.63175582885742,44.12142410590292,43.45635056085817,43.865627660875,11791800
2014-09-04,43.639076232910156,43.953342124477054,43.43443901532166,43.58060965130187,9811900
2014-09-05,43.78524398803711,43.78524398803711,43.28095825445655,43.573296719209544,9600900
2014-09-08,43.7706184387207,44.01180034518889,43.660992580485214,43.73407648597554,8090000
2014-09-09,43.16401672363281,43.61714309752773,42.959376758025066,43.58060114266035,14868700
2014-09-10,43.28095245361328,43.52944164873396,43.06169514946907,43.22979315943895,9153800
2014-09-11,43.67561340332031,43.734082766487,43.09824377589906,43.25172167225258,11467000
2014-09-12,43.87293243408203,44.150656264255566,43.6682952897289,43.704837238653106,14359100
2014-09-15,43.807167053222656,43.84371179949746,43.449051958700295,43.690231113872315,10685600
2014-09-16,43.84371566772461,43.99719357891804,43.57329901889089,43.639075664827075,10947900
2014-09-17,44.07756805419922,44.28220517853224,43.719450298644716,43.814461586930065,15091800
2014-09-18,44.815738677978516,44.874208038254935,44.24567635514616,44.24567635514616,16973700
2014-09-19,44.66225051879883,45.203078037125714,44.56723922418447,45.122686867191,18739300
2014-09-22,44.5161018371582,44.91076175848466,44.435707839705785,44.53802645901858,13225200
2014-09-23,44.53801727294922,44.874210537316266,44.4137740574015,44.45031601562302,14328800
2014-09-24,45.04229736328125,45.04960463837174,44.59647830751211,44.71341422476531,13728200
2014-09-25,43.960628509521484,44.94727489196131,43.960628509521484,44.939967618686325,16340100
2014-09-26,44.26029968261719,44.494171579415266,44.08489436603216,44.09220443104187,11948900
2014-09-29,44.092201232910156,44.216444449334276,43.65368936724057,43.872943906089,10686500
2014-09-30,44.02642059326172,44.39184572080615,43.94602661912635,44.14335652255704,14384800
2014-10-01,43.682918548583984,44.14335497376765,43.653683870292745,44.02641904857508,18995800
2014-10-02,43.29296112060547,43.77121555152379,43.12373336373986,43.52105217034065,24559100
2014-10-03,44.3671875,44.4334072959439,43.44746967119919,43.59462508515853,18321100
2014-10-06,44.27889633178711,44.73507559884476,44.146456737035514,44.72035977645501,11578000
2014-10-07,43.60934829711914,44.08759996508479,43.5504849988582,44.08759996508479,14542000
2014-10-08,44.44077682495117,44.462849159753716,43.543131119558176,43.67557074188687,15834100
2014-10-09,43.469547271728516,44.38926515266296,43.32974835750249,44.38926515266296,19189500
2014-10-10,43.05751419067383,44.01402025970571,43.05015487557964,43.43275786454366,16689400
2014-10-13,42.792633056640625,43.52105084658622,42.75584490309425,43.042796430214686,17169300
2014-10-14,42.66755676269531,43.05751627890974,41.24751201033096,41.71104784051761,29096800
2014-10-15,40.8575553894043,42.21873984190786,39.923121476414664,41.9538605838312,37866900
2014-10-16,40.52644348144531,41.188638564290585,39.93782188768626,40.28363665300634,31965100
2014-10-17,41.35052490234375,41.777272626420526,40.886986210138225,41.00471001058253,20183500
2014-10-20,41.66690444946289,41.755196590281784,41.254869781047134,41.276942114562715,10807600
2014-10-21,42.6234130859375,42.6822735810056,41.99800594121074,42.10837042199721,14020400
2014-10-22,42.27022933959961,42.866204659209366,42.26287002564429,42.70433624001896,13750700
2014-10-23,42.71906280517578,43.11637884925677,42.630767856040805,42.763207472986664,12641900
2014-10-24,43.21938705444336,43.24881589564927,42.67491279416566,42.67491279416566,13758000
2014-10-27,43.145790100097656,43.25615733095763,42.85883866796807,43.00599404019627,11087100
2014-10-28,43.87422180175781,43.91836646293766,43.27088710707962,43.31503176825947,13625000
2014-10-29,43.624053955078125,43.98458174925728,43.23409171187167,43.86685798692753,16712100
2014-10-30,43.6976432800293,43.911018539969184,43.35182839714444,43.366544222666846,14709800
2014-10-31,44.499629974365234,44.543777443439524,44.05080719575683,44.234750773432,18347600
2014-11-03,44.793949127197266,44.99260856473331,44.411346077878584,44.72772931468525,11841200
2014-11-04,44.330406188964844,44.418698328262664,43.71971210916005,44.323049680171906,15295800
2014-11-05,44.99259567260742,45.05145615199853,44.43340568123409,44.73507300584792,14063800
2014-11-06,45.05146408081055,45.11032737731724,44.6100005840362,44.94109960999519,10421600
2014-11-07,45.2280387878418,45.286899261486056,44.779216098437075,44.933727999353415,12384600
2014-11-10,45.566505432128906,45.566505432128906,45.02939049683343,45.066178652749706,10801000
2014-11-11,45.15446853637695,45.53707151368925,45.09560805119766,45.40463191359052,12539800
2014-11-12,44.558502197265625,44.76451814739131,44.315695278825935,44.45549141544596,17219600
2014-11-13,44.3156852722168,44.60999611173167,44.139101013912814,44.51434466787591,12240400
2014-11-14,44.35248565673828,44.602649097287696,44.278909329947204,44.33041332005235,6803400
2014-11-17,44.42604446411133,44.53640890380309,44.0655138915713,44.14644949806533,9017600
2014-11-18,44.53640365600586,44.74977881039219,44.29359967188944,44.40396409857678,8897800
2014-11-19,44.587913513183594,44.727712401599966,44.25681738257911,44.47754907190067,9210100
2014-11-20,44.234745025634766,44.330396459488796,43.96250935194117,44.29360831008521,10917300
2014-11-21,44.47756576538086,44.93374513542773,44.36719847591878,44.93374513542773,12340500
2014-11-24,44.852806091308594,45.11032881157849,44.66150598509247,44.66150598509247,8335000
2014-11-25,44.3671875,44.99995381529593,44.1096676306382,44.99995381529593,14802600
2014-11-26,44.39661407470703,44.56584179907235,44.29360613872429,44.56584179907235,7626600
2014-11-28,44.264183044433594,44.558493895571644,44.168531596800285,44.44077011646768,6759600
2014-12-01,44.14645004272461,44.30096194425278,43.81535110605303,44.13173422256635,12771600
2014-12-02,44.94109344482422,45.022026256283596,44.1464558915337,44.15381239920961,12546600
2014-12-03,45.27954864501953,45.33840912632068,44.7424337718998,44.85279822687297,12115500
2014-12-04,45.16182327270508,45.30161936674499,44.76450451268939,44.955804578573265,11515200
2014-12-05,46.133056640625,46.397935880591845,45.52972184148125,45.625370495102985,20071100
2014-12-08,46.11098098754883,46.47151168389159,45.80931359132596,46.059477003322236,15528200
2014-12-09,45.94911575317383,46.24342385417544,45.29427693050597,45.50764939153617,19676400
2014-12-10,44.64678955078125,45.794598592672656,44.41869848281538,45.735735295098294,29620600
2014-12-11,44.98524475097656,45.662158634174155,44.963172417931546,45.00731708402158,16886200
2014-12-12,44.175880432128906,45.044094149591395,44.11701715316268,44.536408192152365,17405400
2014-12-15,43.52840805053711,44.742436784271256,43.25617234183389,44.690932807131624,19209900
2014-12-16,42.99128341674805,44.043440666187635,42.75583591543694,42.98392410353204,20709700
2014-12-17,43.977230072021484,44.02137754027725,42.925072602686754,43.09430035419956,17856400
2014-12-18,45.23541259765625,45.23541259765625,44.47020650028957,44.61736195082267,18173400
2014-12-19,45.566505432128906,45.87552930993327,45.15447078830004,45.176545927254914,22756400
2014-12-22,45.57386016845703,45.86081450966098,45.331056103446016,45.73573141630189,17073400
2014-12-23,45.971168518066406,46.331699086247745,45.56649329724432,45.654785409281445,13552600
2014-12-24,45.971168518066406,46.258119987253785,45.81665662031253,46.16247136869508,7412500
2014-12-26,46.02268600463867,46.27284940120048,45.91967804254083,46.11097814261447,6086500
2014-12-29,46.3243408203125,46.603935789299626,45.80194183604484,45.92702209702905,10601200
2014-12-30,46.464141845703125,46.55979047082452,46.03739146252461,46.147758715210315,7518100
2014-12-31,46.04474639892578,46.71430074490151,46.04474639892578,46.57450186388923,18529400
2015-01-02,46.2743034362793,46.622339954051924,45.9632888945464,46.044745151305285,12600000
2015-01-05,44.83772659301758,46.11880417283959,44.600764429398005,45.95589445085851,20100600
2015-01-06,43.67513656616211,44.9858353168401,43.20861600155856,44.90437903137463,29074100
2015-01-07,43.741764068603516,44.34897980201532,43.44556003165632,44.34897980201532,23843200
2015-01-08,44.71925354003906,45.0969139981705,44.40824170375418,44.40824170375418,16971100
2015-01-09,43.94172668457031,45.015463406067866,43.904701864824744,44.96362809346153,15396200
2015-01-12,43.56405258178711,43.98614158236601,43.14936741244134,43.89727865869874,15455200
2015-01-13,43.57146072387695,44.2082976157748,43.223421300441636,43.882472513048334,21644700
2015-01-14,42.06824493408203,43.57147471403233,40.92786235800321,43.57147471403233,49602300
2015-01-15,40.72051239013672,41.92013385884552,40.35766243905173,41.26848640833177,42458100
2015-01-16,41.41658020019531,41.46841549357735,40.461324951049185,40.476135438417145,29368900
2015-01-20,41.2536735534668,41.75721889661864,41.03892569319074,41.49804239270755,23477700
2015-01-21,41.386962890625,41.779430953791575,40.86860708608817,41.06114061411048,21842400
2015-01-22,42.64582443237305,42.74949502406896,41.43879649017397,41.74981109007348,31423500
2015-01-23,41.97197723388672,42.853180391961246,41.95716674070739,42.742105930335384,15458300
2015-01-26,42.03861999511719,42.201532583474155,41.61653085693098,41.77203678682852,12577700
2015-01-27,41.61653137207031,41.920139401976634,41.29070619132323,41.50545409230425,15220500
2015-01-28,40.542789459228516,41.97196929537443,40.542789459228516,41.92753782424014,24354400
2015-01-29,41.22404098510742,41.386953498801354,40.49094032310722,40.92783975316811,20393300
2015-01-30,40.268802642822266,41.09817033429669,40.26139598519151,40.72051271468269,26943700
2015-02-02,41.07594680786133,41.209238367228366,40.18733735368492,40.37986803676421,20308900
2015-02-03,42.001590728759766,42.04601937556063,41.37215759256254,41.40177857363794,18812500
2015-02-04,41.749813079833984,42.26076223103458,41.67576063594208,41.705381613498844,14934100
2015-02-05,42.03861999511719,42.238557401333686,41.809061604688054,42.105265797189354,11293900
2015-02-06,42.86798095703125,43.490007402439716,42.608804448449426,42.764310353598525,25214000
2015-02-09,42.81613540649414,43.02347656372872,42.379235950313124,42.51993133203496,14372400
2015-02-10,43.290061950683594,43.475188800788956,42.98645402950326,43.26044097671196,16367300
2015-02-11,43.223419189453125,43.43816702852352,42.83095114376787,42.99386368717462,13061900
2015-02-12,44.11204147338867,44.21571209474269,43.35672331447896,43.63811701873456,23211300
2015-02-13,44.186092376708984,44.59337386486379,43.94172630862876,44.03058644022042,16479100
2015-02-17,44.5045051574707,44.5341261391111,43.92691013954427,43.95653112118467,15308800
2015-02-18,43.963932037353516,44.504502204770866,43.778805151601865,44.504502204770866,14278100
2015-02-19,43.86026382446289,44.04539072030723,43.54184533762565,43.80102468669507,11256500
2015-02-20,44.2823486328125,44.34899442185514,43.20861217593081,43.6603222100185,15379000
2015-02-23,43.94911193847656,44.082403493059836,43.541833443832786,44.06018917556645,16814000
2015-02-24,45.037654876708984,45.35607324958895,44.489681043016404,44.61556593122832,22937700
2015-02-25,45.27463912963867,45.37090591904236,44.985841586240234,44.993245420127,18307900
2015-02-26,45.60044860839844,45.68930870849208,45.10430716451802,45.19316726461166,15444800
2015-02-27,45.3782958984375,45.852220217249624,45.267221475172526,45.267221475172526,15225900
2015-03-02,45.74113845825195,45.78556991531931,45.193161786999816,45.37828862089683,13047300
2015-03-03,45.88925552368164,45.904066014222686,45.54121605799768,45.6522933246494,13706900
2015-03-04,46.00773239135742,46.03735054490297,45.43013461263369,45.64488246850774,16625500
2015-03-05,45.91147232055664,46.081788733736055,45.61526814340229,46.059574409133816,10931300
2015-03-06,45.08949661254883,46.55570097364939,45.022850831371,46.02994138036411,22719200
2015-03-09,45.54121780395508,45.63748458375642,45.022861914394745,45.05248289661244,13001500
2015-03-10,44.40082931518555,45.178361630356534,44.40082931518555,44.993234754134306,16357700
2015-03-11,44.608177185058594,44.91178517525797,44.400833144933316,44.52672090052497,13015600
2015-03-12,45.444950103759766,45.50419206699534,44.91178655870106,44.91178655870106,18159600
2015-03-13,45.17095947265625,45.807796402437404,44.7488704052082,45.467163615516526,16506200
2015-03-16,45.800392150878906,45.85222745488029,45.356088738063576,45.541215630871996,15182900
2015-03-17,45.622657775878906,45.65968257800308,45.11170590220681,45.42272045463478,11718300
2015-03-18,45.726322174072266,45.94847378161569,45.237587507552355,45.45973911509578,15697900
2015-03-19,45.319061279296875,45.65229023186468,44.993236159091886,45.59304827371394,11523800
2015-03-20,45.726322174072266,45.98549857873777,45.28201895898542,45.407903834162674,18368300
2015-03-23,45.27463912963867,45.97071815712477,45.25982863705252,45.72634926667217,15112900
2015-03-24,44.77109146118164,45.34868934415348,44.763687627661966,45.14875194137236,12128700
2015-03-25,44.141658782958984,44.90438071211615,44.12684829188253,44.82292442360182,14950900
2015-03-26,44.089813232421875,44.274940090645195,43.59367178348129,44.0305712818808,14039600
2015-03-27,44.09722137451172,44.26753776174888,43.68994281156965,44.05279273207452,11755800
2015-03-30,45.14133834838867,45.51159211336852,44.8821618428276,45.082099214894164,20656500
2015-03-31,44.85994338989258,45.12652370328762,44.74145948419017,44.96361398257039,17346700
2015-04-01,44.68849182128906,45.15065723987349,44.524496448028906,45.0313886530263,18100600
2015-04-02,45.1133918762207,45.24756940833922,44.725768210499176,44.777948045924404,12697800
2015-04-06,45.07611846923828,45.28483779935311,44.46486656511262,44.66613000853044,12025200
2015-04-07,45.3593864440918,45.843916783301744,45.3593864440918,45.583017581319794,11505500
2015-04-08,45.508460998535156,45.88863155735351,45.42646331551208,45.51591688440305,11734000
2015-04-09,45.8215446472168,45.903542333541026,45.34447030160754,45.67245820331705,11728500
2015-04-10,45.99300003051758,46.05263291095959,45.620285286094564,45.73209800326877,9869700
2015-04-13,46.268798828125,46.41788526459052,45.843904332529995,45.94826398497968,15468700
2015-04-14,46.99187469482422,47.41676926725863,46.76824642147786,46.932238972018375,33775400
2015-04-15,47.86402130126953,48.06529042496945,46.96950544863245,47.02168812296159,28732200
2015-04-16,47.56586456298828,47.908758658441315,47.45404898375866,47.767130899448624,16640500
2015-04-17,46.8427848815918,47.260226380617425,46.58188572194301,47.14841083014648,20221200
2015-04-20,47.14094543457031,47.3496647075977,47.06640080592709,47.126036508841665,12755300
2015-04-21,46.44770431518555,47.4093060257656,46.31352680327441,47.20804260148623,14985100
2015-04-22,46.91733169555664,47.07387405164756,46.23899096445561,46.701159301732964,14484700
2015-04-23,46.81297302246094,47.11859901018849,46.66388655058673,46.805519978481804,12851300
2015-04-24,46.66387939453125,46.842783702062334,46.47006900132778,46.686244210214824,9597500
2015-04-27,46.47006607055664,47.07386487135778,46.44770409987089,46.738421093134924,11146400
2015-04-28,46.78314208984375,46.79805101722495,46.04516866779092,46.58187867916544,12307800
2015-04-29,47.4093132019043,47.62548843088121,46.5595240602298,46.63406871345689,17601200
2015-04-30,47.15586853027344,47.6180368638486,46.90242238861823,47.394408584408794,16840900
2015-05-01,47.41676330566406,47.610573693240184,47.208043989260936,47.48385206359184,11640100
2015-05-04,48.244205474853516,48.3560210542656,47.439140127698465,47.4689579946868,14972500
2015-05-05,48.005653381347656,48.691447048481585,47.92365569428002,48.08765106841528,17692400
2015-05-06,47.647857666015625,48.50510282544055,47.27514287384621,48.10257016743642,18087900
2015-05-07,48.0802001953125,48.15474200391665,47.148413369821945,47.461492378264666,15039900
2015-05-08,48.81816864013672,48.937440071113755,48.154736945057785,48.43054786381105,16802600
2015-05-11,48.78834533691406,48.929978723597266,48.51254013611946,48.646717637405075,13798800
2015-05-12,48.72127151489258,48.85544904946016,48.27401496205918,48.68399776583328,12762200
2015-05-13,48.840545654296875,48.92254336655476,48.497648715389616,48.76600383056514,11874100
2015-05-14,49.2356071472168,49.33251090806127,48.98215822990745,49.07161179257678,11855500
2015-05-15,49.108882904052734,49.317607896616344,48.780897861516124,49.29524023917506,11152100
2015-05-18,49.511417388916016,49.600870960696106,49.04925481932244,49.04925481932244,10510900
2015-05-19,49.951229095458984,50.08540662410327,49.62323831717841,49.77232193248301,14282700
2015-05-20,49.5561408996582,49.96612359021953,49.49650519250141,49.90648788306274,12446000
2015-05-21,49.6828727722168,49.705234745225155,49.20579839078781,49.30270216954909,12934500
2015-05-22,49.54869842529297,49.817053492957314,49.43688286590356,49.6679641847129,9296900
2015-05-26,48.9970817565918,49.41452044152403,48.68399705571708,49.34742883163104,15571300
2015-05-27,49.54869842529297,49.68287595912514,49.064168126055925,49.16107191103309,10963700
2015-05-28,49.34742736816406,49.49651667062951,49.00453050325659,49.46669881013642,11797400
2015-05-29,49.03435134887695,49.36234214709308,48.72127232540286,49.33252428478473,14310700
2015-06-01,49.25798416137695,49.69033464890728,49.17598645901168,49.19089254708904,11899300
2015-06-02,49.2132453918457,49.489056311098615,48.88526033041438,49.07161767627246,12784200
2015-06-03,49.72013854980469,50.04067341829034,49.399603681319036,49.518875114790426,12927300
2015-06-04,49.4443359375,49.98104604226571,49.205798745068044,49.42942416393691,13863300
2015-06-05,50.25685501098633,50.569934032861575,49.95123187644403,50.219586948673005,20801100
2015-06-08,49.86176300048828,50.353749044438594,49.80212729446268,50.2866574533663,14558700
2015-06-09,50.077938079833984,50.145023983612276,49.54868398594525,49.90648684711068,13263500
2015-06-10,50.88302993774414,51.061931462868735,50.29413982673304,50.38358774570686,17478900
2015-06-11,51.076820373535156,51.19609180828493,50.8010151332326,50.95755462596041,13739900
2015-06-12,50.87554931640625,51.091724494131,50.59228823206391,50.92027325415131,11804700
2015-06-15,50.68174743652344,50.84574282781237,50.16740497596095,50.37612431499216,14082300
2015-06-16,50.96502685546875,51.07683675243214,50.40595462194434,50.51776451890774,11692800
2015-06-17,50.7935676574707,51.19610028564242,50.71902584199653,50.99483681514455,14521900
2015-06-18,51.2706413269043,51.3004591900789,50.61466539859075,50.9501064067472,16759600
2015-06-19,50.74885559082031,51.18865638614089,50.6295841083879,51.03211683083133,21606400
2015-06-22,51.404823303222656,51.65081643025745,51.24828377343044,51.33773737067301,14306700
2015-06-23,51.99370193481445,52.045881766616866,51.57626328039514,51.695529030011315,15736900
2015-06-24,51.44953155517578,52.00860357115882,51.36753955836561,51.81479603371711,16995000
2015-06-25,51.173736572265625,51.78498853788218,51.16628068481856,51.67317297487929,13314300
2015-06-26,51.39735412597656,51.65080307571198,51.26317660839309,51.38990392684825,14489200
2015-06-29,50.09286117553711,50.88302032938562,50.06304899962663,50.4506698453974,19934400
2015-06-30,50.51029586791992,50.77119501083368,50.06303938189994,50.60719963895224,20677400
2015-07-01,51.07301712036133,51.31311334432988,50.85542902296084,51.11053448087178,13964400
2015-07-02,50.66035842895508,51.11804283503783,50.41276326653296,50.98298832628642,12822900
2015-07-06,50.517791748046875,50.61532886370692,49.925052989008705,50.180152702740415,13527100
2015-07-07,50.120147705078125,50.435272994025965,48.994695337967215,50.33773012529443,22421500
2015-07-08,49.09222412109375,49.63994669851364,48.92715688613582,49.51989571878213,17707200
2015-07-09,49.60243225097656,50.04510738497076,49.51239401088714,49.88754475807387,14984700
2015-07-10,50.30772018432617,50.5703245765651,50.142652930819864,50.43527007136416,12356100
2015-07-13,51.0880241394043,51.12554150249197,50.780403514599826,50.93796613574542,16175600
2015-07-14,51.80082321166992,51.8458394759317,50.84043807843916,51.005505346528246,20185100
2015-07-15,51.91336441040039,52.09343517380492,51.65825891492648,51.94337715835887,16891600
2015-07-16,52.19095230102539,52.48356932599617,52.078411694762906,52.24347315872927,18035700
2015-07-17,51.928375244140625,52.13845878512555,51.710787084021334,52.03341701463309,14040700
2015-07-20,51.96588897705078,52.34853866090458,51.905863476872895,52.145959753237676,11512900
2015-07-21,51.84583282470703,52.17596731853274,51.67326668427719,51.89085480753993,11659900
2015-07-22,52.58113098144531,52.7386936109849,51.92086199174088,51.980887486140595,15493000
2015-07-23,52.25099182128906,52.97878513395146,52.115937333121344,52.66365990300868,14331800
2015-07-24,51.70328903198242,52.1909805210693,51.53071713516213,52.10094798737806,12413900
2015-07-27,51.028011322021484,51.18557396462543,50.69787679979605,51.13305308375745,16801600
2015-07-28,51.058021545410156,51.470683953427134,50.84793230798653,51.43317231143272,14932400
2015-07-29,51.725791931152344,51.84583720537541,51.1405576239915,51.26060289821457,13059200
2015-07-30,51.80082321166992,52.10844389137028,51.425672411229975,51.71828957762538,10197200
2015-07-31,51.41816711425781,51.800822528476914,51.32062996819472,51.778314396642884,11911800
2015-08-03,51.41816711425781,51.650758775671946,51.020508186931636,51.46318337792587,9980600
2015-08-04,51.365638732910156,51.733284856002086,51.25309236582397,51.373143350541504,10964000
2015-08-05,51.5682373046875,52.085941574539454,51.440681667792894,51.808333614801505,11302900
2015-08-06,51.208072662353516,51.725782481499785,51.02049730461596,51.58322337782864,10803400
2015-08-07,51.058021545410156,51.575725709965745,50.682870779387585,51.268105058487365,11453300
2015-08-10,51.68828201293945,51.77832027484415,51.18558126375346,51.18558126375346,12661400
2015-08-11,51.19307327270508,51.32062315238948,50.90795504241513,51.19307327270508,14800300
2015-08-12,50.45029067993164,50.682888127034225,49.572438960812484,50.5778463345421,21069000
2015-08-13,50.68286895751953,50.87044433378815,50.24769271073325,50.45777621625871,11930600
2015-08-14,50.93796920776367,50.9529784436423,50.570323069584916,50.585326581117286,11248800
2015-08-17,51.07301712036133,51.200566987144036,50.57031654585616,50.73538377314932,10326500
2015-08-18,51.17808151245117,51.290627919451055,50.90046780509787,51.005515316152994,10617500
2015-08-19,50.720375061035156,51.253088384560314,50.5403043222925,50.967975904522305,15198200
2015-08-20,49.474876403808594,50.300206803210365,49.474876403808594,50.12763496160538,20972300
2015-08-21,47.71916961669922,49.09972721916532,47.69666148978246,48.837117140214794,28235500
2015-08-24,45.20566940307617,47.208973212738584,37.567599223507855,44.485380585815975,36339100
2015-08-25,44.9505729675293,47.50910154958174,44.8155184378583,47.34403426616748,31772500
2015-08-26,47.20146560668945,47.25398648088653,45.43075367040803,46.36863051274582,33576800
2015-08-27,48.379451751708984,48.56702715971533,47.37404458813445,48.00429807352271,29045700
2015-08-28,48.11683654785156,48.364437434260516,47.71917764053531,48.23688754405466,16687300
2015-08-31,48.09432601928711,48.28190139824248,47.621638125084246,47.72667987935155,14223400
2015-09-01,46.10602569580078,47.156446031755145,45.76088770808033,47.156446031755145,23637300
2015-09-02,46.94636917114258,47.201471820327285,46.17355946721833,46.98388367733993,17757900
2015-09-03,47.028892517089844,47.76418755401127,46.85632353658333,47.17895337123504,17065400
2015-09-04,46.1435432434082,46.45866850634935,45.580817106293466,46.36863312581947,20189000
2015-09-08,47.38905334472656,47.419066098436865,46.766304447193264,47.09643615148542,13385100
2015-09-09,46.65376281738281,48.27441161285054,46.518708274064835,47.974292631612606,13889500
2015-09-10,47.01388931274414,47.268991923325196,46.10602523415416,46.413648717898404,15751100
2015-09-11,46.938865661621094,47.01389467121349,46.51119401016327,46.80381115461618,12766700
2015-09-14,46.803810119628906,47.036401761525916,46.60873011952533,46.99888725755929,10202800
2015-09-15,47.70417022705078,47.93676185774029,46.901344997548776,47.08892037051672,14023500
2015-09-16,48.12434005737305,48.23688643263364,47.426559399973115,47.93676467338754,12235900
2015-09-17,47.00639343261719,48.4994919200255,46.81131342605211,48.12434114358697,21249200
2015-09-18,45.72337341308594,46.3911441674047,45.60332528485946,46.3911441674047,31008000
2015-09-21,46.10602569580078,46.45116368352123,45.82841495456241,46.15854656948985,13136400
2015-09-22,45.70087432861328,45.83592885736978,45.333225253182,45.46827978193849,14811900
2015-09-23,45.49828338623047,45.88093876148362,45.25818713053847,45.618331514076466,11712200
2015-09-24,45.183162689208984,45.303210829184515,44.61293187769511,45.02559717997518,17293400
2015-09-25,46.12103271484375,46.413649832975295,45.67085011126423,45.97097184698391,18384300
2015-09-28,45.00308609008789,45.77589576149748,44.78549795625519,45.708368508313995,17452200
2015-09-29,44.898048400878906,45.115636554429116,44.065213156870065,45.00309016820011,19334900
2015-09-30,45.745880126953125,45.76838825446164,45.10062042476223,45.54329839285788,18743800
2015-10-01,46.083518981933594,46.42115524567562,45.42325569080832,45.858429093496646,16863200
2015-10-02,45.955039978027344,45.992825159512265,44.23200745063412,45.03306655910749,20435100
2015-10-05,46.86946487426758,47.03572316852643,46.2648931899061,46.280007842368285,13471100
2015-10-06,46.89213562011719,47.12640841008529,46.567177797797804,46.93747957770543,12134800
2015-10-07,46.952579498291016,47.632721351760615,46.672962838467804,47.2699784533453,12773100
2015-10-08,46.952579498291016,47.04326450218877,46.423578357042906,46.74097731209719,13964600
2015-10-09,46.80143737792969,47.26997994279325,46.53693824038358,47.14906563951154,12112000
2015-10-12,46.64274597167969,46.861901202383144,46.4009173232432,46.73343099413715,10857400
2015-10-13,46.51427459716797,46.97526137614502,46.33290454555978,46.393360268487505,15621900
2015-10-14,45.335365295410156,46.07596599541924,44.99529280999137,45.91726358034028,28989400
2015-10-15,46.77123260498047,46.824132460226686,45.41850114579645,45.69811796104179,18147900
2015-10-16,47.1793098449707,47.34556814558077,46.922366508948464,47.1793098449707,17456600
2015-10-19,47.02060317993164,47.436245985584364,46.786330417591984,46.8543449045406,14510400
2015-10-20,47.24732971191406,47.474043767623286,46.914815955728905,47.126415356680766,11545100
2015-10-21,46.89970016479492,47.5798423154457,46.89214139618654,47.519386580706445,12113400
2015-10-22,47.75364685058594,48.0483782273176,47.17174574702595,47.17174574702595,15295700
2015-10-23,48.26753616333008,48.509367715334534,47.987922305121195,48.08616610285815,16985200
2015-10-26,48.29022216796875,48.35823667907733,47.91992030019405,48.24487819962107,13880200
2015-10-27,48.09373092651367,48.259989248535625,47.84434632630643,48.0106017655027,8831900
2015-10-28,49.49934768676758,49.680717728031844,48.13150207928577,48.13906084598626,17962000
2015-10-29,49.28019332885742,49.74873888390958,49.03080589960465,49.317981399586664,12753700
2015-10-30,48.55470657348633,49.37843345834943,48.464018664563326,49.348209921025095,15731400
2015-11-02,49.529563903808594,49.68826336869776,48.6604904636219,48.7058315205479,15253300
2015-11-03,49.71095657348633,49.95278526348537,49.24996973229273,49.34065765316141,11519500
2015-11-04,49.763858795166016,49.99057572533666,49.597600481794345,49.884776028763966,11388400
2015-11-05,50.209720611572266,50.383531881849926,49.688275269440254,49.718504569847134,12715900
2015-11-06,51.73625946044922,52.16701687351046,51.464201540026416,51.66824786316809,23262700
2015-11-09,50.92766189575195,51.932764792118626,50.69339195962555,51.917647254893694,17143800
2015-11-10,51.14680480957031,51.275275009419964,50.58001841131074,50.77650597708922,13239700
2015-11-11,50.89741897583008,51.517105226358474,50.821848606867995,51.46420539152006,8513900
2015-11-12,49.877201080322266,50.5573458845474,49.83941301566841,50.527116585954154,13576900
2015-11-13,49.544673919677734,50.005660534322764,49.295292349734495,49.7562731987316,11837000
2015-11-16,50.262638092041016,50.31553794491271,49.24997635265935,49.46913453331398,11041100
2015-11-17,49.97544479370117,50.43643153334863,49.79407475756677,50.3835316992407,12354800
2015-11-18,50.972999572753906,51.04857572253025,50.15683135228618,50.23996050451959,12911400
2015-11-19,51.131710052490234,51.252621526204884,50.6631643984241,51.07125143280725,12839500
2015-11-20,51.041019439697266,51.47177699240343,50.92010220668802,51.38108906764649,11209600
2015-11-23,50.54224395751953,51.0712481977595,50.46667357052838,50.867201810667346,11339000
2015-11-24,50.466670989990234,50.73872898176786,49.907443236069845,50.005684157569846,10910000
2015-11-25,50.52712631225586,50.723613908110586,50.29285641012349,50.580026153564795,7772000
2015-11-27,50.76140213012695,50.8823193618678,50.36087388987455,50.63293189564051,4052500
2015-11-30,50.39109802246094,51.02589612695149,50.39109802246094,50.844526063618524,15147500
2015-12-01,51.093902587890625,51.26016084611199,50.62535711159851,50.88985626529199,12708800
2015-12-02,50.37598419189453,51.29795200608036,50.23995520854742,51.260169700825685,13440900
2015-12-03,49.72605514526367,50.655581475649036,49.55979690323739,50.50444076416073,14626900
2015-12-04,51.30551528930664,51.38864444009413,49.899884259546134,49.95278410407903,17786000
2015-12-07,50.63292694091797,51.19971343652526,50.17949889756221,51.13170182456457,11686000
2015-12-08,49.846981048583984,50.6026963569597,49.650493454024236,50.06613917989097,13084500
2015-12-09,49.469120025634766,50.31552318901107,49.15172100148735,49.58247846730166,16770200
2015-12-10,49.58247375488281,50.255059808359285,49.18194562929,49.529573922552615,12839000
2015-12-11,48.41867446899414,49.2424070663607,47.995472903133084,48.97034912279465,17889300
2015-12-14,48.56981658935547,48.94012121318997,48.0634887555203,48.53959305312185,17638200
2015-12-15,49.9527702331543,50.36841587167497,49.174384551605606,49.174384551605606,18126600
2015-12-16,51.033447265625,51.19214676802378,49.80919231407739,50.56490752491893,21720000
2015-12-17,50.08882141113281,51.38865296752143,49.93768062043015,51.3130825721701,18122100
2015-12-18,48.668067932128906,49.85454075807165,48.668067932128906,49.85454075807165,23819600
2015-12-21,49.529563903808594,49.54467566756789,48.99300692280766,49.1365888582894,18869300
2015-12-22,49.635372161865234,49.877200783523016,49.10637385375419,49.81674218669629,12149500
2015-12-23,50.42888641357422,50.519568562988546,49.914999759508255,49.96789960188341,12524500
2015-12-24,50.33064270019531,50.549800850293586,50.11904331821097,50.34576023642318,4468200
2015-12-28,50.16438674926758,50.21728659724569,49.6580588092413,50.09637513000331,6610600
2015-12-29,50.685829162597656,50.859646232963016,50.436441709067175,50.51201209223229,9820800
2015-12-30,50.32307052612305,50.67070457894633,50.217270863315676,50.66314581284603,7190700
2015-12-31,49.899871826171875,50.46665820450758,49.87720129354232,50.02078902106177,14654300
2016-01-04,48.4011344909668,48.73587880194963,47.937055237950645,48.652194900826984,25393200
2016-01-05,48.48481750488281,48.789129699584144,47.95987701006242,48.46199488837527,16566700
2016-01-06,47.78489685058594,48.028347767240376,47.42732704705305,47.71642609889164,22961500
2016-01-07,45.852508544921875,47.168666138925744,45.70796045153332,46.75784157603504,27630900
2016-01-08,44.825443267822266,46.613289458425186,44.772188558952266,46.50678004068519,22373300
2016-01-11,44.75696563720703,45.05367120813585,44.15594502307958,44.75696563720703,20925500
2016-01-12,44.85588073730469,45.31235345655943,44.20160520455459,45.22866664625451,22971600
2016-01-13,43.62340545654297,45.40364220493975,43.2962677235607,45.23626860141468,28808100
2016-01-14,44.277687072753906,45.175413594633916,43.58537284677842,44.24725497658336,31296300
2016-01-15,43.395172119140625,43.79838719419967,42.771328722867935,42.946308904538164,38131700
2016-01-19,43.37234878540039,44.102704544103624,42.99195630984915,43.92011487888675,22818900
2016-01-20,42.231170654296875,42.7408980721583,41.58450461751238,42.32246693646456,34646100
2016-01-21,42.033363342285156,42.99956045877473,41.88881526425811,42.406149199105506,31301100
2016-01-22,43.326698303222656,43.48646242710342,42.83218698397582,42.93869639989632,22732200
2016-01-25,42.34528732299805,43.250620307189706,42.29963918432129,42.969130707426594,21114400
2016-01-26,43.42559051513672,43.47884521005804,42.45939363245063,42.48982281371766,17535700
2016-01-27,43.395172119140625,44.33093721354965,43.02999570928569,43.42560421216957,20560000
2016-01-28,43.577754974365234,44.10269837457675,43.08324656662397,43.760344614039646,15497900
2016-01-29,45.26669692993164,45.297129019345014,43.75273385649951,43.99618766964276,26992200
2016-02-01,44.7797966003418,45.38081732654914,44.460265455179915,45.00803147422093,16807900
2016-02-02,43.38755416870117,44.110300275041716,43.17453536344173,44.03422295949579,22448200
2016-02-03,43.67665481567383,43.97336042036416,41.858379626180835,43.64622272745849,31543200
2016-02-04,44.429840087890625,44.52113346486075,43.410388188204514,43.410388188204514,21651300
2016-02-05,43.935333251953125,44.99282392561919,43.68427281176018,44.566786187833976,22001300
2016-02-08,43.014774322509766,43.303870463901205,42.25398950422199,43.12889030395467,28267600
2016-02-09,42.756107330322266,43.12889026574127,41.94206780764872,42.06379326238036,26300000
2016-02-10,42.2387809753418,43.67666407340879,42.20074230809176,43.03760459624965,22389600
2016-02-11,40.37486267089844,41.01392223372669,39.94121542135405,41.006315660122695,44334700
2016-02-12,43.73751449584961,43.79837576386002,41.97249128893389,42.33767050564981,37011400
2016-02-16,44.39180374145508,44.5819999921077,43.85164708612112,44.300510353747875,23730700
2016-02-17,44.71132278442383,45.076499138041996,44.422223749498066,44.772184058945015,21580100
2016-02-18,43.980979919433594,44.77980355312263,43.554939293789424,44.7645875055463,17037800
2016-02-19,43.98858642578125,44.25486000255447,43.425607177128065,43.74513546925593,15658200
2016-02-22,44.55916976928711,44.795014124642414,44.44505087749751,44.51352163213847,14882800
2016-02-23,42.69524383544922,44.193990878836374,42.57351837876869,44.04944280595443,31772500
2016-02-24,42.71045684814453,42.76371155027629,41.33343826136094,41.99532020368685,25560100
2016-02-25,43.37234878540039,43.38756483268215,42.634389356302684,42.70286011798848,14473300
2016-02-26,43.77556610107422,44.20921328427467,43.47125096450776,43.85164343413371,20947500
2016-02-29,42.832183837890625,43.828812974818824,42.824577266810984,43.67665543375261,19554100
2016-03-01,45.0384635925293,45.0384635925293,43.11367595316927,43.182146705591784,23958100
2016-03-02,45.46450424194336,45.57101656551495,44.8558769037832,45.03846655631328,20943100
2016-03-03,45.61666488647461,45.61666488647461,44.962389365400924,45.32756869515333,15790600
2016-03-04,45.68513870239258,46.065531202665895,45.289530153848595,45.72317737198702,18459000
2016-03-07,45.60144805908203,45.68513486646175,45.12976221095405,45.29713582571349,12832400
2016-03-08,44.71894454956055,45.26671071718387,44.642867205019385,45.04608235498396,14132900
2016-03-09,44.977603912353516,45.29713508968732,44.64285959043806,45.000429433554324,13238800
2016-03-10,44.58960723876953,45.396037443846204,43.98097984753308,45.335176155804724,21139200
2016-03-11,45.144962310791016,45.27429431130003,44.62002193470111,45.18300096375466,21055000
2016-03-14,44.977603912353516,45.12215490535669,44.58199540345479,45.000429433554324,13436100
2016-03-15,45.0384635925293,45.04607016405896,44.4526589111731,44.53634570881883,10910500
2016-03-16,44.825443267822266,45.45689610465789,44.483092397133426,44.87109140492396,17423900
2016-03-17,44.69611358642578,44.9852126656333,44.117918330174874,44.711329632927665,19405700
2016-03-18,46.01228332519531,46.385069307835586,45.38843976417682,45.68514549415331,29570200
2016-03-21,45.99704360961914,46.27092657396875,45.61665124850321,45.814456901495,12684400
2016-03-22,45.82968521118164,46.08835220206299,45.35799646758588,45.63948897971488,12042700
2016-03-23,45.60144805908203,46.035095240809476,45.54058677327401,45.90576319461479,11658700
2016-03-24,45.251468658447266,45.27429126825883,44.7873895778589,45.11452719525191,12921200
2016-03-28,45.19062805175781,45.45690162846468,45.02325443087674,45.289528007583606,11159700
2016-03-29,44.90913391113281,45.13737171400848,44.52874144255899,45.13737171400848,15933400
2016-03-30,45.42646026611328,45.82206871520309,45.17540278817313,45.23626406379109,13307100
2016-03-31,45.05368423461914,45.59384083541835,44.96999742843478,45.22866441929364,14904700
2016-04-01,45.54818344116211,45.69273440508123,44.55155724823052,44.901517546478814,15417500
2016-04-04,45.37190628051758,45.655479872494226,45.187964835885374,45.555844801499696,12305000
2016-04-05,44.72812271118164,45.08833984713358,44.61315892457766,44.90439837329733,12886600
2016-04-06,45.0730094909668,45.12665847643697,44.41389004244698,44.59016569808477,12167900
2016-04-07,43.93105697631836,44.78178098742658,43.7394525746688,44.651488474006285,19226800
2016-04-08,44.2529411315918,44.89673185245114,44.214617923390996,44.22994662194125,13547700
2016-04-11,44.60550308227539,45.126667262874186,44.38324128568011,44.38324128568011,17627800
2016-04-12,45.43323516845703,45.517541573681214,44.60550566661753,44.71280366466606,17779200
2016-04-13,47.356937408447266,47.6405110611231,46.2762888645008,46.35292944403999,37516800
2016-04-14,47.97006607055664,48.215319409202635,47.21897735549697,47.28028922833326,24249900
2016-04-15,47.418243408203125,48.20765531310498,47.096349505667675,48.19232661436752,19290700
2016-04-18,47.724822998046875,47.96241350006558,47.157672703146204,47.24197910462546,13813100
2016-04-19,48.529544830322266,48.65217148549051,47.939403138684426,47.939403138684426,19255600
2016-04-20,49.23466110229492,49.28831009617009,48.39926879090984,48.652185058656954,14594400
2016-04-21,48.74414825439453,49.556554720956825,48.54488100542022,49.249986573988096,15395800
2016-04-22,49.027732849121094,49.34196101197186,48.77481364787159,48.77481364787159,12444700
2016-04-25,48.74414825439453,49.0123961139048,48.39926274361787,48.74414825439453,10687200
2016-04-26,48.9970703125,49.10436829319086,48.5372209884961,48.90510103242936,12048000
2016-04-27,49.13502502441406,49.54122535253348,48.744150473055186,48.943420654750085,15284100
2016-04-28,48.74414825439453,49.372610324394955,48.552543893451706,48.77480565382151,12852500
2016-04-29,48.43758773803711,48.751818803572974,48.054378978912844,48.35328134324564,16376400
2016-05-02,48.8897705078125,49.05071747284413,48.39159798901869,48.81312700757083,10247300
2016-05-03,47.94707489013672,48.21531981791389,47.36459601317711,48.207656930113295,19120300
2016-05-04,47.188323974609375,47.71715098290179,46.958399315510526,47.326279354798814,17030200
2016-05-05,46.935401916503906,47.51787784235895,46.797446553392135,47.21130971907716,14033900
2016-05-06,47.21131896972656,47.27263377585715,46.437238546058616,46.521544942662736,11057900
2016-05-09,46.912418365478516,47.43358254260969,46.78979167225065,47.03504505870638,11197100
2016-05-10,47.54854202270508,47.71715188327872,47.01971208078348,47.17299616429192,11897200
2016-05-11,47.37226867675781,47.97773630469664,47.37226867675781,47.49489536485755,11254000
2016-05-12,47.34161376953125,47.94708435303957,47.03504557129511,47.72482255550092,11071700
2016-05-13,46.90475845336914,47.82446017277857,46.76680304927517,47.28796725948548,15122300
2016-05-16,47.25730514526367,47.51022433545568,46.75146968853053,46.9124166693886,10951300
2016-05-17,47.25730514526367,47.64051391320245,46.86643348837251,47.08102946284994,12180900
2016-05-18,49.08137512207031,49.18100728741432,47.28029232653194,47.287958138420315,24007100
2016-05-19,48.58320617675781,49.21933412238769,48.20766322880231,48.69050416188795,16076200
2016-05-20,48.67516326904297,49.19633021020505,48.567865310787575,48.943411088331544,11862000
2016-05-23,48.63685607910156,48.95108715156805,48.40693140328598,48.62919319015642,9347500
2016-05-24,49.46458053588867,49.64085326638734,48.90509617524586,49.00472833390594,13839400
2016-05-25,50.215660095214844,50.73682410527074,49.75581087394202,49.77114249478783,18935200
2016-05-26,49.84012985229492,50.26166182266757,49.74816349316021,50.25399601030582,9428400
2016-05-27,50.146697998046875,50.16968958781753,49.85546144878263,49.97808520999331,10116000
2016-05-31,50.024070739746094,50.44560272968426,49.78648317121832,50.376627957131745,15139400
2016-06-01,50.3459587097168,50.52223142963976,49.249981641007146,49.63319032450981,14031000
2016-06-02,50.437931060791016,50.437931060791016,49.93976439072505,50.21566929620257,10637600
2016-06-03,49.54122543334961,49.70983821449718,48.70583026330588,49.24232308397032,20261700
2016-06-06,50.03172302246094,50.399605918493855,49.51055899733946,49.54121639261722,13193500
2016-06-07,49.86312484741211,50.384289024873404,49.84779906894353,50.16202722961618,9924100
2016-06-08,50.00874710083008,50.18502571706355,49.755827896048096,49.763493709093574,9428000
2016-06-09,49.62552261352539,49.74048638363453,49.257639718636185,49.65618000870784,10817800
2016-06-10,48.92809295654297,49.10436862940644,48.72882569441709,48.997070647980905,16678400
2016-06-13,48.49123001098633,49.31129348433307,48.48356419962164,48.652176965839885,14314900
2016-06-14,47.57919692993164,48.64451672281033,47.27262877898572,48.03904623269995,19509300
2016-06-15,47.4948844909668,48.268964734187186,47.448898397088776,47.832107075121684,16982100
2016-06-16,47.68649673461914,47.747808612969514,46.67482589080712,47.09635492178702,16791200
2016-06-17,47.732479095458984,48.062038841447084,47.464234150422456,47.74780779569688,15751500
2016-06-20,47.801448822021484,48.93574613782051,47.77845723731986,48.629180955081665,12213200
2016-06-21,48.24597930908203,48.28429959704798,47.62518011889149,48.07736653365114,11611600
2016-06-22,48.06204605102539,48.828463635983155,48.039054459045,48.24598755782172,12643500
2016-06-23,49.08904266357422,49.16568324325469,48.69050229355349,48.82079478739115,16583600
2016-06-24,45.678489685058594,47.28796846600253,45.47922238720046,46.352938019653706,44108700
2016-06-27,44.153316497802734,45.02703205630257,43.72412160781553,44.9963746519497,37300700
2016-06-28,45.61716842651367,45.64016001517716,44.651480771538274,45.36424925661276,29088700
2016-06-29,46.90475845336914,46.91242134308496,45.985056733959716,46.26096754214766,21483000
2016-06-30,47.62519073486328,47.66351103137109,46.76680381375332,47.234319032641714,21343600
2016-07-01,47.31621551513672,47.895503184230215,47.238978337821365,47.62517011721703,14217800
2016-07-05,45.995460510253906,46.806463013406905,45.647887167070984,46.69060719661976,23357700
2016-07-06,46.489776611328125,46.567016753774716,45.38526761882829,45.57836355532952,20429800
2016-07-07,46.791011810302734,47.2235448506776,46.46660908361123,46.74466772180099,13771400
2016-07-08,47.75648880004883,48.01909644717292,47.37029692405197,47.37029692405197,16998800
2016-07-11,48.096336364746094,48.621557549352445,47.99592565246278,48.21219215915592,13151400
2016-07-12,48.81464767456055,49.09270626229467,48.5752076803651,48.683340920837296,16588100
2016-07-13,48.783748626708984,48.992292554708676,48.382108796458795,48.72195947012184,18526900
2016-07-14,49.52524185180664,50.1894922634714,49.471175231918565,50.004115944295464,28985900
2016-07-15,49.57157897949219,50.05045892610407,49.13132056945933,50.01183738952505,17607100
2016-07-18,49.40165710449219,49.74150779315125,49.35531597160942,49.53296090953972,10824400
2016-07-19,49.32442092895508,49.50979135710223,49.01546628683005,49.13132501422939,9737400
2016-07-20,49.37849044799805,49.61020791639909,49.20856509021328,49.51751975047467,10411100
2016-07-21,49.193119049072266,49.57158837585529,49.146777910648716,49.432559067764394,9808700
2016-07-22,49.46345520019531,49.50207085133409,49.123604470380634,49.35532194849433,8195700
2016-07-25,49.33213806152344,49.563852544512635,49.185386243125826,49.41710072611503,8168300
2016-07-26,49.5329704284668,49.633384092769035,49.208570650307294,49.41711462758569,8067800
2016-07-27,49.68745040893555,49.965509043552196,49.478903486562736,49.494354462275126,11806800
2016-07-28,49.509796142578125,49.57931374286497,49.216292445240924,49.432558947786255,10013400
2016-07-29,49.40938949584961,49.65655206046444,49.2394641277731,49.27808272604225,13210400
2016-08-01,49.278072357177734,49.6719866908938,49.1313205360697,49.54840838099935,11422600
2016-08-02,49.162227630615234,49.44028625636512,48.95368366130282,49.11588354418684,13550000
2016-08-03,49.94233703613281,49.9500566309463,49.16222778407604,49.19312089538118,13122300
2016-08-04,49.865089416503906,50.06591082700423,49.641097438026605,49.81102279361766,9873000
2016-08-05,51.209041595458984,51.26310821867052,50.25900705294781,50.31307367615934,20752700
2016-08-08,51.054561614990234,51.35579078788364,50.8537402021213,51.03139104673998,11359200
2016-08-09,50.87691879272461,51.19359306009975,50.737889484583754,51.116355865092665,10097000
2016-08-10,50.421199798583984,51.0313835416557,50.328517539213536,50.9155248246235,11556100
2016-08-11,50.56023406982422,50.73788490584701,50.22038337107786,50.41347928758016,9604500
2016-08-12,50.45209884643555,50.47526941265461,50.09680308116439,50.18176575251396,7685400
2016-08-15,50.76105499267578,50.84601766655845,50.56023359142404,50.6374707787302,8371600
2016-08-16,50.753318786621094,50.94641466051304,50.39029760085329,50.48298574173605,10128900
2016-08-17,50.892356872558594,50.96187446347455,50.622023780817514,50.822845174462074,11868100
2016-08-18,50.93870162963867,50.969597684153406,50.6143018964637,50.683819492326826,9313600
2016-08-19,50.86919021606445,50.907811757632615,50.374865126655415,50.76105697105747,9084900
2016-08-22,50.822845458984375,50.88463167114292,50.52161631324087,50.784223920168245,9055600
2016-08-23,50.7996711730957,51.239929627463255,50.79195157925783,51.03138863026587,8949600
2016-08-24,50.93870162963867,51.15497401124184,50.79967233073228,50.969597684153406,10167200
2016-08-25,51.031394958496094,51.085461586164456,50.815128447822644,50.907816620748605,9978700
2016-08-26,51.14725112915039,51.65702132255467,50.86146702995001,51.2322138101878,14038600
2016-08-29,51.711082458496094,51.826941183323534,51.33261612402468,51.355786690426264,14583100
2016-08-30,52.13591003417969,52.213147240851285,51.71109655825421,51.71109655825421,13791200
2016-08-31,52.13591003417969,52.34445108147511,51.64158484009612,52.10501397294682,14952300
2016-09-01,51.911903381347656,52.30582068503637,51.47937043161539,52.24402857998334,12226500
2016-09-02,52.128173828125,52.19769142481143,51.734262387241635,52.0586621242585,13720700
2016-09-06,52.089561462402344,52.17452414547443,51.525718737725846,52.13590260123428,16649400
2016-09-07,51.873294830322266,52.205414181564414,51.7188145465605,51.873294830322266,10070400
2016-09-08,51.94280242919922,52.27492764698719,51.74970650938807,51.919631861673054,12253000
2016-09-09,51.47937774658203,52.081836124406756,51.471652259147774,51.77288144806014,19686900
2016-09-12,51.79604721069336,51.981423534989965,50.7919519717757,51.085455646015674,16453000
2016-09-13,51.38667678833008,51.641564774849044,50.83828517337096,51.062277110661675,18876100
2016-09-14,51.286285400390625,51.94281045056974,51.13953059296891,51.185871735177564,12648600
2016-09-15,51.47165298461914,51.695644980807,51.04683956205243,51.201319848813235,12531300
2016-09-16,50.838294982910156,51.178145697178245,50.544791297836795,51.04683598941649,25161500
2016-09-19,51.124088287353516,51.471658658443,50.86147471732193,51.093192226595626,13466900
2016-09-20,51.332618713378906,51.63384787743333,51.16269336076977,51.5566106879255,10092200
2016-09-21,51.62613296508789,51.850124985514206,51.216770473309836,51.62613296508789,14116800
2016-09-22,52.05093002319336,52.074100588204566,51.626116688590685,51.74197540646588,12781700
2016-09-23,51.94280242919922,52.44485299927217,51.88873580736489,52.05093567286788,13967400
2016-09-26,50.80740737915039,51.595242185491365,50.62203690999644,51.440761883845596,16408100
2016-09-27,51.25537872314453,51.29400026219798,50.28989917500335,50.52161662368504,13711400
2016-09-28,51.52571487426758,51.5720560096248,50.96959767870148,51.42530711672031,11278000
2016-09-29,50.70699691772461,51.91191374265552,50.47527942393606,51.51799636034324,18727200
2016-09-30,51.43302917480469,51.79605046668097,51.03911771975694,51.03911771975694,21680100
2016-10-03,51.371246337890625,51.68792062021904,51.17815039484484,51.24766210578747,14901700
2016-10-04,51.814701080322266,52.26594165375585,51.42570181405009,51.51128212748259,17226900
2016-10-05,52.6627311706543,52.95836852448155,51.970312838424604,52.0403298686763,16280000
2016-10-06,52.80275344848633,52.88055210121302,52.16479499907669,52.693834147537615,17485000
2016-10-07,52.989479064941406,53.04393872329115,52.43710083434904,52.740519778820094,18497000
2016-10-10,53.401817321777344,53.72857527184925,53.08284101879979,53.168415394207365,13027500
2016-10-11,53.14506530761719,53.54184612749269,52.849428071906694,53.292886893300604,15657100
2016-10-12,53.00503921508789,53.36291783675706,52.942803842023004,53.10618282567689,11899800
2016-10-13,52.701622009277344,52.8027656232338,51.985864742108674,52.483783357152795,17890000
2016-10-14,52.53045654296875,53.70523594967345,52.35930185750485,53.52629961716106,24163800
2016-10-17,52.25815200805664,52.74051316124298,51.92361245283933,52.452651611423526,14963400
2016-10-18,52.67049789428711,53.06727880497083,52.546021216531216,52.78719886044794,11870300
2016-10-19,53.176177978515625,53.292878900465254,52.75605822089024,52.75605822089024,12705800
2016-10-20,53.10618591308594,53.43294389939029,52.85722659937906,52.96614592814718,14122000
2016-10-21,53.28512191772461,53.316242573691554,52.67050231760842,52.756082637602965,12175700
2016-10-24,53.580772399902344,53.720812402790465,53.29291074517147,53.65857108247152,10197100
2016-10-25,53.526302337646484,53.62744001178698,53.19953843723517,53.58853771022487,9945100
2016-10-26,53.78303527832031,53.876397237084134,53.19176067978898,53.19176067978898,9801300
2016-10-27,53.860836029052734,54.2809499743206,53.75969243037286,54.06311135509809,14210700
2016-10-28,53.76747512817383,54.10979635687749,53.26955657859976,54.094233063396054,12766500
2016-10-31,53.884178161621094,54.13313744599502,53.860839156157525,54.01643648301965,14336300
2016-11-01,53.65856170654297,54.28873864159724,53.16064310231229,54.05534263467172,15564500
2016-11-02,53.432945251464844,53.565203591793065,52.9116876026477,53.40960624266085,12449800
2016-11-03,53.199546813964844,53.829729771683276,53.07507011355029,53.572988786526096,10369700
2016-11-04,52.71717071533203,53.33956584406034,52.623808774977384,53.285106196100905,13571300
2016-11-07,54.36653518676758,54.4365581410704,53.68189861660992,53.744139923621816,16515100
2016-11-08,54.48322677612305,54.887789266411396,53.86860733039566,54.226485880631216,17531700
2016-11-09,56.988399505615234,57.68859945800363,55.48686191602729,55.59578124910343,50948400
2016-11-10,59.633575439453125,60.10037326799559,57.743039188548174,57.743039188548174,56192300
2016-11-11,59.664695739746094,59.68803474068926,58.94893274210258,59.36127685617207,27574300
2016-11-14,61.85865020751953,62.58218890736999,60.100372282010284,60.100372282010284,46130700
2016-11-15,61.7419548034668,61.7808570985515,60.512715880935225,60.97173803317592,28126300
2016-11-16,60.21706771850586,60.95616370606274,59.812505291227055,60.85502606707094,26054900
2016-11-17,60.69942092895508,61.04174205879147,60.37266308810522,60.629403935482514,19306700
2016-11-18,60.45826721191406,61.010645475650776,60.33379052921323,60.6527668513562,19770000
2016-11-21,60.7227783203125,60.81613433076217,60.13149786628505,60.68387602552059,11983500
2016-11-22,61.096214294433594,61.11955329706932,60.49715812937502,60.956174342962434,14410100
2016-11-23,61.35295486450195,61.64859212239118,60.59829545983922,61.36073651055758,13373700
2016-11-25,61.32963562011719,61.81199098914094,61.04955562845108,61.539692646037416,6185700
2016-11-28,60.9328498840332,61.360751486677536,60.69944793065298,60.82393055529796,13007200
2016-11-29,61.39965057373047,61.58637451896553,60.98731224873875,60.98731224873875,14144100
2016-11-30,62.372135162353516,62.65221508302483,62.00647493616279,62.17763554720161,25351900
2016-12-01,63.63251495361328,64.0137326580336,62.74559690254449,62.74559690254449,23823600
2016-12-02,63.484676361083984,63.663618627627315,62.94007978579121,63.64027962235156,16931500
2016-12-05,64.77617645263672,64.7995154650225,64.02151672864666,64.02929837799503,18529800
2016-12-06,65.11070251464844,65.20405854464587,64.1304226500689,65.0406795564923,16130000
2016-12-07,65.40631866455078,65.42187601929528,64.4571597624203,65.00176214897616,18996900
2016-12-08,66.22323608398438,66.51887338441168,65.30519759400127,65.53081787682382,20844900
2016-12-09,66.51109313964844,66.51887478698782,65.46079630382755,66.14543287824864,14567200
2016-12-12,65.9198226928711,66.74449929323687,65.57750141619482,66.40995966439182,14511300
2016-12-13,65.94318389892578,66.6511597627791,65.21186308372023,66.11434459488113,16669000
2016-12-14,65.9198226928711,67.00124025074408,65.16516311601194,65.2585191473541,22622600
2016-12-15,66.90787506103516,67.28909268718941,66.05207784622326,66.44107711983392,19438900
2016-12-16,66.08319854736328,67.13349539972708,66.04429624571142,67.13349539972708,23008500
2016-12-19,66.46442413330078,66.47220578169463,65.4997074805142,65.97428712634294,21685100
2016-12-20,67.3202133178711,67.32799496532479,66.55777806582859,66.74449605511236,14587300
2016-12-21,67.49137878417969,67.538056800931,66.93121884053073,67.24241946874218,11400500
2016-12-22,67.60029602050781,67.81813467281312,67.07125674962717,67.25019903439687,13924200
2016-12-23,67.72476196289062,67.80256061445962,67.21906182420723,67.68585966927782,10759400
2016-12-27,67.78699493408203,67.81033987082108,67.49135769427484,67.72475957641386,6946400
2016-12-28,67.2968521118164,67.98927011533985,67.18015118113873,67.81033383253585,9455600
2016-12-29,66.8222885131836,67.42912637370858,66.16099099685911,67.35910936010522,14689000
2016-12-30,67.13348388671875,67.23462154374805,66.64334702251341,66.98566228858166,13617800
2017-01-03,67.8648452758789,68.27718373477143,66.89234667069451,67.95041969232754,20550700
2017-01-04,67.989990234375,68.20120952274102,67.59101383579343,68.02910182262735,15266600
2017-01-05,67.36415100097656,68.14645445613272,66.69919425779418,67.9117610321852,14300800
2017-01-06,67.37196350097656,67.76311515768997,67.2311486658197,67.58318276946152,12893300
2017-01-09,67.41891479492188,67.88047098768943,66.90259162826466,67.06688061292974,12806600
2017-01-10,67.61447143554688,67.98215492507245,67.05903683359344,67.33284178265497,13989000
2017-01-11,68.12297821044922,68.12297821044922,67.20768470914726,67.61447983133668,14713100
2017-01-12,67.46582794189453,68.27159930258236,67.29372027873792,67.87262895817376,21337400
2017-01-13,67.82569122314453,68.97567798672627,67.35631045414186,68.14643842920488,28296000
2017-01-17,65.36144256591797,66.66788763375463,65.1502173342914,66.44101896239668,30024600
2017-01-18,65.66655731201172,65.89342604189179,64.9546582663361,65.42403916986294,21270100
2017-01-19,65.1658706665039,66.23762242340253,65.02505582644048,65.7604169081043,16555600
2017-01-20,65.4552993774414,65.58047073914872,65.15802634613506,65.26754830337946,18436800
2017-01-23,65.48661041259766,65.71347909235085,65.09545875133367,65.16586915398155,12179200
2017-01-24,66.27674102783203,66.49578501173406,65.36926627337968,65.65089595796827,15175300
2017-01-25,67.30154418945312,67.4110661613538,66.62876295149196,67.15290466965943,17551000
2017-01-26,67.86483001708984,68.02128833289841,67.23898481685126,67.23898481685126,15962800
2017-01-27,68.00563049316406,68.04474804808682,67.48930741698811,67.79441121468356,12535400
2017-01-30,67.30154418945312,67.66922765304815,66.74610962667121,67.42671556791093,13661900
2017-01-31,66.20632934570312,67.39543376181322,65.7838848269667,66.96516453851665,15655100
2017-02-01,66.4566650390625,67.35631505607556,66.24544576755542,66.91822710420863,15430900
2017-02-02,66.17499542236328,66.42533806489881,65.83861092557464,65.97941970925523,11081400
2017-02-03,68.20118713378906,68.30288439206163,67.17637194308351,67.426708706023,17885200
2017-02-06,67.88045501708984,68.41242150219838,67.75528959215283,67.89610442551981,11828400
2017-02-07,67.84133911132812,68.37330556254888,67.65358800163261,68.16990504542031,9392800
2017-02-08,67.24678039550781,67.52058531382633,66.78522438584224,67.41888804945076,13970900
2017-02-09,68.21685791015625,68.31856117768861,67.24680331105034,67.24680331105034,13749100
2017-02-10,68.06037902832031,68.43588719392683,67.9743251980459,68.43588719392683,10992500
2017-02-13,68.96002197265625,69.42157795360288,68.39676276516263,68.40458746762761,18739100
2017-02-14,70.06309509277344,70.17261709832565,68.92875747733906,69.0773970428035,17932100
2017-02-15,70.86885070800781,71.08790063821006,69.89879631968486,70.46988033569373,17381800
2017-02-16,70.82190704345703,71.22088334270711,70.22735494613333,70.72020977711864,17672700
2017-02-17,70.58721923828125,70.77497033211203,70.16477480078726,70.26647206650816,15776600
2017-02-21,71.19743347167969,71.30695546922509,70.76716421810762,70.80628177516007,14068300
2017-02-22,71.23654174804688,71.4242988509673,70.73586807726099,70.81409721922735,11839000
2017-02-23,71.29127502441406,71.45555794921634,70.81406968491756,71.33039256443783,11067000
2017-02-24,70.66545104980469,70.82973400921458,70.1960703131336,70.54810437351195,15062300
2017-02-27,70.74370574951172,70.97839918693168,70.42295844960456,70.65765188702453,12361000
2017-02-28,70.892333984375,71.04879227195958,70.08655649466121,70.28995704332205,15183500
2017-03-01,73.22359466552734,73.52087376770251,72.44911599588889,72.58993084205053,24451400
2017-03-02,72.08142852783203,73.47392750373207,71.99537468383814,73.43481591823533,16862500
2017-03-03,72.59774017333984,72.84025225817896,72.08141719058578,72.08141719058578,12817500
2017-03-06,71.9093017578125,72.22222420125233,71.26781343458546,72.1674632212878,15059200
2017-03-07,71.51033020019531,72.04229058560976,71.353865996986,71.69025657326218,11156800
2017-03-08,71.3538818359375,72.63685874455042,71.26782799719513,72.503868618676,17378400
2017-03-09,71.63551330566406,72.08142595018614,71.30694735043738,71.65898144982303,13726200
2017-03-10,71.40863037109375,71.97188959242918,70.8219030102859,71.93277204764225,13729900
2017-03-13,71.47125244140625,71.79981849829196,71.13486167787973,71.43213487670454,10004300
2017-03-14,71.58857727050781,71.69809925597067,71.00966852620344,71.20524435288722,10237700
2017-03-15,71.76067352294922,72.40216189355606,71.29128683887136,71.81543450695835,16601400
2017-03-16,71.69026947021484,72.60556284177747,71.63550848136495,71.99536726073572,14492000
2017-03-17,70.93927001953125,72.00320308304879,70.91580187332883,71.83892009113077,21734700
2017-03-20,70.43074798583984,71.32257305309514,70.24299691075953,70.61849906092016,14623600
2017-03-21,68.36547088623047,70.9079560897098,68.10730941774504,70.6889121656007,33089200
2017-03-22,68.47499084472656,68.89743524393322,67.28589273357012,67.97431732755553,21741000
2017-03-23,68.36547088623047,69.23382784859105,68.13077755697111,68.22465608237472,16090100
2017-03-24,68.28726196289062,68.91310107851741,67.88046086765722,68.67841364834527,16093200
2017-03-27,68.24813842773438,68.37330982099412,66.67571308728748,66.91040049689869,16689300
2017-03-28,69.31208038330078,69.640646380458,68.04475268897976,68.07603957285075,16264400
2017-03-29,69.05390167236328,69.4841708249629,68.9052681211469,69.31206316392306,10207600
2017-03-30,69.64844512939453,69.98483570640556,68.93655240085903,68.99913211378039,11631000
2017-03-31,68.71753692626953,69.4216112735678,68.64713247579074,69.3981431234082,16987600
2017-04-03,68.46717071533203,68.97566896881206,67.74745323239081,68.83485415967144,19831800
2017-04-04,68.6953353881836,68.97858316460754,68.23112742297323,68.36488164995323,14280800
2017-04-05,67.81414031982422,69.6631149312794,67.76692834485158,69.56869698412815,17635500
2017-04-06,68.04230499267578,68.38062842903084,67.07454065056466,67.64890592727657,14379600
2017-04-07,67.80628204345703,68.30196284295334,67.43648585850794,67.60958245595603,13097100
2017-04-10,67.57023620605469,68.20754691437938,67.1925763815905,67.72759946857701,15081600
2017-04-11,67.45223236083984,67.49943834596618,66.72050957740319,67.30273873754554,14690500
2017-04-12,67.19257354736328,67.62530899475856,66.90145602607254,67.6095756705673,14730600
2017-04-13,66.40576171875,68.44356594335851,66.40576171875,67.27123843963699,30529800
2017-04-17,67.55448150634766,67.72757803895554,66.3821540847662,66.4372297085239,19071700
2017-04-18,67.00373840332031,67.37352851944368,66.67327859320217,67.16109564410499,14127000
2017-04-19,66.4529800415039,67.60170477596714,66.37430141639163,67.271250948819,17588500
2017-04-20,67.31057739257812,67.49153758739091,66.5237793213746,66.86210273210384,15635800
2017-04-21,66.50017547607422,67.41286419054414,66.49231181676537,67.27124028667099,19820600
2017-04-24,68.84487915039062,69.27762079188335,67.99513520134879,68.09742286359094,25468300
2017-04-25,69.44280242919922,70.12731293877262,69.44280242919922,69.67097459998807,18253800
2017-04-26,69.57657623291016,70.0643933562089,69.34840399795404,69.51363092613711,12832200
2017-04-27,68.93138885498047,69.52935715104425,68.459311148738,69.52935715104425,13329000
2017-04-28,68.45143127441406,69.12020842538713,68.41208897026566,68.92350891023077,10755600
2017-05-01,68.4986572265625,69.03368030403094,68.1052580814473,68.73469911474945,15712300
2017-05-02,68.05805206298828,68.35703325208553,67.68038624268081,68.2232789834995,14414200
2017-05-03,68.45143127441406,68.53010987991804,67.68036653377229,67.71183917653244,11540500
2017-05-04,68.5301284790039,69.02581523351479,68.11312635414484,68.99434258221295,11540100
2017-05-05,68.45143127441406,68.71893973368616,67.99508695858103,68.64813078957043,9436000
2017-05-08,68.5301284790039,68.7032250597668,68.17607165674852,68.48292250344838,8162200
2017-05-09,68.25476837158203,69.11237583634971,68.05806875091464,68.65603727852638,10273900
2017-05-10,68.7897720336914,68.8291143477644,68.0344464252856,68.08165239993774,8334900
2017-05-11,68.57735443115234,68.82912969007607,67.94004361731753,68.52227277805447,10907400
2017-05-12,68.38850402832031,68.49079164497032,67.93215959211335,68.1996741247429,8738800
2017-05-15,68.71895599365234,68.8369769312303,68.34129619675596,68.53012609520415,8835600
2017-05-16,68.93138885498047,69.30904861885696,68.71894998535545,68.73468931047996,9795000
2017-05-17,66.30349731445312,68.93140704385709,66.06746140044613,68.93140704385709,24679700
2017-05-18,66.05958557128906,66.72049927498345,65.58750778453292,66.14613386585374,23350100
2017-05-19,66.70475006103516,67.14535512966731,66.20906935882398,66.2562753296649,13412900
2017-05-22,66.6418228149414,67.10603699752227,66.25629327546594,67.0194886923427,11636000
2017-05-23,67.47581481933594,67.71972033865823,66.4923170765282,66.681146962365,11753000
2017-05-24,67.43648529052734,67.64105454058802,67.06668910869286,67.57023956823068,9833800
2017-05-25,67.1532211303711,67.727586423054,66.94078827037762,67.6567714678605,12238500
2017-05-26,67.16112518310547,67.3184824930995,66.89361055275972,66.96442554421465,8113500
2017-05-30,66.01238250732422,66.99588044097686,65.91796454468736,66.98014111247322,12603200
2017-05-31,64.63548278808594,65.94943453367411,64.2342139665896,65.87862556665434,28327900
2017-06-01,65.35145568847656,65.36719501382856,64.24207336291258,64.87937797541117,17123500
2017-06-02,65.02099609375,65.29637423492525,64.50171245650426,64.74561795257473,14998500
2017-06-05,65.1390380859375,65.70553387550943,64.97381114777822,65.0210171293108,9080200
2017-06-06,65.27279663085938,65.4773659021835,64.61975249730642,64.74564312667376,12196800
2017-06-07,66.02023315429688,66.17759037723619,65.38292259496814,65.54814947989239,13711100
2017-06-08,66.83850860595703,67.45221628027026,66.0045043859742,66.02024371246118,17951000
2017-06-09,68.41996765136719,68.49078260761118,67.18469477345256,67.27911271418002,19120200
2017-06-12,68.43572235107422,69.03368476830629,68.36490737892083,68.41998302268682,16053400
2017-06-13,68.66390228271484,69.12024685224908,68.43573600074389,68.8842109045148,12557200
2017-06-14,68.52226257324219,68.6953591634977,67.52303135148738,68.27048735181458,16175700
2017-06-15,68.11312866210938,68.51439747631146,67.85348378216717,67.8613534459579,12509700
2017-06-16,67.80628204345703,68.41998379601294,67.68039142611477,68.3334354972889,16936600
2017-06-19,69.29331970214844,69.41921029997378,68.33342490350952,68.42784285187852,15972300
2017-06-20,68.8605728149414,69.1752932817532,68.7425578923314,69.04153903426611,11197800
2017-06-21,68.54582977294922,68.88415308323,68.26258207118897,68.82907747470946,10005900
2017-06-22,68.46715545654297,68.73466988290453,68.17604405475166,68.39634652187763,12180600
2017-06-23,68.34130859375,69.23825827757679,68.14460899637052,68.97074970648247,18812000
2017-06-26,68.64027404785156,68.97859751771243,68.152463000234,68.45931382141083,10082400
2017-06-27,69.2776107788086,69.97786096816064,68.8448691998624,69.01009616560653,15415200
2017-06-28,70.67021942138672,70.86691898624281,69.71032458444186,69.71032458444186,17466200
2017-06-29,71.71664428710938,72.89684137575256,71.05573079601693,72.65292989553386,27697800
2017-06-30,71.91336822509766,72.3854460203234,71.72453830756632,72.3539733669357,16892700
2017-07-03,73.37694549560547,73.95447020216423,72.3168394228323,72.43550350872995,13208100
2017-07-05,74.1126937866211,74.19971814106995,73.2661890953748,73.66966509910922,17535400
2017-07-06,73.87533569335938,74.76931183930377,73.47977273626871,74.00191873681801,16596100
2017-07-07,74.24717712402344,74.50033721360829,73.75668284559738,74.33420147067567,12817800
2017-07-10,73.72502136230469,74.11267134650343,73.64590394707889,73.97026844923289,13987200
2017-07-11,73.44022369384766,73.83578667049989,73.0051020052054,73.83578667049989,13262300
2017-07-12,73.18708801269531,73.44024816066123,72.83899054581191,73.26619942721953,13540100
2017-07-13,73.65382385253906,73.8753381501466,73.05256644773866,73.32946535556,12820100
2017-07-14,72.98138427734375,73.26619016226674,71.66020511083688,71.8421607376518,22235200
2017-07-17,72.30101013183594,72.77568456061626,72.19025296631429,72.64119457902751,14374200
2017-07-18,72.0478515625,72.45132755163826,71.45450700498436,71.55735122206107,14719400
2017-07-19,72.15068054199219,72.48295801124473,71.99245777439512,72.26143768647248,11651200
2017-07-20,72.15068054199219,72.56206939504328,71.91334639059657,72.11112786799876,11561700
2017-07-21,71.90544128417969,72.27727146798108,71.61272249280549,72.03993125488715,10971300
2017-07-24,72.21398162841797,72.41967608218866,71.92126886601112,71.96082154524346,10725100
2017-07-25,73.41651153564453,73.98611731219192,72.99720959234658,73.07632703858518,16447700
2017-07-26,72.72821044921875,73.72503085850875,72.53042895730157,73.65382638279625,11815500
2017-07-27,72.42759704589844,72.83106701209661,72.1190583490113,72.64911138870838,12332400
2017-07-28,72.21398162841797,72.5858118209145,71.92126886601112,72.34847160227045,9351900
2017-07-31,72.62538146972656,73.06841017302689,72.38804121535087,72.39595416671364,11520300
2017-08-01,73.59845733642578,73.6854816870027,73.00511278384471,73.17124853426986,12523700
2017-08-02,73.66175079345703,73.74086219537034,73.1870763461641,73.47188222170249,10165600
2017-08-03,73.17913818359375,73.67754527616843,72.9734437808344,73.33736093290955,11078800
2017-08-04,74.09685516357422,74.68228664327923,73.94653931015621,73.97027212157765,14324000
2017-08-07,74.38166809082031,74.51616410568016,74.13642094834464,74.27882387786886,7978300
2017-08-08,74.1126937866211,75.33102871309194,74.04940224960134,74.32629517929627,13745400
2017-08-09,73.99404907226562,74.11271923597415,73.44026302271278,73.55893318642133,11214400
2017-08-10,72.93391418457031,73.63010295193949,72.83897688346015,73.4956129688931,13252300
2017-08-11,72.3247299194336,73.31363731617431,72.18232701287046,72.8864285964849,10679500
2017-08-14,73.17123413085938,73.49559865294427,73.04465712318088,73.07630288405343,10994800
2017-08-15,73.36113739013672,74.01776756868458,73.29784584363613,73.8199860127308,8812700
2017-08-16,72.85477447509766,73.75666347037641,72.6886387758074,73.60634763186144,11085400
2017-08-17,71.71556854248047,72.75194160505556,71.59689844287132,72.59371882945136,13837500
2017-08-18,71.78678894042969,72.41969230807643,71.35167315650966,71.44660443658698,13040700
2017-08-21,71.69975280761719,71.94500599112646,71.32792862865618,71.87380150694221,11502100
2017-08-22,72.43551635742188,72.55418650018248,71.99248759598404,72.04786619116378,9211800
2017-08-23,72.52252960205078,73.05258265115313,71.86589347720343,71.88963233076556,8811300
2017-08-24,72.40386962890625,72.87855019368952,72.31685129689771,72.72823427912054,8623200
2017-08-25,72.69657135009766,73.16333885243174,72.62537290367074,72.68865839966821,11794600
2017-08-28,72.46714782714844,72.93391535365595,72.09531760327287,72.91018253695121,7292900
2017-08-29,72.07159423828125,72.23773001281504,71.44660382790346,71.55736101092597,10886100
2017-08-30,72.23770904541016,72.68865059848886,72.14277779369593,72.19024341955304,9165300
2017-08-31,71.90544128417969,72.66492151594296,71.83424284173891,72.63327575180962,13217400
2017-09-01,72.54625701904297,73.06840311389968,71.95291247624007,72.19025270768635,9815800
2017-09-05,70.81370544433594,72.07950611413547,70.42604927373038,72.00830161993322,16897300
2017-09-06,71.2883529663086,71.61271143592339,70.91652283991715,71.20132863733139,11845700
2017-09-07,70.03840637207031,71.30420717259389,69.68240197173424,71.28838730325612,14592300
2017-09-08,69.95134735107422,70.74247321399741,69.8089444543156,69.86432302328777,14242200
2017-09-11,71.03520965576172,71.399126919085,70.37066062670102,70.71875802458105,13219000
2017-09-12,71.90544128417969,72.19024712556745,71.28045102312386,71.33582960140413,14003800
2017-09-13,72.11116027832031,72.38805326397043,71.45452402962545,71.68395137082538,12485400
2017-09-14,71.96875,72.41177873204614,71.78678832173031,72.1507056424559,10562800
2017-09-15,72.48298645019531,72.55418491280545,71.80261741812173,72.0557775670923,18171800
2017-09-18,73.51144409179688,73.68549281924562,72.66493931032565,72.72823085409134,11318700
2017-09-19,74.31839752197266,74.65066907899808,73.19499372527432,73.34530963546798,12626100
2017-09-20,74.84053039550781,75.38640935451399,74.13642862545134,74.44496733206874,15311600
2017-09-21,75.18069458007812,75.44968052923979,74.51615171005236,74.72975305090016,10851500
2017-09-22,75.0224838256836,75.14115393885228,74.70603220250466,74.91963357755814,8358300
2017-09-25,74.46077728271484,75.06202866454879,73.93071830404442,74.76931592323312,10463400
2017-09-26,74.12850189208984,74.3895749140158,73.84369605650011,74.19179341906805,9358100
2017-09-27,75.29937744140625,75.72658623134768,74.82470302007559,75.13324169573116,15090200
2017-09-28,75.45760345458984,75.85316649520361,75.08577926649582,75.62373920735007,10270400
2017-09-29,75.56046295166016,75.56836986765435,75.1728067786499,75.39432717857594,11438400
2017-10-02,76.6126480102539,76.64429377829681,75.52089617393273,75.76614333149885,13797200
2017-10-03,77.0161361694336,77.07942771551359,76.55728151407473,76.60475319154175,9633500
2017-10-04,76.23287963867188,77.08729691840249,76.16958812851169,76.97653979352748,12166600
2017-10-05,77.25940704345703,77.50609380736438,76.0339567125758,76.39204198092376,14236200
2017-10-06,77.12415313720703,77.69709458844073,76.76606776573385,77.6254799425844,10231900
2017-10-09,76.71833038330078,77.24352270532312,76.50347428753547,77.15598963980337,7765100
2017-10-10,77.291259765625,77.33104972724111,76.58304216074758,76.75810827810528,10631500
2017-10-11,77.06049346923828,77.1957756998054,76.50347041782994,77.0525403335724,14283600
2017-10-12,76.38408660888672,77.58567152940235,76.08966281781399,77.42652386239516,18251600
2017-10-13,76.28067779541016,76.95706481103907,75.56450080841009,75.97829465472002,13190600
2017-10-16,77.85621643066406,77.9437494605863,76.66259082746308,76.66259082746308,12434000
2017-10-17,77.68115234375,78.1267706026859,77.44242480726666,78.03923757738157,10335700
2017-10-18,77.97560119628906,78.42122566979027,77.68913048871522,78.10292420903096,10158600
2017-10-19,78.07109832763672,78.14271297345137,77.25942924849592,77.33900917197325,9133900
2017-10-20,79.1851577758789,79.48754087124965,78.56447317053582,79.0021324345385,15326600
2017-10-23,79.04984283447266,79.56708181531704,78.9702690076721,79.18512501823682,9238600
2017-10-24,80.30714416503906,80.52200021366282,79.3840766826739,79.47956286331122,13000800
2017-10-25,80.38672637939453,80.72889939487537,79.7262579671743,80.56975169650566,14632700
2017-10-26,80.95964050292969,81.50075099442616,80.6254268064125,80.64929834600751,13054400
2017-10-27,80.98353576660156,81.3495863846044,80.41060043519968,80.71298347714195,10400400
2017-10-30,80.69705963134766,81.11084721243724,80.26735364073862,80.4742443957362,8839500
2017-10-31,80.06045532226562,80.92782042098075,80.02862457491449,80.6652273797488,8690200
2017-11-01,80.30714416503906,80.92782862356121,80.15595568866502,80.45037950708993,8418200
2017-11-02,80.84030151367188,80.9835368662411,79.70238397021606,80.26736617449036,8731800
2017-11-03,80.69705963134766,80.79254580408673,80.1559490584801,80.45037285255144,7103500
2017-11-06,80.19573974609375,80.91987566332406,80.10025356525101,80.6413581129463,8121500
2017-11-07,78.58036804199219,80.17186916689329,78.1824927607669,80.0206746172773,18822600
2017-11-08,77.69708251953125,78.27798308710354,77.30716645343456,78.19840317594128,18524700
2017-11-09,77.68912506103516,78.1586210488507,77.03660984405886,77.28329664623787,13697800
2017-11-10,77.59363555908203,78.25410388221665,77.58567635390844,77.83235707443723,9314000
2017-11-13,77.87214660644531,78.02334114844906,76.88541765859237,76.94111995231565,9303100
2017-11-14,77.40264892578125,77.80848338311039,77.06843517084882,77.45835121827,11043800
2017-11-15,78.13473510742188,78.57239419254405,76.35224980855465,76.70238193352748,15384100
2017-11-16,78.35755920410156,78.8270491239082,78.23023619941806,78.40530229531036,9808000
2017-11-17,78.0949478149414,78.30980383388156,77.64137030629385,77.84030791659706,9017900
2017-11-20,78.78727722167969,78.8986818321747,77.79258886290566,78.34165270860369,9483200
2017-11-21,78.7236099243164,79.21697749960565,78.70769758302762,79.17718753974044,13389400
2017-11-22,78.49282836914062,79.19308661939667,78.45303841593862,78.80317057661388,7342200
2017-11-24,78.23818969726562,78.69972644893026,78.19044660953982,78.64402415621865,3680000
2017-11-27,77.9278335571289,78.88273156754724,77.9278335571289,78.23021651050622,13076200
2017-11-28,80.65731048583984,80.92786287360781,77.95971546145942,78.1506939746543,16773000
2017-11-29,82.54319763183594,82.93311365612384,81.13471592217859,81.4928072707278,21105500
2017-11-30,83.17183685302734,84.87474845242207,82.7898800254036,83.34690292864418,23945900
2017-12-01,83.38668823242188,83.80843498866457,81.3256914631324,83.4742212653508,19683500
2017-12-04,85.10550689697266,86.25934867447569,84.96227157532036,85.72619733819535,23576600
2017-12-05,84.12674713134766,85.4715674718501,82.85354749562377,84.01534254266524,17193900
2017-12-06,83.49810791015625,84.15858234314463,83.17980646657551,83.99147545126114,15476200
2017-12-07,83.2514419555664,83.70501962009098,82.54322430518762,82.71828436269676,13371800
2017-12-08,84.29386138916016,84.30182059507517,83.02861477686498,83.35487543733255,13506900
2017-12-11,84.04715728759766,84.39728332631405,83.80047054155263,84.12673111134713,10591200
2017-12-12,85.02595520019531,85.4397489353902,83.98352379804294,85.07370436723818,15508800
2017-12-13,83.95965576171875,85.23285563269434,83.93578421274668,84.90659494048715,15020300
2017-12-14,83.28326416015625,84.70765245059806,83.26734574768346,84.44505935575248,13034200
2017-12-15,84.46095275878906,84.76333574591894,83.71294538877487,84.18244131392022,29350600
2017-12-18,85.11345672607422,85.64660800362836,84.73149995780301,85.29648197789531,12713100
2017-12-19,84.75540161132812,85.53523383176805,84.69969930986812,85.42382922884806,12149900
2017-12-20,84.46095275878906,85.72619913847066,84.42116280762458,85.62274769388068,13091500
2017-12-21,85.8057861328125,85.99676457129203,84.7951795007058,84.81905104662886,12323700
2017-12-22,85.50338745117188,86.30709714343202,84.99410762487292,86.10020031678106,14573400
2017-12-26,85.16121673583984,85.93309570034624,84.66785530614307,85.30445207019253,7403700
2017-12-27,85.32037353515625,85.37607582989374,84.88270831143686,84.88270831143686,9496500
2017-12-28,85.7739486694336,85.8137325524939,85.27262803099232,85.46360645452786,7440600
2017-12-29,85.0975570678711,86.1638597818332,85.0975570678711,86.01266525002588,8925700
2018-01-02,85.90127563476562,85.95697793443617,84.99412042807667,85.64663568325813,13578800
2018-01-03,85.98882293701172,86.33099599771877,85.52729212229922,85.8296752176069,11901000
2018-01-04,87.22064208984375,88.01253725327506,86.54872641881045,86.67671268099618,12953700
2018-01-05,86.66072082519531,87.6286002563522,86.21278106399457,87.39662970780994,14155000
2018-01-08,86.7886962890625,86.93267778047115,86.14877719330828,86.50873397319032,12466500
2018-01-09,87.22864532470703,87.6925802819852,86.78069949659147,86.9646782282191,13292300
2018-01-10,88.18851470947266,88.54846538964748,87.50060381172985,87.56459694238518,15834500
2018-01-11,88.66044616699219,88.73243996128983,88.02853386519143,88.5244653477551,13676800
2018-01-12,90.12425231933594,90.26823379785601,88.66044163816848,89.30836134286896,18884200
2018-01-16,89.80430603027344,90.73218816248281,88.84443343387578,89.19638956715812,22703300
2018-01-17,90.3802261352539,90.62819798695058,89.03640092629911,89.50034196214891,14940300
2018-01-18,90.59619140625,90.96414270695242,89.8042902455556,90.19624354426215,14572900
2018-01-19,90.39623260498047,91.46008945785988,90.2282552071574,91.14013599689467,18785500
2018-01-22,91.45211791992188,91.50010973060628,89.98830666682149,90.11629296561004,12475700
2018-01-23,91.3561019897461,91.70005744067124,90.66819108789579,90.92415750932469,12320800
2018-01-24,92.52397155761719,92.78793870997998,91.71608096798177,91.8760577315652,15904500
2018-01-25,92.54796600341797,92.92391810490899,92.05203438249129,92.81993382049069,13510000
2018-01-26,93.04389190673828,93.04389190673828,91.95603298209387,92.54795424609344,13883900
2018-01-29,92.94790649414062,93.86778805268423,92.80392497973621,92.80392497973621,11679900
2018-01-30,92.07600402832031,93.2678470356975,91.97201977355603,92.41195879237769,14279100
2018-01-31,92.52397155761719,93.31587301470556,92.11602897966272,92.50797632234779,13141400
2018-02-01,93.48384094238281,93.57982454968487,92.3719860711746,92.60395052396906,13800600
2018-02-02,91.412109375,93.52383422216718,91.26012718965812,93.17987871509789,16477300
2018-02-05,87.0286865234375,91.66007895485085,83.1731880793394,90.3882472546452,30097600
2018-02-06,89.67632293701172,89.9722865942183,85.27689582552865,85.46886911799514,33114800
2018-02-07,90.28425598144531,91.54808691509172,88.90843400288988,89.22839359602025,21878300
2018-02-08,86.29277038574219,90.4762287680813,86.26077381634377,90.4762287680813,27425800
2018-02-09,88.0205307006836,88.82842713198293,84.972929789328,87.26862672881765,28188000
2018-02-12,89.38037872314453,90.17228016943665,88.04455384699526,88.92443824015312,18043300
2018-02-13,89.93229675292969,90.42823441051128,88.62846862606898,89.04441181105376,16358200
2018-02-14,92.01202392578125,92.20399723202867,90.01228418609993,90.09227255514291,15186900
2018-02-15,92.39598083496094,92.77992746488357,91.36411435012117,92.57995348183839,12130200
2018-02-16,91.73206329345703,92.84391812123681,91.58808178540605,91.62807902203411,13214300
2018-02-20,91.75605773925781,92.29998719407783,91.16413648342235,91.70806593824237,13461500
2018-02-21,92.14000701904297,93.94776728737689,91.72405775001803,91.98802485120065,14212500
2018-02-22,91.97203826904297,93.13188494603199,91.79606018503708,92.38798147446639,17070400
2018-02-23,93.83578491210938,93.89977804796868,92.23599313195457,92.23599313195457,12162500
2018-02-26,95.00363159179688,95.10762196260552,93.84378499944562,94.49969938114408,16511200
2018-02-27,93.87578582763672,95.45158176929588,93.86778515966034,95.11562694694706,17563300
2018-02-28,92.38797760009766,94.77966466210873,92.25999132519813,94.24373586709032,17735600
2018-03-01,90.7322006225586,93.29986596811985,90.10828273894658,92.37198981120818,18690000
2018-03-02,90.64421081542969,90.83618413891507,88.88444212758283,89.90030732136167,18353700
2018-03-05,92.03602600097656,92.7319376740545,89.50035730559419,89.62834358682673,13933000
2018-03-06,92.11601257324219,92.64394068121823,91.44409685987483,92.49995917854817,10674400
2018-03-07,91.77204895019531,92.06800649410148,90.47621554124605,90.98814837133745,13006500
2018-03-08,91.78005981445312,92.17201322485326,90.55621998445216,92.0760235136431,11173700
2018-03-09,94.41970825195312,94.4517048187492,92.52395286265299,93.2278651267245,15366600
2018-03-12,94.11576843261719,94.98765216316608,93.78780813584187,94.38773014950397,12339300
2018-03-13,92.9878921508789,94.76366190645362,92.65193736001909,94.5476866103859,13312300
2018-03-14,91.9480209350586,93.25984957547844,91.66805862205206,93.23585367760941,12905100
2018-03-15,92.1800308227539,92.7879536068718,91.85207657393885,92.68396930412035,8748000
2018-03-16,92.3399658203125,93.26784170169906,92.25997136444663,92.25997136444663,19888900
2018-03-19,91.6120834350586,92.3479862545106,90.62821482057257,92.06802388871058,13214900
2018-03-20,91.70005798339844,92.3479716565048,91.54807582196523,91.88403671053973,9921200
2018-03-21,91.78005981445312,93.29186267536276,91.35611593637141,91.8360522869786,13633000
2018-03-22,87.94853973388672,90.86816059007121,87.620585633161,90.54820105329253,22550400
2018-03-23,85.59685516357422,88.72444471054358,85.39688120447038,88.20451119632938,23081500
2018-03-26,88.23648071289062,88.91639684758962,86.90865720490518,87.34060155648186,20217500
2018-03-27,86.52474975585938,89.34038712268774,85.82884413435887,88.84444940054625,18039900
2018-03-28,86.38876342773438,87.32464023354825,85.30890510543206,86.61273331944486,19189300
2018-03-29,87.96456909179688,88.61248293571973,86.21279479944543,86.78872092858687,13274600
2018-04-02,86.26876831054688,88.57247232059572,84.85295530663866,87.95654908351749,18822500
2018-04-03,87.4526138305664,87.58859465899125,85.79682968249156,86.67671388774546,14050700
2018-04-04,88.78045654296875,88.95643464180615,85.60486840319079,85.66886154871753,15302600
2018-04-05,89.94617462158203,90.7099329316387,89.55223974045234,89.74518656109379,16627000
2018-04-06,87.70314025878906,89.68086801666341,86.68212369032157,88.87691583770155,18906000
2018-04-09,88.75630187988281,90.83049950853106,88.34628464313445,88.44276109109494,15974300
2018-04-10,90.45265197753906,90.74207522259779,89.57634100398136,90.14714625571723,13951400
2018-04-11,88.93318939208984,89.88988828347107,88.85278926983804,89.76930036742968,14503300
2018-04-12,91.14408111572266,91.96410982279802,89.64068799680315,89.68892317555178,16435500
2018-04-13,88.6759262084961,92.57509298005701,87.67098600275008,92.47057527311175,39152800
2018-04-16,88.60357666015625,89.61655821171118,88.26591818752757,89.19046450096515,16580500
2018-04-17,88.60357666015625,89.97833427043207,88.42670618392154,89.5361642135142,15501400
2018-04-18,87.8880386352539,89.29495473515375,87.54233900536039,88.86081988828742,16081400
2018-04-19,89.81753540039062,89.938129449921,88.03276064161214,88.05687822478458,17911000
2018-04-20,89.61654663085938,90.63756315672317,89.14221167555678,90.28382838363463,15584400
2018-04-23,89.18242645263672,90.00245507746277,88.94123831574541,89.69695541991366,11285800
2018-04-24,88.76436614990234,90.76620542860137,88.10511945161123,89.8416591634961,16453100
2018-04-25,88.42671203613281,88.86084701553092,87.30921882633133,88.65181769944977,13548200
2018-04-26,88.51515197753906,89.0939986474555,87.90414647777507,88.41064038078677,10299500
2018-04-27,87.9523696899414,88.56337506396852,87.73529916655818,88.0729637436356,9384000
2018-04-30,87.45391845703125,88.675929223623,87.42980087266024,88.23375306459275,13744900
2018-05-01,87.45391845703125,87.60667133627234,86.4570194564621,87.1886127616131,10503400
2018-05-02,86.76253509521484,88.02474002416989,86.60978832144943,86.91528800264985,12162100
2018-05-03,86.21583557128906,86.64192927251135,84.55969593750622,86.4972176255237,15379100
2018-05-04,87.17253112792969,87.42175432953476,85.2028508306607,85.5646268416144,11967900
2018-05-07,87.92826080322266,88.17748404081873,87.11626730394427,87.43784943438146,9356700
2018-05-08,89.23065948486328,89.51204154870344,87.85590185838517,88.05688992308083,12543200
2018-05-09,91.17623138427734,91.3611369745635,89.26282102466263,89.59244440494452,11368100
2018-05-10,91.8836669921875,92.00426100865236,90.64558028156998,90.99932109422255,9159700
2018-05-11,91.53800201416016,92.2374426670852,91.38524912665878,92.04448971434594,10253000
2018-05-14,91.57015228271484,92.21331033073855,91.44151699290919,91.73898150033362,8710700
2018-05-15,90.87073516845703,91.57821717780526,90.50091781523855,91.57821717780526,11536200
2018-05-16,91.11993408203125,91.40132224253175,90.54912878940902,90.75815806662797,7571100
2018-05-17,90.81444549560547,91.17622768859222,90.20344006769614,91.00739231833039,8617200
2018-05-18,89.34320831298828,90.68581318667269,89.11006143233253,90.64561312206462,11806300
2018-05-21,90.1632308959961,90.47677173005535,89.97831921078964,90.08283691125463,9441900
2018-05-22,90.85464477539062,91.88370266591045,90.275798178556,90.3240333504026,11507600
2018-05-23,90.43656921386719,90.66167481849477,89.33515877212966,90.45265169057927,11453900
2018-05-24,89.42361450195312,90.16324912498077,88.53122698346598,90.1552078847805,14084800
2018-05-25,88.9653549194336,89.30301337713458,88.59553150347315,88.80456079647935,8283500
2018-05-29,85.16265106201172,87.79157188033638,84.38281649908829,87.77549553623207,30643800
2018-05-30,87.10821533203125,87.30920337208379,85.74149911314136,86.53741003432226,17490800
2018-05-31,86.03092193603516,86.97958572551755,85.55658697445986,86.78663279182513,19808200
2018-06-01,87.1484375,87.58257251267842,86.66606730824725,87.10019618725589,13594200
2018-06-04,87.1886215209961,87.83982703277918,87.04390986656308,87.62275648429512,9415400
2018-06-05,86.69821166992188,87.07607022612923,86.07917110786053,87.01979381139638,10415200
2018-06-06,88.72416687011719,89.02966650346241,87.21273891519587,87.35745055913175,15453600
2018-06-07,89.07789611816406,89.64066014091794,88.45884955946697,89.38339571142076,13444400
2018-06-08,89.32714080810547,89.35125839578977,88.48298843713903,88.9332058973668,10383200
2018-06-11,89.10204315185547,89.97031318853206,89.05380183848241,89.33519007653732,12642900
2018-06-12,88.58747100830078,89.66476372183202,88.04881851786831,89.35122293901819,15294100
2018-06-13,88.41062927246094,89.60047515897392,88.09708838792922,88.80456415467562,14979700
2018-06-14,86.8509521484375,88.7241621810334,86.64996410546374,88.65984453520142,20487300
2018-06-15,86.7464370727539,87.13233066483298,85.43599115991245,86.66604308554311,26028600
2018-06-18,86.97154998779297,87.14842045469796,85.77366291693912,86.2319154295254,9786800
2018-06-19,86.46505737304688,86.7303569246014,85.70129913986035,85.94248724163889,12707200
2018-06-20,86.45702362060547,87.34136984759147,86.37662962427379,86.97155255753074,8876900
2018-06-21,86.4328842163086,86.99564818223728,85.64500853034124,86.10326094078808,11048700
2018-06-22,85.01795196533203,87.12430910630555,84.82500513929195,86.95547986681184,19478900
2018-06-25,84.24615478515625,84.97774812379714,83.5788729632259,84.94559543227624,16907600
2018-06-26,84.30244445800781,84.58382655559735,82.89552783639043,84.18185037799239,17086800
2018-06-27,83.00000762939453,85.15459936107871,82.99197252516362,84.15770054005091,16276800
2018-06-28,84.35871887207031,84.78481262881492,83.21710802689238,83.35377845194829,14491300
2018-06-29,83.77181243896484,85.94248694651286,83.73161851125192,85.76561649030506,18972400
2018-07-02,84.47929382324219,84.48732892854196,83.11257148109824,83.38591840299429,11130000
2018-07-03,83.29747772216797,85.04205231023924,83.22511884353003,84.74459395824925,8311700
2018-07-05,83.83906555175781,84.37255427138227,83.68548256918383,84.17047399620623,10723400
2018-07-06,84.11387634277344,84.46953953530931,82.61039887778023,83.35405884099153,12173700
2018-07-09,86.7166748046875,86.86217282954098,84.63929010744582,84.63929010744582,13900800
2018-07-10,86.1832046508789,87.62201533482794,86.1104525393416,87.31484934589429,14575900
2018-07-11,85.99728393554688,86.53885760883983,85.8517858864681,85.9326167655117,10186500
2018-07-12,86.3691177368164,86.94302504047167,85.65779731122988,86.82986056746928,12456800
2018-07-13,85.97303771972656,87.13702214527261,84.9868849333057,86.73286157162478,21289100
2018-07-16,89.38414001464844,89.5377168151341,86.47418557139402,86.53076779620451,24662600
2018-07-17,89.3194808959961,89.66705921313113,88.71324007543504,89.47306387731173,14821900
2018-07-18,90.15206146240234,90.62897417202237,89.0769927980906,89.25482444686412,14244900
2018-07-19,88.82640838623047,89.79639127438064,88.69708021241082,89.772142627227,16775300
2018-07-20,89.94996643066406,90.32179337764774,88.73748484254332,88.91531646218775,13578100
2018-07-23,91.62319946289062,92.34260478002636,89.66706379533056,89.77214332281078,18140000
2018-07-24,92.26982879638672,92.77906872576062,91.67975184619254,91.78483750645935,14000400
2018-07-25,93.10243225097656,93.37725848756426,91.64745168374434,92.05161226719761,13329100
2018-07-26,92.83567810058594,93.43383399426241,92.61743411471772,93.29642088586388,11897800
2018-07-27,93.78948974609375,94.007739881488,92.80333708572007,93.10241809211215,12802700
2018-07-30,94.3553237915039,95.06664413241054,93.81374397289264,93.99157559986942,13411600
2018-07-31,92.91648864746094,94.63821617914584,92.81140914644233,94.63821617914584,15843800
2018-08-01,93.49040985107422,94.32297949462955,93.18324392409276,93.56315578093836,13531600
2018-08-02,93.88651275634766,93.96734364651422,92.41536835411024,92.60936372391033,11058100
2018-08-03,94.64630889892578,94.67864248100496,93.71674462390054,93.76524191351919,11016100
2018-08-06,94.67057800292969,95.00198647702277,93.91075412686091,94.40383053575646,9857400
2018-08-07,95.01813507080078,95.61629087808561,94.84030346585129,95.1717118657119,10562100
2018-08-08,95.21215057373047,95.60014127862885,94.79990505365001,94.84032357861908,8997100
2018-08-09,94.47657012939453,95.15556307591314,94.33107208135488,94.98581638103367,9694200
2018-08-10,93.5470199584961,93.72484545128049,92.6982801884269,93.3611033595375,12630600
2018-08-13,92.0596923828125,93.66824969392728,92.00311015077331,93.40958718074802,10336300
2018-08-14,92.67401123046875,92.98925595210093,91.86569016638616,92.36684527923717,10597600
2018-08-15,91.90609741210938,92.41534360106246,91.31602652163987,92.003098154529,10152100
2018-08-16,92.77100372314453,93.20749782796435,92.39109801185707,92.4315103639514,10118600
2018-08-17,92.77100372314453,93.01350250371115,92.39109801185707,92.66592420729908,8505100
2018-08-20,92.64977264404297,92.9973509860143,92.2375271298442,92.62551782920694,8618700
2018-08-21,93.21558380126953,94.0804870833036,92.85992056368536,93.25600232081328,10976700
2018-08-22,92.93267822265625,93.28834148150838,92.77909523960635,93.207504437587,8314700
2018-08-23,92.73867797851562,93.07817134382312,92.49617919358154,92.92458836889818,9265400
2018-08-24,92.69828033447266,93.13477454545293,92.51236373522114,92.9407791740178,8845700
2018-08-27,94.3391342163086,94.79987689589989,93.094319254413,93.13473776737683,13768000
2018-08-28,93.87843322753906,94.59783867538435,93.74102008963648,94.57359002363707,8302600
2018-08-29,93.57127380371094,94.06435028158162,93.2479440558774,94.04818040233886,7221700
2018-08-30,93.11050415039062,93.7975758126448,92.94075746915138,93.43382763827478,8991800
2018-08-31,92.617431640625,92.82759068303207,92.0031058876647,92.81951191240137,13065700
2018-09-04,93.07816314697266,93.15090907584641,91.84951178977387,92.42341895211025,10174200
2018-09-05,92.62552642822266,93.52276348342156,92.35070017124359,92.95694109140493,11462400
2018-09-06,92.22943878173828,92.71443022151152,91.74444734196506,92.55276846392069,9877600
2018-09-07,92.40727996826172,92.77102204394475,91.84953636301312,92.5527780319352,10955600
2018-09-10,91.9142074584961,92.9326939476359,91.87379509669789,92.83569317871728,8276900
2018-09-11,92.4961929321289,92.61744234260524,91.4857914564948,91.77678757483751,9333800
2018-09-12,91.40494537353516,92.85991955632248,91.21902881945113,92.35067951739694,10800800
2018-09-13,91.76060485839844,92.25368120287585,91.07353318450379,91.63936163188788,12470800
2018-09-14,91.74443817138672,92.5446742753727,91.52619420375423,91.99501572070554,10337900
2018-09-17,92.01927185058594,92.49618451050375,91.58278387981457,91.97885949544077,9561300
2018-09-18,92.39111328125,92.68210939922254,91.79295116819469,92.41536192991418,7944200
2018-09-19,95.0747299194336,95.43038700956389,92.5042685769891,92.5042685769891,16052800
2018-09-20,95.89112091064453,96.38419722892039,95.44654804739582,95.78604139758575,15590000
2018-09-21,95.26063537597656,96.37612238200768,95.17171956630742,96.2952853426719,24788200
2018-09-24,94.34725952148438,95.75373680303854,94.1128456133917,95.18791438143683,12492500
2018-09-25,94.08049774169922,95.35764663316696,94.02391550812791,94.60590772029047,9308300
2018-09-26,92.97307586669922,94.4684746046228,92.6820859892272,94.37147386746571,14023600
2018-09-27,92.56892395019531,93.57124649262684,92.27793404577993,93.29641412873426,13283000
2018-09-28,91.21094512939453,92.34259584281386,90.95228263778442,91.86568937925158,15815100
2018-10-01,91.74443817138672,92.64167502043166,91.37261123249425,91.63935865615629,10146300
2018-10-02,92.12435150146484,92.24560089295221,91.1866961187628,91.6312751652164,13753100
2018-10-03,92.9892349243164,93.49039609083945,92.53657720423037,92.90840406958661,17142000
2018-10-04,93.82765197753906,95.08118432902008,92.9648335085428,93.24159046909168,16357400
2018-10-05,93.29856872558594,94.50325795774961,92.81017482100376,94.2834856688368,13777600
2018-10-08,93.86834716796875,94.24277791608264,92.26480260505124,92.99738720361586,14370900
2018-10-09,93.21715545654297,93.63228774618439,92.52527244726446,93.33925391940053,14069500
2018-10-10,90.73452758789062,93.56718000457948,90.73452758789062,93.36368460986732,23086400
2018-10-11,88.01583862304688,90.73454071915383,87.40535235055972,90.32754987082906,33705600
2018-10-12,87.05533599853516,90.21358881188178,85.95646200025914,89.83915799373818,32075700
2018-10-15,86.55880737304688,88.6019030933586,86.54253047221087,87.25883210255309,18903200
2018-10-16,88.41466522216797,88.54489902175976,86.87624081524052,87.22625307878508,19302800
2018-10-17,89.39958953857422,90.18915258634843,88.09722038202261,88.21931263874151,18794500
2018-10-18,87.9832763671875,89.40774430001325,87.75536249156535,88.7402795741824,17582500
2018-10-19,87.83676147460938,88.9030754323664,87.31580751329011,87.62512451002846,15234500
2018-10-22,86.57508087158203,88.18676091345294,86.37158547769626,88.03210863702662,16199100
2018-10-23,85.67156982421875,86.41229611665294,84.40989576553541,84.81688659605426,21407500
2018-10-24,84.07615661621094,85.49248280083165,83.76684585709663,85.27271051070585,23168900
2018-10-25,85.35411071777344,86.20065232347454,84.42617219444826,84.80060298366836,17464700
2018-10-26,84.18196868896484,85.10990714017282,83.62032565387764,84.65407946875452,19174900
2018-10-29,85.34597778320312,86.79486417788911,84.40989761051208,85.02852542527474,18445200
2018-10-30,86.8518295288086,87.07974958101288,85.35410644687049,86.04598952733508,18019700
2018-10-31,88.74027252197266,89.92869113930824,87.73907861788516,87.97513403035938,20860000
2018-11-01,88.70770263671875,89.71703791274336,88.17047188984688,89.2286502766144,13065000
2018-11-02,88.21931457519531,90.19728990987694,87.49487152189333,89.45656995871714,19009200
2018-11-05,88.79724884033203,88.96004888475227,88.25188266444428,88.40654115409684,10276400
2018-11-06,89.21238708496094,89.26936555172581,87.7146638384632,88.45538390640648,10825000
2018-11-07,90.74267578125,90.94617119084985,89.0088909169395,89.83915566581167,12679600
2018-11-08,91.47525024414062,91.9229426095456,90.35195786847012,90.36009942334661,11662500
2018-11-09,90.58800506591797,91.45896505313945,90.21357430797273,91.35314969008522,10432200
2018-11-12,88.68328857421875,91.11709791259567,88.3983962699467,90.69382402323164,13279700
2018-11-13,89.20423889160156,90.4496359328222,88.80538965392749,88.80538965392749,13746100
2018-11-14,87.36465454101562,90.1159103628431,86.26578052340275,89.72520263711678,18361400
2018-11-15,89.59494018554688,89.60308173910171,86.9413588535751,88.10535260448599,19100000
2018-11-16,89.52983856201172,90.15660790053714,88.35770922704052,89.09028773257737,13798600
2018-11-19,90.21357727050781,90.51474647147008,89.15539876447095,89.50541108168132,13987000
2018-11-20,88.27630615234375,89.93682943899813,87.89373999906117,89.35890322127123,18936200
2018-11-21,87.61695861816406,89.22050299210316,87.61695861816406,88.74839228309042,10619600
2018-11-23,86.8111343383789,87.41347895200015,86.33088199021799,86.88438969765511,6488400
2018-11-26,88.93563079833984,89.52169854030242,87.46231988863205,87.68209839696138,13948300
2018-11-27,89.3100814819336,89.56241384530568,88.42283811654163,88.52865972197233,9238200
2018-11-28,90.30311584472656,90.67754661540859,88.61817427156419,89.3751773673436,13977300
2018-11-29,89.58679962158203,90.18915038757824,89.24492889073177,89.75773498700717,11144300
2018-11-30,90.5066146850586,90.6124300557473,89.19610383260505,89.41587612870828,18652700
2018-12-03,91.36129760742188,91.89038691588016,90.95430678709813,91.47525454029756,16034500
2018-12-04,87.28324890136719,90.84034448628094,86.87625810509336,90.84034448628094,23555900
2018-12-06,85.62273406982422,85.76110946362715,83.74243218446958,85.47621712044837,27213900
2018-12-07,84.07615661621094,87.0797505791115,83.76684585709663,85.59830437882889,19248600
2018-12-10,82.50518035888672,84.23895903389628,80.81209704017515,83.73429438652886,23636400
2018-12-11,81.69933319091797,84.3773333268226,81.56909315759401,83.94591787407691,16860700
2018-12-12,82.2284164428711,83.75870578711597,81.44699487163794,82.74937036721315,22621500
2018-12-13,82.3097915649414,83.00167443020162,81.94349625261458,82.65980377351084,17250900
2018-12-14,81.63420104980469,82.97727169559654,81.2841887749642,81.39000412868411,19879500
2018-12-17,80.59233093261719,81.85399885836135,80.12836160582576,81.21095256154734,25113500
2018-12-18,80.20975494384766,82.12261063672769,79.86788413103078,80.92605658168124,20837200
2018-12-19,79.1922836303711,81.87028427992232,78.63063424676243,80.10394540793783,28767900
2018-12-20,78.50852966308594,79.99811761106645,77.8899080646246,78.63876971130136,31825200
2018-12-21,76.65264892578125,80.12021242287003,76.26194121945935,78.69574456443958,41313900
2018-12-24,75.00025939941406,76.69334251113247,75.00025939941406,75.61074556093102,17009300
2018-12-26,78.10967254638672,78.10967254638672,74.16186308120955,75.44795548245826,22542900
2018-12-27,78.98878479003906,79.07832327371443,76.1479904003218,77.18174442522715,20304700
2018-12-28,78.81783294677734,80.0306636861854,78.5003806472691,79.7294882847759,17963300
2018-12-31,79.46088409423828,80.42951795174264,78.7689947829238,79.43645943027569,13237200
2019-01-02,80.8365249633789,81.21909737647125,78.09341046218015,78.10154580828025,15670900
2019-01-03,79.68766784667969,81.14832020586611,79.34302080340122,80.94317226192153,16286400
2019-01-04,82.62539672851562,82.82233702275678,80.6477673326395,81.3288600818049,16935200
2019-01-07,82.68282318115234,83.26544254911208,81.82119937381277,82.41202641191786,15430700
2019-01-08,82.52692413330078,83.55266397102234,81.68992318039241,83.39674951229054,13578800
2019-01-09,82.38743591308594,83.28187816476574,82.00175668140017,82.72387536882844,14230300
2019-01-10,82.37923431396484,82.65823886281385,81.46016897624277,82.07561300563924,14376100
2019-01-11,81.9853286743164,82.19867803188974,81.19755504724165,81.96891333258398,15439900
2019-01-14,82.83057403564453,83.17522123780657,80.95962492605486,81.13194852713588,21258500
2019-01-15,83.43778228759766,84.08605062157619,80.91035780437937,81.1483301999375,26504900
2019-01-16,84.11067962646484,84.89023951875477,83.53626773326384,83.9055316273759,18533000
2019-01-17,84.455322265625,84.93126710071883,83.63473031296104,83.79064478736552,14247600
2019-01-18,85.82569885253906,86.0800865840488,84.3814616997063,85.15281378387728,16428700
2019-01-22,84.47173309326172,85.0051128254735,83.80704938992832,84.58661545964144,17083700
2019-01-23,84.25838470458984,85.09538576899817,83.67576515042543,84.8820363619768,12146700
2019-01-24,84.30760955810547,84.59481546929558,83.65113979833085,83.80704800119443,11296800
2019-01-25,84.84098815917969,85.59593113450357,84.30760222160261,84.93946143185536,14369400
2019-01-28,85.24310302734375,85.53851667703073,84.18453849273556,84.43071862101493,12283100
2019-01-29,85.4810562133789,86.25241459820141,85.12000003674184,85.24308381251623,9743300
2019-01-30,85.6780014038086,86.35908790779077,85.16102451135778,85.45643808972419,12526300
2019-01-31,84.9312744140625,85.17745452530791,84.29942131077574,84.85742413706106,17520600
2019-02-01,85.24310302734375,86.03907834674361,84.94768937765677,85.34157633077965,13000800
2019-02-04,85.54671478271484,85.54671478271484,84.52918247016743,85.16924321936048,9871500
2019-02-05,85.16925048828125,85.7929022056073,84.7589544591021,85.76827918493528,12763000
2019-02-06,85.12821197509766,85.8503369389092,84.90665489068644,85.10359521689864,8745000
2019-02-07,84.01219177246094,84.93125690291434,83.24083968679548,84.72610893938074,13177500
2019-02-08,83.1751937866211,83.979370326255,82.10842183415416,83.766020944257,12892600
2019-02-11,82.78130340576172,83.70857620117135,82.69103780159584,83.50342823908872,10978500
2019-02-12,84.19271850585938,84.45530763479675,83.61009907167389,83.65933257690631,12852300
2019-02-13,84.59483337402344,85.21848509933335,84.43892513816144,84.43892513816144,10754100
2019-02-14,84.04501342773438,84.6030161205785,83.1669804231757,84.08604552333625,11518500
2019-02-15,86.61349487304688,86.7365786741697,85.06257637269302,85.25951671511017,14716900
2019-02-19,86.30987548828125,86.4657899873558,85.18566208142617,86.08831838067807,12764900
2019-02-20,86.7283706665039,86.81863628754408,86.06368688787892,86.33448375099945,10030300
2019-02-21,86.5478286743164,86.9745337075434,86.12932505244154,86.53141333037344,8400100
2019-02-22,86.16213989257812,87.05658195874699,85.98160869300898,86.73655165428119,10647300
2019-02-25,87.06481170654297,88.02490286338751,86.7283722352695,86.77760575286557,11230700
2019-02-26,86.4001235961914,86.54783039151204,85.29232576159635,85.75185523120746,15465400
2019-02-27,86.29344940185547,86.47397436552244,85.760063401178,86.30985848559992,9968800
2019-02-28,85.63697052001953,86.33447237748071,85.48926372874146,86.17035650300254,15156900
2019-03-01,85.69442749023438,86.90890647123044,85.5056885652544,86.2442226577101,13813300
2019-03-04,85.4974594116211,86.91707968258451,84.74251021727538,86.09648790402397,12466300
2019-03-05,85.43180847167969,85.79287084878962,84.73430672913226,85.44821755217637,10856600
2019-03-06,85.11178588867188,85.80928769433761,84.9722867796625,85.22666824439946,9070800
2019-03-07,84.4963607788086,84.90665678627246,83.8316832501156,84.72612554128912,12705700
2019-03-08,84.5291748046875,84.70970602744649,83.69216754655395,83.69216754655395,10582400
2019-03-11,85.6287612915039,85.79288342361788,85.06255715241348,85.32514630317664,9763200
2019-03-12,85.37437438964844,85.98981825959058,85.13640200866323,85.8256961379014,10219100
2019-03-13,85.66159057617188,86.14574306759252,85.3005281256629,85.49747469536936,13022200
2019-03-14,86.4411392211914,86.87605814424569,85.71902067418699,85.75184509822611,10926500
2019-03-15,87.4340591430664,87.63920709388485,86.35087821316979,86.49858498818382,24811700
2019-03-18,87.95924377441406,88.45159763995616,87.39303338570015,87.43406548308661,12935500
2019-03-19,87.63921356201172,88.95215929202669,87.43406559605253,88.7880371628879,12889300
2019-03-20,85.76827239990234,87.516137352731,85.67801304039416,87.33560611247451,14920700
2019-03-21,84.41427612304688,84.92303900454631,83.93012373188971,84.92303900454631,19751000
2019-03-22,81.86226654052734,83.96298023336107,81.6653199363587,83.55268419894068,31115200
2019-03-25,81.18115234375,82.52692248308094,80.49185193106251,81.72273971171538,21032300
2019-03-26,81.99354553222656,82.3874324199726,81.09089564605733,81.91148758996022,15987100
2019-03-27,81.71453094482422,82.42844178653996,81.30423505487505,81.96070472242265,12753200
2019-03-28,82.64181518554688,82.7156717171521,81.8458399860648,82.05919564772242,12454100
2019-03-29,83.06853485107422,83.69218029298067,82.54335018641659,83.32291637973026,14523400
2019-04-01,85.86672973632812,85.89955416124046,83.79884105180236,83.82345780533188,17499300
2019-04-02,86.27704620361328,86.52322631877392,85.61236865754809,85.83392575269636,10295400
2019-04-03,86.44934844970703,87.27814795492378,85.98981902611858,86.8268199420288,11499200
2019-04-04,87.28449249267578,87.42506534387037,86.36666526473067,86.44935740373613,11952100
2019-04-05,87.07776641845703,87.73926561596922,86.81316800115694,87.48293767348208,9933700
2019-04-08,87.35892486572266,87.35892486572266,86.74704207492115,86.91241375615661,8056300
2019-04-09,86.71395111083984,86.98681370567326,86.20128889621571,86.88759323792443,9092200
2019-04-10,87.10259246826172,87.41680750143294,86.38321869973898,86.92895030660019,10882300
2019-04-11,87.8385009765625,88.2519364383003,87.28449266335524,87.40852456358148,11183800
2019-04-12,91.95631408691406,92.48551097005802,90.02970333281448,90.49275533695878,25834100
2019-04-15,90.90618896484375,91.7826701020454,90.22815507769214,91.71651891585394,15163800
2019-04-16,91.86534881591797,92.10514211589772,90.84003074345449,90.87310633398864,11583200
2019-04-17,94.51136779785156,94.80904189394919,91.79096116372513,92.36149792414079,17791900
2019-04-18,93.81678009033203,95.04881607700833,93.70928913462366,94.701531781466,12501900
2019-04-22,93.93252563476562,94.2053945244789,93.15527133932694,93.2958378672918,7975900
2019-04-23,94.04830169677734,94.56923444165184,93.31238704336002,93.43641894968846,9193100
2019-04-24,93.89120483398438,94.38732617365623,93.27931575014814,93.65141148629587,9245700
2019-04-25,93.94080352783203,94.3873145712074,93.02297632342562,93.4446822491453,9311800
2019-04-26,94.65192413330078,94.74288044774633,93.9325440941019,94.22194768164452,7889300
2019-04-29,96.0162582397461,96.87620479600626,94.63537894072289,94.7594108465486,14242200
2019-04-30,95.95838928222656,96.51239137979962,95.30516038613013,96.27259801476228,11389100
2019-05-01,95.22246551513672,96.7439050971191,95.18111944253994,95.68551124730092,10412900
2019-05-02,95.4291763305664,95.73511453487414,94.74287194986205,95.23072276674438,8613300
2019-05-03,96.0162582397461,96.47930395906896,95.64416252226897,95.91703145338056,8185400
2019-05-06,95.1645736694336,95.47878866479239,94.03176451655476,94.41212439278283,9387000
2019-05-07,93.61006927490234,94.28810327241716,92.84934943545164,94.28810327241716,15017700
2019-05-08,93.11395263671875,93.99043396103254,92.98992071326239,93.1552987140461,9575800
2019-05-09,93.03951263427734,93.22142524504727,91.43538734803899,91.89843304198105,12205900
2019-05-10,93.03124237060547,93.30410496035432,91.40230576449191,92.4028187496351,13189000
2019-05-13,90.50102996826172,91.32790098234734,90.11240589080263,91.02196274459179,13783700
2019-05-14,91.22039794921875,92.37801847744088,90.54236405974248,90.58371012838498,10503600
2019-05-15,90.87311553955078,91.69998646109624,89.8064512937342,90.30257258495658,10142000
2019-05-16,92.03899383544922,92.75010328303468,91.44364580411963,91.46845722919507,9672700
2019-05-17,91.5925064086914,92.40284283977135,90.81525188623486,90.95581845525591,9570100
2019-05-20,92.07207489013672,92.45243475304954,91.26174492826463,91.43538706295152,8518200
2019-05-21,92.38628387451172,92.54338504796398,91.96457796993143,92.14649056831995,7967900
2019-05-22,91.63385772705078,92.43592372684998,91.57597700070063,92.11344449310972,7918900
2019-05-23,89.83126068115234,90.78216354782516,88.88862829047487,90.65813164199398,14558000
2019-05-24,90.71598815917969,90.92270584424988,90.28601814998386,90.55888069979895,8537300
2019-05-28,89.73200988769531,90.81521484639181,89.66586502300335,90.2942822429771,11665500
2019-05-29,89.48397827148438,89.63281529990357,88.52480490866631,88.84728408548706,9966400
2019-05-30,88.52479553222656,90.277764091433,88.0948254448491,89.83952352876246,10367800
2019-05-31,87.6152572631836,88.1361837629027,86.68915939960182,87.28450757558113,10952800
2019-06-03,88.0286865234375,88.35943618747376,87.06951943710996,87.48295494002402,11680700
2019-06-04,90.74081420898438,90.873116586047,88.58268057421567,89.17802865394836,12858600
2019-06-05,91.06330871582031,91.2700264834288,89.83127258726091,90.84005630255442,8340500
2019-06-06,91.26173400878906,91.67516941577338,90.07103801794662,91.07982142035218,8726700
2019-06-07,90.26122283935547,90.97232594938026,90.09584488822568,90.7077275360964,10618900
2019-06-10,91.23693084716797,91.95631079153266,91.13771037796197,91.57595093968644,11380600
2019-06-11,91.51809692382812,92.25401172487086,91.26176889224782,91.63385837734994,9847700
2019-06-12,90.3521957397461,91.69999957202491,90.03798701570324,91.53462157895598,9670500
2019-06-13,90.57544708251953,91.08810935652629,90.17028207239113,90.50929589067513,8406900
2019-06-14,90.80696105957031,91.20386186327326,89.82298267987757,90.60024333667852,9077400
2019-06-17,90.31087493896484,91.26177809610179,90.17857251672501,90.70776958863091,8128600
2019-06-18,91.5428695678711,92.12168293863643,90.11238655324975,90.13719166898527,11057300
2019-06-19,90.88139343261719,92.27053063800722,90.70774497341843,91.63384275220346,13126500
2019-06-20,91.11290740966797,91.85708618036226,90.1537341278918,91.68344404663196,13638000
2019-06-21,90.49275207519531,92.33667062416446,90.20334221734008,91.11290524170072,27089500
2019-06-24,89.8478012084961,90.7656221668496,89.74857442259514,90.36045716433907,13039600
2019-06-25,89.10362243652344,90.1124060852487,89.02920076466204,89.86434225707765,18660100
2019-06-26,89.69896697998047,90.38526510114964,89.43436851785471,89.55012995075192,10324600
2019-06-27,89.99663543701172,90.58371939084947,89.6658920881496,89.99663543701172,10906600
2019-06-28,92.44418334960938,92.96510982559309,91.69999816354314,91.81575960265063,21634700
2019-07-01,93.99868774414062,94.69325629850056,93.50256644695146,93.62659834837989,12724500
2019-07-02,94.09791564941406,94.42865897913568,93.61832898938324,93.85812231939866,10174900
2019-07-03,93.94803619384766,94.82240000325226,93.48171221719863,94.3810504074235,6849400
2019-07-05,94.50593566894531,95.15545999571965,94.03128278759591,94.52259372271114,7929400
2019-07-08,93.98966217041016,94.4976248699364,93.68155166888523,94.06460436221559,6917200
2019-07-09,94.3893814086914,94.50596240528954,93.390113908368,93.49836587572689,8947300
2019-07-10,94.11456298828125,94.78907446014506,93.88140103877242,94.4060217783539,9242300
2019-07-11,95.01390075683594,95.23041098907727,94.19783399045787,94.40601519560131,11595200
2019-07-12,96.0132064819336,96.05483892498185,94.87237080884736,95.03891328741706,10783400
2019-07-15,94.84738159179688,96.2380308583956,94.53927104548485,96.21305012416258,12946600
2019-07-16,95.86328887939453,96.17972204138788,94.03129036193236,94.49762060714836,16945000
2019-07-17,94.92230987548828,95.71340234492877,94.70580597509081,95.2887108656791,13120900
2019-07-18,95.48857116699219,95.82166242696168,94.55592326290244,94.87235646562041,9397200
2019-07-19,94.54759979248047,95.86330685245387,94.43101879761576,95.671777301926,10402800
2019-07-22,95.1554946899414,95.30538546255465,93.90640703589384,94.02299439520489,9061100
2019-07-23,96.89588165283203,96.97082385341382,95.61348438853607,95.6634458555906,12752200
2019-07-24,97.28726196289062,97.32889440041669,96.19638790743302,96.24635572692677,10011000
2019-07-25,96.35458374023438,97.62865163988576,96.02982158358543,97.33719923689131,10138400
2019-07-26,96.779296875,97.02078787829593,96.20471461359976,96.40456682718741,12800400
2019-07-29,96.47119903564453,97.5787249143791,96.4212375639744,96.9791618415848,8500400
2019-07-30,96.25467681884766,96.66271663092701,95.5635199179617,95.92159191136942,7121100
2019-07-31,96.5960922241211,96.74598296618255,95.64678630879418,96.67936344678034,13648000
2019-08-01,94.0479507446289,97.26226931580939,93.76482097947061,96.03816271575015,15664500
2019-08-02,94.03961944580078,94.45598187912971,92.76555141632409,93.59827628298196,11025500
2019-08-05,91.24168395996094,92.41582933623995,90.15913884792445,92.25760954287777,15855300
2019-08-06,91.95780944824219,92.01609993615573,90.217411132218,91.64137627859537,10203500
2019-08-07,89.95928192138672,90.16746317413572,88.21888969793517,89.93430118756686,17320900
2019-08-08,91.48316955566406,91.66637007327029,90.53386355823869,90.80866433464803,10903300
2019-08-09,91.38325500488281,91.97448909138373,90.17580609421299,91.05849270882159,9980800
2019-08-12,89.66781616210938,90.35897934366862,89.27643444837855,90.3006888556568,9393700
2019-08-13,91.05015563964844,91.874558029037,89.12656277078456,89.89266830651005,12124700
2019-08-14,87.26957702636719,89.02662717358727,86.97811821223556,88.51866444743244,19491800
2019-08-15,87.60266876220703,88.58528453095535,86.88652474329618,87.28623554464619,13365600
2019-08-16,89.70114135742188,89.9176516443783,88.16060132068209,88.57696383618949,11830600
2019-08-19,90.50887298583984,91.39155936214922,90.28403370115058,91.29163008526656,8265400
2019-08-20,89.3597183227539,90.30070164517292,89.30142782648626,89.80939058818477,8374000
2019-08-21,89.60952758789062,90.29236175626386,89.47628855348276,90.10916126054646,8189300
2019-08-22,90.53388214111328,90.99187717594876,89.87602848976412,90.24242960018363,9343400
2019-08-23,88.28551483154297,90.58383795216723,87.52773827252867,89.9343133721011,14762300
2019-08-26,88.99332427978516,89.09324721514037,88.27718026153045,88.78514302687827,8209500
2019-08-27,88.05235290527344,89.56791237807215,87.30289902241945,89.39304086427097,14331800
2019-08-28,88.93502807617188,89.2764420053732,87.46943037086167,87.50274013157181,10585500
2019-08-29,90.95022583007812,91.50815005723666,89.9509520147204,90.05088130221245,10002200
2019-08-30,91.48316955566406,92.06607451787697,91.15840731197578,91.46651149777935,10170300
2019-09-03,90.40062713623047,90.75869915291119,89.36804987892306,90.75037647691447,9868800
2019-09-04,91.4914779663086,91.78293038173405,90.40060413545027,91.1417287146119,6929200
2019-09-05,93.57330322265625,94.6974806141434,92.59901022039278,92.64064900841296,13224700
2019-09-06,93.77314758300781,94.08125807029401,93.23187514996407,93.81478636754446,7836600
2019-09-09,96.09648132324219,96.64607660567356,94.59757354717745,94.68917381978076,13985100
2019-09-10,97.32056427001953,97.6536491574635,96.3712583637928,96.84591131690617,14333100
2019-09-11,97.5870361328125,97.59535880777973,96.07979969624783,97.33721611368176,9919200
2019-09-12,98.18659973144531,98.65292366010702,96.52947254331797,97.05409331624942,12283500
2019-09-13,100.11853790283203,100.26009963988393,98.88610200455149,99.09428327192948,16257200
2019-09-16,99.22750091552734,99.81873482488761,98.57797016482331,99.01099066529267,11993900
2019-09-17,98.73619842529297,98.76950818613354,97.62867270179623,98.61128841043764,10735400
2019-09-18,99.72714233398438,99.99361406530804,98.05336339647694,98.5280163664343,10665600
2019-09-19,99.41069793701172,100.21011309199562,99.16920694959154,99.67716965533968,9382600
2019-09-20,99.010986328125,100.21010579671164,98.9860055990358,99.71047215536834,21862800
2019-09-23,98.99433898925781,99.19419754997867,97.99507159840206,98.07834282210885,9135100
2019-09-24,97.70362091064453,99.3107803347605,97.46212991028452,98.88608882701101,11696500
2019-09-25,98.26156616210938,98.5613477196726,97.5287703287263,97.65367401672046,9389400
2019-09-26,97.45378112792969,98.3031639712588,97.38716161998506,98.16159592857997,9899200
2019-09-27,98.02837371826172,98.7944790817539,97.66197273868431,98.22822591021911,10207800
2019-09-30,98.00341033935547,98.9027485389797,97.61202856063981,98.56133458198988,9755000
2019-10-01,96.22137451171875,99.0942731673112,96.10479352212985,98.59463944718914,11250300
2019-10-02,94.30609893798828,95.68009635209307,94.03962721277664,95.60514780424667,12548700
2019-10-03,94.17179870605469,94.77616459025707,92.77000312305395,94.23894549001457,12735200
2019-10-04,96.21153259277344,96.48013894707904,94.23894767387846,94.29770511375528,9453100
2019-10-07,96.00167846679688,96.95019320305482,95.74985722152046,95.85058700044708,6771600
2019-10-08,93.86122131347656,94.90207012618585,93.72692133961759,94.90207012618585,10806300
2019-10-09,94.54114532470703,94.98603047190612,94.07108573259525,94.57472192472667,7273700
2019-10-10,95.86737060546875,96.86625341771119,94.85170269903945,94.96921757058796,10994100
2019-10-11,97.4874038696289,99.04028443922287,97.2607698768238,97.39506984187271,15076500
2019-10-14,97.74763488769531,98.10018597831565,97.08451786476432,97.24399870634247,8779000
2019-10-15,100.69390106201172,102.0621136613753,98.939567233455,99.7621713813637,23379000
2019-10-16,100.45885467529297,101.24788850228877,100.2070334612068,100.693884392931,11087700
2019-10-17,101.021240234375,102.04530369898221,100.62672335170707,101.35699969222509,10818500
2019-10-18,101.19754791259766,101.5836691827814,100.60997345885745,100.7274883496055,10417400
2019-10-21,103.70732879638672,103.89199044870072,102.39786730744612,102.44823539815012,12714600
2019-10-22,104.7481689453125,105.00837951027749,103.34637994735056,103.62337560511861,12549100
2019-10-23,105.02518463134766,105.0503654758586,104.22775493204527,104.2529357765562,8828300
2019-10-24,104.94963836669922,105.47846173121944,104.14381930142342,105.16788303148662,8020500
2019-10-25,105.7890396118164,106.30946725406737,104.71461413472628,104.92446306084797,9055700
2019-10-28,106.19195556640625,106.7795300156131,106.099621523805,106.2423172608865,9522200
2019-10-29,106.12480163574219,106.95580160931452,105.71349952414717,105.81422291240978,9797300
2019-10-30,105.53721618652344,105.98209484918007,104.85730136623793,105.80582253401879,8513700
2019-10-31,104.85730743408203,105.53722229371259,103.96755005728059,105.33576271837272,11589100
2019-11-01,107.2747802734375,107.4342611124434,105.7806504470059,105.93174193938296,11682600
2019-11-04,108.13096618652344,108.63459594940697,107.91271509526086,108.34920446962337,9159900
2019-11-05,108.36598205566406,109.37325426025092,108.1477309924269,108.60940115524284,13747600
2019-11-06,108.53385162353516,108.98711960351645,107.92948577812001,108.02181980472955,11231100
2019-11-07,109.12142944335938,110.20424414609128,109.05427625749188,109.48236340821649,13528900
2019-11-08,109.44039154052734,109.45717022898287,108.49187050826582,109.02069378227488,9293400
2019-11-11,109.05429077148438,109.20538866183593,108.57584186972272,108.78569080042712,8679000
2019-11-12,108.41634368896484,109.6418541479982,108.29042665835557,108.81086066351749,9099000
2019-11-13,107.84556579589844,108.1309700941586,106.95580832197045,107.55178495897371,8023300
2019-11-14,107.94629669189453,108.14774347115944,107.09849880194648,107.20762434615662,8483400
2019-11-15,108.72692108154297,108.72692108154297,107.77839986735957,108.47509981666153,10163600
2019-11-18,109.64185333251953,109.6670341768219,108.27364716216736,108.75209601207334,8749300
2019-11-19,109.60829162597656,110.17068520585752,109.27252566235683,109.9524469356261,8824500
2019-11-20,108.81087493896484,109.6418685324678,108.23168982339449,109.37326855328546,11782800
2019-11-21,109.06269073486328,109.72582059301476,108.6094226360082,109.12145458909897,7705500
2019-11-22,109.78453063964844,110.14547736104514,109.205358509673,109.24731803769883,8167900
2019-11-25,110.37214660644531,110.85899765561119,109.85171255628201,110.17068702494706,10068500
2019-11-26,110.5232162475586,110.64913327146655,109.42361006949473,110.64913327146655,10490700
2019-11-27,110.85061645507812,111.16118882811945,110.50646107469129,111.04367391873913,6607900
2019-11-29,110.59877014160156,111.14438501828018,110.33855953021155,110.69110417869108,5712000
2019-12-02,110.35536193847656,111.42139814331055,110.2546385455723,111.06045130513216,8615600
2019-12-03,108.9367446899414,109.08784253702798,107.93786201650005,108.92835534605383,10361300
2019-12-04,111.0855941772461,111.19471968769494,109.1130224942983,109.44038621748632,10318200
2019-12-05,111.68995666503906,111.89980552779711,110.95128456952013,111.37098229503623,9587400
2019-12-06,113.35198211669922,113.9731395041234,113.02461832790456,113.05820132623077,10170600
2019-12-09,112.82318878173828,113.70455690391822,112.82318878173828,113.00785687622029,8498200
2019-12-10,112.89871978759766,113.12536020914429,111.53890287464131,111.84947517990622,7532900
2019-12-11,112.63009643554688,113.3351984798555,112.48740071929028,112.72243046467298,9011900
2019-12-12,115.85336303710938,116.2310884261579,112.6552684373229,112.8902981375379,13717400
2019-12-13,114.83770751953125,116.53329018138841,114.34246720012943,115.79461797064666,10592100
2019-12-16,115.28260803222656,116.54170164413334,115.26582933927817,116.15558677571963,11372000
2019-12-17,115.98768615722656,116.39899464158712,115.1902628418152,115.60996067183815,11546800
2019-12-18,115.87015533447266,116.69277219000925,115.60155542045875,115.96248935669985,10381500
2019-12-19,115.29097747802734,116.02124746713869,115.0811286022451,115.63511990010944,9350400
2019-12-20,115.19868469238281,116.57529329790508,114.913280384966,115.85341239451148,29992600
2019-12-23,115.16506958007812,115.76104607004615,114.89646965806656,115.50083549279248,9738400
2019-12-24,115.48407745361328,115.52604980588296,115.04758804470318,115.27422850042853,3324300
2019-12-26,116.70958709716797,116.75996160432773,115.65195299375645,115.74428704463739,6770900
2019-12-27,116.7934799194336,117.32230314030951,116.39896304166233,116.92778626253825,7868200
2019-12-30,116.36540222167969,117.58252313460933,116.23109586776995,117.43142528442117,6963000
2019-12-31,117.01173400878906,117.0788871894595,116.08000444024619,116.26467248504997,7201600
2020-01-02,118.43032836914062,118.43873052280593,116.8942328032374,117.33911147002149,10803700
2020-01-03,116.86749267578125,117.61935041688703,115.80306877309792,116.15787674065903,10386800
2020-01-06,116.7745361328125,116.80833472515138,115.31306282861509,115.36374782673732,10259000
2020-01-07,114.7892837524414,116.46195289602231,114.73859876178504,115.9719765023705,10531300
2020-01-08,115.68480682373047,116.22546845976677,114.55279853740295,114.63726926436445,9695300
2020-01-09,116.10717010498047,116.77454410982247,115.76924861043828,116.62248910506871,9469000
2020-01-10,114.9498062133789,115.94664550281222,114.7301540449112,115.9128598024863,10190900
2020-01-13,115.90441131591797,115.90441131591797,114.6879197781839,115.05118375505081,12355200
2020-01-14,117.25606536865234,118.91183540558053,116.31835426443794,116.52955034295123,24906000
2020-01-15,115.49893951416016,117.087138521676,115.01740615492405,116.45355013766344,16293400
2020-01-16,115.9466552734375,116.4957599601079,115.60029058657817,116.11560957007558,10783800
2020-01-17,116.74922180175781,116.82524931728427,116.00582016596158,116.19166090711875,14697700
2020-01-21,115.60030364990234,116.63939782790237,115.47359113570137,115.89598337022196,8474200
2020-01-22,115.46511840820312,116.07336416952491,115.21169341630751,115.93820847064264,7549100
2020-01-23,115.34683227539062,115.51579943250127,113.80933169068112,114.6456727129954,9345700
2020-01-24,112.4830093383789,115.25390044039692,111.78184980673473,115.20321545164035,15166400
2020-01-27,111.536865234375,112.30562200754704,109.57697244683355,110.05004957174408,12860500
2020-01-28,113.56436920166016,114.0205600304097,111.9170420764822,112.2211649988526,13062800
2020-01-29,113.39541625976562,114.50208185750235,112.9392383158819,113.88539280120403,9326000
2020-01-30,114.79774475097656,115.00049763541861,112.0944374103468,112.0944374103468,9048900
2020-01-31,111.81566619873047,113.90228474459799,111.06380858154169,113.61506113587133,12785200
2020-02-03,112.66889190673828,113.40386310413928,112.06910219814141,112.06910219814141,10021100
2020-02-04,114.2908706665039,115.39754900868036,114.11347316909516,114.51052285047751,9157100
2020-02-05,116.23387908935547,116.35214838626727,114.89911822970134,115.37220830773515,10150700
2020-02-06,116.25077056884766,116.82521771796566,115.82837840965416,116.78298881435488,8992300
2020-02-07,115.87908935546875,116.30148160924988,115.14413095881393,115.50738210967918,6379800
2020-02-10,116.36062622070312,116.45355303495248,115.52428489245901,115.69323922098809,5960700
2020-02-11,116.58025360107422,117.27298303449568,116.3943999916386,116.79989291659466,6578600
2020-02-12,116.58025360107422,117.67001986513978,116.41129928987483,117.08712942506006,7958000
2020-02-13,116.47888946533203,116.86748311164486,115.2285991405637,116.36906335684051,7447500
2020-02-14,116.12403869628906,116.74072753647897,115.68474731473701,116.44504791823779,6627600
2020-02-18,114.58656311035156,116.3352731218733,114.08814337494319,116.02269410765105,8996400
2020-02-19,116.14939880371094,116.90969952250659,115.17788911815482,115.65942235967478,7071200
2020-02-20,116.14939880371094,116.88435702457244,115.33840019866147,115.87906163856594,7422800
2020-02-21,114.73017883300781,115.66789012687215,113.97832115705447,115.35532399238012,9772800
2020-02-24,111.64671325683594,112.52528339143403,110.4978059175077,111.03846743658055,13618400
2020-02-25,106.6624755859375,111.70583282423452,106.09646516380276,110.66675166599181,20797200
2020-02-26,106.9834976196289,108.93494755252715,106.73005971747872,107.22848587298913,24825600
2020-02-27,102.531494140625,106.12182816251268,102.47235948513108,103.83246300668523,23005500
2020-02-28,98.08792114257812,100.09850577513045,95.17341742349757,99.27906384295936,45931400
2020-03-02,102.65818786621094,102.7088793082091,96.69401262158908,98.52719305156593,27355400
2020-03-03,98.80599212646484,103.86624936310947,98.19774626890069,102.19357970000215,32547700
2020-03-04,101.24740600585938,101.5346360447213,96.8967651876699,99.96333659236399,25795900
2020-03-05,96.28007507324219,98.35824383691954,95.10582532195937,97.71620591511243,25025600
2020-03-06,91.3042984008789,93.19661362946896,88.71925378523345,89.76679106917574,38159400
2020-03-09,78.9366683959961,83.82797158884537,78.56496114103862,81.58084164961265,40352000
2020-03-10,85.06979370117188,85.55977024148383,79.89971686056471,83.633662677713,31102700
2020-03-11,81.06551361083984,84.52068530156149,79.87437090896616,82.53543672311575,38127000
2020-03-12,74.3832778930664,81.91030444567157,72.92179787041285,75.68424035286937,49725200
2020-03-13,87.78154754638672,87.84912539807557,77.72016254112062,81.09085039449987,38543300
2020-03-16,74.64512634277344,79.39281548002548,71.42650086560734,71.97560539469247,38589700
2020-03-17,79.20699310302734,82.31580018653916,73.91864055682211,76.78245937249375,35239800
2020-03-18,70.86895751953125,76.69797073421668,67.8868698409747,74.06224128235037,41525600
2020-03-19,72.06009674072266,74.43393834293919,64.97235763119619,68.90059910876234,32175100
2020-03-20,70.53948211669922,75.57439527639626,69.67780505127794,72.90488050228213,30150800
2020-03-23,66.76329803466797,70.75068071326103,65.96919877972326,69.84676182643362,32536600
2020-03-24,74.70427703857422,76.11506529410134,70.03262082002966,71.72218944562655,34363200
2020-03-25,77.49207305908203,80.38123405625979,71.41807137921273,75.38855533824461,38111700
2020-03-26,82.89026641845703,83.27041690646328,79.02115144346413,79.4773358961886,29826300
2020-03-27,76.98518371582031,80.11933240134482,76.49521376613677,78.72544359327655,30041500
2020-03-30,78.98735809326172,79.48577790090536,75.43926544148191,76.57972333346865,21656900
2020-03-31,76.0559310913086,79.55333765097156,75.47302784963382,77.76239902237079,23379300
2020-04-01,71.2660140991211,73.12453724275669,70.32830287845948,71.89115276449763,28029600
2020-04-02,73.92707824707031,74.26499326684787,70.08330698183745,70.5479409396807,24018000
2020-04-03,71.74195098876953,74.66967145100263,70.64938521002588,73.40639572891895,21199400
2020-04-06,76.3597412109375,77.6656914907921,74.85746858598078,75.95856557994038,26820800
2020-04-07,77.366943359375,80.66169678610912,77.14501517443995,80.6190160347941,22563800
2020-04-08,80.49097442626953,80.96896750907784,77.29011393496243,78.61313236406896,22903300
2020-04-09,87.7121353149414,89.1034406543987,82.70171818275111,82.72732403069068,42055900
2020-04-13,83.81134033203125,88.01086809165741,83.0516698983164,88.01086809165741,26911900
2020-04-14,81.5152587890625,87.06341776423429,79.92763123827065,86.2269232380082,46151300
2020-04-15,77.49497985839844,78.55339607723606,76.93162519394345,77.80226303679781,30118600
2020-04-16,74.54165649414062,77.30719872177143,74.3026599020473,77.01699043484916,32449600
2020-04-17,81.24211883544922,81.6859686876722,77.64008227778112,78.52778849439534,30191900
2020-04-20,78.28025817871094,80.84094705539302,77.2133044800934,78.9289678508776,23679400
2020-04-21,76.00977325439453,77.99856971574116,75.39520696968904,75.64274097392695,23035000
2020-04-22,76.25730895996094,78.41682864080556,76.12074227763246,77.40962412398073,16662400
2020-04-23,76.30001831054688,77.91325233025533,76.1890574325534,76.59876414527608,16638800
2020-04-24,77.42670440673828,77.7595934792318,75.53179337120943,77.36695525301302,15809200
2020-04-27,80.76412200927734,81.62621582888193,78.13514677728197,78.4765732315435,22870200
2020-04-28,81.33602142333984,83.95645964926898,81.1140932134608,83.4869973807112,20238900
2020-04-29,83.52965545654297,84.88681717177721,83.02605002227007,84.57100310610669,20462600
2020-04-30,81.73719024658203,82.65903328706901,80.70437985435761,81.6006170481878,19127600
2020-05-01,79.59473419189453,80.01297815673456,78.39120747130265,79.8081249001838,18547700
2020-05-04,78.64727783203125,79.09966508536438,77.5035067773526,78.544847949097,15725900
2020-05-05,78.52778625488281,80.41415946932798,78.44243126790894,79.93616633253987,18064100
2020-05-06,77.05111694335938,79.17649316556097,76.76090869515582,78.66435674909316,20978000
2020-05-07,77.85346984863281,79.30453065836929,77.3157275762283,77.96443067914447,16771900
2020-05-08,79.12527465820312,80.30319557489061,78.62167569574582,79.21063615408957,20487800
2020-05-11,76.79505157470703,77.76811271436878,76.24877186514843,77.76811271436878,31907600
2020-05-12,74.28559112548828,77.49499001369581,74.17463027347985,76.94871018321402,27962900
2020-05-13,71.72489929199219,74.14048419354238,71.18715693554735,73.73077107993988,35451600
2020-05-14,74.70382690429688,75.2074324337243,70.3335887455238,70.60672863044712,35152500
2020-05-15,73.32105255126953,74.4989669789891,72.8089161267031,74.13193468081904,26099000
2020-05-18,77.20477294921875,77.80227097357779,75.01111623707973,75.70250671509278,30504400
2020-05-19,75.68541717529297,77.8449301674916,75.61713058362501,76.8633380889779,19597300
2020-05-20,77.95590209960938,78.86067669992545,77.13648248782286,77.426690751257,20552400
2020-05-21,76.96576690673828,78.32293533539423,76.53898544688656,77.05112189627496,14621400
2020-05-22,76.36827087402344,77.1279413058895,75.72809872275421,76.82919560439743,13557900
2020-05-26,81.78840637207031,83.22239247207592,79.04846992444993,79.28746652242272,41233900
2020-05-27,86.52568817138672,87.55849867384352,84.33203140735533,87.12317969771074,39402000
2020-05-28,85.23677825927734,87.87428407807322,84.84414016872037,87.86575313918098,24713900
2020-05-29,83.0602035522461,84.65636851649694,82.60781625808,84.2125186747212,26526400
2020-06-01,84.16130828857422,84.93805372402795,83.11996041395957,83.435781060051,15176800
2020-06-02,84.4429702758789,85.71477705777812,83.58940745352581,85.59527878362208,21195000
2020-06-03,89.00101470947266,89.55583198412896,86.26107815118812,86.70493457578081,25941100
2020-06-04,90.8532485961914,90.99835274453628,87.73774231658845,88.61691117230833,26784700
2020-06-05,94.94181060791016,98.8169807034286,93.49074967316727,98.09999094512182,42231000
2020-06-08,96.83671569824219,97.46835698060696,95.547840310867,96.80257891037742,24881800
2020-06-09,94.35284423828125,95.28322467828036,93.04689403643462,94.44673667874312,17031100
2020-06-10,90.52888488769531,94.3272439432481,90.34963744867625,94.28456319064753,24913300
2020-06-11,82.97486877441406,86.70494189298681,82.40298305616582,85.38191647347429,36259200
2020-06-12,85.2453384399414,86.32082312216619,83.07728765665152,85.96232822809127,24856800
2020-06-15,86.42324829101562,86.57688988179751,81.8310819854638,82.30053769850898,22153600
2020-06-16,87.1146240234375,90.2045239428575,84.76732614184665,89.93992153828097,22193600
2020-06-17,84.91244506835938,87.52434560952774,84.68197942521599,87.51580815662689,15639800
2020-06-18,84.45150756835938,85.80013187588845,83.76011725528238,84.22104195994454,16591900
2020-06-19,83.48697662353516,85.86841765234956,82.56513373509688,85.80866851594924,40371200
2020-06-22,82.58219909667969,83.60647182944604,82.40295169405394,83.0089804873602,16216900
2020-06-23,83.58940124511719,85.33067005484892,83.52111466148057,84.47710729589221,15381400
2020-06-24,80.79827880859375,82.65903994533741,80.4995265410837,82.58222239917932,22919800
2020-06-25,83.61502838134766,83.82841912543404,80.45684797373669,80.53366551576681,25743600
2020-06-26,79.03137969970703,81.40428984921309,78.52778075332508,81.18236168889459,41896300
2020-06-29,79.38134002685547,80.65314676947028,78.68141879463225,79.72276644768401,18499700
2020-06-30,80.28611755371094,80.79826046047415,79.01431076282879,79.23623892161501,19137000
2020-07-01,79.60328674316406,81.69451347620564,79.40696438894483,80.99459208073914,18755700
2020-07-02,79.86185455322266,81.84417586375986,79.23267886133095,81.65456109152875,27845600
2020-07-06,81.87866973876953,82.05104325533672,80.5686139162256,81.38739798336204,18625300
2020-07-07,79.56879425048828,81.10294023298587,79.29299279942833,80.86161478526158,25757200
2020-07-08,80.4134521484375,80.44792158140113,79.12063141663386,79.54295101451434,18762200
2020-07-09,78.67244720458984,81.12019112620504,78.2415069753135,80.60305759057259,25600800
2020-07-10,82.9732437133789,83.46451539972324,79.18097427699401,79.29301638944895,28954200
2020-07-13,84.16262817382812,85.55887030962712,82.9387594996552,85.0934606481115,32079200
2020-07-14,84.6452865600586,86.14495684990332,83.29213438302521,84.78319060197043,42731700
2020-07-15,85.9553451538086,87.29987662953829,85.02451263570664,86.95512311443092,22508400
2020-07-16,86.19667053222656,87.23954514677276,84.93832579296522,85.1365546253524,16886900
2020-07-17,84.6021957397461,86.25700477447484,84.58495444684438,86.18805275412116,16137700
2020-07-20,83.8609848022461,84.80043149761491,83.82650878925635,83.97302691274241,14458100
2020-07-21,85.67952728271484,86.23113017121976,84.1539954069863,84.21432676742823,17798100
2020-07-22,85.05897521972656,86.30007847234995,84.05919084127613,85.88637958001728,14271200
2020-07-23,85.30894470214844,85.62783631582509,84.43844345475985,84.89523912077128,12870200
2020-07-24,84.70561218261719,86.01567418931432,84.4125759768929,85.84329414862987,12744200
2020-07-27,83.51622009277344,84.145389162824,82.88704444709661,84.04196771329583,11959100
2020-07-28,83.87821197509766,84.3694836086584,83.17147021145543,83.17147021145543,11754300
2020-07-29,85.91224670410156,85.93810206645996,83.60240674944244,83.6627381201541,12743500
2020-07-30,83.61962890625,84.24018381214987,82.78361048785047,84.06781037190001,14834800
2020-07-31,83.2921371459961,83.54208329853255,82.09412368855965,83.15423967513655,14535000
2020-08-03,82.82669830322266,84.09366343897481,82.61122822096888,83.6196266277665,12962800
2020-08-04,82.35269165039062,82.69743862021932,81.9045100686102,82.66296918373801,13366200
2020-08-05,83.78341674804688,84.8693882023979,82.49921642761048,82.62849983954256,15260900
2020-08-06,83.80925750732422,84.55047525920433,83.20594379096893,84.10230029500131,10482100
2020-08-07,85.65367889404297,85.74848627196205,83.22317622733591,83.54207436902972,14743700
2020-08-10,86.73966979980469,87.94630404871596,86.21392206689069,86.2828740984005,14989900
2020-08-11,89.48043060302734,91.497234332761,89.21324976012238,89.51490661108382,31518600
2020-08-12,88.72196960449219,91.72993032962769,87.66185382968052,91.49722551719982,19240800
2020-08-13,88.23070526123047,89.08396507742611,87.60152963070166,87.91180712306846,13598600
2020-08-14,88.26517486572266,89.04086196474253,87.41190853579982,87.48086054590733,12134400
2020-08-17,85.93812561035156,87.91183324382254,85.78298681807263,87.4808928847842,14988000
2020-08-18,84.7400894165039,86.11048281335654,84.56771594895228,86.11048281335654,13246500
2020-08-19,84.9383316040039,86.69656215541737,84.75733090030884,85.25722320199837,13533000
2020-08-20,83.92130279541016,84.49014047994207,83.43003119601285,83.82649541871716,13672600
2020-08-21,83.87821197509766,84.95556262550511,83.55069974459934,83.83511531883074,12228300
2020-08-24,86.23976135253906,86.3690447436039,83.96439734205318,84.85213321140449,17898300
2020-08-25,86.61897277832031,87.89455855430094,86.01565918026363,87.28261773618267,13648900
2020-08-26,85.40373992919922,86.42075923391255,85.36927049399857,86.13634365193366,12052400
2020-08-27,88.21346282958984,88.47202959509588,85.32616463436042,85.32616463436042,22163900
2020-08-28,88.57545471191406,88.98916023874504,87.74805023387836,88.89435285917183,13756700
2020-08-31,86.351806640625,88.06694693965814,86.2052819628298,88.01523621551051,14219400
2020-09-01,86.30872344970703,86.93789918602576,85.36065609723379,85.80021704793242,11595600
2020-09-02,87.61013793945312,87.86008402730882,85.80880460822597,86.14493741501893,14475700
2020-09-03,87.33435821533203,90.48883762727112,86.73965852818806,89.04949867858751,23281200
2020-09-04,89.22187805175781,90.67845839008824,87.3688399966508,89.67868029959756,26325500
2020-09-08,86.11910247802734,89.26496778239456,85.73987950965449,88.75646141714671,22108600
2020-09-09,86.93788146972656,87.64462316034533,85.80881363333344,86.8775501025625,13434000
2020-09-10,86.0415267944336,88.27379400085148,85.87776740493734,87.39467883622238,15922800
2020-09-11,87.11026000976562,87.36020613849755,85.834674003759,86.16219279515832,13784300
2020-09-14,88.31690216064453,89.17016207508001,87.36883485842435,87.48949761094545,19017400
2020-09-15,85.56749725341797,88.64441045685847,85.44683450627336,88.54098900252112,23683000
2020-09-16,85.92947387695312,87.16196312097415,85.11931076646512,85.69676906052986,19270600
2020-09-17,84.94694519042969,85.61921096959779,84.21434803558309,85.06760794178669,18290100
2020-09-18,84.76593780517578,85.74848095576165,83.98163004402863,84.3694736019241,20121600
2020-09-21,82.14583587646484,82.78363223934657,80.86163565499018,82.0510284867291,28378800
2020-09-22,81.2494888305664,82.4475090256424,80.73236173756311,81.84418860411544,19257000
2020-09-23,79.9308090209961,82.18031802613048,79.86186356700678,81.68904632245903,19952700
2020-09-24,79.86185455322266,81.27533812269326,78.75864193075319,79.56881174824002,18366500
2020-09-25,80.55998992919922,80.77546010379294,79.18098212692502,79.3361209156576,13293100
2020-09-28,82.8784408569336,83.54208601928879,81.31843251447822,81.93036694553035,20894100
2020-09-29,82.18029022216797,82.76636912436821,81.30117515668022,82.76636912436821,12848200
2020-09-30,82.9732437133789,83.77479294642778,82.10274902877244,82.18031512763496,16400600
2020-10-01,83.57655334472656,84.26605380106365,82.76638356851345,83.70583673517301,15778700
2020-10-02,84.36949920654297,84.9728130520587,81.95623067322454,82.09413473827256,15149600
2020-10-05,86.15272521972656,86.33539881881505,84.83920747011729,85.52641194477,13871900
2020-10-06,85.26544952392578,87.73590681033123,84.82181646567903,87.04870230621317,19220400
2020-10-07,86.75294494628906,87.2922651153242,85.83086965679762,86.08313509961602,16358500
2020-10-08,88.53620910644531,88.65799153310428,86.90084035085034,87.43146662556917,15659000
2020-10-09,88.03166198730469,88.82325425218384,87.08349803396325,88.72756712925025,13689100
2020-10-12,89.11031341552734,89.59744302084692,87.72720380521908,87.94467332711433,16058000
2020-10-13,87.66631317138672,89.78881784253393,87.21397948304285,89.59744360016582,21697300
2020-10-14,87.17919921875,88.66669022886113,87.07481143962761,87.88379847705411,15204100
2020-10-15,88.48402404785156,88.53621462348775,86.15274987752488,86.20494045316107,17171200
2020-10-16,88.30132293701172,89.01462267434944,87.61411847937713,88.21433645912036,13275000
2020-10-19,86.81385040283203,88.61449808164201,86.60507484830026,88.37962724195484,11725700
2020-10-20,87.30966186523438,88.5274858203065,87.0921923537368,87.25746466955785,11257100
2020-10-21,86.43978118896484,87.84897933313714,86.4049852717869,87.30095857003042,10730500
2020-10-22,89.4930648803711,89.80622155649158,86.38760003937942,86.3963006794505,14837200
2020-10-23,90.30204010009766,90.85876153259215,89.53654978957846,90.03238002278896,15087600
2020-10-26,88.06646728515625,89.33648866328869,87.20528972370121,89.29299873518845,12410700
2020-10-27,86.40499877929688,87.78810186096393,86.25712108565517,87.43145526826079,10391700
2020-10-28,83.97803497314453,85.50902233120866,83.56919119258394,84.8131171766404,16389500
2020-10-29,84.52605438232422,85.23066016456188,82.84718936403375,83.61268634852472,14208800
2020-10-30,85.28285217285156,85.61340347116557,83.7083748903006,85.16977040579127,15194500
2020-11-02,87.20529174804688,87.75331263866813,85.1262833285761,86.45719594625928,15011600
2020-11-03,89.95408630371094,91.11101898877774,89.32777308784904,89.61482778125041,17482600
2020-11-04,87.20529174804688,88.7884698464858,86.05705276057077,87.8577004144911,18886500
2020-11-05,90.77179718017578,91.42420589010035,87.85770626984163,87.90989684290933,17837400
2020-11-06,89.5626449584961,91.42418349045774,89.06681472590151,91.36329229124938,12552800
2020-11-09,101.68875122070312,103.42850742076085,95.99104701085676,98.43540898485526,47792400
2020-11-10,101.35818481445312,102.16717164525659,99.76631306844338,102.08018516986063,20539300
2020-11-11,99.84461212158203,101.74094673745647,99.13131231028854,101.68005553295495,14443400
2020-11-12,98.61808776855469,99.13131268893582,97.47854288475442,97.887386675102,22063000
2020-11-13,99.23568725585938,99.9141910574011,98.79204760229645,99.77500738701167,11847900
2020-11-16,102.03668975830078,103.17622778892967,100.67098159450201,102.46292811044832,19858600
2020-11-17,101.0015640258789,101.28862544085366,99.67065136672512,100.37525062471374,14553200
2020-11-18,100.25344848632812,103.17623935924709,100.20995192777228,102.07149048370194,12571200
2020-11-19,100.52310943603516,100.74927959652383,98.78335326504587,99.32268006724406,10202500
2020-11-20,99.66193389892578,100.6014038420522,99.24438948976629,99.54015149555494,12718900
2020-11-23,102.53253936767578,102.79349882925922,100.53181697898499,100.94936140881947,13209200
2020-11-24,107.27338409423828,107.42996244261636,104.13312312267641,104.44627981943259,20121600
2020-11-25,106.15122985839844,106.45568588436065,104.79422206459914,105.57711372896166,11715600
2020-11-27,105.4466323852539,106.42959232402316,105.3248499728982,106.12513629313389,5983600
2020-11-30,102.54125213623047,105.01170997184802,102.44556499181232,104.38539653080005,14411800
2020-12-01,104.15922546386719,105.75980498200708,104.06353832022945,104.6811511149354,12668900
2020-12-02,106.1599349975586,106.39479918849979,103.75036869715389,104.12441658394462,10811300
2020-12-03,105.4640121459961,106.02943420165495,104.69852185683261,105.99463828351442,12904400
2020-12-04,106.42088317871094,107.24727135267074,105.855467725096,106.54267221797673,13583700
2020-12-07,106.02073669433594,106.27300213082354,104.56804191143702,105.38572942028352,9724300
2020-12-08,106.12513732910156,106.41219871958954,105.04649025057424,105.29005507766327,9592100
2020-12-09,105.29874420166016,107.25596988097247,104.76811804211515,107.14288148316065,13073900
2020-12-10,104.62024688720703,105.06388662192644,104.00263416931807,104.3766820561121,13668400
2020-12-11,104.00263977050781,104.40278296266308,102.96748918260508,103.46331951165013,9981600
2020-12-14,102.9065933227539,105.62060904896586,102.74131434165727,105.55101720043633,12112400
2020-12-15,104.66374206542969,105.16827300124214,103.18495181813806,103.76776860434703,12590200
2020-12-16,104.96821594238281,105.3248692414175,104.2636166224737,104.64636520940948,11169400
2020-12-17,104.09832000732422,105.6467021028792,104.02003415686403,105.48142976191531,11618000
2020-12-18,103.58509063720703,104.28098916811587,102.8804848299833,103.63728120194823,28954800
2020-12-21,107.47345733642578,108.73477810781881,105.33355106301704,107.14289936352574,28323600
2020-12-22,105.83805847167969,107.44733150219841,105.78586791352922,107.33424974732483,11788200
2020-12-23,108.79566192626953,110.05698261196557,106.42959225353646,106.80364013027946,14973200
2020-12-24,108.31721496582031,109.21319495774246,107.49083344932714,108.81304520304482,4164900
2020-12-28,109.03052520751953,110.17007010814245,108.55209620230126,109.44806964374848,8072600
2020-12-29,108.74347686767578,109.84821927402193,108.63908909330569,109.77862742444188,8389200
2020-12-30,109.04792022705078,109.47415864201257,108.64777709348455,109.16100199197929,7398000
2020-12-31,110.53541564941406,110.76158582543509,108.57818982263764,108.81305400172765,8580200
2021-01-04,109.49156951904297,111.22262524867816,108.54339884647756,110.90946857119269,16819900
2021-01-05,110.08733367919922,110.65682778188479,108.44018109392785,109.50907627770478,13731200
2021-01-06,115.25658416748047,116.32547941731998,112.0411351186114,113.79342734457371,24909100
2021-01-07,119.04151153564453,121.07416913904376,118.20917859432471,118.88381225721398,21940400
2021-01-08,119.1729507446289,119.4620794810105,117.50827135657224,119.12914092962346,12035100
2021-01-11,120.95149993896484,121.0829159937307,117.49949563243396,117.91128376253545,15937900
2021-01-12,122.85272979736328,124.11437741754249,121.63489198572185,122.16933956457898,18033500
2021-01-13,122.96660614013672,123.35209761315947,120.99528550042656,121.42458677255094,14816800
2021-01-14,123.68506622314453,125.06937332551352,122.65998084463673,123.08929559038866,18565600
2021-01-15,121.46839141845703,124.10557543846109,120.04027491534741,120.40825314821728,27881000
2021-01-19,120.94274139404297,123.27328435739169,120.75000228511718,122.53732764334819,19843800
2021-01-20,119.1291275024414,121.05663882552155,118.66477292725455,120.74999689280257,16028800
2021-01-21,118.1303482055664,119.29561986085719,117.68352014165416,118.8838316304582,13411700
2021-01-22,117.2191390991211,117.75358674082494,115.82607525839204,116.2553900423437,12933200
2021-01-25,115.7559814453125,116.67593405104029,113.95112943212206,115.77350804444507,14212800
2021-01-26,115.28286743164062,116.67593122923192,115.07258835376963,116.30795286961599,11307800
2021-01-27,112.02360534667969,113.76713411986731,111.57677070126815,113.53932846343359,17603900
2021-01-28,113.99492645263672,115.79977826328087,113.01365091338394,113.81093060458855,13761800
2021-01-29,112.73328399658203,115.40552200946202,112.31273922748396,114.9411674298819,14808100
2021-02-01,113.56562805175781,113.95990301586545,112.56682577170064,113.37287556184515,11080700
2021-02-02,117.06143951416016,117.74482982556404,114.96745876637073,115.59828264903248,12253600
2021-02-03,118.4019546508789,118.94515898771883,116.97383740145513,117.09649687651188,10600800
2021-02-04,121.12677001953125,121.48599185886209,118.69109354362189,118.69109354362189,12419500
2021-02-05,120.89018249511719,122.21316670868592,120.36450482472777,122.12554707918179,10051300
2021-02-08,122.78263854980469,122.92282459159848,121.06539296002255,121.08291955746597,10136400
2021-02-09,122.29203033447266,122.6424821547963,121.38083421142316,122.16060087519128,8614800
2021-02-10,122.36212158203125,123.42224701277156,121.81890388893342,122.66000696183598,10323200
2021-02-11,122.02041625976562,123.14187801800786,121.10046361009915,122.36211143034133,9201000
2021-02-12,123.75518035888672,124.07059232676896,121.7838589018425,121.82766871910822,8324600
2021-02-16,126.73402404785156,127.3210513651402,124.76270316199152,125.77027519164521,12130600
2021-02-17,127.12832641601562,127.37364533202687,125.39355403566408,126.12075416843963,10810100
2021-02-18,127.55760955810547,127.7328354203102,125.63885495010433,126.16454590559485,10587800
2021-02-19,129.68666076660156,130.4050909094959,127.79418911346629,127.79418911346629,11969800
2021-02-22,130.9044952392578,131.58788553434144,128.60899207760568,128.67908510388062,11488400
2021-02-23,131.95582580566406,133.44526541965598,131.06215668971933,132.74434872810863,16234400
2021-02-24,134.27761840820312,134.7156897354281,131.51777439423617,131.51777439423617,15061400
2021-02-25,132.4552459716797,135.71449786065082,131.938324991102,135.16253705464266,18127700
2021-02-26,128.94195556640625,132.18368178799938,128.36369801437667,131.68428726134138,19829200
2021-03-01,131.8594970703125,132.630507045509,130.08968479491995,131.0008808326756,14845500
2021-03-02,131.43019104003906,132.98096770952708,131.28124835195757,131.49152745983244,14221700
2021-03-03,133.97100830078125,135.78461707416818,132.1398729268598,132.4990813401028,14324100
2021-03-04,131.9120635986328,135.25893565808195,130.21234435326892,133.7081590909672,20093900
2021-03-05,132.21868896484375,134.47913857952094,129.64282746512148,134.24257632351816,18465100
2021-03-08,133.97100830078125,136.20517527372152,132.0785365094286,133.58550330229693,17133300
2021-03-09,133.02476501464844,135.14502901963763,131.2637227718241,132.73563628184831,16238800
2021-03-10,135.91603088378906,136.8184568587185,132.7443849959897,133.09485012195302,14342200
2021-03-11,135.20639038085938,136.80972026122703,134.36528724216737,135.0223944737177,11771500
2021-03-12,136.80972290039062,138.10642415459185,135.86350023331994,137.43179030723266,12849500
2021-03-15,136.12631225585938,137.48433636638327,134.890960980198,136.9849418866221,12101100
2021-03-16,134.49667358398438,135.45167937622847,133.34017206414595,135.00483800155266,12805600
2021-03-17,135.8809814453125,137.4492845185137,134.0936560445326,136.10001714176914,13952400
2021-03-18,138.12388610839844,141.66350996973617,137.6507749505123,138.08008967014828,21898500
2021-03-19,135.92477416992188,136.6256909842395,132.46401327476923,136.2489426818823,54418800
2021-03-22,132.2712860107422,134.89971453842116,131.95587405266556,133.87462901689184,19944800
2021-03-23,130.9483184814453,133.2788483419302,130.5102470489579,131.71055849593208,17076300
2021-03-24,131.964599609375,134.20752261941732,131.29873601854234,131.42139545287665,13079800
2021-03-25,133.6555633544922,134.0235416616391,130.83438296415676,131.42139693285844,15608300
2021-03-26,135.8809814453125,136.19639338296517,133.6555846516193,135.1888345268158,16754400
2021-03-29,133.7694854736328,134.6894381505867,132.33261171770982,133.27884761095848,17570300
2021-03-30,135.34658813476562,136.56442656110877,134.82091027360707,135.329074897612,13184300
2021-03-31,133.3751983642578,135.35528940580846,133.27882213330733,134.2951508653531,16736700
2021-04-01,134.67190551757812,134.74198517168213,132.77943400371817,133.08607593927394,16561500
2021-04-05,135.3857421875,136.54906842732942,134.4868229450295,136.07315734826662,13508000
2021-04-06,134.43394470214844,135.9674166606182,133.8346651571286,134.65427043739672,13071600
2021-04-07,136.54025268554688,136.80464624670302,134.5308831369443,134.9274802024861,16903500
2021-04-08,136.7077178955078,137.0514255297119,134.2312586019326,135.72066283268921,12335500
2021-04-09,137.73001098632812,138.39979632414276,136.5755063821146,137.31579756300678,12122400
2021-04-12,137.439208984375,138.58490564745455,137.10432296725384,137.11313115667738,12273400
2021-04-13,135.7999725341797,136.77821937681134,134.33700636454745,136.38163572658038,16113600
2021-04-14,133.26182556152344,135.57083499725059,133.01504836265195,133.49095948837055,19939600
2021-04-15,134.10787963867188,134.13431765360033,131.5961740871507,133.29708246975994,17694100
2021-04-16,135.10372924804688,136.17009816314817,134.56613397302098,135.6060648784992,13773400
2021-04-19,134.53089904785156,135.61491143203594,134.15194520854732,135.20950613063405,11900200
2021-04-20,131.55210876464844,133.73773654214608,131.0056917345611,133.72892835287362,13716700
2021-04-21,132.67135620117188,132.7330538699798,129.3664697394809,130.2477727959318,12236700
2021-04-22,129.8776397705078,132.45986497006928,129.7806958869553,132.3981672952546,15256100
2021-04-23,132.36288452148438,133.19131139796912,129.2783243757055,129.71015418964092,14041900
2021-04-26,132.68896484375,134.3634484522448,132.5303367737703,132.8828525610243,10799100
2021-04-27,133.2970733642578,133.57909676771888,132.29238852275583,132.63609614096399,12821200
2021-04-28,134.16075134277344,134.74241454767858,133.4292682422321,134.33700925248564,8943700
2021-04-29,136.76937866210938,136.8486926837701,135.01558131335943,135.31522102693089,12976900
2021-04-30,135.55320739746094,136.15250040864257,134.84816233332447,135.80879278892326,11705100
2021-05-03,135.1566162109375,137.02497409619062,134.95392030487702,136.46976240153663,11801100
2021-05-04,137.02499389648438,137.16600561134427,134.08144494877445,134.724792407349,12977700
2021-05-05,138.82286071777344,139.4926461971229,136.27589543170305,137.48327631145713,10506700
2021-05-06,141.6165771484375,141.73115083837945,138.50557872372548,139.3075676580866,13542400
2021-05-07,142.10128784179688,142.33042176014536,138.38218843888043,138.55844633358046,14257800
2021-05-10,142.0836944580078,144.2957605161909,141.9955587642461,142.33045826339801,14014300
2021-05-11,139.7217559814453,143.11477752870647,139.28110453102778,141.9602728802309,15451700
2021-05-12,138.7611541748047,141.69589476824692,138.3910085298142,140.6647718755699,14381700
2021-05-13,142.3303985595703,143.16763350863337,138.963815494824,139.4044668835533,15395000
2021-05-14,144.54249572753906,144.930271187189,142.76227340476973,143.11478921484266,10584000
2021-05-17,145.12417602539062,145.28281757195668,143.67883951751813,143.97847933616563,9886800
2021-05-18,143.0795440673828,145.85564307311154,142.98260020175584,145.13296817523488,11098100
2021-05-19,141.98672485351562,142.04840906987988,139.8099053985892,141.88978098698632,13278900
2021-05-20,141.7399444580078,142.64768535278634,140.58543983150005,141.7399444580078,10426000
2021-05-21,143.35276794433594,143.84629553722374,141.83692551039857,142.1894413774275,10249000
2021-05-24,144.12831115722656,144.73641248202148,142.87686229860788,143.96968304516818,9440300
2021-05-25,142.63888549804688,146.03189373135058,142.38330011607223,144.40149136914977,12609100
2021-05-26,142.6212615966797,144.30455350091327,142.1629802858294,144.15473360936176,13058300
2021-05-27,144.8421630859375,145.19467893039374,143.2734447171575,144.4896337938638,15707500
2021-05-28,144.74522399902344,145.36213347103492,143.88153729058948,145.13298606170358,10291300
2021-06-01,146.34036254882812,147.09828364968973,145.8380133952683,146.1817210196348,9445400
2021-06-02,146.34918212890625,147.56538463946117,145.88209258886187,147.40674309791964,10498600
2021-06-03,146.4461212158203,147.3979300911092,145.1153584967975,145.77633576178008,13354400
2021-06-04,146.6840362548828,146.88673212812208,145.441396112738,146.48134038164352,8510800
2021-06-07,145.99667358398438,147.26575218926402,145.53839221038496,147.17761650093482,7267200
2021-06-08,145.4149932861328,146.08477871709673,143.79339901267298,144.96553360257215,10370700
2021-06-09,143.59950256347656,144.7275692459046,143.01783939820774,144.65706339730087,12377400
2021-06-10,141.36099243164062,145.62650906955795,141.28167839097026,144.85095814491547,12119400
2021-06-11,141.26405334472656,142.06604231005542,140.1800544093801,141.38743522803742,13683800
2021-06-14,138.866943359375,141.29933520450797,138.06495426799324,141.14069364524994,19917900
2021-06-15,136.7606201171875,138.29409248143494,135.835262542375,138.10020470730186,24485500
2021-06-16,137.72119140625,138.91094210977664,134.93627134932703,136.36397757260437,25321200
2021-06-17,133.7465362548828,138.7699740309473,133.2970765733641,138.45270441822342,29722400
2021-06-18,130.3623504638672,131.93106887628176,130.0450808159846,131.57855302202015,43595700
2021-06-21,132.57440185546875,133.25300892066804,131.33177486421295,131.38465089180474,18664800
2021-06-22,132.3804931640625,133.0502784188396,131.0144711999708,132.72420070169474,14251200
2021-06-23,133.18247985839844,133.9932768512802,132.27473901595397,132.37168286551668,12733300
2021-06-24,134.40750122070312,134.9450965307389,133.2706263900321,133.88753573410224,13733200
2021-06-25,135.7647247314453,136.16130837700075,133.66721936712557,134.47801648290576,15484900
2021-06-28,136.01150512695312,136.14369520910597,134.06381941498898,135.45627988667573,14125800
2021-06-29,135.8440399169922,137.75646575745708,135.37695041643522,136.60196101277418,14528700
2021-06-30,137.07785034179688,137.553761449546,135.46507783113424,135.50032403100457,12531000
2021-07-01,138.43507385253906,138.4879498797741,136.97210767682716,137.7123989533502,10479400
2021-07-02,138.30213928222656,138.55919755619064,137.49552866754337,138.2312271213093,11424000
2021-07-06,135.9797821044922,138.08050182244278,135.04021992726715,138.08050182244278,15083400
2021-07-07,136.1393585205078,136.75096404163807,134.3311458505284,134.73887384787457,12271800
2021-07-08,133.79043579101562,135.19977923550832,132.9926842662223,134.38430981746646,17834600
2021-07-09,138.07164001464844,138.4084557631137,135.2440810709811,135.6606814277344,13694500
2021-07-12,140.04832458496094,141.07653072034597,136.4496166362262,136.81303642073328,19940400
2021-07-13,137.96527099609375,139.50757962964707,136.0595562373403,138.31983170070205,22671700
2021-07-14,137.49549865722656,139.41008600877203,135.57205235941692,138.23119695041603,14622800
2021-07-15,137.79689025878906,138.7453115430436,136.23684997798162,136.4141235939525,11539300
2021-07-16,134.65023803710938,138.52372147180876,133.86135891934174,138.2400863803639,14002700
2021-07-19,130.2715301513672,132.7977236123591,129.15469398735746,131.67201497455477,22172900
2021-07-20,132.7001495361328,133.9499368821612,129.7041764330167,129.87259104297013,15385200
2021-07-21,135.49227905273438,136.19251449920242,134.16270677897018,134.77431218891908,12356700
2021-07-22,133.78155517578125,136.00638142799636,132.93063649792975,135.5100099450649,9913300
2021-07-23,133.5245361328125,135.47457312961183,133.17884781758494,134.2690935002086,9666100
2021-07-26,134.4197540283203,134.69454366455776,133.10791314691176,133.12564456459683,8208000
2021-07-27,134.2424774169922,135.16432176442302,132.7799533308235,133.31177412347188,11218700
2021-07-28,134.46405029296875,135.41248484505832,133.73722460711596,134.98701205201124,9217300
2021-07-29,135.61634826660156,136.38749572282865,134.65019582889767,135.74044111616806,9063500
2021-07-30,134.53500366210938,136.2102644135439,134.0209006900937,135.24411167610032,9805200
2021-08-02,133.9943084716797,136.90163911627397,133.9056784243494,134.75659720929346,10203200
2021-08-03,135.51885986328125,135.90001092128222,132.53175869349084,134.68565913310516,10394800
2021-08-04,134.05636596679688,135.94434968917562,133.76385839851608,134.0652249142803,10155000
2021-08-05,135.74932861328125,136.22798222307588,134.7388541899592,134.97818099485653,9151500
2021-08-06,139.6051025390625,139.8887511442105,137.48665104788685,137.55756319917384,13328800
2021-08-09,139.4544219970703,140.53580865625037,138.18688924650905,139.62283666900805,9516900
2021-08-10,141.16513061523438,141.80332645768948,138.55030756565003,138.93145869175157,8667000
2021-08-11,142.84925842285156,143.15062491348525,141.00558311674214,141.82105254586773,9156500
2021-08-12,143.40768432617188,143.9217873173834,142.30857971230188,143.48746895549382,8844200
2021-08-13,141.8032989501953,143.73561752198822,141.43989283896403,143.40764719219374,8980900
2021-08-16,140.87258911132812,140.96123266118295,138.96687451541055,140.88146158137766,8755800
2021-08-17,139.17074584960938,140.81055693336424,137.6284507909438,139.6671308200395,9347200
2021-08-18,137.9032440185547,140.0571447062244,137.69050757620948,138.55029876699618,8065500
2021-08-19,136.75094604492188,137.88551336012904,135.6252376762786,135.7582030253929,9517700
2021-08-20,137.1409454345703,137.30048761097405,135.75819247197182,136.8129886107794,6974100
2021-08-23,138.8959503173828,139.2416384916226,137.60184116257975,137.68161223545687,7934600
2021-08-24,139.7557830810547,140.53580320498995,139.0466751070326,139.1619090412802,7670900
2021-08-25,142.6365203857422,143.3988090756872,139.87101421994598,140.50033755954504,11335000
2021-08-26,143.3722381591797,145.21591369484275,142.84040373587086,143.82428795141433,11027500
2021-08-27,144.52452087402344,144.62202338987353,142.93789025474575,143.37222210264332,8780200
2021-08-30,142.21102905273438,144.91449493408692,141.7146576499496,144.66630923269452,7937600
2021-08-31,141.7767333984375,143.03539364017527,141.24491255656636,142.2110652489756,12340800
2021-09-01,141.57284545898438,142.49467621061711,140.9080593753209,142.0160361814267,8729900
2021-09-02,142.2288360595703,143.24816976597012,141.3158503208671,141.8388258857818,8813300
2021-09-03,141.36900329589844,142.6099320998969,141.06762327911918,142.1667413091675,7959700
2021-09-07,141.1208038330078,143.04425005500363,140.89920845915887,141.81218031740787,9285600
2021-09-08,140.49147033691406,141.448763997554,140.08372888835854,140.837158587275,7852700
2021-09-09,141.10308837890625,142.55675365480252,140.1192042667069,140.28761893390197,7904300
2021-09-10,139.4810028076172,142.45924538990155,139.3569099302349,142.31742109429058,8311600
2021-09-13,141.69696044921875,141.86537511406553,140.11034336613898,140.518071320401,10052800
2021-09-14,139.22393798828125,143.00877696408253,138.50595766741557,142.21989803076553,11685600
2021-09-15,140.1900634765625,140.65984446285321,138.6920769815543,138.9136722967897,11691500
2021-09-16,140.12806701660156,142.57448894311835,139.3569193354744,141.29809724669397,10880900
2021-09-17,139.76461791992188,140.9435068493016,139.16188503728958,139.49871431000017,25581600
2021-09-20,135.5809326171875,136.9991350321023,133.3915690295213,136.4052609956861,15819900
2021-09-21,135.59864807128906,136.99027362084948,135.24410085521612,136.08616063722135,8999900
2021-09-22,138.1957244873047,139.38347229293274,137.47775773203858,137.56638775515776,11236200
2021-09-23,142.86697387695312,143.33676854859056,139.7557794588898,140.04828699778437,12336100
2021-09-24,144.51564025878906,145.00315281056876,142.54788568406644,143.09743791055868,10102400
2021-09-27,148.00799560546875,148.38027425401413,145.90727554399484,146.25296382658053,13220900
2021-09-28,147.21026611328125,150.06441610941982,146.83798744314717,148.6462000588142,13387900
2021-09-29,147.0950164794922,147.9370762524775,146.2884060176907,147.3254843400693,7777100
2021-09-30,145.091796875,148.01685867065802,144.29404537157927,147.95480547062252,13161200
2021-10-01,148.1409454345703,149.1780101736386,145.01201980021406,145.36656699259166,11285000
2021-10-04,147.9813995361328,151.07487606627808,146.90001294508417,147.99913095445916,14120000
2021-10-05,150.39796447753906,151.71771035696676,148.62343128073803,149.1049691924734,12292900
2021-10-06,150.71897888183594,150.79031833267277,148.0259724408329,149.80050556305105,8692600
2021-10-07,151.67311096191406,152.93935556466133,151.18266075499577,152.66292370438245,10195400
2021-10-08,151.7890625,152.78778772396498,150.96867912222723,151.61072065380776,8190100
2021-10-11,148.59666442871094,152.74316938047684,148.43616088009924,152.30623398262847,12154700
2021-10-12,147.45529174804688,148.6412847771938,146.92917852953678,147.8030631169989,13032600
2021-10-13,143.5673828125,147.49988395512474,143.21069910529977,146.30497856873163,22753500
2021-10-14,145.76991271972656,146.25143699697023,142.72913500829483,144.23614856760418,15176800
2021-10-15,148.5699462890625,149.06930891373983,146.36738973573767,147.44638038353847,14267400
2021-10-18,148.5164031982422,150.3533495950815,147.9457012729464,148.4539760844626,12672900
2021-10-19,150.3177032470703,150.3890290898132,148.5431701617977,149.27437570608612,8053900
2021-10-20,152.34190368652344,152.36865427914998,149.32789019552558,150.07693400228655,8185600
2021-10-21,151.14700317382812,152.778857407259,150.41578400193282,152.27056891851095,8415200
2021-10-22,153.18014526367188,153.45657716141443,151.32536016125133,151.6196303252835,8817900
2021-10-25,152.4310760498047,154.23235966088902,152.02087763291308,154.00942899241946,10159200
2021-10-26,152.84129333496094,153.81328159703315,152.07441112821843,152.48460963226674,8015100
2021-10-27,149.6578369140625,152.21707695759522,149.22088785023087,151.87823155116794,9847000
2021-10-28,151.91390991210938,152.04766290105195,149.77378044936046,150.0769629620378,7212900
2021-10-29,151.49478149414062,153.59033545518025,151.0489201072479,152.64509788541554,8140100
2021-11-01,151.41453552246094,153.67059313821292,150.71006688442648,153.41198590418654,7435500
2021-11-02,152.01202392578125,153.0999270959754,150.62985052693324,151.4145711366768,7173800
2021-11-03,152.0654754638672,152.60051454241906,150.8348937471633,151.70879181590527,8402700
2021-11-04,150.06802368164062,151.77121749132905,148.46293353060216,151.59287565305922,9574200
2021-11-05,149.85400390625,151.6731122449432,149.28330191699246,150.61196004461854,7975600
2021-11-08,150.75465393066406,152.41325887786448,150.4693097109725,150.7457416010709,6413700
2021-11-09,149.61326599121094,150.22855696481795,148.561039507996,149.22983167815818,7990300
2021-11-10,149.47056579589844,150.65655870836895,148.9979538180896,149.3189745583569,6999200
2021-11-11,149.46168518066406,150.4158216680258,148.82855589507403,149.38143338022113,5815300
2021-11-12,148.79286193847656,149.57758233014954,147.77629852499552,149.4973169398305,8113400
2021-11-15,148.5253448486328,149.6221600640078,148.02598226623803,149.10497282267738,6492500
2021-11-16,147.45529174804688,148.98014381598173,147.24127336461063,148.97121787920673,9706100
2021-11-17,146.66165161132812,147.6336262083905,145.69858934398377,147.3215313889373,9909600
2021-11-18,145.39537048339844,147.0004738607869,144.95842151753504,146.59027548399607,8122500
2021-11-19,143.49603271484375,144.5571850340446,142.18519909778507,143.83489173619805,12193600
2021-11-22,146.55467224121094,148.00817139687794,145.34192848522724,146.38524270369217,14549900
2021-11-23,150.0591278076172,150.30880912989716,147.4642109154094,147.58013924597208,12354400
2021-11-24,148.88204956054688,151.09351836726648,148.4183498794795,150.21963380444038,9629800
2021-11-26,144.39669799804688,145.0387396427486,141.6234525469274,144.58396581384034,13619300
2021-11-29,143.77247619628906,146.93809514301478,142.51515727595626,145.62726142030473,12104400
2021-11-30,141.63233947753906,143.2374433014271,141.15080152706733,141.92660964580276,18922600
2021-12-01,140.7941131591797,145.59158620494438,140.7138613723036,143.56737162742732,12253400
2021-12-02,143.754638671875,145.5737471981936,141.60558345683899,142.5240568529297,12969900
2021-12-03,141.15078735351562,144.30749349128556,140.16990049774233,144.01322335257078,12681800
2021-12-06,142.81834411621094,145.00306251804062,142.194140802347,143.57630042354154,11186500
2021-12-07,144.96737670898438,145.69858230221814,143.71004434239103,144.3520858229234,9851600
2021-12-08,143.3087921142578,145.59160054317354,142.8272541323578,145.04764903420445,11705700
2021-12-09,143.08584594726562,143.50494314363885,141.47181625566503,142.36353905237672,11189600
2021-12-10,142.51516723632812,144.19159711614117,141.8998762287949,143.85275165040477,10405400
2021-12-13,140.82086181640625,142.48837908494812,140.25015977323721,142.22978546192576,12069000
2021-12-14,141.8998565673828,143.4692838307284,140.2680021755229,140.40175515575305,12563600
2021-12-15,140.83871459960938,142.54190857513072,140.31260136317442,142.54190857513072,14014200
2021-12-16,143.041259765625,144.29859219812784,141.51640776777535,143.02342149950582,19542800
2021-12-17,139.78646850585938,142.12279161596578,138.37754477572813,142.0692904222385,28082000
2021-12-20,137.27178955078125,137.94949387940008,135.39916650722324,137.78006439559334,15148000
2021-12-21,139.1890106201172,140.16098522073239,138.29728780708814,138.5826456384304,11291300
2021-12-22,139.73297119140625,140.0539919692928,138.4310634191967,138.88583718511464,7273000
2021-12-23,140.23233032226562,141.89093536551516,140.18775506510846,140.5444387620308,8055200
2021-12-27,141.0348358154297,141.0704987290163,139.41189431182144,140.53547338558275,6188100
2021-12-28,141.462890625,142.80938702305042,140.96352808285172,141.070530454281,6342300
2021-12-29,141.39157104492188,142.34572101294867,141.02596141568108,141.65017828769635,6398900
2021-12-30,141.32022094726562,142.88966173255616,141.222130898185,141.88201064714664,6948200
2021-12-31,141.20431518554688,142.04252321389316,140.8565438270659,141.2934793043358,5805900
2022-01-03,144.19155883789062,145.02978035858226,142.23868393470661,142.55079232444794,13120900
2022-01-04,149.6578369140625,150.32662900404017,146.44762943952574,146.51896889524988,20195800
2022-01-05,146.92176818847656,151.03034049486538,146.8769120593165,150.54592988917568,17539400
2022-01-06,148.4827117919922,150.14227951990978,147.00254125349144,149.7296358702714,14047500
2022-01-07,149.95387268066406,150.2857834217487,148.07002462505062,148.617236588773,13913300
2022-01-10,150.097412109375,151.88256852359768,148.49165285474012,151.6672809815561,12922500
2022-01-11,150.24989318847656,151.17387194242036,149.19134604944753,150.94062555020676,11854100
2022-01-12,151.10211181640625,152.13373437527682,149.97179755770478,151.12005700620907,12568000
2022-01-13,150.91372680664062,152.3310957107685,150.6087270102025,151.0124048217435,13623400
2022-01-14,141.63807678222656,144.45486996967608,140.7499744667053,144.21265775850256,40158400
2022-01-18,135.699462890625,139.7452341270361,135.04459347863929,139.7452341270361,32324800
2022-01-19,133.60031127929688,136.5606379872775,133.25943479672728,135.9685835962169,22380000
2022-01-20,132.4610595703125,135.10740734088094,132.19193644201366,133.6541616115064,14860800
2022-01-21,130.14659118652344,132.3264592549663,129.41996849704248,132.31749350518086,20705400
2022-01-24,130.0299835205078,130.5054283910756,125.20376774347633,127.6348139777881,28471400
2022-01-25,131.44737243652344,131.73444076573537,126.29819720869814,128.8638122263015,18915900
2022-01-26,132.6942901611328,135.07152845299575,130.93604463603194,133.41194726222673,20709100
2022-01-27,130.3529510498047,134.9010924554884,129.29441736258735,134.0399011384233,17536800
2022-01-28,131.51910400390625,131.65365869178262,127.53612098475418,129.34820168110585,14117000
2022-01-31,133.3043212890625,133.4747527250798,129.7788366399328,130.64899376688012,13985700
2022-02-01,135.59185791015625,135.87892631497135,133.03522165962445,133.38507772288355,14584900
2022-02-02,134.50637817382812,135.4034461742531,132.82886539324826,135.00873406395868,12441100
2022-02-03,133.3939971923828,136.04034482323263,133.02619605939879,134.5601882279928,12474900
2022-02-04,136.85667419433594,137.69992019541172,133.45679293673572,133.7528269810391,16654400
2022-02-07,137.31417846679688,137.80755481973785,135.3226868013496,137.49358929406347,12572300
2022-02-08,139.89773559570312,142.16731627675307,138.866112990924,139.04552383242864,20411400
2022-02-09,140.48081970214844,141.22537391331863,139.78110792940515,140.47184026392864,9131100
2022-02-10,139.89773559570312,142.66070635701823,139.24287986453473,140.53465982443993,16455600
2022-02-11,138.0767059326172,141.9071901534685,137.22449406398565,139.59275305387123,16830000
2022-02-14,136.7938690185547,137.86136816557251,134.8472336024617,137.00915652268097,17026500
2022-02-15,138.79432678222656,139.88875055914627,138.01388220078155,138.60593652730816,9500000
2022-02-16,139.04551696777344,140.03229707958658,137.91521640274402,137.91521640274402,9076500
2022-02-17,135.84298706054688,137.9062459914781,135.16122037658988,137.25139024977136,11367500
2022-02-18,136.47991943359375,138.27405536078084,135.57388571810577,136.4709536816993,11733300
2022-02-22,136.23768615722656,137.46667838502256,134.9279747985366,135.09841987533693,11333500
2022-02-23,133.38502502441406,137.52050849121017,132.73913505693665,137.35902915525605,11799000
2022-02-24,129.67117309570312,130.0658851782874,125.39215520138974,128.22689316888548,25655100
2022-02-25,132.73912048339844,134.6767901730923,129.99409526708283,130.29909502708057,18367700
2022-02-28,127.20423126220703,130.12866769546804,126.37893043481135,128.77410009096587,31315300
2022-03-01,122.40489196777344,126.02007391165583,119.83031190090375,125.62536191084635,36840400
2022-03-02,124.94361877441406,125.62538546571929,122.54844907113377,123.15844868627475,19405600
2022-03-03,124.05551147460938,126.46862626915657,122.95212181158635,125.44596943041508,16640800
2022-03-04,120.56592559814453,121.48093872915727,118.7717897190759,121.05034995086852,21016000
2022-03-07,115.91014099121094,119.03193322454091,115.67689459366662,118.56545411762116,27560100
2022-03-08,115.09381103515625,118.22456915671027,114.16982537539673,116.29587870181693,19207800
2022-03-09,119.70475006103516,121.3194751170721,118.80768210636694,119.22032570013873,17536200
2022-03-10,118.28738403320312,119.7137188319358,116.90590537096925,118.28738403320312,15604200
2022-03-11,115.6230697631836,120.27885389845765,115.20144679640978,118.85251936226634,20061800
2022-03-14,116.77132415771484,119.23826082477186,115.92807816141368,116.1344136290496,15786900
2022-03-15,118.84355163574219,119.80342085968103,117.63251818286528,118.23355203367143,15096600
2022-03-16,124.1541976928711,124.23494421065763,120.59283686821114,120.9875489527836,20354900
2022-03-17,125.72406005859375,125.759950439783,121.92946669393392,122.77271270567384,17050500
2022-03-18,125.67923736572266,126.35203839297347,124.20804633366106,125.75997020383149,23656500
2022-03-21,125.27552032470703,126.27126619008537,124.45021954168062,125.90347877298659,12676100
2022-03-22,127.9397964477539,129.11495299474316,127.13244095860372,127.6258309522699,13548600
2022-03-23,125.39215087890625,127.01584159960795,124.87184985054179,126.46862962910136,12093200
2022-03-24,126.20848083496094,126.22642602505044,124.79111195761716,125.85862491314737,10017600
2022-03-25,127.3118667602539,128.44216731579638,126.30715515532724,126.56729880725682,8383500
2022-03-28,126.36994934082031,126.45966160512846,123.70565661127058,125.58950465638422,10818100
2022-03-29,126.6480484008789,128.8189649161555,125.80481601402293,128.5946979254854,11316500
2022-03-30,126.07389068603516,127.49125931879557,125.5087473333472,127.29390332637531,8771000
2022-03-31,122.28829193115234,125.90347415479127,122.23445636382974,125.43699505517598,17353900
2022-04-01,121.38225555419922,123.26610362249832,120.02768795076085,123.25712418305515,15721300
2022-04-04,121.92049407958984,122.84447286473839,119.21134535543628,120.31473497192229,17416400
2022-04-05,120.50166320800781,122.36331866647915,120.20343483995678,121.16138677504424,12110300
2022-04-06,118.82978057861328,119.79675082003195,118.350811561808,118.91111181777714,12914700
2022-04-07,118.46831512451172,119.21840224955717,116.33554142848898,118.34179523532535,12994200
2022-04-08,120.63722229003906,121.00773588740515,118.82978776571855,118.99245025388448,13126900
2022-04-11,120.19441223144531,121.91146974746992,119.80582037483363,120.19441223144531,10466400
2022-04-12,118.87496948242188,121.62227784070798,118.11585024775015,119.41720538697705,12989900
2022-04-13,115.04322814941406,116.80547432717792,113.87743187227159,114.71788933277817,30838000
2022-04-14,113.97684478759766,115.94694906137566,112.98275009844885,114.32025492896564,18835200
2022-04-18,116.09153747558594,116.79643590922333,113.45267755927001,113.57015833327083,11834400
2022-04-19,118.49542236328125,118.67617687695247,115.88367960047871,116.0824985338104,15015400
2022-04-20,118.9111328125,120.65530071190196,118.69423568013787,119.76062934387755,13430200
2022-04-21,117.98932647705078,120.02269036750445,117.44710438004198,119.4895004790748,12174200
2022-04-22,114.60038757324219,117.95318479344604,114.4919459109022,117.73628767913453,14318800
2022-04-25,114.56425476074219,114.88056137486855,111.25665257553551,113.87743448304614,17149000
2022-04-26,111.17530059814453,114.23890862656471,111.03974851730746,112.63932512452813,17209500
2022-04-27,109.72935485839844,111.66330936313132,109.54861415311751,110.55174092550332,17215200
2022-04-28,111.46448516845703,111.74464221162738,109.47630992531687,110.98551611682517,13015600
2022-04-29,107.86769104003906,111.70848933574892,107.4519819342342,111.20240988430221,14874800
2022-05-02,108.85275268554688,109.08772112846822,106.83746684436963,108.33763406882994,18545000
2022-05-03,111.18434143066406,112.21457862994093,109.15097744869927,109.82876544268754,15720900
2022-05-04,114.86247253417969,115.13359049410413,110.92226438022381,110.97649210909837,17128500
2022-05-05,111.9886474609375,113.95875147359433,110.39810995874578,113.19059313864258,15055400
2022-05-06,111.80791473388672,112.32303336182433,109.5124717740967,111.88021377863988,14417900
2022-05-09,110.12699890136719,111.4554645341142,108.89794273058195,110.35292824313188,14312300
2022-05-10,107.44296264648438,111.86214024309116,106.24101683281313,111.25665123132595,16382400
2022-05-11,106.76516723632812,111.05782465119682,106.58442652415488,107.81348267241837,14630300
2022-05-12,106.67479705810547,106.92783681349641,104.26187338300672,105.73493018464183,16318800
2022-05-13,107.62369537353516,108.67201080389951,106.60249725518328,107.91289154313871,10443200
2022-05-16,106.87359619140625,107.95805405510237,105.942768594351,107.12663589994767,10269000
2022-05-17,110.41619873046875,111.13013634602156,109.17810333719609,109.3859613851943,11160200
2022-05-18,108.52740478515625,110.22639768329066,108.02132531497953,109.62090876078413,12664900
2022-05-19,106.9188003540039,108.12978522094872,106.30427226364752,106.81035868176338,12765800
2022-05-20,106.04217529296875,108.14783807047691,103.9455516182095,107.95805828164099,13150100
2022-05-23,112.60317993164062,114.38350420641545,108.85275156681057,108.86179067081902,24376700
2022-05-24,114.1937255859375,115.21492371545938,111.25664418073296,112.3862908750424,19324900
2022-05-25,114.98898315429688,115.54929034212526,113.11828868688272,114.12141540511509,12780400
2022-05-26,116.9771728515625,117.65496084587582,115.86560440198564,116.01018869398546,15990900
2022-05-27,118.63096618652344,118.63096618652344,116.70604404889943,117.62783949658807,11177800
2022-05-31,119.49851989746094,120.32993805559101,117.22116251243808,117.64589690430057,17015000
2022-06-01,117.40190887451172,120.0769041580333,116.28129454298582,120.0769041580333,10768000
2022-06-02,119.29070281982422,119.29973503001206,116.2813220712044,117.39289066820074,8374800
2022-06-03,117.62786102294922,119.08284660003112,117.47423071849128,118.57676705837365,8596000
2022-06-06,117.23924255371094,119.6431339034861,116.99524880898599,118.46829864467907,11323500
2022-06-07,117.5465087890625,117.77243810052948,116.23610775084937,116.42589443991919,6722200
2022-06-08,115.6758041381836,116.98619134901037,114.68171657533412,116.57952135801315,8422100
2022-06-09,113.24481964111328,115.76619878581485,113.20867011950584,115.1064820824074,13560100
2022-06-10,108.0394058227539,111.51871604395458,107.83154781032387,110.7867003434973,12945200
2022-06-13,104.82215881347656,106.59344374399414,103.98170151990705,105.60839527998199,16805600
2022-06-14,103.0780029296875,106.02412354113612,102.31888363430494,104.4245468002563,13357900
2022-06-15,104.29802703857422,105.68974574838859,102.27369512557486,104.48780686263981,14083500
2022-06-16,102.5086441040039,103.25873104816637,101.0988474531464,102.89724278274221,16724900
2022-06-17,102.14716339111328,103.59310966490476,101.36093376761,102.60806113597721,30919900
2022-06-21,104.67756652832031,105.76202442694503,103.96362910204657,104.71371604424984,11680500
2022-06-22,104.09015655517578,105.01194514678221,103.37621907681064,103.8190386133303,9842700
2022-06-23,102.95146942138672,104.09015510857078,100.7464039779636,103.93652482790742,11851500
2022-06-24,106.02411651611328,106.47597517956328,101.96642764888085,102.32791595860405,14841100
2022-06-27,105.17462158203125,107.09050482560198,104.50587268075745,106.69286698952862,11280500
2022-06-28,104.66853332519531,107.80443333697768,104.4697144237843,106.34040888598204,11590900
2022-06-29,104.19860076904297,105.57224794327648,103.68348221685349,104.83120008056852,9338400
2022-06-30,101.7676010131836,103.09606648611297,100.2493557433808,102.27368047151269,15172600
2022-07-01,103.0689697265625,103.40334074376509,100.45722705553179,101.80376401830425,10573600
2022-07-05,102.67692565917969,102.75897633463552,99.65004452314356,100.99025424622354,12514200
2022-07-06,102.0113754272461,103.01425645258415,101.00849440190805,101.86550523822852,10656200
2022-07-07,104.59152221679688,104.7556305302339,103.3880635701938,103.47923330970208,10347400
2022-07-08,104.26329803466797,105.43940636977449,103.57951460419706,104.99266980949216,8807800
2022-07-11,102.89574432373047,104.1447913871077,102.31224961162279,103.52482738601759,7939500
2022-07-12,102.99601745605469,105.01089841403149,102.34870332568424,102.64045063734142,11250900
2022-07-13,102.02961730957031,102.54929248449999,100.63469314504873,101.88374015936986,12979900
2022-07-14,98.46482849121094,98.67452516799676,96.69610619801097,98.45570942983613,26204800
2022-07-15,102.97779083251953,103.82568263852335,98.16395617487412,99.52241105012891,18863900
2022-07-18,101.92020416259766,105.61263064908424,101.46434852556438,104.6370998640652,13977900
2022-07-19,104.44564056396484,104.79209529728033,102.72250682510133,103.14189317339459,11862300
2022-07-20,104.42740631103516,104.60974577679487,103.46099462206014,104.0262511393981,11667500
2022-07-21,105.13854217529297,105.33000070510592,103.3607080014549,104.33623877096178,11595900
2022-07-22,104.62798309326172,105.98643088341088,103.63421423183108,105.06560059004582,7645500
2022-07-25,105.0473861694336,106.17790633142492,104.6371118755246,105.61264277252636,9394000
2022-07-26,103.40628814697266,105.3755877827379,103.05072131648251,104.46387653413653,10675100
2022-07-27,105.06561279296875,105.52146846261728,103.29689752468018,103.94421174088444,9337400
2022-07-28,104.67356872558594,105.7402761983333,103.50657941243819,105.07472391040734,10384800
2022-07-29,105.17501068115234,106.21436095289657,104.65533554528024,105.38470037404899,12944500
2022-08-01,104.12654876708984,104.94709034423819,103.08719842130371,104.39094588393793,14740400
2022-08-02,102.50367736816406,104.29974931509749,102.35780025605816,103.86212493458335,14942900
2022-08-03,103.57952117919922,104.02625776783941,101.84726832088568,103.43364403265252,14394500
2022-08-04,102.43988037109375,103.315122368562,101.21818363417832,102.88661695238581,18033900
2022-08-05,105.53968811035156,105.93172419585717,102.1572404683401,102.59485793934842,14174600
2022-08-08,104.2541732788086,106.3966931860686,104.09918404576268,105.98642593252252,10332500
2022-08-09,105.19325256347656,105.74939704082172,104.27242911249343,104.61887691977174,10233800
2022-08-10,107.93750762939453,108.83098782502921,107.12608507338823,107.54547146536183,12847300
2022-08-11,109.53299713134766,110.49940890206962,108.77627506840615,109.31418836276644,11684900
2022-08-12,111.34729766845703,111.45670552766606,108.89479902114954,110.01620001587027,9906700
2022-08-15,111.64815521240234,111.88520207732508,109.95237178604083,110.44469667973978,8456200
2022-08-16,112.71485900878906,113.27100342615174,111.11025222158983,111.49316927609387,9555000
2022-08-17,111.76667022705078,112.28635227726771,110.94613572962346,111.50228010593575,8149300
2022-08-18,110.90056610107422,111.65728817761779,109.90680408589245,111.44759151026271,9531800
2022-08-19,108.15630340576172,110.3079425186389,107.68221661490286,109.9706138068486,13464500
2022-08-22,106.3693618774414,106.81610544855921,105.30266126390171,106.44230045506949,8967600
2022-08-23,105.32089233398438,106.9346253224517,105.19325330115488,106.38759990235309,7607000
2022-08-24,105.576171875,106.13231632737576,104.34535604891266,105.11119716194045,9771300
2022-08-25,108.08338165283203,108.25660207670461,105.4667676147196,105.90439211650425,10758900
2022-08-26,104.54592895507812,109.39623260047188,104.48210944484156,108.91302674356575,11276200
2022-08-29,104.29065704345703,104.71916247557431,103.44276524002221,103.93509018612681,8117300
2022-08-30,104.30889892578125,105.37559953623044,103.35159922565161,104.8468052836673,10745400
2022-08-31,103.68892669677734,104.87414718457181,103.33335289905345,104.37271015520666,10738300
2022-09-01,104.40006256103516,104.5094634649535,102.0296145801338,103.2877736658309,9979800
2022-09-02,103.67068481445312,107.08048292247653,103.19659802769777,105.6399844420633,10666600
2022-09-06,103.69804382324219,104.61887420614619,102.17548758479874,104.23595712027515,9751900
2022-09-07,105.66734313964844,105.85880168171782,102.80457015780182,103.14189889372177,10647900
2022-09-08,108.12895202636719,108.30217938839108,104.50945727880448,105.10207097790298,11435000
2022-09-09,108.64862060546875,109.4509309026302,108.19276501146497,108.62127038275723,9299700
2022-09-12,109.93414306640625,110.81850408276097,109.21389035159987,109.97061235072863,8614600
2022-09-13,106.11408233642578,108.42071091435533,105.55793786240258,107.64575766629521,12904600
2022-09-14,105.86791229248047,107.43604979128575,104.73738534029823,106.3966995282637,9345700
2022-09-15,107.46340942382812,108.84008842726139,105.53969809616963,105.86791470838278,10821400
2022-09-16,106.74315643310547,107.03490375928382,105.18413100673314,107.02578469902062,14844100
2022-09-19,107.7278060913086,108.24748123258331,105.31176985507157,105.75850642596968,8201300
2022-09-20,105.60352325439453,107.29930685625395,104.51858456400993,107.04402880105883,9619000
2022-09-21,102.55840301513672,106.30553704477167,102.49458350185508,106.2508365921889,12606300
2022-09-22,101.39140319824219,103.5703924416045,101.26376418484223,103.36981486174612,11684500
2022-09-23,99.50416564941406,100.5982163712799,97.69898126275494,100.33382622887612,18138600
2022-09-26,97.36164093017578,99.93266626360436,96.6960886864614,98.46481065934786,15753600
2022-09-27,96.50462341308594,98.619792993577,95.41057282020589,98.23687598164938,12793600
2022-09-28,98.45570373535156,99.13037512194984,96.31318351937313,96.59581180339339,12762600
2022-09-29,96.78726196289062,97.80837403019432,95.18264834252217,97.50750767216194,12713900
2022-09-30,95.27383422851562,98.1183760894761,95.18266448644368,96.69610168109314,15973400
2022-10-03,98.21866607666016,98.79304171886318,95.2373660887453,96.29495458578577,12248100
2022-10-04,102.81369018554688,103.01426780387744,100.16061366293522,100.84439720407715,16013600
2022-10-05,101.54426574707031,102.05938977299623,100.10927337882613,100.9555505694297,10943500
2022-10-06,99.47456359863281,101.36029653834461,99.2905927343852,100.68878954956745,11521400
2022-10-07,97.48764038085938,99.0790085258361,96.83452774642812,98.90423131228088,11681100
2022-10-10,96.57696533203125,98.71105938533421,96.14462613285576,98.1775411355368,8931700
2022-10-11,93.78976440429688,96.16302613507425,93.68857833699754,96.00665021944351,12739700
2022-10-12,95.30755615234375,96.3378111859489,93.16426130589896,93.64259675715924,13181000
2022-10-13,100.60600280761719,101.0935319046176,93.60580418327433,93.80817634083039,22398700
2022-10-14,102.28016662597656,106.00562932530556,101.84782736783814,102.98846218515489,33387100
2022-10-17,106.5759506225586,107.63380065874259,105.15935248111793,106.16201266050514,22276300
2022-10-18,109.31714630126953,110.51297790830733,107.58779640955845,110.07144505078197,21539700
2022-10-19,107.17385864257812,109.30795283865571,106.40116561366753,108.5352598097451,17072000
2022-10-20,106.82429504394531,109.19755676213065,106.3827622235615,107.77176521617909,12207400
2022-10-21,112.43551635742188,112.58269165038902,107.00829145475528,107.12787181891852,20593300
2022-10-24,112.57347106933594,113.23577731551822,111.60761364201812,112.28831416479986,12624200
2022-10-25,112.86785888671875,113.39218363587119,111.20289919552299,112.08597208788292,11289100
2022-10-26,114.16486358642578,115.16751673776746,113.03342240711233,113.14380913764298,11667000
2022-10-27,114.61559295654297,116.08738088661299,114.2568448679021,115.16751255306443,10727600
2022-10-28,115.97700500488281,116.16097587044742,114.10967334905133,115.25030815523692,11859500
2022-10-31,115.79300689697266,117.21880541920488,115.52624427586944,115.6274303396685,13295200
2022-11-01,117.8811264038086,118.00071378386194,116.20697326344913,116.70370302711085,13386900
2022-11-02,116.79568481445312,119.91403794060878,116.49212657646382,117.42119556938326,16546100
2022-11-03,117.00724792480469,117.90871495160084,115.82062396353767,116.18856567845296,12474400
2022-11-04,120.2083740234375,120.34636268011572,118.16627945813835,119.11374261581228,14953200
2022-11-07,120.84307861328125,121.68935565664081,120.02439649250384,120.50273187738517,12011200
2022-11-08,120.91667938232422,121.47779957964111,119.71165421335083,120.72351490886511,9884100
2022-11-09,119.3437271118164,120.89829286335986,118.86539163037673,120.79712081751882,9494000
2022-11-10,124.25582885742188,124.41220480575035,121.9101615603381,122.00215401750934,16351600
2022-11-11,124.45818328857422,125.25846421475916,123.05997954818707,124.35699721454469,10704700
2022-11-14,123.17955780029297,124.85371067676776,123.17955780029297,123.9982399619039,11085600
2022-11-15,122.28731536865234,124.83535493400622,121.05469500040243,123.88787750662262,14038300
2022-11-16,122.45286560058594,122.85760990495596,121.4502125058998,122.34248589433105,7893400
2022-11-17,121.91934204101562,122.2413015703091,120.7603130004973,121.42261931967256,8820200
2022-11-18,123.11515808105469,123.87865038106855,121.68016591662382,123.7866719815467,9468500
2022-11-21,122.38849639892578,123.7774926636639,122.11253306500956,123.02320785610965,7800500
2022-11-22,124.21900177001953,124.43058157258422,122.97718805950433,123.26234497000614,9185700
2022-11-23,125.54359436035156,125.56199565245244,124.05341252986591,124.12700366219615,7316200
2022-11-25,125.78280639648438,126.15074813131035,125.15728860398723,125.54363163637775,3220500
2022-11-28,123.58431243896484,125.75520220104728,123.43713014144959,125.1664870470627,9906900
2022-11-29,125.61720275878906,125.6907939012344,123.639491686343,123.86945874295651,7925300
2022-11-30,127.10736846923828,127.10736846923828,122.51723559184835,125.18484749152381,14761200
2022-12-01,125.32286834716797,127.54894805723036,124.57776319758342,127.10740114575573,8858500
2022-12-02,124.32939910888672,124.50417632647482,122.65523211522803,123.71308905049644,8931900
2022-12-05,120.84307861328125,123.78666802540528,120.13479021890694,123.48310984092718,10154500
2022-12-06,121.04548645019531,124.28342733722695,119.46331158699114,122.70125247402278,13966700
2022-12-07,120.96269989013672,122.41609371002824,119.886455499398,120.78792264072062,11739400
2022-12-08,122.23211669921875,122.32409511698182,120.89829629891516,121.72618627524957,8907300
2022-12-09,121.56983184814453,123.04161311753128,121.42264951038176,121.60662041454508,7957800
2022-12-12,123.45552825927734,123.8602585129098,121.05467148266641,121.79055487914437,8841600
2022-12-13,123.33592987060547,126.10472809805329,122.41606167112549,125.92075726537226,10025400
2022-12-14,122.7196273803711,124.83532717601992,122.1217045924292,123.05997414348795,9966100
2022-12-15,119.67487335205078,121.49620868498153,118.7090088144396,120.64072385358537,12087800
2022-12-16,118.92977905273438,119.490899337199,118.13869166867077,118.80099803840206,21133700
2022-12-19,119.63807678222656,120.80631353076245,118.74580334919769,119.26092738556954,9017200
2022-12-20,120.21760559082031,121.46862719862709,119.76686501377469,120.47516762453834,8549900
2022-12-21,121.56983184814453,122.32411676603819,121.21108367239798,121.58821911330466,8051700
2022-12-22,120.19001007080078,120.77872529298976,118.12030614396916,120.59475441782034,8648200
2022-12-23,120.76029968261719,120.90748196755251,119.25171635221814,120.11639473111916,5091900
2022-12-27,121.18344116210938,121.62497396597215,120.08879576338573,121.02706525315953,5411000
2022-12-28,121.84575653076172,122.71962857510283,120.51193631794675,121.28463632779308,8827700
2022-12-29,122.54487609863281,122.59087232837359,121.707792440018,122.27810638778347,6585200
2022-12-30,123.35433197021484,123.56589772737584,121.82734738044871,122.16769412493487,9292500
2023-01-03,124.29258728027344,125.7827833158519,123.1611533190235,124.40298100932641,11054800
2023-01-04,125.4516372680664,126.6474547722274,124.70654622634046,125.09288920960297,11687600
2023-01-05,125.4238510131836,125.7574502808693,123.894848478059,125.71111429984926,8381300
2023-01-06,127.82386779785156,128.23160168871425,124.62688399322663,126.1466104065999,10029100
2023-01-09,127.2956771850586,128.6949472040122,126.84162141658003,128.435482724952,8482300
2023-01-10,128.43551635742188,128.54671140906447,127.24011299323453,127.68490733956229,9048700
2023-01-11,129.38995361328125,129.5011486437458,127.97216041583958,128.71347947194283,8703700
2023-01-12,129.26022338867188,130.5297471388715,129.01002042645388,129.73281641530158,11001700
2023-01-13,132.52206420898438,132.96687260835924,124.91416926068361,125.65550245322048,20200000
2023-01-17,130.47413635253906,131.15985783440507,129.01926884362786,130.81699709347208,14292900
2023-01-18,126.55438995361328,130.40929781304155,126.40612045985449,128.73203981669712,13392600
2023-01-19,124.86784362792969,125.93350045939005,123.79291111670074,125.39604834353132,13303400
2023-01-20,125.17362976074219,125.55356495400356,123.75583661491721,125.24776449160447,13092500
2023-01-23,127.20304107666016,127.84244084474776,124.93271942775594,125.21070703148442,10487100
2023-01-24,128.29647827148438,130.00153464842344,125.0994940297851,126.41535367762422,6945000
2023-01-25,128.9173583984375,128.9173583984375,127.18450302762814,127.92583629217025,8967000
2023-01-26,129.71429443359375,129.7884291770242,128.2131047634579,129.19536536933722,7487600
2023-01-27,130.02938842773438,130.90043996782737,129.50118361089568,130.29811453716846,7489900
2023-01-30,128.92660522460938,129.81619363116556,128.72273826899175,129.01926302459287,6729300
2023-01-31,129.6957550048828,129.79768849678175,128.11115511077284,129.6216202707968,9188700
2023-02-01,129.3529052734375,130.54830865112146,127.99070931640648,128.07411974583752,8841800
2023-02-02,128.75057983398438,130.1591117757627,127.87951421393406,129.73284050688963,11822100
2023-02-03,130.7428741455078,131.89194131072503,127.99995969141533,128.04628152779324,11501200
2023-02-06,131.5120086669922,131.8085476082206,129.76061619715742,129.94594596554768,8406200
2023-02-07,133.11512756347656,133.7545272635078,130.82626893802635,131.0116128404591,10447900
2023-02-08,132.17922973632812,133.47655247654606,131.84563044030673,132.18849127741632,6958000
2023-02-09,130.12203979492188,132.82789453708943,129.6123722267593,132.6240275098244,6443100
2023-02-10,130.69656372070312,130.91896796576714,128.4262418439015,129.52897324857133,6582900
2023-02-13,132.11436462402344,132.26261997343792,130.4185694584892,130.9374985308317,7134600
2023-02-14,132.6981658935547,133.26343100467656,131.21551327437598,132.0495044889291,9249400
2023-02-15,133.25416564941406,133.33756194053097,130.9375077422259,131.224771060356,6728300
2023-02-16,131.4193572998047,132.8742108997828,131.28961090183597,132.4294166058746,8165300
2023-02-17,131.80853271484375,132.35526041873317,129.79767596852335,130.64092844038112,7948800
2023-02-21,129.38995361328125,130.97453935641977,128.57448568386212,130.37221408839721,9996300
2023-02-22,128.39842224121094,129.2046145216142,127.36056421220857,128.73202148478387,11107500
2023-02-23,129.42703247070312,129.89036401708915,127.82390927933932,128.55596690113632,8068000
2023-02-24,130.59461975097656,130.99309222400296,128.74129360979924,128.9081003151785,9126900
2023-02-27,131.73443603515625,132.80009299558597,131.3267019891547,131.6881000499729,10014700
2023-02-28,132.83712768554688,133.2170487149337,131.49345521613714,132.45719251640682,11019800
2023-03-01,132.09580993652344,132.9390766374571,131.400812705156,131.67881442565394,7139200
2023-03-02,130.724365234375,131.98461342733398,129.3065577377837,131.80855932255736,11106800
2023-03-03,133.12442016601562,133.19855490846228,130.7336277461975,131.13208607962235,9513100
2023-03-06,132.3460235595703,133.4765394717512,132.1977540780608,132.92055012572462,9261300
2023-03-07,128.4540252685547,131.87341412691322,127.70343047325758,131.59541238871836,11747600
2023-03-08,127.69416809082031,128.42622566147344,126.85090134176944,127.87949786847567,10002500
2023-03-09,120.7812728881836,127.2771906896225,119.7434146736431,126.73044867897349,25888100
2023-03-10,123.84852600097656,125.34045425805641,118.44608513720004,119.50248764664268,37599700
2023-03-13,121.62452697753906,124.06165535712526,119.9194703357383,121.58746667652436,42901100
2023-03-14,124.74736022949219,125.59062689688803,121.66157094817605,125.35896116231253,29648100
2023-03-15,118.85377502441406,121.38357484883186,117.43598902949773,121.37429917065789,34280600
2023-03-16,121.16119384765625,122.27318668025714,116.77807450823371,118.62213199908345,24558500
2023-03-17,116.58345794677734,119.0576462091389,116.24985873501208,118.964988402387,38396000
2023-03-20,117.81592559814453,119.97505194460439,116.76879902134797,117.67692474320197,22875500
2023-03-21,120.9758529663086,122.06930847844701,120.64225373315954,121.01291326343416,17807800
2023-03-22,117.85301208496094,121.07780274934426,117.76034718992405,120.98513078442906,17250200
2023-03-23,117.53791809082031,120.03064353824028,116.77805480047462,118.52018556605512,16677600
2023-03-24,115.74947357177734,116.4630009392736,114.08147741806526,116.41666496338486,22311100
2023-03-27,119.06694793701172,119.89167753823259,117.02828485577623,117.49161641016451,18853900
2023-03-28,119.42832946777344,119.85458652059853,118.37192716557276,119.27079845783766,10820500
2023-03-29,119.66925811767578,120.67005584493987,118.39972727457906,120.55886081071779,14595300
2023-03-30,119.307861328125,120.57738511423462,118.28853344143305,120.4198541009021,12134700
2023-03-31,120.75345611572266,120.78125487519789,119.4005360220757,120.15113080741834,13105200
2023-04-03,120.61447143554688,121.8005990620013,119.91947411662014,120.3828056625713,11775400
2023-04-04,119.00206756591797,121.0129246940969,118.06614297272823,120.92952841287085,11579900
2023-04-05,119.17951202392578,119.68383093333486,118.105484753136,118.42302653444963,9614700
2023-04-06,119.04876708984375,119.6184683520307,118.47906582765681,118.60981623615582,8760200
2023-04-10,119.44100952148438,119.75854416864264,117.88133895967496,118.18019803214959,9477300
2023-04-11,120.02940368652344,120.42165491662038,119.11414369093428,119.82393672065467,10516300
2023-04-12,120.01071166992188,121.81320034337125,119.59977777008011,120.64578096915022,11821000
2023-04-13,120.46833801269531,120.515023384301,118.45103403413674,119.97335336759399,12450200
2023-04-14,129.5648956298828,129.9291299827387,125.98792018992499,126.22140411485125,43931300
2023-04-17,130.59217834472656,130.80697947950446,128.56554039739228,130.70424602361553,16050500
2023-04-18,132.05845642089844,132.41335642388827,129.84503414076758,131.00311913687133,13760100
2023-04-19,131.89035034179688,132.15185109790454,131.1245165198227,131.8996845649713,9158100
2023-04-20,131.5074462890625,132.08648169838483,130.6015277772831,130.66691009806405,10586200
2023-04-21,131.25527954101562,131.7876295784063,129.61155830847594,130.50814259486725,11842500
2023-04-24,131.43272399902344,131.77828978527313,130.78830629708887,131.18057170318022,7567500
2023-04-25,128.5749053955078,130.71362578436776,128.53755424384534,130.37740841650321,10629300
2023-04-26,126.29609680175781,128.70565216150288,125.14736009851921,128.52820213199345,14416100
2023-04-27,127.9958724975586,128.7990576564003,126.69770262752995,127.01523730060727,9041100
2023-04-28,129.1072540283203,129.18197058151966,126.7070328529894,127.53823491258476,9887300
2023-05-01,131.8717041015625,133.8983426470363,131.52615248918775,132.86167355918573,20415800
2023-05-02,129.74232482910156,133.0017650271843,129.28469127957604,132.0584810017057,14113400
2023-05-03,126.99655151367188,129.5088404117128,126.7910845535605,129.29403922640566,12930900
2023-05-04,125.2594223022461,126.75372477393438,123.10203361865545,126.04393893778094,17089200
2023-05-05,127.70636749267578,128.77105357683092,126.93119918348947,127.4261839440608,11261400
2023-05-08,128.01458740234375,128.85512392504603,127.46355444782662,128.40683872965346,7484900
2023-05-09,127.39813995361328,127.90245883341599,126.27742024793284,126.94984067076172,7343600
2023-05-10,127.46349334716797,128.93911291916152,125.95985685456311,128.83637946001252,8133400
2023-05-11,127.0619125366211,127.77169830207355,125.98787828872712,126.08127752792593,7057300
2023-05-12,125.2407455444336,127.93981833868189,124.33482704681553,127.78105102734064,9988600
2023-05-15,126.29609680175781,126.70703071204808,125.11000894791336,125.39952667996555,7639500
2023-05-16,125.44623565673828,126.9592067567393,125.11001827332403,126.51092166242904,6477200
2023-05-17,129.30335998535156,129.43411037810316,126.51090211500139,126.92182174170358,12711500
2023-05-18,130.28399658203125,130.49879774748342,128.6589437524678,129.13525995720966,10999600
2023-05-19,129.98512268066406,131.2085900304391,129.0045019071009,130.55482384709921,13492200
2023-05-22,128.9111328125,132.28264097920177,128.56558119246412,131.68492275092876,11402500
2023-05-23,127.56624603271484,129.8450509240399,127.44484410867604,128.4534819041472,9514900
2023-05-24,126.39885711669922,127.34214131579863,126.15603895939236,126.45489097986786,8578000
2023-05-25,126.7070083618164,127.26737527713563,125.68902224135172,125.91317185762394,8472500
2023-05-26,127.89315032958984,128.50955127943172,126.6696969068815,127.11798202916329,8579900
2023-05-30,128.37879943847656,128.6216175747922,127.03392983577807,127.76239849545193,7399900
2023-05-31,126.74441528320312,127.79975289345691,125.52094759225562,127.69701940034612,14219900
2023-06-01,128.49085998535156,129.09791241763068,126.50157262146813,127.50089054158505,12248100
2023-06-02,131.18992614746094,132.13319591046866,130.13457442941316,130.340041387807,12922500
2023-06-05,129.90109252929688,130.85371078269984,129.0045223796328,130.85371078269984,8511900
2023-06-06,130.1345672607422,130.8443673509023,129.07922985155474,129.51816641951615,9329500
2023-06-07,131.39535522460938,131.9370393905052,129.6582350549163,130.33066958839242,9281400
2023-06-08,131.43272399902344,131.58215708222744,130.265304756598,131.37669015550273,7368100
2023-06-09,131.69422912597656,132.43204609200288,130.94709218668604,131.07784257613426,7249100
2023-06-12,131.68490600585938,131.98377220735534,130.52682085114972,131.75028833145842,7596600
2023-06-13,132.63755798339844,133.43139481314876,130.88175422933907,131.19928896123918,7701600
2023-06-14,132.1425323486328,134.12247094836258,131.40471536050583,133.5527697521183,9068700
2023-06-15,133.63681030273438,133.9263279908492,130.77897031580065,131.30197184926266,9343100
2023-06-16,133.79559326171875,134.45869373040634,133.0858074190779,133.59947478908592,13813500
2023-06-20,133.11383056640625,133.55278140759413,131.72226149001006,133.1885471192388,8428600
2023-06-21,132.91770935058594,134.50539687612533,132.3293254158356,133.45937940871084,9926500
2023-06-22,130.35874938964844,133.1792392516984,129.7703653263482,132.90838991273588,10075200
2023-06-23,129.67694091796875,129.98512707104325,128.52819007179585,129.3874089623591,9919500
2023-06-26,129.9945068359375,130.76032666699746,128.5936033455019,129.6956405842955,8429700
2023-06-27,130.00381469726562,130.60153282860406,129.38741386630664,129.8170304532332,8154000
2023-06-28,129.4341278076172,130.0131775541122,128.84575808636748,129.9664779252572,7558600
2023-06-29,133.95437622070312,134.075792408893,130.61089931451409,130.8163662865002,15423200
2023-06-30,135.8316192626953,136.35462100836423,134.16921474936396,135.04711664419196,14212800
2023-07-03,136.92428588867188,137.73680522331213,136.35458465672096,136.53203468399295,8021600
2023-07-05,136.01214599609375,136.75501575980255,135.74884929387335,136.29425370521392,8934900
2023-07-06,134.66744995117188,134.8367059634684,133.00302742062036,134.4887812613519,9709500
2023-07-07,135.7300262451172,137.1405503169834,134.46996151791234,135.32568289850678,8981500
2023-07-10,136.49171447753906,137.28161890628877,135.88049308545027,135.88049308545027,9100100
2023-07-11,138.62628173828125,139.0024300393637,137.0182925904992,137.61070284824444,11260900
2023-07-12,139.31275939941406,140.93016153305126,138.23136331698382,138.654517681909,11323200
2023-07-13,139.98980712890625,140.45998181729362,138.9366204184682,139.82994945668568,11234900
2023-07-14,140.83615112304688,143.7700370233772,139.5572752064884,142.5099721147579,27028400
2023-07-17,144.23081970214844,144.5787444468276,141.38156169118153,141.38156169118153,17262400
2023-07-18,144.4940948486328,145.18994423405886,143.70420478207672,144.2307981597808,13491700
2023-07-19,145.0489044189453,145.95164621525822,143.1399961602172,143.6383802268648,12510000
2023-07-20,146.83555603027344,147.24931207038827,145.1993572243928,145.3121945631174,9935900
2023-07-21,145.7071533203125,146.82617153003497,145.46266761385175,146.50645614114134,10636400
2023-07-24,148.57521057128906,149.3180803107643,145.50026390451757,145.72595293417018,14381400
2023-07-25,147.46560668945312,148.31191544958145,146.656905593702,147.91697040494864,9944700
2023-07-26,148.3495330810547,148.81030950504785,146.95781982809268,147.36217757743256,8728600
2023-07-27,146.7133026123047,149.3086615291176,146.2713372909812,148.35891389637547,10778400
2023-07-28,147.55023193359375,148.19907533355618,147.10826655531773,147.89815662979652,9103800
2023-07-31,148.53762817382812,149.87292287540654,147.77593294990737,147.8041422898382,8892700
2023-08-01,147.80413818359375,148.57523171653716,146.83557927662042,148.0392255755503,6853900
2023-08-02,146.1302947998047,146.40300416806969,144.75739267551066,146.28075415135822,8299400
2023-08-03,147.02365112304688,147.55964288063694,145.14295210950536,145.75417354946845,6084000
2023-08-04,146.7133026123047,148.38712322764363,146.412383947322,147.070625591232,6209400
2023-08-07,147.40916442871094,148.29309514639542,147.25871943203992,147.25871943203992,7251800
2023-08-08,146.58164978027344,146.6756760987481,143.48789262605476,145.11470720502925,8623400
2023-08-09,144.61631774902344,146.2431324276784,144.31541342343934,146.05506543061432,6277800
2023-08-10,144.40005493164062,146.16791643636807,143.95808955545877,145.1711483449259,5995100
2023-08-11,145.2369384765625,145.30276981124277,143.525510306556,143.90164426630068,5180700
2023-08-14,145.5378875732422,145.6789342505091,143.79823536111664,144.44707877373204,5044300
2023-08-15,141.83291625976562,144.1273713266908,141.268700822504,143.73242626004551,10300300
2023-08-16,141.2310791015625,141.95515215932076,140.7514917230374,141.61662580037083,6978200
2023-08-17,139.76414489746094,142.2372542213868,139.5478541905709,141.87993118346174,9953900
2023-08-18,140.0838623046875,140.5822463780734,138.64512875720078,138.84259411154915,8517500
2023-08-21,140.56344604492188,141.14647252018165,139.19054374369367,140.72330374582677,8327000
2023-08-22,137.64837646484375,140.71391093800844,137.1499923340537,140.35657350514163,9673300
2023-08-23,138.57928466796875,138.7861626811415,136.78322824246797,137.62013862354203,7858000
2023-08-24,138.44764709472656,140.49761638052095,138.2219724072368,138.7015454667466,6534000
2023-08-25,138.2783966064453,139.75473785763214,137.14998007810868,138.49467297346612,6695500
2023-08-28,138.75796508789062,139.74533489819532,138.35362170430923,138.76737776566313,5094100
2023-08-29,139.8863983154297,139.97104068253844,138.4006442576217,138.89904273558784,6337000
2023-08-30,139.32215881347656,140.25309545797032,138.41001882441265,139.75471146583337,6277300
2023-08-31,137.60133361816406,139.50084348167059,137.2534089211085,139.41620112815974,10933900
2023-09-01,138.0621337890625,139.2469691078084,137.0089324904701,137.3756682568864,7903500
2023-09-05,136.53872680664062,139.36918761732844,136.36005812905785,138.38181790077672,7854700
2023-09-06,136.3130645751953,136.85845463739395,135.51376179159,136.06856453152616,8629200
2023-09-07,135.1470184326172,136.60456288869358,134.8367014053034,135.53256513460647,8373700
2023-09-08,135.25048828125,135.52318335910877,134.1408682625153,134.81792114038134,7107900
2023-09-11,135.84291076660156,136.39771359199148,135.11883755039997,136.11560583970288,6854200
2023-09-12,137.61074829101562,138.5323011715463,135.45735415699824,135.88050858043627,8363200
2023-09-13,137.67654418945312,138.88958847071848,137.1217415471919,138.55106214943183,8325900
2023-09-14,140.34715270996094,140.95837410125364,138.72035221039306,139.02125656733,10034900
2023-09-15,139.9333953857422,140.79851513334847,139.46322067409136,140.0368343962491,19863400
2023-09-18,140.22486877441406,140.24367977610808,138.9365949558813,139.32214157336298,6512400
2023-09-19,140.04623413085938,140.78911821793756,138.42884630725024,140.58224019484695,7943400
2023-09-20,139.4538116455078,141.28749001053504,139.30335230566138,140.7232746604071,7332000
2023-09-21,138.36302185058594,139.9710257740391,137.88344878149712,138.77677791737364,8052400
2023-09-22,137.037109375,138.7109301020789,136.52932702968312,138.50405209324057,7071700
2023-09-25,137.7141571044922,137.77998844520116,135.12819643580607,136.67978144617302,7044700
2023-09-26,136.28482055664062,137.14054188461932,135.6265788999616,135.97451790667134,7468400
2023-09-27,137.08413696289062,137.37564298659942,135.88988918481877,136.52933425011622,6717800
2023-09-28,138.78616333007812,139.98980940402407,137.3004095687964,137.55430792225792,8868100
2023-09-29,136.36947631835938,139.88637395090447,136.2190169681453,139.7359289492838,11917800
2023-10-02,135.19406127929688,136.9336993692709,134.12206334674892,136.19082952464552,9170600
2023-10-03,134.197265625,135.02476331799002,133.85873927604274,134.65802763566907,9431100
2023-10-04,134.79908752441406,134.9119248569258,133.46377879625967,134.64862818200334,8128700
2023-10-05,135.3674774169922,135.55694661975534,133.40659836773634,134.55280899031126,8576200
2023-10-06,137.45150756835938,138.1903911218125,134.64752846347048,135.37694433963748,10270600
2023-10-09,137.13890075683594,137.73568242415,135.9358408359839,136.08741039936837,6964900
2023-10-10,137.9724884033203,139.03346076917467,137.62199647640875,137.7546162153321,11288800
2023-10-11,138.4461669921875,139.46924000004523,137.3757411371047,138.78719132814007,8698200
2023-10-12,138.1240692138672,139.21345915158898,137.47992027355335,138.58824556518886,10484400
2023-10-13,140.1986541748047,145.03929747482982,140.04708459311027,140.67229827674657,29427000
2023-10-16,140.05657958984375,141.63854930109304,138.98613919570718,141.5722321825841,12663500
2023-10-17,139.75340270996094,141.4395742566608,139.0524043601375,139.7913023258802,11482700
2023-10-18,138.21881103515625,139.7060458454633,137.70726736334078,138.8629600091824,9620300
2023-10-19,137.6314697265625,139.2702884043397,137.24309262471562,137.8114567626337,11143600
2023-10-20,135.41482543945312,137.48938860591738,134.62857461422652,136.94944192742966,13332900
2023-10-23,133.567626953125,136.10635221522327,133.31185510958022,135.40536824661368,10133400
2023-10-24,133.72869873046875,134.25917790999924,132.96139745618547,133.74764854530156,8881400
2023-10-25,132.99925231933594,133.7381359302068,132.1561664323438,133.16030402699906,8242600
2023-10-26,133.3402557373047,134.20229129970062,132.08036094329557,132.39296772266337,9109400
2023-10-27,128.53750610351562,131.76776152871298,128.06386212167908,131.62565966148168,17434700
2023-10-30,130.17633056640625,130.76364457019,128.8690683469191,129.24799226425498,9855500
2023-10-31,131.72988891601562,131.90040830075068,130.2237042141286,130.4510585756186,9672500
2023-11-01,131.61622619628906,133.1224109809578,131.17099958127815,131.90988322864285,9432000
2023-11-02,133.9654541015625,134.02228906327983,131.89089127208183,132.70555945045172,10186200
2023-11-03,135.4622039794922,136.19161989432564,134.3728284006059,134.6949028990368,9538700
2023-11-06,136.48526000976562,136.58946227041432,135.2632503662973,135.62322444025978,7625100
2023-11-07,136.4189453125,136.65576732228422,135.2916846876805,135.94530129293153,6297900
2023-11-08,137.09152221679688,137.2051921527771,136.04949962208485,136.51367595145075,7618200
2023-11-09,136.68418884277344,137.97250119221647,136.12529235225335,137.77357879262672,7992500
2023-11-10,138.7113800048828,138.75874729751894,136.4852617956672,137.2999300838166,7983300
2023-11-13,138.0956573486328,138.5408839096916,137.50834335509538,138.01987256648778,6676300
2023-11-14,140.61544799804688,141.38274904699387,138.79665657901384,138.94821168974792,9927700
2023-11-15,141.846923828125,142.244783091467,140.63439622904392,140.63439622904392,8365300
2023-11-16,143.46678161621094,143.54256639967807,142.1784692062087,142.1784692062087,8126200
2023-11-17,144.76458740234375,144.8024725697852,143.5520452271586,144.1772588984719,7812400
2023-11-20,145.2097930908203,145.64555199659807,143.9120129602485,144.06358253221205,7019000
2023-11-21,144.9066619873047,145.53187560312782,144.52775252863756,145.12453420331482,7083500
2023-11-22,145.24766540527344,145.76867667690715,144.8403240640081,145.32345017700808,5174500
2023-11-24,145.4466094970703,146.29917746551416,145.20031979301464,145.4939767932843,3496900
2023-11-27,145.1150665283203,145.43714101363966,144.66037228701836,145.34240642173663,6259100
2023-11-28,145.4466094970703,145.75921630671945,144.66984076614435,145.1434848193456,6582700
2023-11-29,146.1855010986328,147.4264461508105,145.88236197975067,146.04339921623102,9126100
2023-11-30,147.8527374267578,147.90010472554917,146.24235044914354,146.74441201649734,9869800
2023-12-01,148.57266235351562,149.5389002641886,147.60643889731196,147.60643889731196,8916000
2023-12-04,149.6620635986328,149.7188985762758,147.66328497618852,147.79590474217898,9607500
2023-12-05,149.64309692382812,150.1451584423884,148.69580885794556,148.97051603708525,9135600
2023-12-06,148.0706024169922,150.82721429092348,147.77694541510039,150.46724018307185,9366000
2023-12-07,148.52529907226562,149.0178929455568,147.9190352491648,148.4305789322475,8130900
2023-12-08,150.16412353515625,150.41041325374513,148.70529167070984,148.97053119979643,7369400
2023-12-11,150.7135467529297,150.90300148739232,149.81361146891027,150.16411790485932,8093900
2023-12-12,152.0586700439453,152.18180765185969,150.50511834057295,150.83666045968693,10223000
2023-12-13,152.57022094726562,153.48909157190943,151.34822564322266,152.05869172694915,12379100
2023-12-14,155.34576416015625,156.1509502866284,153.1859486787862,153.2996186132369,13643000
2023-12-15,156.52040100097656,156.5677682945357,153.83010639865176,154.48373746814988,20309300
2023-12-18,157.4676971435547,158.32026510801109,156.89933295505307,157.17404014465845,8469600
2023-12-19,159.5706787109375,159.58962852032627,156.82354898280948,157.249825740006,10345700
2023-12-20,157.7708282470703,160.4800726590447,157.6760936599054,159.13492535722085,10734700
2023-12-21,158.67074584960938,159.22964232114157,156.94667468790465,158.04553227748778,7601700
2023-12-22,158.57603454589844,159.36228546485532,158.41499729085479,158.67076914508667,6576300
2023-12-26,159.51382446289062,159.87379852543415,158.36759963211486,158.63285356809848,4683600
2023-12-27,160.47061157226562,160.5369286828718,158.7465546046211,158.99284432729306,6428600
2023-12-28,161.32318115234375,161.66420547787502,160.09170361823246,160.42326026550225,6320100
2023-12-29,161.13372802734375,161.69262459427827,160.6885014185733,161.03899342589315,6435100
2024-01-02,163.0093536376953,163.0946061058102,160.00645180683773,160.17695674306748,9977400
2024-01-03,162.29888916015625,162.9714556881483,161.38948612751884,162.80095075016862,9852300
2024-01-04,163.3759002685547,165.2249734767481,162.54666787031996,162.64198661978116,11972500
2024-01-05,164.19558715820312,165.25356125376524,163.43308081610093,163.43308081610093,10066000
2024-01-08,163.9573211669922,164.28138166799556,161.5459049822079,163.9573211669922,11229900
2024-01-09,162.66107177734375,163.7380981420264,162.1273216242973,163.57606788439452,9923600
2024-01-10,163.0041961669922,163.0613816047552,161.03121130256366,162.0320000942187,9670200
2024-01-11,162.31796264648438,162.37514809158236,160.73576412862877,162.34655536903335,11919500
2024-01-12,161.1265106201172,168.04622408294122,160.98353249936034,165.6538747823718,19436500
2024-01-16,160.1162109375,160.21151515002774,156.59916117294043,157.14243736078933,17206400
2024-01-17,159.25839233398438,161.14559906926118,158.68652340442242,159.4966746905354,11107500
2024-01-18,159.57290649414062,159.67775129943212,157.49509159021667,159.2869647939275,9382300
2024-01-19,162.3274688720703,162.5752918286845,159.24886492376933,159.6968369137711,13115700
2024-01-22,162.13685607910156,163.91920354895163,161.7556101053545,162.47045721383148,12837500
2024-01-23,161.06936645507812,161.793739670927,160.5451422985284,161.7174875623741,8360800
2024-01-24,162.50857543945312,162.99466623586284,160.94544368265935,161.42200842001844,9967100
2024-01-25,164.83421325683594,164.88187263916845,162.89936159166894,164.23373703536978,8873500
2024-01-26,164.2051239013672,164.94856363380785,163.72855922448986,164.51965833333819,7443000
2024-01-29,164.634033203125,164.73887801633018,163.27106517505794,164.16700911633845,6971200
2024-01-30,168.00811767578125,168.47514175793654,164.72935032471554,164.72935032471554,10822100
2024-01-31,166.18765258789062,169.94298497281716,166.1685859265556,167.94140729707823,11521800
2024-02-01,165.587158203125,166.6451323652847,163.3949577854356,165.5013800519336,9354800
2024-02-02,166.540283203125,167.57920522249475,165.13918192921102,165.17731524669946,8607600
2024-02-05,166.3210906982422,166.88343358893525,164.81514440685976,165.71108842584943,7820200
2024-02-06,166.89295959472656,167.626858743029,165.61575517744677,166.42592096467948,6764800
2024-02-07,167.2074737548828,167.6268529930128,165.80638700000247,167.45529669210487,7225500
2024-02-08,166.60702514648438,167.09311591388456,165.43468003475408,166.79764812133146,6060300
2024-02-09,166.80715942382812,166.8929521169806,165.52996960737374,166.79763336618873,6296700
2024-02-12,167.5506134033203,168.52280947847834,165.55857641715193,166.58795793021326,8539300
2024-02-13,166.09231567382812,167.9699816610953,164.52918411800974,167.10264500375442,8397600
2024-02-14,167.7793731689453,167.84609921027982,166.24483419786299,166.86437705636513,7056700
2024-02-15,171.43936157226562,171.76343658557707,167.893719432731,167.893719432731,8723400
2024-02-16,170.6387481689453,171.54421815228707,169.80953027964074,171.19156494301498,8152600
2024-02-20,171.30593872070312,172.00173363675566,170.04781550672885,170.79125525671367,9668000
2024-02-21,172.42111206054688,172.50690476436938,170.15267385428854,171.51564198980836,7024000
2024-02-22,174.48939514160156,174.82298168422557,172.74516670530045,173.297983467374,9296500
2024-02-23,175.3662872314453,176.5195656852943,174.60378078668188,175.19471637316317,7105800
2024-02-26,174.7657928466797,175.81424091701768,173.9270343904093,175.1375127000542,7145400
2024-02-27,174.85157775878906,174.93735591051686,173.69829938040482,174.718140230457,5717100
2024-02-28,175.7379913330078,176.51954982455467,174.3845494233734,174.83250683043596,6131600
2024-02-29,177.33924865722656,177.69190187097396,175.23284088916765,176.95800272580232,9643000
2024-03-01,176.60531616210938,177.70142354953182,176.424233817306,176.99610265354517,6311800
2024-03-04,177.93019104003906,178.79754229244386,175.6331602181459,176.05253948496141,7063600
2024-03-05,179.71255493164062,180.42740199617094,177.62519917623598,177.62519917623598,6617800
2024-03-06,180.64663696289062,181.16133504867997,178.8356966903188,180.3797618604822,7572900
2024-03-07,179.06442260742188,181.57115767973485,177.88255141389413,181.00881480258207,7618300
2024-03-08,179.39801025390625,181.53302526732264,179.11206853567012,179.60769987770607,6172200
2024-03-11,179.4647216796875,179.60769981055208,177.49175145743587,178.5020662570391,5762600
2024-03-12,180.94207763671875,181.24708601861974,179.1025449180289,180.09379307200683,5708400
2024-03-13,182.409912109375,182.74349867848787,180.94208466575625,181.437716033799,7795500
2024-03-14,179.15975952148438,182.64821710350756,178.3305414815421,182.07633356613894,10310900
2024-03-15,181.38052368164062,181.99052590228584,177.73956247395188,177.73956247395188,17214200
2024-03-18,183.62989807128906,183.66801684486174,180.98972578570599,181.69504671739367,9013800
2024-03-19,184.70693969726562,184.84037723128353,183.36303829879972,183.6775727454706,8478700
2024-03-20,187.12789916992188,187.34711486243472,184.53538600625475,185.08820281034855,9367000
2024-03-21,189.72991943359375,190.08257262678063,187.12788047150858,187.3089773686367,11203800
2024-03-22,187.404296875,191.08337691916773,187.32804477821512,189.68227554589657,8108800
2024-03-25,185.6886749267578,187.70930458163005,185.25022900773442,187.38524407916947,8620000
2024-03-26,186.5560302734375,187.44244825833212,184.9643057766157,185.4694632408453,5961500
2024-03-27,190.16839599609375,190.2446480989538,187.17557004094428,187.28994092343356,8725800
2024-03-28,190.91184997558594,191.3121626375832,189.23433267548015,190.1398173743339,8628300
2024-04-01,189.61558532714844,191.52184432986456,189.2629320655986,190.6163742122948,7309000
2024-04-02,189.539306640625,190.41618391366802,188.79586689731462,189.09133467432258,7014700
2024-04-03,189.0055694580078,190.2065073077986,188.43368598081162,189.71087593046866,9353400
2024-04-04,187.5675048828125,191.43102054493633,187.47164475584307,190.92291652385342,9243800
2024-04-05,189.29315185546875,189.93547176986357,187.0498229672658,188.05644940533662,6532300
2024-04-08,190.28060913085938,190.75995368251904,189.45613591686737,189.45613591686737,8001000
2024-04-09,189.0055694580078,190.6641123023522,186.85811501755413,189.88757639283557,7351500
2024-04-10,187.3949737548828,188.9288822825521,186.15825653019593,187.47167064410988,7681400
2024-04-11,187.35662841796875,188.44954817892219,185.25711130088823,187.90308829844545,10137700
2024-04-12,175.23876953125,181.1251198648831,174.99909726257042,180.54033357260192,31532300
2024-04-15,175.33465576171875,179.71587214147985,174.67315791633376,176.87814585813857,14766600
2024-04-16,173.3309783935547,175.59348507440095,172.22847723934825,175.34421656606602,16451800
2024-04-17,172.64073181152344,174.88406075478235,171.79708073743586,173.87743429200685,9017100
2024-04-18,173.7624053955078,175.78524005173225,172.5352844752654,173.61860787689943,9557700
2024-04-19,178.12445068359375,178.20114757259395,173.91580581309498,174.86489872904636,13402300
2024-04-22,181.58531188964844,182.27556923453258,178.29700056215378,178.30659681566635,11529700
2024-04-23,184.2025146484375,184.28879315265974,182.6494430587006,183.23424396804157,9144400
2024-04-24,185.1037139892578,185.2475115190469,182.31392488385833,182.65905358378856,6964900
2024-04-25,185.3817138671875,185.92817369729963,183.28218231517408,184.30798671411355,9802300
2024-04-26,185.49676513671875,186.8197461895444,185.08452120379513,185.57346202257514,6413700
2024-04-29,185.29544067382812,186.23495195973294,184.48054903205914,185.48717558117502,5387800
2024-04-30,183.8190460205078,186.93478547211615,183.7231712629308,184.8448357100977,8153700
2024-05-01,183.93406677246094,186.426663951297,182.90826255066497,184.32713276184626,7445300
2024-05-02,183.74234008789062,185.5063243643034,181.6907461813504,185.09409510958633,6501700
2024-05-03,182.63987731933594,184.5764336320997,180.6745761287965,184.0683295177683,8922800
2024-05-06,184.06829833984375,184.2600332249276,181.9783632240918,183.80944819934183,7911100
2024-05-07,183.82864379882812,184.95988996978727,183.73276903282613,183.78070641582713,7688800
2024-05-08,187.5675048828125,188.5261939231099,183.10960669680316,183.10960669680316,9227600
2024-05-09,189.34109497070312,189.42737347784018,187.04024700977476,187.10734763918092,7977300
2024-05-10,190.5586395263672,191.10508471525102,190.0792949687619,190.33813049739558,7529800
2024-05-13,190.52027893066406,191.5940206597629,189.85878111742107,190.58739418867287,7049200
2024-05-14,193.1854248046875,193.25254005969873,189.9738252708075,190.77912056033855,8596200
2024-05-15,193.76065063476562,194.3166920568384,191.5173216973383,193.6647758753469,8370000
2024-05-16,194.10577392578125,196.03273365800683,193.64560727584146,193.866101662291,8497900
2024-05-17,196.3299102783203,196.579178775953,194.4317101890412,195.39039917148583,9260500
2024-05-20,187.5004119873047,197.37491243517428,187.32784034615054,195.94646044000078,17373300
2024-05-21,191.27764892578125,191.64194082806156,188.47827857361983,188.86174835342052,14420800
2024-05-22,190.1176300048828,192.6389869781935,189.52324745359738,190.7791278137312,9425300
2024-05-23,188.78504943847656,190.1080450328782,187.97017250806806,189.63828212351265,8069400
2024-05-24,192.4185028076172,192.4664255616402,189.398623253968,189.58077653024836,7356200
2024-05-28,191.2584991455078,192.13090984541736,190.45320371256201,191.6036278494041,6910200
2024-05-29,189.9259033203125,190.76955443221763,188.75630141642043,189.82044693132437,6120000
2024-05-30,191.09548950195312,191.59401190237557,190.20390108142,190.3572948397706,6829100
2024-05-31,194.25917053222656,194.901490452382,190.15598249141297,191.06673418033685,14417900
2024-06-03,193.48265075683594,194.05785546823523,190.9612936179844,193.95239907688003,6444300
2024-06-04,190.93251037597656,193.63600582884024,190.08885935002272,191.89119940422094,6848300
2024-06-05,189.11102294921875,191.5652795452849,188.78507213786327,191.5077459064257,8351600
2024-06-06,188.7754669189453,189.8396123640848,187.26073644389058,189.11099931395754,7640300
2024-06-07,191.6898651123047,192.61979462464913,188.87131707517273,189.27396470498678,6964500
2024-06-10,191.36395263671875,192.54313626193007,190.24228802320997,191.0092423122621,6070800
2024-06-11,186.33082580566406,189.76293475540382,185.60222730997666,189.73417525086586,9235300
2024-06-12,183.61773681640625,188.5933359833063,183.406824027288,187.9030786059077,12751300
2024-06-13,185.6597442626953,186.54173652510667,182.99458959650315,184.37510431277676,8587800
2024-06-14,185.77479553222656,186.8101816432933,183.5122883921407,183.54104789841173,6874000
2024-06-17,186.92520141601562,187.50042074214187,184.68187237530643,185.48716772913508,8725400
2024-06-18,188.8617401123047,189.7820880234745,186.11030725978767,186.56089227703083,9023000
2024-06-20,190.46278381347656,191.21056022785828,188.00854177361487,188.27697358244748,8731100
2024-06-21,188.19065856933594,189.0247133401474,186.19658364154085,188.5837245804855,20972100
2024-06-24,190.66407775878906,190.99961014010174,188.95761246648183,189.63827348154393,9785900
2024-06-25,189.8875732421875,191.8049516055998,189.57120405681215,189.9067364933477,6862500
2024-06-26,189.2739715576172,189.76291233386254,188.17148500476569,189.29314943452172,7758600
2024-06-27,190.94210815429688,191.6036059802996,188.76587978010525,189.28358009107907,7913500
2024-06-28,193.90444946289062,194.2304148700683,191.06673795740363,191.74739901722398,15307600
2024-07-01,196.96270751953125,198.53495733658485,194.28797089377957,194.46052794066284,10205800
2024-07-02,200.2030792236328,200.23183873105762,196.31080318214487,196.8093110631331,7802900
2024-07-03,200.06886291503906,201.68905009612226,199.07181789817074,200.8933362592645,5560900
2024-07-05,197.4178009033203,199.90492578496287,197.15753116800815,199.5386153283969,8093100
2024-07-08,197.7841339111328,199.45185194834565,196.62733535762965,197.65880904209365,8707000
2024-07-09,200.1555938720703,202.20890663088076,198.05406339705047,198.2275912793329,9058900
2024-07-10,200.31947326660156,200.48335172261358,198.17938920186893,198.71922757684789,8328500
2024-07-11,199.9820556640625,200.60866530004373,197.98658073254825,198.7867035323604,10658100
2024-07-12,197.5624542236328,199.98209250289028,194.82469370925878,196.65629053139065,15443400
2024-07-15,202.4884796142578,203.99231931553012,199.27835346292989,199.731435258761,10719700
2024-07-16,205.92996215820312,206.04565232180363,200.58940119084525,202.44028200402863,11557000
2024-07-17,209.0629425048828,209.72810570857078,205.59254689491155,206.10346637118087,11572500
2024-07-18,202.42098999023438,208.84124221450833,201.7076384383101,207.86760619146685,12415100
2024-07-19,202.22817993164062,204.70567019101722,201.3991382728385,203.59705993394337,8095900
2024-07-22,202.71022033691406,204.53218245854399,202.1607471685467,202.88374824394737,7663200
2024-07-23,202.75839233398438,203.86698792954928,201.81367519196866,203.42355557512025,5557300
2024-07-24,201.08103942871094,204.39720644869962,200.57976931414956,202.00648720315863,7119000
2024-07-25,201.1581573486328,202.62344350041943,200.56048122636815,201.13887320322306,6403800
2024-07-26,204.59963989257812,205.48651931773958,201.10994520654938,201.7076360111633,8027800
2024-07-29,203.2596893310547,205.9203277459261,202.97048598586377,204.99487998321382,6533600
2024-07-30,207.4434356689453,208.02182760531736,205.29371695525305,205.55398670734905,8850700
2024-07-31,205.13949584960938,208.60025726077208,205.01417096363343,207.04821445631424,9071600
2024-08-01,200.47372436523438,206.13240750216778,198.9506004887708,205.5250819532728,10918600
2024-08-02,191.97120666503906,197.3021323543609,189.80220387142558,196.54057784566848,18041700
2024-08-05,187.8838653564453,189.10815124254898,184.02785978968814,187.06447299920575,13927000
2024-08-06,193.12803649902344,195.30668907206046,187.0162711674383,188.36586724051912,10605800
2024-08-07,193.1858673095703,198.3432804867036,192.99306997882093,196.18391213762757,9204400
2024-08-08,196.71408081054688,197.53348770722891,194.52579398688883,195.1813224461326,7761200
2024-08-09,198.3914794921875,199.0373586273821,195.59586676952446,196.14535459603678,5540200
2024-08-12,198.76744079589844,199.68323913689548,196.32851855610414,198.97952226974954,6936000
2024-08-13,200.4544219970703,200.59901630057058,198.00585058819286,200.25197526267817,6387800
2024-08-14,202.67164611816406,203.17291622190587,199.66395194824793,200.26164277885246,6999800
2024-08-15,203.93447875976562,206.1902382803681,203.5006811149563,205.3322777083701,7001000
2024-08-16,206.26734924316406,206.38302468646538,203.97302155440943,204.06942756348838,7931200
2024-08-19,207.694091796875,207.7712136714554,206.1227795694666,206.29629275515234,6090800
2024-08-20,206.79757690429688,208.22429480560302,205.9878045786156,207.26029344076227,5640000
2024-08-21,206.8747100830078,207.26030476621702,205.17805817410104,206.7108168976749,5202300
2024-08-22,208.8315887451172,208.99546718718165,206.62401771665034,206.85538330458962,5247100
2024-08-23,210.4511260986328,211.29945196841106,208.70628606060572,209.76669339782856,7214000
2024-08-26,211.28018188476562,211.77181729592928,210.2005050400954,211.12593813281453,5105200
2024-08-27,212.25379943847656,212.48516504618274,211.2994475643601,211.60792033180917,5185200
2024-08-28,213.32383728027344,214.2107314043105,211.299443413212,211.35728113662915,6506400
2024-08-29,214.21072387695312,214.95299424737954,211.05843567605964,214.1528714460767,6416100
2024-08-30,216.70750427246094,217.36301812340238,213.9408104229473,214.49029824755388,8574100
2024-09-03,212.36949157714844,216.03269949777572,211.34765254186397,214.297494197532,8956100
2024-09-04,211.43441772460938,214.0757867173276,209.39073957096207,213.08285179473262,7389500
2024-09-05,209.7956085205078,212.85149088939755,208.2532005501347,212.2248812160305,8067900
2024-09-06,204.81170654296875,210.8656330535133,203.49101486350727,209.76667224642696,7777000
2024-09-09,209.005126953125,210.29688521091413,206.4697987366713,207.4434494984693,8935100
2024-09-10,198.16009521484375,210.7692333693298,193.3882919543516,210.73067979138588,28406900
2024-09-11,199.76998901367188,200.22307080989853,194.56438778018585,197.86127052265937,13658700
2024-09-12,199.1626739501953,201.2641897182195,197.51422525926967,200.1748635449911,9054400
2024-09-13,196.96475219726562,200.3676756012256,195.71154756841665,199.41330902113066,10226700
2024-09-16,200.37733459472656,200.7147409735797,198.18904726528012,198.42041290016462,8634900
2024-09-17,201.71726989746094,202.37278371399074,200.18451137690533,200.2519838182576,7573300
2024-09-18,200.05918884277344,203.73203144648693,199.25906599771233,201.48590664975958,8259900
2024-09-19,202.9029998779297,204.28152945633747,199.87603622956823,202.22820187533188,11635200
2024-09-20,203.49102783203125,203.80915002139488,201.95826931831834,202.3727828105395,20885000
2024-09-23,203.8284149169922,204.1754559353891,202.4306161268764,203.404252037897,7223500
2024-09-24,203.9730224609375,205.28406475898234,202.79693975050793,203.54885955429185,7323200
2024-09-25,202.62344360351562,204.5996492884681,201.10031972421785,204.0597961831719,8976500
2024-09-26,202.22817993164062,204.079060556282,201.48589485458146,203.52958749575163,7807500
2024-09-27,202.9222869873047,204.79245198574228,201.79440715731258,203.06688130801132,7032500
2024-09-30,203.26930236816406,203.36570837610932,197.8708895320446,198.88309377750343,8663800
2024-10-01,199.58682250976562,201.56302811498028,198.76743023115927,201.37986551461756,8540100
2024-10-02,199.82781982421875,201.4280654870263,198.2854265944641,199.62538779175662,5810900
2024-10-03,197.84197998046875,199.05663101596807,196.9840194235567,198.7481435436215,7251300
2024-10-04,204.8641357421875,205.30059173762103,200.68383122656712,203.00191264193967,10211700
2024-10-07,204.5828399658203,206.9106297822478,203.3801626203171,204.67983675803367,6718900
2024-10-08,204.4082794189453,204.9708282984031,202.10960030086417,204.2433966990474,6021800
2024-10-09,206.99790954589844,207.79324177053485,203.0794849747064,203.3898480577516,7024000
2024-10-10,206.43539428710938,208.3461158889662,205.10662391004624,208.3461158889662,7927100
2024-10-11,215.60101318359375,217.87061094482132,208.6855737425154,209.18022188553982,18320700
2024-10-14,214.8153839111328,216.96858250110924,212.293630063158,216.48362813038722,9048900
2024-10-15,215.697998046875,218.66591634009174,215.14515777638977,216.92978625602393,9235800
2024-10-16,216.91038513183594,216.94917496872304,214.38861654483065,215.63980707901965,6382500
2024-10-17,217.66693115234375,219.05390843235912,216.59033179219864,217.52145075217567,6470200
2024-10-18,218.5883331298828,219.12178590933368,216.3866508941279,218.22947162354006,7000500
2024-10-21,216.28964233398438,218.90839289110613,216.19264554312963,218.44284085419463,5870000
2024-10-22,217.37596130371094,218.50105909355784,214.44684730551407,216.30907047510507,9586800
2024-10-23,216.6873016357422,218.0354741082416,215.83377726191281,216.92977880561352,6180500
2024-10-24,218.21006774902344,218.28766222544806,214.98997837538428,215.15486108792416,6002200
2024-10-25,215.62039184570312,218.83078714249672,214.23342956566813,218.22944850915363,6369700
2024-10-28,218.7144317626953,218.85021840107262,216.24116139259178,216.6291337876938,6843000
2024-10-29,216.19265747070312,219.92681213014208,216.1053692338975,218.43315914614644,6580000
2024-10-30,217.6572265625,219.5000472712289,214.91238301870854,215.84348713272396,7110900
2024-10-31,215.24215698242188,218.89871726600515,215.1451749831653,217.93850223567313,7829900
2024-11-01,216.23146057128906,219.34485939228048,215.99867714182966,216.83279926451777,6923500
2024-11-04,213.16653442382812,217.02676693348934,212.57488952061908,215.95016767681818,8229600
2024-11-05,214.82508850097656,215.28094678500298,213.37991917505954,213.40901525279463,5600700
2024-11-06,239.6256561279297,240.53737273122323,227.70548396691856,227.92855883805424,23987800
2024-11-07,229.2670440673828,237.2105994098778,228.14194632127268,237.14269869088656,16451100
2024-11-08,229.84896850585938,232.13795371871322,228.68508098059854,232.13795371871322,9502100
2024-11-11,232.08946228027344,234.81491834649185,231.8081952497588,232.7781040164942,9017100
2024-11-12,232.35133361816406,234.194169089919,231.57540367214264,233.31154859132423,6861000
2024-11-13,233.90321350097656,236.74503922660472,233.0787850879371,233.34066461202306,11472600
2024-11-14,234.59181213378906,236.93898940783777,233.79649469695167,235.12526487780747,10172200
2024-11-15,237.92831420898438,239.00491351851235,234.19417438377397,234.19417438377397,11518800
2024-11-18,237.65673828125,240.46946771808433,235.37744681373624,240.30458500761375,9051400
2024-11-19,235.7751007080078,237.77311024831232,234.28144783212835,234.96038095752812,6792700
2024-11-20,233.5346221923828,237.24937439416908,231.4590181077945,237.04568704958282,9015300
2024-11-21,237.39483642578125,238.10288039774477,234.82458441685804,235.91087737162837,8783500
2024-11-22,241.07081604003906,241.6527523940075,235.71691574566026,236.2794645809059,7997300
2024-11-25,242.75843811035156,246.65747516559617,241.56545457241828,242.07950499118758,10295400
2024-11-26,242.4480743408203,243.44707909896903,240.86711845381728,242.95243099918525,6212100
2024-11-27,242.2734832763672,243.63136431157088,241.2841870760072,241.8467358877818,5472300
2024-11-29,242.20562744140625,244.19394344725544,241.94374792072875,242.34141408182535,5494800
2024-12-02,238.8400421142578,242.71967731611377,237.65675219372102,242.04074411571574,8899700
2024-12-03,237.45306396484375,241.54606521705796,237.2687789369744,240.76044150846369,6657700
2024-12-04,236.07579040527344,237.96712436015684,234.94099891212346,237.33667477531787,7346300
2024-12-05,238.09320068359375,239.74204263244474,237.25907854952092,238.00591244621754,6572500
2024-12-06,239.9166259765625,240.28519603281265,237.47245181338516,238.30657391988672,5519700
2024-12-09,236.4734649658203,240.4112923726013,236.42496656531813,239.69356932385114,7076500
2024-12-10,235.55201721191406,240.49855728626576,234.9312762629426,236.5510219454208,9108300
2024-12-11,236.20187377929688,236.919611573279,234.89249106315413,236.6577320701239,7884400
2024-12-12,234.26205444335938,236.75472698403252,233.78679383764873,235.68782146085866,6113800
2024-12-13,232.7198944091797,235.41623939456244,231.94396449404366,234.78580466330752,10392700
2024-12-16,232.3707275390625,233.42792446749883,230.3727179900156,233.36973231358596,9032000
2024-12-17,231.1874542236328,231.8275975615697,229.50951620113162,231.46872125413844,8083600
2024-12-18,223.4378662109375,231.87608388142587,222.62314644125652,231.80818316746954,11322400
2024-12-19,225.949951171875,229.24763503500648,225.28071175973975,225.28071175973975,11790800
2024-12-20,230.4503173828125,232.0118710112261,224.6211565141942,224.941228167182,32348400
2024-12-23,231.21653747558594,231.43961233565523,227.81216322118433,228.96635695747324,8611500
2024-12-24,235.01856994628906,235.1931612045448,231.87607529400537,232.22522821125293,3729100
2024-12-26,235.8236083984375,235.93999271034167,233.54431695942878,234.16505795563904,4451800
2024-12-27,233.9128875732422,236.0660861464205,232.8168859680783,235.41624907067862,5730200
2024-12-30,232.11856079101562,233.59281138216528,229.97505601890364,231.58510803780834,5723800
