Price,Close,High,Low,Open,Volume
Ticker,TLT,TLT,TLT,TLT,TLT
Date,,,,,
2002-07-30,36.24283218383789,36.41177788751738,36.24283218383789,36.3450889724828,6100
2002-07-31,36.691864013671875,36.811904728500195,36.41177466563716,36.4340020407225,29400
2002-08-01,36.90082550048828,36.90971577321586,36.696315308361655,36.696315308361655,25000
2002-08-02,37.27874755859375,37.38989469108326,36.84749614182384,36.97198377944279,52800
2002-08-05,37.443233489990234,37.54104347521314,37.27873457012079,37.36320744680241,61100
2002-08-06,37.123138427734375,37.30097449978836,36.998654194878874,37.28763738797398,64900
2002-08-07,37.21201705932617,37.407636879550054,37.06085875601682,37.16755893434916,40300
2002-08-08,37.21201705932617,37.24313808600383,37.06085875601682,37.15866866612876,40900
2002-08-09,37.736663818359375,37.736663818359375,37.345427230377794,37.345427230377794,35900
2002-08-12,37.96784210205078,38.54580486607627,37.852248192469844,37.923383949731836,32100
2002-08-13,38.4346809387207,38.44357460970495,37.95452785576191,38.13680740763941,75400
2002-08-14,38.58137130737305,39.07931141383762,38.56803420136819,38.88369148059449,130000
2002-08-15,38.24347686767578,38.45688070391944,38.16789768498197,38.403528896873794,87100
2002-08-16,37.81669998168945,38.46579884056269,37.70999968224297,38.43023433537478,85000
2002-08-19,37.932289123535156,37.94117940071528,37.661089878338814,37.81225172592837,47300
2002-08-20,38.3546257019043,38.36351936612748,38.05675239727002,38.06564606149319,40800
2002-08-21,38.15011215209961,38.27904313644121,38.07008614085099,38.092316907507346,40000
2002-08-22,37.81669998168945,38.03455080765028,37.81669998168945,38.03455080765028,34400
2002-08-23,38.190128326416016,38.21235570199077,37.8789145409195,37.8789145409195,20100
2002-08-26,38.22573471069336,38.32798820362477,38.087909918738134,38.10124703590812,23900
2002-08-27,37.98560333251953,38.092303512684595,37.87889976041689,37.967819403835755,301800
2002-08-28,38.17680358886719,38.31462489466577,38.16346308887443,38.25238279579286,18100
2002-08-29,38.483558654785156,38.61693648940352,38.39019552732799,38.57247834184381,135700
2002-08-30,38.71474075317383,38.736968127713794,38.43464802007261,38.56802583506735,78100
2002-09-03,39.30992126464844,39.30992126464844,38.84556013698593,38.88128100985149,102100
2002-09-04,39.30099105834961,39.426014118835354,39.22062079415952,39.30545701928519,66300
2002-09-05,39.51533508300781,39.5823109085227,39.01525277989958,39.54659001404383,648400
2002-09-06,39.05094528198242,39.37689224568801,38.93485416259734,39.27866156055675,140000
2002-09-09,38.9929084777832,39.21615883653859,38.96165356381866,39.06881278219281,83800
2002-09-10,39.180423736572266,39.2920488754229,38.84554832002036,38.92145259687186,336000
2002-09-11,38.97509002685547,38.97955599267005,38.733978970875185,38.84560427050307,177700
2002-09-12,39.27867889404297,39.354583218220775,39.05542847714517,39.05989443931182,43400
2002-09-13,39.64035415649414,39.71179594427924,39.372454265363906,39.43943008977945,155100
2002-09-16,39.707305908203125,39.83679151516351,39.69391143274685,39.82785959383942,73000
2002-09-17,39.78323745727539,39.88146821994667,39.452827679089246,39.5778474110228,75400
2002-09-18,39.792198181152344,39.988656442133724,39.747545324691664,39.81005864242968,196600
2002-09-19,40.060062408447266,40.0823854101499,39.854672397512324,40.05113048254091,109900
2002-09-20,39.872528076171875,39.97075540367763,39.76536541729634,39.93950047980507,113500
2002-09-23,40.22975540161133,40.29226529392336,40.08240919550426,40.18510596517897,163200
2002-09-24,40.48870086669922,40.604792052000384,40.27884490322337,40.31903175474478,251900
2002-09-25,39.99753952026367,40.34580957343383,39.85465941110334,40.22971842020028,127200
2002-09-26,39.90376663208008,39.97520496882955,39.56442516456308,39.76088655205132,429000
2002-09-27,40.20293045043945,40.20293045043945,39.952891104908105,39.9752140998845,298200
2002-09-30,40.36372375488281,40.586974435599494,40.22084345548554,40.4798150626853,297800
2002-10-01,39.86302947998047,40.02438224082292,39.80028156404229,39.96163432488474,257500
2002-10-02,40.09163284301758,40.10508176376924,39.81822958601823,39.99751091479751,91000
2002-10-03,39.993045806884766,40.118541756509444,39.80031890724453,40.024419794290935,29900
2002-10-04,40.11852264404297,40.21264456142179,39.621018638250234,39.621018638250234,131000
2002-10-07,40.18574142456055,40.32019980041646,40.09609908781777,40.29330880914638,433800
2002-10-08,40.19921112060547,40.5712159286465,40.051303740566986,40.11405170430921,530900
2002-10-09,40.40537643432617,40.50846089125582,40.31573405927108,40.47260736074075,402900
2002-10-10,40.087127685546875,40.41431273855415,40.01541383203558,40.41431273855415,97100
2002-10-11,39.612056732177734,39.988547859598164,39.46863235494778,39.93476243582185,421800
2002-10-14,39.55376434326172,39.68822609976583,39.47308797326016,39.66581466718031,18300
2002-10-15,38.61703109741211,39.127980377935934,38.61254812631839,38.99351860116439,297100
2002-10-16,38.63496780395508,38.8142490872612,38.496026433658216,38.8142490872612,125200
2002-10-17,38.164337158203125,38.34809789273816,38.12848023748755,38.15985418823764,233400
2002-10-18,38.26297378540039,38.27193631327704,37.7744322382012,38.10610048174942,459100
2002-10-21,37.89094924926758,38.36604167015785,37.87302078175212,38.32122221112197,134900
2002-10-22,37.78336715698242,38.02987579548215,37.74751023590836,38.02987579548215,205000
2002-10-23,37.796817779541016,38.18675073577768,37.729586898274626,37.985061511483174,127800
2002-10-24,38.12849044799805,38.209166831460514,37.684772048707025,37.72062897902481,339600
2002-10-25,38.267452239990234,38.348128666589936,38.16436778458929,38.2540067388081,146100
2002-10-28,38.21366882324219,38.38398419776744,38.186774402364776,38.348127249602086,97800
2002-10-29,38.71113967895508,38.94420280321355,38.44221621776718,38.464627646034124,125000
2002-10-30,38.69770050048828,38.85009072811219,38.576687648129194,38.71114941253237,31900
2002-10-31,38.872501373291016,38.93076631294768,38.554275431960626,38.56772434373184,512700
2002-11-01,38.71000289916992,39.13771147308093,38.38134005943971,38.85407348105808,125100
2002-11-04,38.538883209228516,38.60641698715026,38.38130668401819,38.48485893481962,342500
2002-11-05,38.39031219482422,38.53888582937101,38.30927234279059,38.53888582937101,73800
2002-11-06,38.543357849121094,38.77747087973853,38.228205031961444,38.291235595393374,118500
2002-11-07,39.49788284301758,39.49788284301758,39.10168623487207,39.19173247986561,147900
2002-11-08,39.81755828857422,39.91210431475821,39.59694745923024,39.79954903097993,294700
2002-11-11,40.03362274169922,40.03362274169922,39.79950949536381,39.8670432855277,70000
2002-11-12,39.80405044555664,40.13721310904503,39.78604118875801,40.13721310904503,494300
2002-11-13,39.889556884765625,39.93007853752756,39.60141588590259,39.82202308677018,104700
2002-11-14,39.06116485595703,39.461861167906996,39.06116485595703,39.461861167906996,118000
2002-11-15,39.21875,39.2727777543857,38.83606285244676,38.962124177766555,110700
2002-11-18,39.39433288574219,39.45286037231796,39.151213162029165,39.178225319692864,32200
2002-11-19,39.53837203979492,39.722964130281056,39.39880475619551,39.59689947987295,51800
2002-11-20,39.151214599609375,39.71849397576951,39.083680768057135,39.709487632942086,307400
2002-11-21,38.773067474365234,38.94415036657326,38.6560089507931,38.94415036657326,323200
2002-11-22,38.736976623535156,38.894553129416565,38.66493968661211,38.86754099552552,184800
2002-11-25,38.66494369506836,38.890053993925115,38.62892865778331,38.718971403361785,288200
2002-11-26,39.151214599609375,39.17822675826493,38.78653671810597,38.80904570534781,377800
2002-11-27,38.26875686645508,38.86755118062651,38.250747627505056,38.83153270272648,325600
2002-11-29,38.51639938354492,38.55241444502477,38.33180716571687,38.340813507271484,31700
2002-12-02,38.55211639404297,38.62448241891045,38.05913578939069,38.15411360907777,284900
2002-12-03,38.60638427734375,38.760156877854996,38.49783870930044,38.760156877854996,113800
2002-12-04,38.80537033081055,38.89582435604978,38.692301073961566,38.85059734343017,129000
2002-12-05,38.904911041259766,39.02250416350269,38.56118260793994,38.57022664014155,206400
2002-12-06,38.97270965576172,39.3888036824999,38.787277873441354,39.34810040733194,440500
2002-12-09,39.189849853515625,39.280303982018225,38.97275511426403,38.98632288847904,400300
2002-12-10,39.293853759765625,39.31646900683547,39.121989614082416,39.17174039715428,151600
2002-12-11,39.55616760253906,39.64210138364851,39.33002897907342,39.41596276018286,163800
2002-12-12,39.519989013671875,39.61949057121904,39.37526041649471,39.37526041649471,135800
2002-12-13,39.13554382324219,39.4204806549536,39.13554382324219,39.41143317901934,425800
2002-12-16,38.84157180786133,39.302896568692525,38.82348030247561,39.302896568692525,115700
2002-12-17,38.84157180786133,39.05414268289121,38.75111773153457,39.031530889110435,290600
2002-12-18,39.14456558227539,39.20788406981252,39.0088811372108,39.11290633850682,191000
2002-12-19,39.49285125732422,39.56973756542819,39.18982631319558,39.25766859412333,134400
2002-12-20,39.519989013671875,39.60139906524665,39.41596716758307,39.45215017952785,41900
2002-12-23,39.52904510498047,39.52904510498047,39.00892540940125,39.510953595066105,74200
2002-12-24,39.750614166259766,39.83654787648205,39.72799894232799,39.8003648984307,46600
2002-12-26,39.827545166015625,39.827545166015625,39.67829625237129,39.75518257918846,13500
2002-12-27,40.2662467956543,40.2662467956543,39.92703882630899,40.04915562761037,140200
2002-12-30,40.361228942871094,40.361228942871094,40.08533948882522,40.20745630322704,274900
2002-12-31,40.259456634521484,40.604915290399774,40.1458192381874,40.432184228491565,109400
2003-01-02,39.21847152709961,39.954841861934334,39.18665324850422,39.863930017424465,192100
2003-01-03,39.309444427490234,39.33671628923603,39.01398654280605,39.15944225201305,311200
2003-01-06,39.20484924316406,39.22303161838537,39.004846583663124,39.16848449272144,35600
2003-01-07,39.345767974853516,39.432133411372455,39.168494107845206,39.17758703165474,69800
2003-01-08,39.541221618652344,39.60940467099823,39.44576673254174,39.4912209447943,160100
2003-01-09,38.7821159362793,39.16848184681533,38.645749865297994,39.16848184681533,237500
2003-01-10,38.882110595703125,39.05483791713549,38.69120090339378,39.05483791713549,145200
2003-01-13,38.945762634277344,39.032128063275756,38.818489455501165,38.882126044889255,53300
2003-01-14,39.08214569091797,39.21850838393553,39.07305276395548,39.09123514994493,98900
2003-01-15,39.273033142089844,39.40939575733146,39.182121263995214,39.21848601523306,129600
2003-01-16,39.32757568359375,39.36394043379837,38.91848438155891,39.2639391047024,57900
2003-01-17,39.523033142089844,39.65485276483746,39.5139436882154,39.591216183915655,97700
2003-01-21,39.75032043457031,39.75032043457031,39.45486627142082,39.49122756655935,107500
2003-01-22,39.94579315185547,39.95488608033581,39.782155118570415,39.85488467466871,107100
2003-01-23,39.75032043457031,39.8639577182231,39.68214083872639,39.691230295527355,110700
2003-01-24,39.98666000366211,40.20029850261371,39.88211224981667,39.88211224981667,285300
2003-01-27,39.841217041015625,40.01849085799621,39.773034003423085,39.954854281025405,150500
2003-01-28,39.841217041015625,39.90030715736471,39.591213725820765,39.841217041015625,454700
2003-01-29,39.62307357788086,39.94580326189168,39.53671154307657,39.9230778708114,221400
2003-01-30,39.91850662231445,39.95487138699051,39.5912306760996,39.636684897977254,108600
2003-01-31,40.0275993347168,40.095782404713844,39.79123528905338,39.95487326987229,182300
2003-02-03,40.08601379394531,40.09970106465883,39.82601133214074,39.99022377960779,55200
2003-02-04,40.26385498046875,40.32315596548501,40.19087370366265,40.30947219359041,56900
2003-02-05,39.917213439941406,40.460023127336314,39.88072103806917,40.245638096577615,223300
2003-02-06,40.24107360839844,40.25931980839692,40.04493130854828,40.06773644846628,120900
2003-02-07,40.33229064941406,40.377904397505795,39.97193612330933,40.03579606665893,247200
2003-02-10,40.04946517944336,40.323151024110885,39.999289035242136,40.195431195272995,76600
2003-02-11,40.040321350097656,40.09962229971355,39.88067163979078,39.958215287639455,259100
2003-02-12,40.18177032470703,40.200016523677604,39.99019045567599,40.04949147235699,121300
2003-02-13,40.40074157714844,40.67899016138273,40.21828297566734,40.263896756010524,440200
2003-02-14,40.054046630859375,40.30948991222649,39.96281912472516,40.27755993706889,829700
2003-02-18,40.104209899902344,40.131580927021126,39.839645345086865,39.939997657610334,213200
2003-02-19,40.377899169921875,40.460005297899365,40.25474171800836,40.31860165309025,62100
2003-02-20,40.514793395996094,40.551285826390355,40.29584229374021,40.29584229374021,486700
2003-02-21,40.27755355834961,40.469133378954915,40.236498751016626,40.39614860152105,250400
2003-02-24,40.46917724609375,40.551283469654194,40.423563450806725,40.54215862253108,168200
2003-02-25,40.656124114990234,40.893321005969455,40.59682663229715,40.77928497610345,358500
2003-02-26,40.93894958496094,40.93894958496094,40.665263709940355,40.770174946647636,334000
2003-02-27,41.00740051269531,41.04845185652087,40.738273387223835,40.8066957737069,695700
2003-02-28,41.26742172241211,41.29935172006629,40.86145311790515,40.907066903109886,213100
2003-03-03,41.31774139404297,41.41389263596039,41.166648581448804,41.20785475945636,204100
2003-03-04,41.34524154663086,41.413918552955124,41.21703631727649,41.26740178407116,83100
2003-03-05,41.48257064819336,41.49630604005319,41.22616735152204,41.49172990492186,126000
2003-03-06,41.32233810424805,41.51922029810293,41.23534259040404,41.459699074187576,166000
2003-03-07,41.46424102783203,41.569551483731004,41.230732461970675,41.53750108293248,263800
2003-03-10,41.67950439453125,41.67950439453125,41.51925213554158,41.578773405098524,147200
2003-03-11,41.60625076293945,41.73903221389376,41.542149854649445,41.66119240248088,82800
2003-03-12,41.75732421875,41.83058436149628,41.61080742649332,41.629122462179886,454800
2003-03-13,40.988094329833984,41.386438342136636,40.988094329833984,41.27655166376279,830200
2003-03-14,41.18955612182617,41.262816236179475,41.03388361867717,41.16208532556094,590900
2003-03-17,40.695064544677734,41.44596331917571,40.68590877616501,41.44596331917571,724400
2003-03-18,40.310455322265625,40.84157717329357,40.296719924264785,40.73169049605236,415200
2003-03-19,40.01285171508789,40.32420028548777,39.985380912569916,40.31046488422878,398400
2003-03-20,39.94874572753906,40.269250026626516,39.724392718177846,40.20972879772024,206700
2003-03-21,39.3993034362793,39.85716865462892,39.3993034362793,39.79764394057346,843400
2003-03-24,40.022010803222656,40.10900284189461,39.76560383897901,39.88007017328421,373800
2003-03-25,39.9761848449707,40.20969693109345,39.788462045201825,40.131860733463235,606400
2003-03-26,40.058616638183594,40.131876730967285,39.948729992241546,39.948729992241546,309500
2003-03-27,40.08611297607422,40.23262974902567,39.98538203968846,40.177684649205595,191600
2003-03-28,40.177635192871094,40.32873141145907,40.16389980813239,40.2554713685445,253400
2003-03-31,40.70421600341797,40.7179514001714,40.429497588646775,40.429497588646775,643800
2003-04-01,40.588340759277344,40.82744930589109,40.418209474958836,40.648119650006215,289800
2003-04-02,40.16529846191406,40.326234849090454,40.133111184478786,40.3032459412939,312200
2003-04-03,40.142311096191406,40.27106021087844,40.06873816885581,40.11931867936146,245600
2003-04-04,40.02735137939453,40.14230643389233,39.94917927614213,40.031947055706546,184900
2003-04-07,39.93540573120117,39.94000491802397,39.507772568623714,39.64572010809451,485400
2003-04-08,40.25725555419922,40.275645273036226,39.99975388453972,40.02734547909391,194700
2003-04-09,40.376808166503906,40.39980057835562,40.082523537179426,40.18828372028799,102400
2003-04-10,40.18829345703125,40.395211181230266,40.16530103960898,40.34922985453608,53300
2003-04-11,40.12392807006836,40.15151617076124,39.81584574367618,39.921605976584146,450000
2003-04-14,40.01354217529297,40.05492780709987,39.870999071827825,40.050328623977144,207100
2003-04-15,40.22968292236328,40.24807615801949,40.022765160495204,40.15611348788945,128500
2003-04-16,40.39521789550781,40.41821031675176,40.220487421767,40.248075520738986,97700
2003-04-17,40.45956802368164,40.648095941170126,40.37220459366274,40.574523044155455,106200
2003-04-21,40.37223434448242,40.38602839580048,40.123930896303115,40.225091950170764,148000
2003-04-22,40.3492317199707,40.5837410575484,40.28945634331975,40.533160543401245,299900
2003-04-23,40.4320068359375,40.468793308914464,40.28026526602089,40.36303307614348,42700
2003-04-24,40.79526901245117,40.91941898466491,40.648126615532334,40.648126615532334,199000
2003-04-25,40.887210845947266,40.96997862126901,40.77685498156817,40.80904225485164,529700
2003-04-28,40.82284927368164,40.96539245664722,40.82284927368164,40.96539245664722,80500
2003-04-29,40.75385284423828,40.81822737544471,40.61130974058817,40.70787153739781,177500
2003-04-30,41.130916595458984,41.16310387000063,40.79984898938054,40.82743707951629,293400
2003-05-01,41.15083312988281,41.418947704863726,41.049137781568184,41.234040979814736,231200
2003-05-02,40.82725524902344,41.17395408895292,40.80414058230695,41.16933045024902,231500
2003-05-05,41.04447555541992,41.081457571021396,40.77173759885795,40.8225869886102,77700
2003-05-06,41.247886657714844,41.32647082157087,40.91967556998619,41.06760015416236,260600
2003-05-07,41.7286262512207,41.75636452701347,41.52060858017064,41.603816353950506,306900
2003-05-08,41.830299377441406,42.0198294507839,41.73322428870392,41.8811487372749,437400
2003-05-09,41.871952056884766,41.89044307458552,41.696289152128095,41.74251845978049,110000
2003-05-12,42.135440826416016,42.15393184321239,41.94129044025531,42.13081719051671,364700
2003-05-13,42.22787857055664,42.237125839330396,41.98750248443414,42.01986087154293,227800
2003-05-14,42.875057220458984,42.981379668862495,42.3526993024077,42.449774480445534,1426500
2003-05-15,43.00910568237305,43.254105395249276,42.80570809728354,42.80570809728354,810300
2003-05-16,43.32345199584961,43.34194300866509,42.96750617105174,43.2125094457568,703900
2003-05-19,43.175537109375,43.56383788524048,43.050723626560476,43.503744725204406,817800
2003-05-20,43.81344223022461,43.81344223022461,43.04608475798923,43.059952132969485,606600
2003-05-21,43.808815002441406,44.22023374496787,43.508345831053255,43.568438959971076,1799600
2003-05-22,44.19715118408203,44.23875333580647,43.868943499983345,43.96139507723872,576200
2003-05-23,44.30804443359375,44.47445990874772,44.21096932755355,44.271062433160054,690600
2003-05-27,43.50836944580078,44.243368872784195,43.50836944580078,44.201766728676134,846400
2003-05-28,43.434383392333984,43.51759116523651,43.133910683141586,43.40664864363287,730500
2003-05-29,43.81344223022461,43.82268949807767,43.48523475742762,43.59155717694182,508300
2003-05-30,43.730201721191406,43.7949184405246,43.438976484192054,43.66086137139251,722200
2003-06-02,43.40903854370117,43.580796985964646,43.21406423643775,43.580796985964646,478600
2003-06-03,43.75714111328125,43.905690566764115,43.501820079936486,43.525032370858135,389400
2003-06-04,43.88715362548828,43.96606980577498,43.65968788278505,43.850015349458914,394100
2003-06-05,43.54362869262695,44.27709008511359,43.54362869262695,44.19353074398214,820900
2003-06-06,43.70147705078125,43.7061202219069,43.34867042097079,43.4972200216749,276800
2003-06-09,43.993892669677734,44.04495688004837,43.761783910428896,43.96139758505084,282200
2003-06-10,44.51848220825195,44.53240817385308,44.1331806320194,44.137823801119886,534800
2003-06-11,44.46280288696289,44.843461534519896,44.425664594103054,44.68098593038628,633600
2003-06-12,44.81095886230469,44.90380457880825,44.569567082799324,44.61598817020013,315400
2003-06-13,45.11267852783203,45.15909959185891,44.917707933899045,44.99662409691476,478400
2003-06-16,44.68561553955078,45.33552130053001,44.68561553955078,45.26124473735457,789300
2003-06-17,44.332828521728516,44.57886354789913,44.286407420098726,44.55101159526186,691600
2003-06-18,43.76646041870117,44.12854979229828,43.729322138921646,44.12854979229828,657600
2003-06-19,43.68288803100586,43.859293036492645,43.40435809913754,43.61789783162659,817700
2003-06-20,43.520408630371094,43.65967535466825,43.18617132541786,43.59004199251967,561700
2003-06-23,43.780357360839844,43.836064743573885,43.4182682273159,43.55289174598231,819900
2003-06-24,44.184261322021484,44.184261322021484,43.64112721110307,43.70611743591203,292900
2003-06-25,43.47862243652344,44.328137959094335,43.38113362310947,44.29564286852276,1002800
2003-06-26,42.89373779296875,43.288322328372274,42.76375733817246,43.288322328372274,1423800
2003-06-27,42.74053192138672,42.96335801965319,42.499140228156996,42.96335801965319,735900
2003-06-30,42.940155029296875,42.94943782879241,42.55949649935387,42.67090780180753,541900
2003-07-01,42.72716522216797,43.09995980912566,42.64328581793084,42.94152290960362,449000
2003-07-02,42.8343391418457,42.90423923278655,42.45688362813799,42.498821549542704,338800
2003-07-03,42.2192497253418,42.73650572703037,42.2192497253418,42.73184477013839,559100
2003-07-07,41.948944091796875,42.214561579268356,41.948944091796875,42.07010400607376,465400
2003-07-08,41.98624038696289,42.163321148652,41.7672216903058,42.14001992571371,389600
2003-07-09,42.12138366699219,42.26118390739142,41.990905338762396,42.18662283110708,270400
2003-07-10,42.10742950439453,42.289167792303495,41.99559137843592,42.26120914963132,718000
2003-07-11,42.307769775390625,42.307769775390625,42.03749128998343,42.079432771296055,389500
2003-07-14,41.82313537597656,42.34505210568983,41.76721458360008,42.25651173991045,465900
2003-07-15,40.84455108642578,41.87440184438665,40.728052083643774,41.725283263036374,3171100
2003-07-16,41.07756423950195,41.343181921581795,40.61156805653601,40.73272805958239,1205400
2003-07-17,40.95173263549805,41.02629371192263,40.62553681431004,40.69543693464113,1030600
2003-07-18,40.86785888671875,40.989018875127684,40.74670245357812,40.84456121354631,550800
2003-07-21,40.001102447509766,40.82125655704711,39.912565608460284,40.77465765934716,1267600
2003-07-22,40.196800231933594,40.243399102652326,39.81468380361448,40.061661018163115,1576900
2003-07-23,40.331939697265625,40.56493760757851,40.26203961311857,40.44843865242206,1374700
2003-07-24,39.97779083251953,40.112930077402005,39.86595280599384,40.02905066869105,701100
2003-07-25,39.870643615722656,40.36460212772653,39.79608605398436,40.066364770233875,1273500
2003-07-28,39.334754943847656,39.74483046585587,39.330093984714004,39.721529225457736,1268500
2003-07-29,38.798831939697266,39.772761973181076,38.798831939697266,39.22754745045757,2139300
2003-07-30,39.23684310913086,39.479162904785596,38.943267048709636,39.022485477753605,1963400
2003-07-31,38.65439224243164,39.008550431216975,38.31887788782781,38.9992320693959,4706400
2003-08-01,38.62535095214844,38.75642658948339,38.37724298554395,38.43341621780564,3061200
2003-08-04,38.95771789550781,38.95771789550781,38.5504441503444,38.61130324041117,1858700
2003-08-05,38.400657653808594,38.99050175226621,38.29298988193859,38.95305053964003,2413000
2003-08-06,39.15899658203125,39.215169783442995,38.559791956697396,38.62064744874055,2549700
2003-08-07,39.322872161865234,39.3462800620078,38.92028056591309,39.229247704383205,1796400
2003-08-08,39.16367721557617,39.692661745221756,39.15899492514288,39.48200153421727,2399100
2003-08-11,38.96708679199219,39.121570337429915,38.81260681809802,39.112209321741375,1355000
2003-08-12,38.78451919555664,39.15902413567558,38.76111486901408,39.05135280463965,1534200
2003-08-13,38.035491943359375,38.55043327382264,38.00740533835613,38.480213189772684,2258100
2003-08-14,38.4100227355957,38.433427065129216,37.8763554492296,38.12446348585928,1612300
2003-08-15,38.386627197265625,38.620691997248954,38.33981495157804,38.48025168864079,515100
2003-08-18,38.56448745727539,38.667476466734705,38.39128191549639,38.52703983055251,655300
2003-08-19,39.15899658203125,39.15899658203125,38.62064744874055,38.6440553303563,1086500
2003-08-20,38.948326110839844,39.26197521284796,38.73298722850942,39.24324962679222,503600
2003-08-21,38.854766845703125,39.06542379154925,38.583250750333114,38.88285348607025,783600
2003-08-22,39.02793884277344,39.252638894135195,38.80791751263881,38.831321833403244,413200
2003-08-25,38.72365951538086,39.10752543071576,38.50363815447974,39.00453640463069,648200
2003-08-26,39.02793884277344,39.02793884277344,38.536401676662344,38.597257196501374,837200
2003-08-27,38.85007858276367,38.981154313077795,38.672190601843894,38.981154313077795,409100
2003-08-28,39.25264358520508,39.313502683860285,38.962405686547996,38.962405686547996,557200
2003-08-29,39.15899658203125,39.31815874808624,39.03259973577225,39.29475443801178,651100
2003-09-02,38.5863037109375,39.333956377383814,38.5769008768464,39.32454995579401,868700
2003-09-03,38.647403717041016,38.78376802082221,38.501632999208255,38.78376802082221,639900
2003-09-04,38.86373519897461,38.89194728834816,38.63332809826041,38.7884981773136,562900
2003-09-05,39.53141403198242,39.540816857950986,39.10821511348492,39.21636734334924,838000
2003-09-08,39.122337341308594,39.71011286378918,39.122337341308594,39.324532264541794,621100
2003-09-09,39.40448760986328,39.470318206687764,38.99069118696832,39.27282282871586,599900
2003-09-10,39.804161071777344,39.82766994134295,39.41387724451633,39.451495740818004,1285900
2003-09-11,39.54558181762695,39.67724311175798,39.40451768284422,39.62081889284537,859500
2003-09-12,39.81827926635742,40.14743224073455,39.71012695334873,39.97815254319821,1375300
2003-09-15,39.757144927978516,39.91701817685617,39.55024675884487,39.73363246785052,367100
2003-09-16,39.69602966308594,39.7336481791666,39.45151648355992,39.67252078115989,655200
2003-09-17,40.18973159790039,40.23204970499013,39.72421448243141,39.83706635550042,1223900
2003-09-18,40.21797180175781,40.274399571511715,39.8888187802739,40.274399571511715,615000
2003-09-19,40.264991760253906,40.45308073211196,40.1991611582284,40.27439818197112,869300
2003-09-22,39.94525146484375,40.053403816350816,39.6066955367556,39.96876393745387,1126400
2003-09-23,40.21797180175781,40.22267501277869,39.79947570837161,39.91232766038054,632100
2003-09-24,40.5659294128418,40.66937851840635,40.12862411318158,40.222670385285014,1005300
2003-09-25,40.76810073852539,40.777507154022445,40.50948171229844,40.58001547854084,846800
2003-09-26,41.13490295410156,41.139602577478264,40.82455561129857,40.88098337930787,1869700
2003-09-29,40.805763244628906,41.120810341205264,40.74933904076463,40.91861523985771,743000
2003-09-30,41.48281478881836,41.49692081679664,40.890336501269914,40.90914573440575,1623900
2003-10-01,41.32563400268555,41.519231602434026,41.24536340875932,41.316191886776714,931900
2003-10-02,41.136783599853516,41.29260200704971,40.79680961599299,41.00456869308387,1194100
2003-10-03,40.27265548706055,40.70234192540885,40.182939192274326,40.63151706372008,1451200
2003-10-06,40.44734573364258,40.50872845169803,40.17347772542544,40.19236554693872,507200
2003-10-07,39.97988510131836,40.40485213065328,39.960997277516356,40.34818865924728,594200
2003-10-08,39.97044372558594,40.12626557295447,39.82878684570834,39.87600460483951,811800
2003-10-09,39.687129974365234,39.72490201675918,39.498255352460404,39.625743650817995,1385600
2003-10-10,39.92323303222656,40.00822645469877,39.80518681226432,39.89962234724022,256600
2003-10-13,39.76738357543945,39.89959467370071,39.76738357543945,39.82876627035154,116300
2003-10-14,39.49349594116211,39.71070029443961,39.45100108187062,39.545436504171995,337100
2003-10-15,39.2999153137207,39.33296808276579,39.120482908206,39.266862544675625,465600
2003-10-16,39.14411544799805,39.55491386391546,39.07328701689667,39.417983460265425,564900
2003-10-17,39.44630813598633,39.51713655765071,39.19605083492428,39.22910361803656,354500
2003-10-20,39.57855224609375,39.73437418309277,39.38967749844217,39.40384247408095,281600
2003-10-21,39.72490310668945,39.842949298308326,39.592691948473735,39.67768535053868,429700
2003-10-22,40.112125396728516,40.135736094249204,39.852425736434185,39.94686132154364,798000
2003-10-23,39.81934356689453,40.13570650652628,39.6729638346522,40.13570650652628,1055600
2003-10-24,40.26321029663086,40.41903219935294,39.97518078286708,40.135721941439854,1412200
2003-10-27,40.182926177978516,40.291530268202564,40.041272897993785,40.206536859218055,346900
2003-10-28,40.395408630371094,40.461514210162015,39.932665969350765,40.0648771289326,2200300
2003-10-29,40.031856536865234,40.30100192891297,39.95158592576904,40.26794911243296,926600
2003-10-30,39.85240173339844,39.923230180814,39.569091546220676,39.66352707445177,936300
2003-10-31,40.225399017333984,40.23956397604589,39.54072932557625,40.00819457796039,887400
2003-11-03,40.03480529785156,40.10118199307114,39.84515604697053,40.091697541034854,957700
2003-11-04,40.26242446899414,40.28613200712447,40.10596339876383,40.134413167972724,246500
2003-11-05,39.987422943115234,40.21500295356391,39.949495955758415,40.21500295356391,275100
2003-11-06,39.612857818603516,39.78828048090607,39.58915029367917,39.71716152339348,861600
2003-11-07,39.589141845703125,39.631811040749184,39.375788635953505,39.40897699340921,725700
2003-11-10,39.55593490600586,39.75032273199731,39.44688543001702,39.636534648069194,553900
2003-11-11,39.560699462890625,39.58914559561577,39.52276887441709,39.56543807350481,99900
2003-11-12,39.84992599487305,39.89733743626076,39.72665335345609,39.75984172415361,321400
2003-11-13,40.4662971496582,40.47578161185081,40.082259627894324,40.11070577994722,920400
2003-11-14,40.736515045166016,40.755480337669816,40.39514701461697,40.44256205450631,484800
2003-11-17,40.79816818237305,41.05419068235771,40.75075312501343,40.840837393283486,695000
2003-11-18,41.0494499206543,41.06367299021291,40.67015118520747,40.76023544875978,632200
2003-11-19,40.594295501708984,41.068417134499164,40.5658457440041,40.97359063758453,553900
2003-11-20,40.987823486328125,41.00678879023563,40.679647245301275,40.89300058405246,373300
2003-11-21,41.01152801513672,41.215400495624976,41.01152801513672,41.04945862017212,516900
2003-11-24,40.674896240234375,40.92143790332192,40.655930940418244,40.859803391865306,573800
2003-11-25,40.89769744873047,41.020966361500896,40.750717410799815,40.750717410799815,298700
2003-11-26,40.73180389404297,40.96412255362607,40.4568123932438,40.82188457258868,613800
2003-11-28,40.36199951171875,40.49001446138202,40.36199951171875,40.46630691744042,311300
2003-12-01,40.137062072753906,40.294295029936364,39.927421764951866,40.21329755566949,1106600
2003-12-02,40.30860900878906,40.30860900878906,40.02273307101803,40.21331824123531,589100
2003-12-03,40.1466178894043,40.39437609025513,39.99891245965868,40.265733178009725,1446100
2003-12-04,40.23715591430664,40.34197798344413,40.11327859179078,40.14663073786986,561500
2003-12-05,40.88036346435547,41.085241880907105,40.556369773881016,40.64213291650983,1163800
2003-12-08,40.59446716308594,40.870815357083906,40.54205617335845,40.870815357083906,436200
2003-12-09,40.30860900878906,40.83271550055425,40.1942593607026,40.71360022355717,939200
2003-12-10,40.375282287597656,40.54680844564665,40.28475721842685,40.53251520499373,555700
2003-12-11,40.665931701660156,40.68022494514967,40.19900211716689,40.26570634352307,510500
2003-12-12,40.742156982421875,40.91844512147685,40.69927362757959,40.69927362757959,553100
2003-12-15,40.71833038330078,40.91844300191423,40.58492197089182,40.737389247231576,690000
2003-12-16,40.851776123046875,40.90895276708306,40.6278388111259,40.689781084275914,462800
2003-12-17,41.12813186645508,41.28536493957571,41.07095521210833,41.08525210202795,533100
2003-12-18,41.4997444152832,41.4997444152832,41.11857786943835,41.11857786943835,708100
2003-12-19,41.48545455932617,41.48545455932617,41.266282959658,41.4378091915911,477600
2003-12-22,41.37111282348633,41.61410533571407,41.28534969119735,41.50928696079131,483700
2003-12-23,40.90415954589844,41.309150504747436,40.90415954589844,41.22815303999913,446600
2003-12-24,41.29010009765625,41.29010009765625,41.056631657705196,41.151926011289675,138900
2003-12-26,41.442569732666016,41.47115622277694,41.404451989112715,41.404451989112715,80500
2003-12-29,41.0709228515625,41.342505384281104,41.05662960801537,41.309153270968565,187800
2003-12-30,40.90415954589844,41.042333616114206,40.78504434417182,40.8803386866176,393900
2003-12-31,40.904151916503906,40.9615961616987,40.83235117516437,40.865859405163874,171400
2004-01-02,40.42070388793945,40.73185038319203,40.248374687918464,40.73185038319203,867100
2004-01-05,40.315391540527344,40.39198026779329,40.162210433869795,40.21486678167011,626400
2004-01-06,40.76055145263672,40.875436304068316,40.449401480057716,40.46854956398358,690500
2004-01-07,40.923343658447266,41.023868455693474,40.6361294302971,40.73665422754331,252000
2004-01-08,40.90896987915039,40.99513448413003,40.77493686076558,40.83238114812729,513300
2004-01-09,41.622215270996094,41.67965955307377,41.17224784382688,41.58870701948216,1623000
2004-01-12,41.58869934082031,41.828044993764514,41.45466635951153,41.45466635951153,863200
2004-01-13,41.871150970458984,41.871150970458984,41.43553990165711,41.492984203119136,465700
2004-01-14,42.07698440551758,42.086556628769706,41.717965773477545,41.88071913364836,1180300
2004-01-15,42.23492431640625,42.273216835099696,41.93334653637479,42.10088771854568,1537200
2004-01-16,41.93817901611328,42.50782329267559,41.93817901611328,42.45037897543416,751800
2004-01-20,41.92859649658203,42.09135354359163,41.8855160045698,41.8855160045698,629600
2004-01-21,42.029090881347656,42.033875164052915,41.85676174872921,42.00515485932457,570500
2004-01-22,42.33546829223633,42.354616386359126,41.98602196571498,42.10090687832623,443600
2004-01-23,41.82803726196289,42.55564995760591,41.770596653233916,42.39289304458412,1021300
2004-01-26,41.57432174682617,41.81845523301768,41.488157201824656,41.78973493539161,639500
2004-01-27,41.832862854003906,41.83765079308273,41.51692826522284,41.51692826522284,576100
2004-01-28,41.4642333984375,42.05302153407137,41.10042706086249,41.765807542143335,1823800
2004-01-29,41.378082275390625,41.445098773536884,41.1770291288266,41.27276959198214,814500
2004-01-30,41.665283203125,41.751447766692465,41.45465790282141,41.59826672614187,526200
2004-02-02,41.57780838012695,41.7604610158216,41.520126863335314,41.55377349799507,335600
2004-02-03,41.789306640625,41.81333785729278,41.62587749812545,41.77969122019117,350900
2004-02-04,41.70758056640625,41.75084261391195,41.56819000730718,41.717195984610875,645700
2004-02-05,41.5441780090332,41.85661326301803,41.45284982182898,41.74125018427283,971400
2004-02-06,42.00079345703125,42.03444009032011,41.832560290586954,41.8854340953563,798200
2004-02-09,42.125789642333984,42.125789642333984,42.005622509929516,42.08733527983419,272400
2004-02-10,41.890228271484375,42.082496256964944,41.83735448379705,42.04884963454636,203200
2004-02-11,42.20267105102539,42.39493540465869,41.77487662993859,41.82774676014251,1335100
2004-02-12,42.02485275268555,42.29883368783882,41.94313997682811,42.226732669701626,256700
2004-02-13,42.20267105102539,42.34686931625036,42.092115747199514,42.20267105102539,513600
2004-02-17,42.173851013183594,42.245952017949854,42.07291107339461,42.23153255043849,644100
2004-02-18,42.23151397705078,42.38532767487391,42.14980125228395,42.34687333361617,990900
2004-02-19,42.2747802734375,42.2747802734375,42.044061517121406,42.07290044485879,668900
2004-02-20,41.98160171508789,42.217132014088996,41.91430839171931,42.17867763867521,1009800
2004-02-23,42.241146087646484,42.241146087646484,41.971972903525064,42.00561955154024,504000
2004-02-24,42.31806182861328,42.48629509660232,42.23154133833175,42.322869541187316,940900
2004-02-25,42.385345458984375,42.471865929512774,42.313244455675814,42.404572637680616,572300
2004-02-26,42.25075149536133,42.2795904247637,42.07771058452967,42.22671660938687,399100
2004-02-27,42.61601638793945,42.673694187051936,42.27954666856194,42.404521345313874,836000
2004-03-01,42.59964370727539,42.778209310249686,42.48864635347489,42.69134005501797,771900
2004-03-02,42.32939147949219,42.565867498373905,42.179784728239525,42.527261798755774,676000
2004-03-03,42.25217056274414,42.29560334956345,42.039822675202316,42.1749518101861,718000
2004-03-04,42.4404182434082,42.445241657536904,42.15085138788341,42.1798102826332,421600
2004-03-05,43.260833740234375,43.43457232409028,43.202919651617634,43.323571241406775,2789800
2004-03-08,43.516605377197266,43.58899705225774,43.43456319705905,43.46351839428582,1309400
2004-03-09,43.80615997314453,43.84476935001944,43.52625119578355,43.55520638744331,829000
2004-03-10,43.7772102355957,43.883384194233265,43.66621286574246,43.68551387459175,878900
2004-03-11,43.839942932128906,43.94129346848357,43.506947176938176,43.94129346848357,1337100
2004-03-12,43.56967544555664,43.825456073743815,43.540720259570804,43.72893633246296,442100
2004-03-15,43.64208984375,43.743436729526096,43.545570052152016,43.637262749571896,756200
2004-03-16,44.0040168762207,44.0040168762207,43.45867340130228,43.57449781468487,1374200
2004-03-17,43.9316520690918,44.14882711906808,43.868914573939875,44.14400002498133,1936500
2004-03-18,43.70000457763672,43.94613115446921,43.62761289186489,43.777219675664334,1842100
2004-03-19,43.64208984375,43.724132034807695,43.5359158637958,43.66139453846841,366700
2004-03-22,43.90752029418945,43.90752029418945,43.71930046047145,43.71930046047145,947200
2004-03-23,43.98478317260742,43.98478317260742,43.79656681638607,43.864131473388724,562200
2004-03-24,43.960601806640625,44.02817006947655,43.878559627331036,43.994387779055344,327400
2004-03-25,43.79170227050781,43.88822575654266,43.74826946328801,43.78205176290158,514000
2004-03-26,43.328399658203125,43.72413673750838,43.24153036362419,43.666226329118714,1378600
2004-03-29,43.03881072998047,43.06294250698385,42.903681615542865,42.97607326456079,2454000
2004-03-30,43.00988006591797,43.15948685906134,42.98574827515547,43.0967493578709,1021000
2004-03-31,43.21738052368164,43.255986215865,43.05329252443019,43.07259721151816,1647300
2004-04-01,43.075923919677734,43.14859432128891,42.90150756309456,43.10983800588234,1309200
2004-04-02,42.01005172729492,42.213536273357164,41.86470720711847,42.213536273357164,2603700
2004-04-05,41.68056869506836,41.85498494966484,41.62243240777354,41.82107088329086,1422700
2004-04-06,41.908287048339844,41.908287048339844,41.7629389095139,41.8598389008501,1695400
2004-04-07,41.81141662597656,42.05366120968127,41.78719068906249,41.81141662597656,659600
2004-04-08,41.69025802612305,41.86951649627876,41.65634396179447,41.74839430991159,893700
2004-04-12,41.54008102416992,41.60306695255949,41.47225286771754,41.57399510239611,311700
2004-04-13,41.08951950073242,41.234867709674006,41.07013949311631,41.14765952358076,1449500
2004-04-14,41.05560302734375,41.065294878768235,40.68739399309549,40.68739399309549,2529200
2004-04-15,40.813358306884766,41.08467470017387,40.78429014545882,41.0216887552733,1184800
2004-04-16,40.9683952331543,41.11858936078577,40.89572482857589,41.026535253175346,986900
2004-04-19,40.88119125366211,41.13797359621549,40.84243493268913,41.10890173503737,682100
2004-04-20,40.50813293457031,40.90541383878949,40.50813293457031,40.827893810474336,1618700
2004-04-21,40.706756591796875,40.85210474333967,40.561412136611125,40.561412136611125,763600
2004-04-22,40.94902038574219,40.98293447760447,40.764915843683916,40.81820994466162,1024300
2004-04-23,40.716453552246094,40.861798025681054,40.57595130714204,40.75036763235,963200
2004-04-26,40.78431701660156,40.83761114523465,40.72617695908527,40.74071104937417,515800
2004-04-27,40.939266204833984,40.963492101247795,40.735781981828126,40.890818108359184,1033400
2004-04-28,40.556583404541016,40.90541615902893,40.50813523227516,40.842433904719186,1215700
2004-04-29,40.35795211791992,40.78430128618198,40.21744980538419,40.57597078088545,2504900
2004-04-30,40.522666931152344,40.60018695930559,40.343404638316755,40.42092466647,831500
2004-05-03,40.57374572753906,40.646703338463816,40.41810455592943,40.41810455592943,668800
2004-05-04,40.29651641845703,40.80721606835268,40.21869767521112,40.67589160488061,3950900
2004-05-05,40.184654235839844,40.495936653283664,40.126287391026956,40.495936653283664,2236600
2004-05-06,40.07766342163086,40.199258271993344,40.06307263331222,40.15548219625707,3163200
2004-05-07,39.55234146118164,39.63988983255581,39.44533748386017,39.61556939742732,1756400
2004-05-10,39.45991134643555,39.69337480695345,39.45018540301955,39.63014689780993,958700
2004-05-11,39.63990020751953,39.649626157650054,39.45021263835809,39.45021263835809,766000
2004-05-12,39.377235412597656,39.61069891801457,39.367509467311194,39.591243316665114,1945700
2004-05-13,39.2264518737793,39.35777252008986,39.15835913705888,39.343181749474894,1187000
2004-05-14,39.54745864868164,39.586369842882256,39.26536176766647,39.41613800672421,4086400
2004-05-17,39.897666931152344,39.917122535545865,39.72743503118041,39.81984822435537,1735600
2004-05-18,39.74199676513672,39.839274716018025,39.673904054907005,39.73713193989905,674200
2004-05-19,39.61069869995117,39.615559817179374,39.469648374026534,39.59124309870882,319200
2004-05-20,39.91713333129883,39.93172411084583,39.698264216537595,39.75662733472559,1745900
2004-05-21,39.75663757324219,40.06791998633639,39.68367994594031,40.06305886575425,1461900
2004-05-24,39.88306427001953,39.92197546721067,39.72742319203098,39.84901790017128,314800
2004-05-25,39.99980545043945,40.0387166586227,39.887940365383955,39.89766631204124,645300
2004-05-26,40.213775634765625,40.238096044744104,40.038679073086605,40.07759024474274,505500
2004-05-27,40.52996826171875,40.56401464774077,40.28677872991069,40.3840530583228,1122800
2004-05-28,40.41810989379883,40.61266231169924,40.24787791967799,40.379198668063005,612700
2004-06-01,40.04796600341797,40.2335112759231,39.89171950958801,40.218863749190646,662000
2004-06-02,39.94542694091797,40.10167342438182,39.92101563972018,40.04796334645268,906600
2004-06-03,40.02845001220703,40.062628826190995,39.83802093405488,39.94056110121809,1173600
2004-06-04,39.7940788269043,40.1016881565147,39.764783764620844,40.05774556308952,568200
2004-06-07,39.80384826660156,39.83802708586343,39.65736920914151,39.75502191411488,377200
2004-06-08,39.877071380615234,39.88195513118905,39.588993425333584,39.64758353137855,1294200
2004-06-09,39.70619201660156,39.80384471285635,39.54994546746694,39.76966589664602,589400
2004-06-10,39.78432083129883,39.842910964382945,39.62319051489368,39.72572697300279,336200
2004-06-14,39.466922760009766,39.676879316321916,39.43274395899197,39.64758054029958,892200
2004-06-15,40.30186462402344,40.340927174654375,39.945425368633444,39.945425368633444,1567400
2004-06-16,40.1456184387207,40.20420853988341,40.03331453614236,40.0626133119336,494700
2004-06-17,40.4092903137207,40.41417033931098,40.02355595509779,40.082146063864066,552800
2004-06-18,40.32140350341797,40.453234980146696,40.218867082582165,40.40929239630731,394500
2004-06-21,40.350738525390625,40.40444866453282,40.277497087904514,40.34585476950108,731900
2004-06-22,40.22861862182617,40.32627126190344,40.21397109833552,40.24814989488351,362700
2004-06-23,40.3067626953125,40.3702365687329,40.126101128362045,40.17981122326052,302900
2004-06-24,40.5508918762207,40.69248713159322,40.4776505103728,40.65342829832353,1087900
2004-06-25,40.58995056152344,40.59971806371321,40.46300283474116,40.487414139794396,253200
2004-06-28,40.17494201660156,40.46302387764809,40.12611565589221,40.41907754536089,573100
2004-06-29,40.428836822509766,40.44836438264824,40.12122373475795,40.23352769421898,401500
2004-06-30,40.843833923339844,40.89266023529545,40.482514744617795,40.54110482888099,1730800
2004-07-01,40.920318603515625,40.96443839225142,40.65558865040178,40.86148847830154,1099300
2004-07-02,41.35173034667969,41.518413839582074,41.307610555761336,41.50370724260929,1293300
2004-07-06,41.28312301635742,41.46941292882964,41.24880635510634,41.45960977143029,351600
2004-07-07,41.29782485961914,41.386068226978296,41.24389814955325,41.278214806846535,303500
2004-07-08,41.32232666015625,41.444886650105616,41.292913459443305,41.32723010701976,715200
2004-07-09,41.366493225097656,41.38610329448638,41.22432302720816,41.30276330476304,2152900
2004-07-12,41.4252815246582,41.5037217228577,41.39586832045065,41.479208225861726,1297800
2004-07-13,41.30271911621094,41.31252227029805,41.15564562326424,41.27820562064172,307100
2004-07-14,41.317420959472656,41.361544498369256,41.253691114659645,41.33703100562293,241400
2004-07-15,41.36156463623047,41.36646434497818,41.26351435774096,41.32234452483467,562700
2004-07-16,41.9106330871582,41.91553653635832,41.596879662596145,41.596879662596145,2970600
2004-07-19,41.94003677368164,41.94983992874463,41.846889969527275,41.871403467536744,978300
2004-07-20,41.562564849853516,41.85670823095204,41.47432146150036,41.82239156549448,1091500
2004-07-21,41.449771881103516,41.454671585579696,41.27328527391799,41.38113861611275,662800
2004-07-22,41.50859451293945,41.59683780857338,41.464474735238525,41.464474735238525,154700
2004-07-23,41.645912170410156,41.65571907098543,41.562572216703735,41.562572216703735,209200
2004-07-26,41.449771881103516,41.59193811556123,41.40564835919092,41.59193811556123,712000
2004-07-27,40.89091873168945,41.41057191621432,40.89091873168945,41.37625526705201,961200
2004-07-28,40.89582824707031,40.94975495729272,40.70953835554254,40.79778172315783,495200
2004-07-29,40.988975524902344,41.00858557795287,40.822291944090416,40.822291944090416,519600
2004-07-30,41.469417572021484,41.489027629251424,41.180177643410794,41.2144943085042,578400
2004-08-02,41.5235595703125,41.64167697304526,41.49895005708777,41.58753904785847,714800
2004-08-03,41.69088363647461,41.74994420308871,41.53831519965955,41.582607808457304,509500
2004-08-04,41.71056365966797,41.89266422740321,41.587523648872484,41.676112606840555,481300
2004-08-05,41.82868194580078,41.87789720023321,41.76470249052695,41.774544039460146,623100
2004-08-06,42.53245162963867,42.74900315651384,42.38480593349048,42.527532734850794,1240900
2004-08-09,42.38484573364258,42.493117843868156,42.36023621706833,42.39960994163311,322100
2004-08-10,42.23225784301758,42.542321115483354,42.23225784301758,42.45373214547651,860100
2004-08-11,42.41437911987305,42.45867174903499,42.19290846429237,42.23720109345432,898400
2004-08-12,42.50294494628906,42.50294494628906,42.27162910716157,42.325767016526875,697500
2004-08-13,42.6407356262207,42.768698258161585,42.581675083429005,42.65549982319806,637500
2004-08-16,42.49312973022461,42.58664141350217,42.335638542796445,42.5571129892613,729400
2004-08-17,42.73423767089844,42.744079215058285,42.50292195688729,42.52260880008839,182000
2004-08-18,42.527557373046875,42.84745844414231,42.52263472052556,42.83269424146206,365300
2004-08-19,42.63091278076172,42.694892247356904,42.49310478712888,42.57185221206193,372900
2004-08-20,42.59152603149414,42.69487917892059,42.52262393320984,42.611212881701476,875400
2004-08-23,42.3454475402832,42.40942698956745,42.3109964899174,42.379898590649006,1007200
2004-08-24,42.370059967041016,42.394669473274455,42.21256888984406,42.30115785544756,1044200
2004-08-25,42.517723083496094,42.64076314422039,42.44882094988127,42.48327201668868,588200
2004-08-26,42.75886535644531,42.75886535644531,42.54231747984414,42.601374284879306,478000
2004-08-27,42.729339599609375,42.83269276970359,42.64075063168811,42.734262251961546,304400
2004-08-30,42.93110275268555,42.93110275268555,42.77853065515929,42.8179043419326,259100
2004-08-31,43.1968994140625,43.310097913029765,42.936055106958705,42.9655872724935,1721100
2004-09-01,43.241355895996094,43.335238116131364,43.063468635854626,43.335238116131364,1388900
2004-09-02,42.8164176940918,43.17219233301865,42.8164176940918,43.17219233301865,867000
2004-09-03,42.82136535644531,42.82136535644531,42.4952373070862,42.72747932346294,958100
2004-09-07,42.77688217163086,42.78182453277795,42.589113917128074,42.613818183029586,475500
2004-09-08,43.1375846862793,43.147465635346464,42.58415729062499,42.623688626725084,584800
2004-09-09,42.97455596923828,43.27597605665783,42.9202012800368,43.098088668347316,284800
2004-09-10,43.03875732421875,43.25123354819135,43.01899165571946,43.17711323379797,711700
2004-09-13,43.2265625,43.25126677716701,43.048675116755334,43.088202714206275,152900
2004-09-14,43.27098846435547,43.32534309674307,43.07827795676847,43.16722155795592,695700
2004-09-15,43.17219543457031,43.236431060690144,43.078309406464896,43.236431060690144,642500
2004-09-16,43.66133117675781,43.72062813946092,43.23637903550155,43.26602563189657,1103400
2004-09-17,43.4439582824707,43.676200250739406,43.4291349687373,43.547725248521544,765400
2004-09-20,43.730567932128906,43.765156931109004,43.577388618062486,43.61197761704259,727200
2004-09-21,43.85904312133789,43.93810207502418,43.532915041346776,43.66139008224493,1018500
2004-09-22,44.31361770629883,44.37785330588881,43.80466395977345,43.87878427924869,2541200
2004-09-23,44.135719299316406,44.41243106755243,44.135719299316406,44.308664154463926,2391000
2004-09-24,44.19008255004883,44.21972916816369,44.02701861058544,44.15055121261846,1984300
2004-09-27,44.38280487060547,44.417393857545356,44.25927223583202,44.274095548818146,1420800
2004-09-28,44.20494079589844,44.447063831665474,44.08635045979686,44.31365017479105,1161100
2004-09-29,43.775001525878906,43.913361176792215,43.76017822004552,43.82935616054466,1970700
2004-09-30,43.60698318481445,43.66628015651229,43.463684997313244,43.55262856990318,1945700
2004-10-01,43.38920593261719,43.47851491582765,43.30982227276441,43.41401545560966,1999300
2004-10-04,43.45372009277344,43.463641633221435,43.16594620954648,43.16594620954648,1106200
2004-10-05,43.45372009277344,43.51325690626681,43.37433262757868,43.4289105635494,501700
2004-10-06,43.2552490234375,43.39913594445436,43.175861569606624,43.38921062002442,531300
2004-10-07,43.06669616699219,43.25523563337314,43.036923988320794,43.16592666816091,2128600
2004-10-08,43.63728332519531,43.76628602306376,43.53805281015897,43.64720864793985,1534500
2004-10-11,43.68192672729492,43.71169511588028,43.52811833907006,43.637270359016505,60800
2004-10-12,43.78115463256836,43.85557938504586,43.741464711927165,43.83076987241997,757900
2004-10-13,43.939918518066406,43.939918518066406,43.63726068322303,43.66207019181002,648000
2004-10-14,44.148292541503906,44.16317672709979,43.86548165898772,43.91013421577536,717100
2004-10-15,43.99451446533203,44.15328554341441,43.75139708007488,44.063976575405505,746400
2004-10-18,44.014381408691406,44.05407514267603,43.845688717361014,43.98461300090435,613600
2004-10-19,44.12846374511719,44.15326946945516,43.7960337274709,43.82580589623606,505400
2004-10-20,44.4311637878418,44.46093219947668,44.25750462556283,44.28727682260102,1127100
2004-10-21,44.46091079711914,44.60479769309641,44.37656448115362,44.37656448115362,1649200
2004-10-22,44.56511306762695,44.56511306762695,44.341842471472006,44.40634194059622,491500
2004-10-25,44.59983825683594,44.69906877862955,44.55518565764934,44.68914724061089,246800
2004-10-26,44.465858459472656,44.659360547487815,44.465858459472656,44.6295883748238,503700
2004-10-27,44.02924346923828,44.67921573379082,44.01932193343331,44.589906769942424,2351800
2004-10-28,44.17313003540039,44.23763326658597,43.92008734202815,44.029243162126015,839200
2004-10-29,44.376548767089844,44.40135449425973,44.118543463802034,44.21281506908798,1169300
2004-11-01,44.10055923461914,44.33969634801762,44.04077780698612,44.21514663917487,923500
2004-11-02,44.16530990600586,44.205166709172936,43.99592039302275,44.08061704999128,709300
2004-11-03,44.185264587402344,44.215155307078604,43.841506107300475,43.856451467138605,1066600
2004-11-04,44.230079650878906,44.3895030816622,44.2151342981421,44.26993645881333,2285100
2004-11-05,43.746826171875,43.806611383591566,43.60234809427576,43.71195241527894,1838000
2004-11-08,43.59238052368164,43.642199626946486,43.54256142041679,43.59238052368164,454100
2004-11-09,43.567481994628906,43.70698084648437,43.5425743360853,43.5425743360853,373000
2004-11-10,43.403099060058594,43.577467953128256,43.298477724216795,43.49775428717824,1303400
2004-11-11,43.30842590332031,43.56748763122964,43.30842590332031,43.56748763122964,309700
2004-11-12,43.7767448425293,43.89631153100763,43.50771694273568,43.51269619574475,1125900
2004-11-15,43.81658172607422,43.84149318576635,43.71196043708643,43.81658172607422,763200
2004-11-16,43.81658172607422,43.81658172607422,43.692032029523745,43.74683420008236,520900
2004-11-17,44.19023132324219,44.220125835407096,43.786691518089704,43.786691518089704,1249400
2004-11-18,44.32476043701172,44.36959651729135,44.04577024605504,44.11551779379421,891500
2004-11-19,43.97103500366211,44.354646475738846,43.886338303812856,44.28988198851848,1244500
2004-11-22,44.20024108886719,44.27497174166612,43.990998301797276,44.015905985424325,511500
2004-11-23,44.2550163269043,44.4393475169807,44.08064744401179,44.090609751195686,746300
2004-11-24,44.2550163269043,44.294873157553035,44.20519718907166,44.294873157553035,309700
2004-11-26,43.966026306152344,44.010862355547886,43.95606400660456,43.98595470620158,697100
2004-11-29,43.49773406982422,43.64221217148891,43.42798654501438,43.57744769872406,1546400
2004-11-30,43.31342315673828,43.42302754711929,43.15897887894832,43.31342315673828,1754500
2004-12-01,43.24589157104492,43.3959656011813,43.11082799715508,43.37095199064487,2489800
2004-12-02,43.07077407836914,43.170824625763984,43.02575419444507,43.1057908158228,2881500
2004-12-03,43.74113082885742,43.85118460182858,43.486006520291646,43.5960602932628,2233700
2004-12-06,43.89114761352539,43.94617443303836,43.74607725449448,43.766087354002494,1314100
2004-12-07,43.94619369506836,43.966203803346986,43.77111001830273,43.8911668514366,784300
2004-12-08,44.631534576416016,44.63153457641601,44.201326703164625,44.2263402976829,2639700
2004-12-09,44.336395263671875,44.65654946413777,44.306382000046675,44.51648247850133,1428900
2004-12-10,44.44645690917969,44.546507499998306,44.35641328571283,44.4964802963191,1445000
2004-12-13,44.54147720336914,44.66653750420412,44.42142038319807,44.431423527988365,677400
2004-12-14,44.716548919677734,44.74156249977986,44.37138136025819,44.39139146103259,1568200
2004-12-15,45.12178039550781,45.14679399635989,44.94169315568393,44.99672002432676,2511500
2004-12-16,44.456451416015625,44.966695928286946,44.44644445146867,44.966695928286946,1998200
2004-12-17,44.39641571044922,44.46144570598681,44.23633864590125,44.26135223770554,1319800
2004-12-20,44.476478576660156,44.57152187705445,44.43145485201848,44.45646845643499,230500
2004-12-21,44.611507415771484,44.64152066449288,44.47144049968868,44.55147710179148,245200
2004-12-22,44.46147155761719,44.62655219981799,44.371427917920435,44.62655219981799,511600
2004-12-23,44.31637954711914,44.41643010745446,44.306376399354924,44.391416513235974,738600
2004-12-27,43.97124481201172,44.206359014272536,43.8711941852299,44.18634888891617,1322600
2004-12-28,43.93622589111328,43.97624613986248,43.72112182476256,43.951232530258984,1253500
2004-12-29,43.89114761352539,44.021211352059346,43.806107553018514,43.95618139106049,567500
2004-12-30,44.186309814453125,44.24633632089891,43.891165497122735,43.92118256688343,626400
2004-12-31,44.46502685546875,44.51524068589292,44.339490363873495,44.37464042827738,1056400
2005-01-03,44.560462951660156,44.61067681698091,44.26922100037083,44.27926224100604,1168000
2005-01-04,44.09344482421875,44.565463352144576,44.09344482421875,44.550399583137654,1935400
2005-01-05,44.32943344116211,44.46501496121638,44.158705697175144,44.18381069013688,1094100
2005-01-06,44.35955047607422,44.459981917379544,44.299295442358776,44.334445489048704,1057400
2005-01-07,44.46000671386719,44.62571581114039,44.36459774918204,44.57047944538265,738700
2005-01-10,44.530303955078125,44.550390253237616,44.424853763043,44.51021765691863,379400
2005-01-11,44.79137420654297,44.83154676343283,44.56038775102507,44.640732864804804,844100
2005-01-12,44.8516731262207,44.91193201540941,44.59055893520825,44.625708996134335,722000
2005-01-13,45.283504486083984,45.283504486083984,45.057540428027984,45.067581657490614,1876700
2005-01-14,45.27849578857422,45.393991033553185,45.09772295447538,45.14291807853471,1043800
2005-01-18,45.42914581298828,45.43918704656158,45.057558873661556,45.0927089377726,1251600
2005-01-19,45.5597038269043,45.614936356938784,45.328713318067564,45.59485389023692,655800
2005-01-20,45.650115966796875,45.70534852794476,45.36891147065925,45.40406155379249,1064200
2005-01-21,45.700340270996094,45.72042658467418,45.454285801744085,45.49445842910024,606300
2005-01-24,45.896121978759766,45.94633578717696,45.69526291402299,45.74045419227806,561400
2005-01-25,45.46429443359375,45.89614025385802,45.44923066817724,45.876053956279506,1942200
2005-01-26,45.54963302612305,45.65508315653969,45.5094604532784,45.619933113067475,709800
2005-01-27,45.46429443359375,45.54463579283828,45.363862945701165,45.454249369269725,463900
2005-01-28,45.92124938964844,45.99657205458644,45.78064912500145,45.80575795700408,1128000
2005-01-31,46.05178451538086,46.07187080434251,45.8408842278854,45.86097051684705,1313900
2005-02-01,45.97871398925781,46.11984514052237,45.89302776820939,46.08960384969009,948200
2005-02-02,46.08457946777344,46.099700118805146,45.91320311649474,45.96864806730225,760300
2005-02-03,46.05936050415039,46.08960564169408,45.8980672042146,45.8980672042146,505800
2005-02-04,46.69948196411133,46.84565457394622,46.6037127742629,46.60875426992189,3483900
2005-02-07,47.04727554321289,47.08759982366354,46.7246889906778,46.74485113090312,1064600
2005-02-08,47.31441116333008,47.44042162934409,47.042228095275725,47.062390231302075,1383800
2005-02-09,47.440467834472656,47.50095045592513,47.06747372300512,47.09771887926935,2125800
2005-02-10,46.80031204223633,47.21866794236931,46.7499085972226,47.12289870496778,1240000
2005-02-11,46.77009201049805,46.865861291445455,46.5735157936867,46.60375710533826,1275200
2005-02-14,46.916263580322266,46.981787702433316,46.739849524224795,46.82553580210956,295000
2005-02-15,46.67933654785156,46.80534706572276,46.659174403527864,46.67429505038668,900200
2005-02-16,46.502925872802734,46.6591776954154,46.27106696502596,46.6289363995642,1189700
2005-02-17,46.210567474365234,46.442426316647214,46.17024319426358,46.25089175446688,1146400
2005-02-18,45.797264099121094,45.84262604086272,45.595646496241166,45.64101228351871,2655800
2005-02-22,45.59564971923828,45.741822395520266,45.56540842260622,45.681335956719934,914600
2005-02-23,45.746856689453125,45.953511926456066,45.58052189309805,45.93839128052117,1115000
2005-02-24,45.64603042602539,46.03414481865421,45.64603042602539,45.948458623852524,798500
2005-02-25,45.86786651611328,45.93843215695649,45.676331754615866,45.81242153465948,588800
2005-02-28,45.37386703491211,45.91823341246308,45.30834294791532,45.91823341246308,2797300
2005-03-01,45.3597526550293,45.43559740122462,45.228288685465685,45.27379707623249,1648500
2005-03-02,45.29905700683594,45.36479089274301,45.213101464243124,45.22826963556863,1139300
2005-03-03,45.273746490478516,45.40521031315355,45.228238150559584,45.314197490935406,1600600
2005-03-04,45.764217376708984,45.84511554318512,45.44061699556273,45.501289656014634,1567000
2005-03-07,45.94622039794922,46.006893028457995,45.88554390982152,45.93610572111847,889800
2005-03-08,45.511375427246094,45.642835346464,45.47598177859229,45.57204804915639,680400
2005-03-09,44.76811981201172,45.20295841563173,44.717557991092576,45.09172009503782,2549600
2005-03-10,45.041160583496094,45.16756707108496,44.69227744331244,44.869245754412894,1357700
2005-03-11,44.71250534057617,44.934982005094426,44.69733717847176,44.8237436728353,1017900
2005-03-14,44.98051071166992,45.000736224573146,44.64679939282199,44.682193075997105,805000
2005-03-15,44.69731521606445,45.152379143697665,44.69731521606445,45.14732180627447,963900
2005-03-16,44.97038269042969,45.182744708287665,44.76813149634657,44.76813149634657,2097800
2005-03-17,45.117027282714844,45.2939956802466,45.061408092401756,45.17769995751331,1025300
2005-03-18,44.83386993408203,44.99061666425198,44.83386993408204,44.950165646297066,722700
2005-03-21,44.70743942260742,44.833845892717235,44.687213924475536,44.833845892717235,893100
2005-03-22,44.328216552734375,45.02598268216053,44.262486582150046,44.9703635310434,2544900
2005-03-23,44.540618896484375,44.576016440787015,44.25746940304346,44.25746940304346,1951700
2005-03-24,44.63158416748047,44.72765429638214,44.58607970070709,44.656866998544615,746800
2005-03-28,44.358585357666016,44.49510272549304,44.35352801585864,44.49004538368567,382200
2005-03-29,44.62150573730469,44.63667390390534,44.49004186406368,44.535550221486844,1135000
2005-03-30,44.84397506713867,44.87431139533355,44.575993881095684,44.59621552814522,1095600
2005-03-31,45.16756820678711,45.19790453013287,44.929923386925466,45.10183436271136,2410900
2005-04-01,45.3198356628418,45.50253631168947,44.91383336053031,45.436558711207034,2805300
2005-04-04,45.30964660644531,45.50249928548176,45.25382123850547,45.30964660644531,754800
2005-04-05,45.19297409057617,45.35029819112141,45.13207256523958,45.28939666578483,733300
2005-04-06,45.35026550292969,45.39086649055581,45.26906352767746,45.37564208817684,402800
2005-04-07,44.984859466552734,45.46191133947744,44.96963506582924,45.319811770161024,973000
2005-04-08,45.14220428466797,45.1675808788754,44.83262842057563,44.94427924000889,438600
2005-04-11,45.38581085205078,45.48223727313615,45.13713646664249,45.15236087588227,1460200
2005-04-12,45.80699920654297,45.878048971430665,45.2284489085021,45.28427427690269,1931500
2005-04-13,45.69539260864258,45.89839379237469,45.57359344717352,45.85271668687034,1001700
2005-04-14,45.62434387207031,45.73599471940367,45.50254470767284,45.71569421334982,1461800
2005-04-15,46.228240966796875,46.24346924155044,45.786717797028665,45.94911788042269,2807300
2005-04-18,46.192726135253906,46.380502845564926,46.152129009501564,46.3703545321079,3510800
2005-04-19,46.63933181762695,46.71038163133387,46.344980376884344,46.35512869087485,1733600
2005-04-20,46.5225830078125,46.573332297720626,46.27390877691685,46.29420926726462,1617900
2005-04-21,46.03537368774414,46.3956986078361,46.03029759818739,46.334801020842555,1288500
2005-04-22,46.4211311340332,46.476956570677,46.228278217654115,46.31962858016881,876300
2005-04-25,46.55811309814453,46.59871408337492,46.44139010551099,46.5175159848372,818300
2005-04-26,46.487056732177734,46.71543433784164,46.3551054848112,46.684981667266285,549300
2005-04-27,46.64945983886719,46.79155940446699,46.588562237566,46.71543740284051,684900
2005-04-28,46.99455642700195,47.01993300665721,46.66468025109586,46.71543341040636,1062000
2005-04-29,46.9133415222168,47.167091740105164,46.80169080683854,46.979315184976194,1445100
2005-05-02,46.90320587158203,46.989793093603836,46.70966596370427,46.933767667623925,1358200
2005-05-03,47.0305061340332,47.132372247184854,46.81659312510708,46.8929917385221,1884900
2005-05-04,46.61801528930664,46.71478724207198,46.3735440944673,46.57726879490022,2211500
2005-05-05,46.72488784790039,46.77581893136529,46.454949608323105,46.50079030349632,1757900
2005-05-06,46.37858963012695,46.44989398346603,46.251259872622065,46.31237955511091,850600
2005-05-09,46.42443084716797,46.47026769516534,46.348032214709825,46.35312649308593,327800
2005-05-10,46.755496978759766,46.755496978759766,46.52120676301435,46.53139532150581,495500
2005-05-11,46.898109436035156,47.12220722529099,46.852268690775816,46.92866734234349,1058700
2005-05-12,47.08144760131836,47.09672654894133,46.7147373151854,46.85734600739368,657000
2005-05-13,47.26481246948242,47.376859403703854,47.14766737061045,47.218971731386006,1698100
2005-05-16,47.20879364013672,47.40233351982081,47.20369936057229,47.38705456692427,824800
2005-05-17,47.34116744995117,47.46340672497896,47.31570384866511,47.346261724525576,856300
2005-05-18,47.65696716308594,47.774112214539755,47.53982211163212,47.723177218206565,1092300
2005-05-19,47.534767150878906,47.72321278890973,47.509299633729995,47.72321278890973,948800
2005-05-20,47.59077835083008,47.626430532700404,47.47363324708677,47.49400647755501,806800
2005-05-23,47.962589263916016,47.99315105897969,47.65699851385974,47.67227746849297,905600
2005-05-24,48.09498977661133,48.207040570070646,47.9676600360067,48.14592089569412,1695400
2005-05-25,47.758811950683594,48.20701488572159,47.73844262253936,48.17645312191876,1923300
2005-05-26,47.743587493896484,47.911663786334664,47.66718882589752,47.66718882589752,978300
2005-05-27,47.79450607299805,47.86581432729313,47.6417126629857,47.74357493632726,650600
2005-05-31,48.38530731201172,48.41077481754687,47.9880390947562,47.9880390947562,1979000
2005-06-01,48.97774887084961,48.993084146042946,48.66080944986495,48.66591860818216,3823200
2005-06-02,49.095359802246094,49.1720401314184,48.936889982047276,48.936889982047276,1703400
2005-06-03,48.691505432128906,49.586100020120774,48.66594402670856,49.53498110940296,5558100
2005-06-06,48.94711685180664,49.013571063331064,48.742637254646375,48.81931759109697,1088700
2005-06-07,49.33560562133789,49.37138924232038,49.10045555486411,49.315157280759024,1503100
2005-06-08,49.100433349609375,49.30490886268144,49.100433349609375,49.233341653082135,1272400
2005-06-09,49.05960464477539,49.080053004431946,48.78355763960069,48.90624389741417,612700
2005-06-10,48.50748062133789,48.84487249672739,48.49214533611535,48.84487249672739,1464800
2005-06-13,48.21610641479492,48.323457329094154,48.13942607597431,48.29789981623665,1616700
2005-06-14,47.899169921875,48.13432403575292,47.832715698463616,48.07809203897228,1984500
2005-06-15,47.986061096191406,47.98606109619141,47.71001426369637,47.74068483393248,1996800
2005-06-16,48.22632598876953,48.26722268724218,47.83270599131078,47.950283024388696,1370300
2005-06-17,48.22121810913086,48.292785383299616,48.06274437336524,48.10875413540169,555900
2005-06-20,48.139434814453125,48.154770104976166,47.84805259414107,47.960516591476384,453000
2005-06-21,48.49216079711914,48.49216079711914,48.21611387472974,48.24678445495368,503100
2005-06-22,49.08003616333008,49.12092896848559,48.69663832661025,48.81421147913462,952200
2005-06-23,49.028926849365234,49.064710498473474,48.839782475435854,48.97269484360583,996300
2005-06-24,49.274314880371094,49.304985474965164,49.085170446745934,49.197634493759466,928000
2005-06-27,49.40718460083008,49.48897408245389,49.25382396011615,49.32539121908316,1203600
2005-06-28,49.06982421875,49.264081674910585,49.02893140177594,49.238520251691895,982400
2005-06-29,48.99309539794922,49.32026491106962,48.870409268105156,49.31515185145728,1682400
2005-06-30,49.43274688720703,49.44297301097571,48.97778188258756,49.00334329188579,2159400
2005-07-01,48.83358383178711,49.3773217925971,48.72586315715547,49.264470443871296,2222700
2005-07-05,48.37193298339844,48.59763180493498,48.3565409585488,48.39757853103119,1076100
2005-07-06,48.63868713378906,48.64381781061198,48.43863378685244,48.54122384195234,854100
2005-07-07,48.74128341674805,49.0131545332643,48.71050717899763,48.95159814420322,1678000
2005-07-08,48.54119873046875,48.85923399844703,48.38218305325847,48.85923399844703,1259300
2005-07-11,48.54119873046875,48.55146007880615,48.1923872445937,48.27446237706205,982000
2005-07-12,48.26936340332031,48.48993557474044,48.2488446067277,48.397602946853866,743700
2005-07-13,48.19754409790039,48.26935792103797,48.14624906902495,48.24371236338017,886600
2005-07-14,48.07442855834961,48.28986999779273,48.01287218412617,48.26935120638492,874300
2005-07-15,48.20266342163086,48.23343964899539,47.96157253778487,47.96157253778487,1064700
2005-07-18,47.843589782714844,48.20266272217938,47.756387864074725,48.14110635478461,1204500
2005-07-19,48.012916564941406,48.074472996064635,47.76669866757431,47.82312441771321,1226900
2005-07-20,48.27452087402344,48.341204064789466,47.797469350764615,47.966746581435075,1884500
2005-07-21,47.61788558959961,47.9820852503372,47.54094111737428,47.95130902687043,3824200
2005-07-22,47.98723602294922,48.02314293655141,47.720495595995736,47.756402509597926,1614900
2005-07-25,47.81285095214844,48.06933014655771,47.77694402147362,47.91031429836378,305100
2005-07-26,47.889801025390625,47.91545051321934,47.792337667916364,47.843632730011414,340500
2005-07-27,47.81285095214844,47.843627203137736,47.7102608398095,47.7410370907988,593300
2005-07-28,48.23860168457031,48.305284858397066,47.90004730923114,47.90004730923114,578900
2005-07-29,47.761512756347656,48.11545497728103,47.628142599921425,48.11545497728103,1699500
2005-08-01,47.58387756347656,47.67655352812239,47.377930538917745,47.62506775401088,1760300
2005-08-02,47.42946243286133,47.60451500618414,47.34708197850969,47.50668919867064,1071400
2005-08-03,47.66111373901367,47.70745369078943,47.49635688580262,47.49635688580262,591100
2005-08-04,47.56331253051758,47.77440944434482,47.470636507296035,47.67143390292351,1046800
2005-08-05,47.19265365600586,47.30077512301048,47.13601804070077,47.21324485419072,1041600
2005-08-08,47.10508346557617,47.29043551710337,47.07934252560123,47.2029092505809,836600
2005-08-09,47.2801399230957,47.290435513461816,46.996962086585576,47.213204837312205,1474800
2005-08-10,47.22867965698242,47.41917764264477,47.130853819079604,47.372841568765004,909300
2005-08-11,47.55812454223633,47.59931079418056,47.21316169440696,47.38306824105417,881600
2005-08-12,48.04213333129883,48.10906840875263,47.66113368532019,47.6868785502047,1765100
2005-08-15,47.918582916259766,48.03700383563636,47.9082873236739,48.01640872234842,954300
2005-08-16,48.25323486328125,48.34591088641377,48.13996373188426,48.23263975501678,1311000
2005-08-17,47.93404006958008,48.25840827357269,47.87225864262315,48.14513708666208,1278200
2005-08-18,48.289283752441406,48.29957934431371,48.02155122637006,48.11422726568461,833900
2005-08-19,48.28413009643555,48.31502079767587,48.05758781236485,48.067887331522044,439200
2005-08-22,48.23264694213867,48.2944322761387,47.9855095342544,48.16056601652989,599300
2005-08-23,48.45402526855469,48.515810584434725,48.217187449853206,48.258377660439905,491800
2005-08-24,48.50035858154297,48.567293652010356,48.32015633050476,48.53639903175061,998200
2005-08-25,48.65483474731445,48.71147031894154,48.42829246080614,48.5415636040603,812400
2005-08-26,48.63938903808594,48.85048204413661,48.50037302580187,48.73206507023677,874600
2005-08-29,48.701175689697266,48.85048730915033,48.65483963268565,48.82474636462701,550100
2005-08-30,49.01009750366211,49.09247402391045,48.768109846736905,48.82474542295838,1392700
2005-08-31,49.42196273803711,49.427112495460634,49.06670803809349,49.071853867403036,1310800
2005-09-01,49.12437057495117,49.46536646330519,49.04687025519753,49.24320098232075,1899000
2005-09-02,49.16573715209961,49.232902038039896,48.979737838291385,49.021067953267845,621400
2005-09-06,48.819576263427734,49.17090791236634,48.814412461970186,49.0882437288807,965300
2005-09-07,48.3597297668457,48.659395709915515,48.2357315614427,48.659395709915515,1090200
2005-09-08,48.41136169433594,48.55603076551402,48.35969613982976,48.50952900717807,373100
2005-09-09,48.56636428833008,48.73169643461718,48.50436325528643,48.545697277315526,426300
2005-09-12,48.230587005615234,48.41658637405067,48.14792280955158,48.39075553733305,917300
2005-09-13,48.483699798583984,48.62836888629144,48.38036867776538,48.442369715354296,450400
2005-09-14,48.297752380371094,48.50441482658751,48.2460828269835,48.47341624802174,346400
2005-09-15,47.8998908996582,48.23055535055606,47.73972641489457,48.23055535055606,2225800
2005-09-16,47.584720611572266,47.78105531818734,47.471053979706845,47.68805570500935,2145500
2005-09-19,47.68805694580078,47.76038954217338,47.58472184967503,47.62605588812533,886100
2005-09-20,47.81205368041992,47.94638733042521,47.47105378621361,47.68288777052312,1848800
2005-09-21,48.256370544433594,48.261538283023405,48.1168691953159,48.194369506844666,993000
2005-09-22,48.209861755371094,48.282194317769346,48.11686218345492,48.2408642405625,761700
2005-09-23,47.8482551574707,48.10141942329233,47.8482551574707,48.07558858741955,656800
2005-09-26,47.63124465942383,47.72940811679767,47.58474286017719,47.589910602722945,680900
2005-09-27,47.698394775390625,47.82239296526466,47.502063979604124,47.67256001249415,827800
2005-09-28,48.01872634887695,48.06005644978197,47.66739486928102,47.734559732354036,712800
2005-09-29,47.80171203613281,47.84821380745121,47.719047914210456,47.84304606800911,657100
2005-09-30,47.63639450073242,47.88956256746232,47.53306333109306,47.83272924161123,1391800
2005-10-03,47.263973236083984,47.82416655811838,47.25359701385283,47.61150149081117,1370900
2005-10-04,47.419612884521484,47.48185838771525,47.31068622196135,47.3936802262197,783200
2005-10-05,47.62702560424805,47.710019489429754,47.49735062667632,47.55440793339719,1215800
2005-10-06,47.44552230834961,47.585569663557116,47.42996193081208,47.564821174383844,340000
2005-10-07,47.63740158081055,47.69445889198653,47.1809470487693,47.24837661771974,1337800
2005-10-10,47.606292724609375,47.70484700619885,47.52330276961368,47.642601571926406,159700
2005-10-11,47.50777053833008,47.67894263019409,47.43515279463689,47.63744564597793,679100
2005-10-12,47.04608917236328,47.429930027829926,47.02015654636711,47.429930027829926,1105700
2005-10-13,46.87491989135742,46.94234946593818,46.724496418184756,46.812674467413494,1376600
2005-10-14,46.80229187011719,47.04607748930301,46.589623019979264,46.99420829282445,1042600
2005-10-17,46.7919807434082,46.99946177529175,46.745299588854465,46.900907394738475,1058200
2005-10-18,46.84379959106445,46.931981605924804,46.80230659524653,46.92160538894487,878200
2005-10-19,46.864566802978516,47.13429314914509,46.86456680297852,47.025366571513196,904800
2005-10-20,46.989051818847656,46.994239929197946,46.75045018852761,46.828256014307094,810300
2005-10-21,47.42475509643555,47.44550357741756,47.072038834477524,47.113535796441546,1252800
2005-10-24,47.056480407714844,47.41438479405097,46.93717762648004,47.36769972057013,939100
2005-10-25,46.651912689208984,47.22767041828872,46.64672457742932,47.10836759157508,632900
2005-10-26,46.3095588684082,46.527412029198196,46.24731736953618,46.39773696338954,2895800
2005-10-27,46.475528717041016,46.574083003561846,46.31992105962512,46.475528717041016,1197400
2005-10-28,46.480735778808594,46.620783123324344,46.22657373123663,46.537793130336695,750400
2005-10-31,46.568904876708984,46.7037680412722,46.465166416194876,46.563716766472695,547700
2005-11-01,46.51525115966797,46.70802413146846,46.41625909645334,46.59340257931392,647100
2005-11-02,46.2963981628418,46.57252954190562,46.280768684773065,46.411019635270605,781100
2005-11-03,45.98380661010742,46.353718912436065,45.973384305847794,46.31203764528637,962900
2005-11-04,45.91087341308594,46.18179374117203,45.77541126157038,46.06717222642387,1888700
2005-11-07,46.06718063354492,46.1453320419488,46.03071050628255,46.10886191468642,1121600
2005-11-08,46.51525115966797,46.53609180323664,46.312059853556285,46.312059853556285,1396800
2005-11-09,46.03594207763672,46.3329143813255,46.03594207763672,46.254762938260555,1140300
2005-11-10,46.59859085083008,46.61943148416457,46.17657498195929,46.22346740069799,1695200
2005-11-11,46.624656677246094,46.73406706332051,46.59860885672128,46.681967447324965,193700
2005-11-14,46.27558135986328,46.60381249313508,46.171382135793195,46.56734236721599,1230100
2005-11-15,46.57773208618164,46.70798301261115,46.23907888247635,46.23907888247635,839800
2005-11-16,47.0675048828125,47.11960846878042,46.76011439531852,46.78616618830248,1822300
2005-11-17,47.18210983276367,47.359253217928234,46.91640071743303,46.97891863871359,1003100
2005-11-18,46.96332550048828,47.1248355553715,46.92164420408384,47.083158233914254,734200
2005-11-21,47.10395050048828,47.234201436757814,47.062269246895674,47.06747642238741,503300
2005-11-22,47.16646194458008,47.23940214090346,47.07268112431536,47.083103423757315,1026900
2005-11-23,46.984127044677734,47.24984011942402,46.817405972766004,47.197736554809694,768300
2005-11-25,47.15610885620117,47.1717383520435,47.06753508818123,47.104009211744085,421500
2005-11-28,47.39052200317383,47.48430287948066,47.16127897776934,47.16127897776934,883400
2005-11-29,46.942447662353516,47.46866268146344,46.9059775506297,47.453033201430955,889200
2005-11-30,46.890357971191406,47.04666075440667,46.796577096251234,47.04666075440667,1642800
2005-12-01,46.81712341308594,47.099690632941666,46.66537412877934,47.09445679769066,1214800
2005-12-02,46.83277893066406,46.85894409120967,46.64963478357375,46.71242478129444,746200
2005-12-05,46.62350082397461,46.75431872976143,46.49268291818778,46.75431872976143,431100
2005-12-06,47.099674224853516,47.15723441582265,46.73861557100079,46.78571208735971,968800
2005-12-07,46.921756744384766,47.047344784950376,46.84326521709248,46.98978459775237,386600
2005-12-08,47.225250244140625,47.28281042531359,46.98977967915628,47.08396870359891,976200
2005-12-09,46.85373306274414,47.099671319487776,46.81710421550009,47.08397381241817,817400
2005-12-12,46.76478576660156,46.96362754350492,46.644431538314265,46.96362754350492,440500
2005-12-13,46.93745803833008,47.00025206367914,46.77001129631116,46.94792570534421,598700
2005-12-14,47.41888427734375,47.52353702350443,47.167712097413215,47.199107122812144,635000
2005-12-15,47.30373001098633,47.324661343689414,47.08918684496231,47.324661343689414,724300
2005-12-16,47.460731506347656,47.58108572835731,47.38747380329669,47.5287593679274,684500
2005-12-19,47.5078010559082,47.670013878828996,47.38744690222162,47.40837823296029,469800
2005-12-20,47.45028305053711,47.51307709854103,47.30376759744129,47.39795667332384,236000
2005-12-21,47.36652755737305,47.397926557548004,47.24617736547552,47.3717613894429,193100
2005-12-22,47.7432975769043,47.779926427611585,47.57062099056727,47.575850831921656,692700
2005-12-23,48.03633499145508,48.16191905897157,47.67004247218412,47.71713899265626,2295800
2005-12-27,48.428768157958984,48.44969550013225,48.036314620187014,48.12526979727681,519500
2005-12-28,48.293739318847656,48.472389018088414,48.20966604238062,48.35679026736347,1295700
2005-12-29,48.398826599121094,48.40933375419571,48.17814026304427,48.356789961153765,740600
2005-12-30,48.2884635925293,48.65101842175287,48.18337204078617,48.62474854044169,1099500
2006-01-03,48.22542190551758,48.47238210889502,48.06779054786216,48.12558590615208,1392700
2006-01-04,48.34101486206055,48.37779590866747,48.03625532798406,48.09931026881026,387600
2006-01-05,48.28324890136719,48.41461044566491,48.183412844873324,48.277993317121144,453400
2006-01-06,48.19388198852539,48.28846237829954,48.07302770926792,48.22015186917601,1193700
2006-01-09,48.22542190551758,48.22542190551758,48.099316017626464,48.1833852732759,413600
2006-01-10,47.83658981323242,48.172874830537495,47.83133423235258,48.14660093497188,698900
2006-01-11,47.757781982421875,47.96796116378225,47.684219870270915,47.946942844762766,394600
2006-01-12,48.07829284667969,48.08879999926217,47.8155699349492,47.88387644881907,626600
2006-01-13,48.35679626464844,48.49866893407322,48.12034716072043,48.12559873452507,491000
2006-01-17,48.572208404541016,48.60373386800719,48.30422993857928,48.34101098223418,454300
2006-01-18,48.55647277832031,48.74562967354283,48.404092938449516,48.74037809925563,622100
2006-01-19,48.41461181640625,48.57224727756107,48.32003134148062,48.377830743314966,490600
2006-01-20,48.540706634521484,48.59325444873171,48.36731247766806,48.509181153063665,842600
2006-01-23,48.52492904663086,48.60374673499498,48.19915514768259,48.23593620107462,720400
2006-01-24,48.2884635925293,48.44084333593222,48.214901510725504,48.34100736398446,300500
2006-01-25,47.7630729675293,48.11512105217466,47.70527354959201,48.0835955546952,1204500
2006-01-26,47.55812454223633,47.60541276392155,47.3164198330072,47.57914286593043,764100
2006-01-27,47.55812454223633,47.710504382392045,47.37421922095714,47.710504382392045,1091400
2006-01-30,47.51081085205078,47.552847480451895,47.41623044256505,47.44775991828265,308500
2006-01-31,47.64219284057617,47.6737223298814,47.39523255333406,47.47405026334424,676100
2006-02-01,47.47923278808594,47.7007031416084,47.37904209445972,47.5372375030194,622300
2006-02-02,47.56886672973633,47.674331658186546,47.38430813379302,47.47922455786039,658500
2006-02-03,47.90637969970703,47.9854774451664,47.363248016272976,47.45816450620853,1524600
2006-02-06,48.00128173828125,48.09619819964107,47.92745827089887,47.974918513117395,755100
2006-02-07,47.774539947509766,48.04874486258663,47.7218094709419,48.04874486258663,280500
2006-02-08,47.663818359375,47.92220058454257,47.61108786773979,47.92220058454257,261700
2006-02-09,47.88001251220703,47.93274299713213,47.48979807298944,47.53198407016077,1119200
2006-02-10,47.616355895996094,48.18585076348116,47.584714386690514,48.090934281720635,938000
2006-02-13,47.62163162231445,47.647998879264684,47.54253789762091,47.58471987643128,218700
2006-02-14,47.452850341796875,47.56358548307869,47.31047773817026,47.40539414827969,836100
2006-02-15,47.56886672973633,47.705969125183785,47.39485261510021,47.53195501054767,720300
2006-02-16,47.579444885253906,47.616356627445676,47.458161147722,47.563622118819005,427800
2006-02-17,47.95905685424805,48.02233578485943,47.87996321982629,47.87996321982629,731400
2006-02-21,47.88001251220703,47.98547348205722,47.869464001375135,47.93274299713213,433300
2006-02-22,48.20692443847656,48.222743175249434,48.03291028782198,48.04873304767135,559000
2006-02-23,48.08564758300781,48.148922533794966,47.94854515117445,48.148922533794966,288300
2006-02-24,48.011817932128906,48.217469541814175,47.959083449172724,48.217469541814175,485700
2006-02-27,47.93275833129883,48.17004760091203,47.8431160759409,48.17004760091203,446200
2006-02-28,48.170040130615234,48.2175003910253,47.94329538729308,47.98548139141785,744200
2006-03-01,47.87898254394531,48.08535713806933,47.82606266875893,48.032437262882944,713600
2006-03-02,47.54558181762695,47.67787336638898,47.30745864474239,47.65670623412093,1640000
2006-03-03,47.27046203613281,47.38687935548783,47.21754617385004,47.34983784816773,1253300
2006-03-06,46.85769271850586,47.090523220916246,46.83123278001342,47.08523446299359,872700
2006-03-07,46.889434814453125,46.963517787139814,46.73068328028497,46.7783103554231,1692900
2006-03-08,46.873573303222656,47.03232084363925,46.80477906887718,46.868280507376014,1184700
2006-03-09,46.889434814453125,46.921183506399075,46.7095161399146,46.86297487968536,282100
2006-03-10,46.714820861816406,46.81536379494207,46.57194767436121,46.735988007591295,1086900
2006-03-13,46.677764892578125,46.70951358278597,46.57193323373929,46.64072340826263,1740100
2006-03-14,46.99000549316406,47.09054442281815,46.80479391476745,46.80479391476745,904400
2006-03-15,46.73601150512695,46.85242884681005,46.64605411827085,46.79951297437835,971000
2006-03-16,47.159339904785156,47.270464432378596,46.794213573248356,46.83654788010921,1048000
2006-03-17,47.01647186279297,47.09584769444159,46.963555987434724,47.01647186279297,703500
2006-03-20,47.09055709838867,47.22284881158344,47.085268336661215,47.21756004985599,576000
2006-03-21,46.847103118896484,47.17518775691321,46.75714579527267,47.17518775691321,817200
2006-03-22,46.947635650634766,47.085220021601685,46.90000858339991,46.96350999397354,205500
2006-03-23,46.79948425292969,47.02702599824071,46.74656437575332,47.00056605965253,613400
2006-03-24,47.14341735839844,47.2492530264274,46.83121122145336,46.847085562353215,954800
2006-03-27,46.96884536743164,47.122304220856535,46.884176743243195,47.122304220856535,467100
2006-03-28,46.52958679199219,46.79416990714346,46.48195973191163,46.77829556618926,1094900
2006-03-29,46.30736541748047,46.577237448247814,46.23328242426351,46.47669855015071,1071700
2006-03-30,45.984561920166016,46.19093649746421,45.82051758745821,46.11156072837583,1152000
2006-03-31,45.968719482421875,46.11159273617924,45.93167796943129,46.02692815101024,1167700
2006-04-03,45.98357009887695,46.04731221195267,45.72329689573065,45.776413297032924,1549700
2006-04-04,45.93574905395508,46.15884028594964,45.87200696516229,46.05260347129501,749100
2006-04-05,45.99949645996094,46.09510758636528,45.94638006807428,46.052612851847584,638600
2006-04-06,45.6489143371582,45.834823691468294,45.55330323315301,45.834823691468294,2022100
2006-04-07,45.20275115966797,45.48427176325258,45.096518345964284,45.3780389495489,1956500
2006-04-10,45.287742614746094,45.30898998891178,45.12838933476449,45.22931334892099,1527100
2006-04-11,45.44710159301758,45.52146539229137,45.32493423100627,45.45772730864134,1237300
2006-04-12,45.170860290527344,45.53737020992216,45.14961292755314,45.468315267125966,1902000
2006-04-13,44.85218811035156,44.958420944135284,44.761885743860276,44.88405714998211,3219400
2006-04-17,45.01685333251953,45.133711889279034,44.80438359773163,44.905307633573585,1465400
2006-04-18,45.096500396728516,45.29303142910957,45.01151093757528,45.12305656332356,2680300
2006-04-19,44.82029342651367,44.93183906400755,44.65031854282955,44.8574753056783,1830300
2006-04-20,44.78312683105469,44.889363702439624,44.68220686889183,44.84155609718583,1378200
2006-04-21,45.04340362548828,45.075272660288114,44.751257298082415,44.899984863844594,1303000
2006-04-24,45.2240104675293,45.35680354596403,45.06997001024224,45.11777762579077,991500
2006-04-25,44.68751907348633,45.20275679447312,44.65033717880288,45.170887756893755,2067400
2006-04-26,44.6131477355957,44.6609553363983,44.475045894436846,44.538783958811116,1544900
2006-04-27,44.67152404785156,44.77776078342449,44.43249848471738,44.485614826245296,1864200
2006-04-28,44.70343017578125,44.7299863399385,44.49096059992281,44.60250621543147,809400
2006-05-01,44.367496490478516,44.62346461590305,44.324838526637194,44.61813084474464,1795500
2006-05-02,44.48481369018555,44.548806736711406,44.39949369662628,44.39949369662628,1097900
2006-05-03,44.38878631591797,44.49010753152981,44.228809945894135,44.48477376532089,1114000
2006-05-04,44.314144134521484,44.47412462453957,44.314144134521484,44.46345708868617,977800
2006-05-05,44.580772399902344,44.83674035202222,44.52211316230138,44.79407834859015,1685900
2006-05-08,44.60746765136719,44.671456631769146,44.543474602489866,44.65545938666865,666400
2006-05-09,44.580772399902344,44.62343440333442,44.43679322390981,44.55411169911173,341300
2006-05-10,44.66081619262695,44.80479554126713,44.44750998816071,44.687480993864284,1320200
2006-05-11,44.442161560058594,44.50615462084092,44.308845734785834,44.50615462084092,1189800
2006-05-12,44.074188232421875,44.26616323994143,44.02619244630505,44.159508197722865,1804700
2006-05-15,44.25016403198242,44.38347977746884,44.074186271506655,44.074186271506655,1433500
2006-05-16,44.580772399902344,44.60210340161838,44.303477514539004,44.303477514539004,1677600
2006-05-17,44.3034782409668,44.3034782409668,44.11150329084729,44.21282453354165,1440800
2006-05-18,44.906089782714844,44.916757324158084,44.54347067466966,44.554138216112904,2177700
2006-05-19,45.02341079711914,45.252714129025314,44.836769496375794,44.85810051195721,2619500
2006-05-22,45.119384765625,45.40734728667109,45.050062037187125,45.24203298274386,2652000
2006-05-23,45.09272766113281,45.09272766113281,44.81009886139796,44.82076640203401,1394900
2006-05-24,45.11404800415039,45.32735401320138,45.076719757702,45.22603274349557,1226300
2006-05-25,44.93809127807617,45.18339594782535,44.895433311075806,45.17806217627194,678000
2006-05-26,44.906089782714844,45.06073658584184,44.90608978271485,44.92208702640471,398400
2006-05-30,44.8847541809082,44.9540809877788,44.799434200457306,44.89542172126118,482200
2006-05-31,44.61814880371094,45.02343013689561,44.57015704939435,44.97543431410206,880700
2006-06-01,44.81729507446289,44.886893991307026,44.62455521354339,44.651326227159004,1561100
2006-06-02,45.39549255371094,45.44903047019084,45.24022973664238,45.35801560370689,2041900
2006-06-05,45.336612701416016,45.411566623051016,45.245597808671,45.406211604453546,1102900
2006-06-06,45.55076599121094,45.60430392017353,45.28842319533458,45.32590423875876,2188000
2006-06-07,45.561485290527344,45.561485290527344,45.32056249727543,45.36339448686615,1324100
2006-06-08,45.65247344970703,45.92552211747016,45.56681360541095,45.636412484194075,3496700
2006-06-09,45.89340591430664,45.94694383425877,45.69531111733414,45.69531111733414,657200
2006-06-12,45.93088150024414,45.93088150024413,45.79167964476484,45.87198856464449,528700
2006-06-13,45.9630126953125,46.01119969082192,45.80239890787282,45.9630126953125,1448300
2006-06-14,45.5025749206543,45.80774558156033,45.45974703212919,45.77562364399605,1439100
2006-06-15,45.2402458190918,45.42227561676946,45.1920629025357,45.34197075584264,1734600
2006-06-16,45.138519287109375,45.37944611542325,45.06892038187159,45.34732008750523,1184600
2006-06-19,45.07423782348633,45.127775712473294,44.961807031209986,45.084943767412085,1233700
2006-06-20,44.99932861328125,45.07428254917307,44.90830961854133,45.042156516160034,611400
2006-06-21,45.010040283203125,45.10641022511297,45.010040283203125,45.10641022511297,476000
2006-06-22,44.75303268432617,44.91900556287817,44.73697171520092,44.88687953994579,745500
2006-06-23,44.66203689575195,44.82800984525702,44.62455992354442,44.76911687683323,675500
2006-06-26,44.57638168334961,44.68881261179578,44.50142773105215,44.662041592539246,526100
2006-06-27,44.795875549316406,44.8333525146141,44.64061266888799,44.64061266888799,429100
2006-06-28,44.56032180786133,44.77447362847445,44.538905808863184,44.77447362847445,381300
2006-06-29,44.71018981933594,44.876158557615305,44.62988091592703,44.74766676296936,1609300
2006-06-30,45.14385223388672,45.18668419371409,44.704834857357376,44.704834857357376,1219000
2006-07-03,45.09928512573242,45.12615626993142,45.002539985325434,45.093909256657966,716800
2006-07-05,44.7391242980957,44.835869327331935,44.58325707873833,44.82512170211987,1289200
2006-07-06,45.01328659057617,45.03478596579429,44.78754930166569,44.78754930166569,451400
2006-07-07,45.30351638793945,45.39488564584766,45.190647757478835,45.255141774550026,1356900
2006-07-10,45.34646224975586,45.36258573522036,45.17447157049909,45.24434137437235,480400
2006-07-11,45.491615295410156,45.609859753927616,45.45936829784526,45.46474006371632,423800
2006-07-12,45.50233840942383,45.58833171570589,45.29272075533807,45.324971833203136,641000
2006-07-13,45.67970275878906,45.711953837977035,45.51308790188307,45.52383552789091,1347400
2006-07-14,45.70659637451172,45.77109445827004,45.58835193791339,45.58835193791339,1343900
2006-07-17,45.77650833129883,45.78726007210729,45.60451738365225,45.66901552674008,514100
2006-07-18,45.384159088134766,45.55077417706627,45.36265970559716,45.52389892374729,621000
2006-07-19,45.81410598754883,45.84635709162196,45.276634059631036,45.32500866544804,1267400
2006-07-20,45.9484748840332,46.02372062739247,45.668991280211,45.668991280211,1320200
2006-07-21,45.862422943115234,46.04516120061958,45.792549055944555,46.007538376981614,652100
2006-07-24,45.83560562133789,45.9592259697302,45.797982750189874,45.905479596745224,393900
2006-07-25,45.70118713378906,45.889301281642524,45.63131733618088,45.808683861548815,948200
2006-07-26,45.86786651611328,45.8839941234199,45.615258076522814,45.63675745234498,717100
2006-07-27,45.797969818115234,45.94308949484084,45.74959932626286,45.94308949484084,295500
2006-07-28,46.06133270263672,46.16345365922453,46.00758634149007,46.034461572355646,769800
2006-07-31,46.12043380737305,46.12043380737305,45.980694152508015,46.01831699813823,375100
2006-08-01,46.11614227294922,46.13772766882178,45.88950179177726,46.0405954458919,577800
2006-08-02,46.28882598876953,46.28882598876954,45.97584389255927,46.06758286351312,477400
2006-08-03,46.299625396728516,46.4291336810329,46.14852759521358,46.2078864165602,500500
2006-08-04,46.58020782470703,46.666549389351594,46.564019810584284,46.623378607029316,1246000
2006-08-07,46.60719680786133,46.6179874463846,46.50466721542195,46.58561141382183,1127600
2006-08-08,46.504695892333984,46.71514846775254,46.45612769654751,46.61261881208871,844400
2006-08-09,46.35356903076172,46.41832108954054,46.25103944837184,46.272624840295634,372400
2006-08-10,46.283416748046875,46.32658753307931,46.110737724909775,46.32658753307931,539000
2006-08-11,46.08377456665039,46.153924028169804,46.062189166876564,46.12154798700608,450800
2006-08-14,46.002803802490234,46.06755996444652,45.970427780007924,46.0567652122913,662300
2006-08-15,46.39137268066406,46.45612478165583,46.28884303143346,46.28884303143346,1093800
2006-08-16,46.70433807373047,46.752902131986225,46.65576989848097,46.71512871434494,838900
2006-08-17,46.68815231323242,46.8230579828022,46.63419086880337,46.8230579828022,922300
2006-08-18,46.82304382324219,46.89859476298899,46.758291756306456,46.796065167683324,1050700
2006-08-21,46.99032211303711,46.99032211303711,46.877001896967776,46.88779253407287,676400
2006-08-22,47.006507873535156,47.07126404403831,46.93096106644424,46.947149079821976,749300
2006-08-23,47.02809143066406,47.07665546890436,46.871600445791884,46.9795232754317,801700
2006-08-24,47.1143913269043,47.18454481555977,47.07661795493164,47.16835681571274,1206700
2006-08-25,47.184600830078125,47.265540925400124,47.05508844357561,47.076673841326034,569000
2006-08-28,47.22774124145508,47.22774124145508,47.076647658231046,47.16838657689538,582300
2006-08-29,47.29253387451172,47.29253387451171,46.93638502750594,47.08208134741863,1345600
2006-08-30,47.416629791259766,47.416629791259766,47.30330956212923,47.39504439756925,1180500
2006-08-31,47.529930114746094,47.59468215170645,47.34645640371238,47.34645640371238,1272400
2006-09-01,47.546207427978516,47.6220556487851,47.389092075331156,47.47035920717193,893400
2006-09-05,47.24824905395508,47.48121272469819,47.22116275430852,47.41078338551344,2271300
2006-09-06,47.183204650878906,47.183204650878906,46.98275045328826,47.074851253987596,1853400
2006-09-07,47.27531051635742,47.307815709381764,46.993585065422366,47.09652368788908,1716100
2006-09-08,47.31324005126953,47.45951757009005,47.31324005126953,47.39992195375858,540300
2006-09-11,47.2699089050293,47.39993385812715,47.10737461359293,47.39993385812715,557600
2006-09-12,47.50826644897461,47.51910013377829,47.13444025529107,47.21570735827661,820800
2006-09-13,47.52996063232422,47.692490782434795,47.4920365172899,47.692490782434795,797000
2006-09-14,47.42160415649414,47.60580995762626,47.36200852672363,47.48661869808524,672800
2006-09-15,47.38367462158203,47.64914340256957,47.37825571038118,47.54620889026233,1047200
2006-09-18,47.30782699584961,47.340332196628886,47.11820643560683,47.11820643560683,871400
2006-09-19,47.838783264160156,47.838783264160156,47.58956287090771,47.60040069674624,1229600
2006-09-20,47.90921401977539,47.93630445175593,47.75209860781132,47.882123587794844,827400
2006-09-21,48.34803771972656,48.369709232714406,47.86585792264786,47.86585792264786,1698600
2006-09-22,48.586395263671875,48.59722894788982,48.391355880418274,48.391355880418274,1428600
2006-09-25,48.927730560302734,48.927730560302734,48.65684288516711,48.673095484328385,2607600
2006-09-26,48.721824645996094,48.81392540157696,48.66222906687551,48.75974872967146,2200000
2006-09-27,48.58097457885742,48.91145773654348,48.55930307779746,48.89520514410256,1165400
2006-09-28,48.49972152709961,48.537645631582016,48.36427770631709,48.45096373565825,1796800
2006-09-29,48.44013595581055,48.613503902217104,48.26676387598609,48.59183239223905,1398000
2006-10-02,48.57286071777344,48.654446746815665,48.39336315418277,48.46407242930233,1211900
2006-10-03,48.507537841796875,48.64896039639419,48.49122065277499,48.62720276108348,854900
2006-10-04,48.86113739013672,48.87201414293972,48.58917292172876,48.58917292172876,1155500
2006-10-05,48.518489837646484,48.70342794970781,48.382507518426785,48.70342794970781,1241600
2006-10-06,48.01259231567383,48.46405420591081,47.98539836616814,48.45861375607075,2472400
2006-10-09,48.14314651489258,48.19209812235275,47.87118207385238,47.92013368131256,834900
2006-10-10,47.762413024902344,47.92559341512188,47.66450562074056,47.83856276704488,1398700
2006-10-11,47.620975494384766,47.8820590350105,47.55026208350225,47.83854372829019,1521600
2006-10-12,47.64817428588867,47.74064120967042,47.582905469030244,47.66449149010327,586400
2006-10-13,47.40886688232422,47.51765105278894,47.38166876478299,47.47957617814128,1414100
2006-10-16,47.620975494384766,47.62641179533876,47.5230681291881,47.539385331746196,897600
2006-10-17,47.659019470214844,47.89290890498059,47.599186999704166,47.80043790065339,730800
2006-10-18,47.756954193115234,47.80046534677826,47.620971982029886,47.697121688249865,499600
2006-10-19,47.66993713378906,47.73521010760567,47.517637678065924,47.642739023903246,797300
2006-10-20,47.620975494384766,47.70256150717527,47.620975494384766,47.653609899500964,280700
2006-10-23,47.43057632446289,47.43601677288594,47.256519323541504,47.40338238204013,1200600
2006-10-24,47.43057632446289,47.457774416731894,47.40338238204013,47.41425912903998,243400
2006-10-25,47.805877685546875,47.84939296346905,47.446887017302224,47.468640506418005,558400
2006-10-26,48.11595153808594,48.14858594518043,47.94733490163336,47.94733490163336,1558300
2006-10-27,48.338985443115234,48.43689285689646,48.24651433298566,48.42057149639116,1601500
2006-10-30,48.474952697753906,48.474952697753906,48.32264909589047,48.34984720511401,901200
2006-10-31,48.850223541259766,48.88286207735315,48.4857923953413,48.545624870025904,964600
2006-11-01,49.12051773071289,49.20788392459472,48.842043195026356,48.92940938890818,1440100
2006-11-02,48.91851806640625,49.01680301495665,48.858458976707986,48.94035962895657,853300
2006-11-03,48.33968734741211,48.508954096169674,48.214103684091434,48.41613066400251,1534100
2006-11-06,48.4816780090332,48.4816780090332,48.241425092404214,48.241425092404214,528000
2006-11-07,48.70559310913086,48.87486426456193,48.661914127399385,48.74927625671657,525900
2006-11-08,48.880279541015625,48.880279541015625,48.64548803176748,48.727392821663464,706300
2006-11-09,48.852962493896484,48.918482968686135,48.80381797195513,48.85296249389648,729600
2006-11-10,49.06593704223633,49.16422196969404,48.9512719878442,48.9512719878442,738100
2006-11-13,49.055030822753906,49.055030822753906,48.853003634221544,49.055030822753906,462400
2006-11-14,49.246116638183594,49.35532023917933,49.207894961250055,49.328017256005225,916400
2006-11-15,49.06044006347656,49.16964777366248,49.00037686433635,49.16964777366248,1803200
2006-11-16,48.83659362792969,49.169670004353584,48.74922742028076,49.14236702300078,1494400
2006-11-17,49.11505126953125,49.26248066513803,48.87480259267228,48.9021014010761,1752000
2006-11-20,49.19154357910156,49.207927879476706,49.06595977053073,49.142403175535534,857200
2006-11-21,49.31163024902344,49.35531334966414,49.12052189103257,49.218806784549265,605100
2006-11-22,49.3935661315918,49.42086912815135,49.28981974368835,49.338964304325074,770300
2006-11-24,49.48093795776367,49.63382475766129,49.48093795776367,49.55191992461532,533400
2006-11-27,49.66111373901367,49.66111373901367,49.20791486232956,49.26797811692361,784500
2006-11-28,49.76485824584961,49.82492149818406,49.55736966150905,49.819460066375875,1466300
2006-11-29,49.650184631347656,49.884976168484584,49.639265935461566,49.85221591497516,1206400
2006-11-30,49.97780990600586,50.032411728328235,49.76485988285217,49.83584183528606,1428600
2006-12-01,50.104949951171875,50.31322085486775,49.956971734602384,50.028219886065486,1156000
2006-12-04,50.19264221191406,50.21456568429963,49.9953351419188,50.03918208668993,460700
2006-12-05,49.956993103027344,50.159777998343465,49.87478108911258,50.072088249917314,1833700
2006-12-06,49.85832214355469,49.97341725032607,49.81447519388695,49.89120526506787,936100
2006-12-07,49.8199348449707,49.92406607705447,49.737722896450485,49.86925950519879,739200
2006-12-08,49.45822525024414,49.85832134194796,49.4308240432488,49.792550918503785,2090300
2006-12-11,49.67198181152344,49.732270330581436,49.606215559078976,49.67198181152344,727700
2006-12-12,49.77610397338867,49.85831594843166,49.573314992479254,49.726779297247724,802800
2006-12-13,49.33217239379883,49.5185156618358,49.228036931380885,49.49659218651227,1217900
2006-12-14,49.15129089355469,49.27186787793157,49.107443957149634,49.22802094152652,687600
2006-12-15,49.17870330810547,49.68841251766334,49.10745098088769,49.64456557498695,1162100
2006-12-18,49.19517135620117,49.23901414101084,49.101995507473106,49.17324787305792,441400
2006-12-19,49.12937927246094,49.22255089868367,49.058131119727385,49.058131119727385,930700
2006-12-20,49.12392044067383,49.151325840781084,49.08007765457,49.13488427330752,336800
2006-12-21,49.37055587768555,49.430844411983394,49.10747825697888,49.16776679127672,770700
2006-12-22,48.99235916137695,49.244472826376025,48.89370562450994,49.23351318071297,1433200
2006-12-26,49.140342712402344,49.1567842720208,48.975918753267756,49.02524343212314,496200
2006-12-27,48.77904510498047,49.12550550692389,48.77904510498047,49.09800718447745,840700
2006-12-28,48.66905212402344,48.92202070503138,48.42708035277487,48.88902608009903,1080200
2006-12-29,48.63056564331055,48.69655910056369,48.50957973617395,48.58657000514179,775500
2007-01-03,48.97700881958008,49.19698275622799,48.75703907858605,49.06500007250079,1870400
2007-01-04,49.27397537231445,49.301473689086926,49.065002430067445,49.065002430067445,1697000
2007-01-05,49.05950927734375,49.163997861948054,48.80654066862437,48.834038989516465,1298400
2007-01-08,49.14752960205078,49.14752960205078,48.97155115301104,49.0100463076242,414200
2007-01-09,49.14752960205078,49.20802258725105,49.06503878626339,49.20802258725105,481500
2007-01-10,48.92750549316406,49.01549252994201,48.87800937600849,48.98249791560689,519600
2007-01-11,48.6414909362793,48.83397052134656,48.537006693822896,48.828470025749226,1293500
2007-01-12,48.41606140136719,48.856004916669015,48.33907118129806,48.476554316514694,846300
2007-01-16,48.520565032958984,48.52606133920918,48.410575973150685,48.520565032958984,702800
2007-01-17,48.37207794189453,48.54255572977733,48.29508770248595,48.50956111164604,724200
2007-01-18,48.520565032958984,48.54805915117084,48.27309279513054,48.361084042977176,918300
2007-01-19,48.38859558105469,48.47658686057813,48.32260631706724,48.47658686057813,882500
2007-01-22,48.504066467285156,48.57556040940751,48.460075036348954,48.476572347406766,432000
2007-01-23,48.18508529663086,48.42155643031021,48.15758699443369,48.4050549316008,1096800
2007-01-24,48.179622650146484,48.2291145982033,48.11912969430695,48.20712097394815,463700
2007-01-25,47.83317184448242,48.10263782650746,47.77817519065005,48.091636817478744,1397000
2007-01-26,47.79466247558594,47.888150046220474,47.651678770368534,47.72316852515005,1576800
2007-01-29,47.69017791748047,47.89915089221021,47.624184464360944,47.8771530745037,1015300
2007-01-30,47.745174407958984,47.794670550904655,47.712179776431924,47.78366954329225,1295100
2007-01-31,48.1466064453125,48.17960106256666,47.67916032406124,47.67916032406124,2078000
2007-02-01,48.08863067626953,48.458588911912564,48.038937246059156,48.39784968872053,986200
2007-02-02,48.149356842041016,48.254270783237125,48.08309895306205,48.08309895306205,814700
2007-02-05,48.21562576293945,48.29292945283776,48.127280494227875,48.25980050366281,395500
2007-02-06,48.480682373046875,48.497246851863736,48.127292782499836,48.14937594576483,770500
2007-02-07,48.624244689941406,48.65737786078288,48.50276622657402,48.535899397415484,836200
2007-02-08,48.66286849975586,48.76225952952632,48.54139431913317,48.58556483357148,980200
2007-02-09,48.38679122924805,48.546921483678304,48.34262070709127,48.530357011277694,878300
2007-02-12,48.2763786315918,48.39785709656954,48.2211622964391,48.30950759013615,467600
2007-02-13,48.171470642089844,48.30951360352283,48.14938326273214,48.30951360352283,1310600
2007-02-14,48.6297607421875,48.69602286180725,48.326064626516605,48.326064626516605,2262500
2007-02-15,48.7733039855957,48.91134684468813,48.7733039855957,48.883736587776156,893800
2007-02-16,48.944488525390625,48.9886632628571,48.8561432631925,48.916878261290364,1476700
2007-02-20,49.054931640625,49.0604545371724,48.86719528537063,48.86719528537063,847400
2007-02-21,48.97209548950195,48.97761417176226,48.85613997101725,48.88374602052244,379800
2007-02-22,48.707088470458984,48.83960856233824,48.640826318150474,48.817525390973174,485200
2007-02-23,49.054931640625,49.110152180627566,48.86167238882322,48.8837597622771,735700
2007-02-26,49.38069534301758,49.38621823735159,49.20400063893561,49.22608800353761,763400
2007-02-27,50.00465393066406,50.39117654106891,49.47456975125858,49.55187343079263,3243200
2007-02-28,49.77827835083008,49.95497312189526,49.63471253285973,49.78380124725776,1701900
2007-03-01,49.7466926574707,50.12360370135445,49.69126543342259,50.040460750869215,2423900
2007-03-02,49.9961051940918,50.151307304264684,49.70233717170847,49.86307904276871,1619800
2007-03-05,50.07925796508789,50.162400911811886,49.91851606244176,50.15131715903412,1505200
2007-03-06,49.92961120605469,50.08480914016089,49.879723739333954,49.9185232228605,837400
2007-03-07,50.12359619140625,50.16239566530927,49.87417160614761,49.92959882189114,915400
2007-03-08,50.07925796508789,50.11805744304897,49.946231787625074,50.046002477928674,574700
2007-03-09,49.55267333984375,49.8298135663207,49.436274952182345,49.54158536264309,1534700
2007-03-12,49.7466926574707,49.87417907872488,49.707893177754414,49.73560890419153,594400
2007-03-13,50.0460205078125,50.073732014153386,49.874194790485625,50.012765008672446,553800
2007-03-14,49.818763732910156,50.18459114179152,49.79659199035727,49.96842193793526,1698100
2007-03-15,49.81322479248047,49.863108042428586,49.702366077883156,49.752253556658836,394900
2007-03-16,49.802127838134766,49.840927324049844,49.69127337232793,49.70235712737789,623800
2007-03-19,49.696800231933594,49.718967734391555,49.619197058029336,49.65245676936697,693900
2007-03-20,49.72451400756836,49.857540172550905,49.71343025583046,49.8353726690751,768400
2007-03-21,49.7466926574707,49.935146064999515,49.159156470673686,49.54160727678395,1513400
2007-03-22,49.353153228759766,49.59703808599772,49.236754791121484,49.59703808599772,1484300
2007-03-23,49.21461486816406,49.44186789935541,49.20907087359974,49.4363281336199,1679700
2007-03-26,49.27555465698242,49.48063580779075,49.05384153310149,49.1203567389136,763600
2007-03-27,49.19240951538086,49.22566500239231,49.087094834743354,49.13143830330924,619800
2007-03-28,49.09260940551758,49.39192129572813,49.003926750357074,49.28106691957166,816900
2007-03-29,49.026126861572266,49.1480692937716,48.95407189201184,49.07601432421117,823000
2007-03-30,48.931907653808594,49.286647022474234,48.89865215950458,49.13699306927932,2015100
2007-04-02,49.013084411621094,49.07984610117526,48.96301632782804,49.0186489468748,579600
2007-04-03,48.951934814453125,49.05207532382317,48.94637451829432,48.96862419193132,617000
2007-04-04,49.002010345458984,49.146654455914096,48.90186982964329,49.05207848111626,576900
2007-04-05,48.818389892578125,49.02423534379142,48.79613598613626,49.01310626832116,436400
2007-04-09,48.495697021484375,48.573583543524045,48.47344312311631,48.55689418087228,1283900
2007-04-10,48.64036178588867,48.707123503704935,48.5736000680724,48.61810787994992,674400
2007-04-11,48.60701370239258,48.72384359887386,48.55694132132847,48.662646380073966,476200
2007-04-12,48.618099212646484,48.71823964926925,48.55690204334935,48.6792963819436,495100
2007-04-13,48.4679069519043,48.6626233539039,48.40670976206168,48.62924461198946,557800
2007-04-16,48.73493576049805,48.779443570601764,48.62367047973713,48.62367047973713,833600
2007-04-17,49.007537841796875,49.046485358353614,48.8684541209456,48.89627256291518,1254200
2007-04-18,49.2523307800293,49.269020148845506,49.15775486040495,49.16331939817658,450800
2007-04-19,49.168861389160156,49.352452866797016,49.06872096903978,49.324638677289585,1305900
2007-04-20,49.04093551635742,49.207833484691555,48.99086315470747,49.207833484691555,664500
2007-04-23,49.218929290771484,49.28568673517748,48.97970521115766,49.03533782966156,419000
2007-04-24,49.40256118774414,49.413686022751875,49.207840496857045,49.207840496857045,881300
2007-04-25,49.23006057739258,49.39696269930444,49.01865490153518,49.27456837583538,569000
2007-04-26,48.87404251098633,49.196717919521106,48.87404251098633,49.196717919521106,2048400
2007-04-27,48.862918853759766,48.98531326991409,48.835100397542696,48.96305935384053,428700
2007-04-30,49.37473678588867,49.374736785888665,49.09656925470056,49.141077078370586,485700
2007-05-01,49.41047668457031,49.49423357321326,49.19829625872021,49.460732521777004,487200
2007-05-02,49.382530212402344,49.40486565298379,49.298773375234354,49.382530212402344,443900
2007-05-03,49.270870208740234,49.34346148098217,49.14244670562958,49.34346148098217,427000
2007-05-04,49.47188949584961,49.494224946264765,49.41605299983751,49.4272185950193,262000
2007-05-07,49.60590362548828,49.61148855374526,49.51098114537991,49.527731670098795,210200
2007-05-08,49.494239807128906,49.700839590462905,49.494239807128906,49.700839590462905,488400
2007-05-09,49.298797607421875,49.505397339314385,49.28204708376471,49.499812411411405,634900
2007-05-10,49.41603088378906,49.4662824296945,49.309938606811365,49.36019441276647,519500
2007-05-11,49.242958068847656,49.5277254735447,49.20945276354978,49.494224428298345,1238400
2007-05-14,49.11454391479492,49.29322330574252,49.11454391479492,49.265307180313265,315200
2007-05-15,49.0977783203125,49.25412220690597,48.94701936111206,49.24295661217133,382400
2007-05-16,49.06428146362305,49.136868485721955,49.04194601219605,49.058696535753356,599500
2007-05-17,48.86326599121094,48.98052391455693,48.80742949343452,48.913517561194205,397000
2007-05-18,48.5394401550293,48.85771308702258,48.511519757814916,48.77395615543393,856500
2007-05-21,48.684593200683594,48.71250932330658,48.483578373568044,48.5394148788663,821100
2007-05-22,48.43330764770508,48.690158901159315,48.399806606835256,48.67899330755303,920200
2007-05-23,48.293739318847656,48.48916925859424,48.19323188411324,48.48916925859424,914500
2007-05-24,48.33840560913086,48.34957120745329,47.99779734958441,48.27698416822558,1598200
2007-05-25,48.226722717285156,48.36073116999661,48.204387265157926,48.243473241367596,754900
2007-05-29,48.221126556396484,48.338384457710916,47.92518933973849,48.30488341734991,1055700
2007-05-30,48.321651458740234,48.46124485759491,48.237894567416944,48.46124485759491,612000
2007-05-31,48.232295989990234,48.34397323350329,48.042451066094905,48.33280337912636,1725900
2007-06-01,47.97890853881836,48.67961701223341,47.95088276595283,48.15268714843917,1694300
2007-06-04,48.19755554199219,48.21997445981533,48.02377685295977,48.11346963140064,877700
2007-06-05,47.89482116699219,48.17510452255411,47.86118425611122,48.147074476284075,1145400
2007-06-06,47.87242889404297,47.95090794212734,47.79394984595861,47.85000569790639,1129200
2007-06-07,47.01473617553711,47.485610205834604,46.93625717048753,47.44076383815341,5010400
2007-06-08,46.97550964355469,47.15489088702392,46.728858829989676,46.86900056009958,5307600
2007-06-11,46.840972900390625,47.02596102003093,46.6728053817247,46.80173338502327,2043800
2007-06-12,46.16267395019531,46.76248023986393,46.07858807697753,46.4765942584227,9043900
2007-06-13,46.71205520629883,46.9530992186921,46.33086942569521,46.358895213264866,8751200
2007-06-14,46.594329833984375,46.925062305833926,46.5550903156838,46.60553929201879,3384700
2007-06-15,46.91386413574219,46.93628733399301,46.63918316476049,46.76250861674611,5827200
2007-06-18,46.81855010986328,46.8914265510166,46.10102509312767,46.88021281693772,17704600
2007-06-19,47.25580978393555,47.33989143025133,46.93067982888885,46.986735685361936,4620100
2007-06-20,46.87459945678711,47.13245968313141,46.8577788595335,47.09882276540965,3031700
2007-06-21,46.65038299560547,46.919452740828945,46.64477612851726,46.82976425134995,850400
2007-06-22,46.95309066772461,46.95869325814579,46.49902851320026,46.55508863170476,2118900
2007-06-25,47.21097946166992,47.283851672216514,47.06523076378758,47.171739921100354,1323500
2007-06-26,47.22214889526367,47.26699526840898,47.07079773188019,47.25017894767587,2187800
2007-06-27,47.266998291015625,47.50243534990578,47.19972872699595,47.42956319647382,6109300
2007-06-28,47.25580978393555,47.41276789277528,47.18854019009522,47.26701924451508,3612500
2007-06-29,47.7435188293457,47.816395319939886,47.4464188264938,47.56413745346591,1962200
2007-07-02,47.99445343017578,48.0394721206866,47.72434558032953,47.72434558032953,2811700
2007-07-03,47.70186233520508,48.022613167461216,47.66810044545842,47.97197033284124,1387500
2007-07-05,47.167266845703125,47.50489853550175,47.110995612939995,47.44299889149636,4586800
2007-07-06,46.975921630859375,47.0153119045299,46.86337492521654,47.0096834959433,1437800
2007-07-09,47.144779205322266,47.2291882399494,47.088507946644796,47.19542634338728,795400
2007-07-10,47.94379425048828,47.94379425048828,47.51050126984218,47.53863901762672,2258000
2007-07-11,47.448612213134766,47.88190529015687,47.44861221313477,47.80312473069831,1191300
2007-07-12,47.28545379638672,47.594952121622605,47.195420652004394,47.578071175377254,1941200
2007-07-13,47.41484832763672,47.578037849070306,47.23477787178212,47.52176234337586,725900
2007-07-16,47.87064743041992,47.89315677250259,47.56114934330572,47.56114934330572,952000
2007-07-17,47.769378662109375,47.88192112907294,47.54991784627646,47.752497721386824,734200
2007-07-18,47.949424743652344,48.13512358338285,47.72433563124122,47.79186365292987,1836800
2007-07-19,47.93820571899414,47.977596019200526,47.718744861669855,47.77501610579031,1021000
2007-07-20,48.37149429321289,48.43902235548937,48.01135321417894,48.04511509870703,1459900
2007-07-23,48.292667388916016,48.377076312510276,48.21951527818295,48.21951527818295,777900
2007-07-24,48.47276306152344,48.48401988026139,48.23642138664752,48.399610912600444,1351600
2007-07-25,48.56845474243164,48.61347345892799,48.39401258253465,48.433402886163684,881100
2007-07-26,48.973602294921875,49.21557246874409,48.75976988514272,48.81041270855619,2866400
2007-07-27,49.11428451538086,49.27184569666731,48.872314331770895,48.98486109927565,5367800
2007-07-30,48.973602294921875,49.159301233878004,48.90607853037058,49.06363970528364,1803900
2007-07-31,49.32814407348633,49.378786922403684,48.92860823032366,49.029898221380556,2467600
2007-08-01,49.22135925292969,49.45297796271808,49.198761990268345,49.29480143407584,2154700
2007-08-02,49.34561538696289,49.40210635810727,49.14224444285529,49.266527165363804,2079400
2007-08-03,49.673282623291016,49.673282623291016,49.30608474556449,49.30608474556449,1577600
2007-08-06,49.311763763427734,49.55467902571017,49.24397195419013,49.54337823584299,1298400
2007-08-07,49.27219009399414,49.548998940031765,49.10271282744853,49.39082245658169,1890800
2007-08-08,48.67335510253906,49.08574298275767,48.50387791533607,49.08574298275767,6453000
2007-08-09,48.74116134643555,49.0688150695305,48.42480840550832,49.006673697564715,2637500
2007-08-10,48.62820053100586,48.978447350772555,48.571709525558404,48.85981494633666,1496400
2007-08-13,48.76939010620117,48.80893420850385,48.52647510348934,48.537771571297,1312600
2007-08-14,48.89934158325195,49.02362433675611,48.58863900947748,48.594285091010654,1314700
2007-08-15,48.724212646484375,49.00667185023212,48.72421264648438,48.95018087147965,1101700
2007-08-16,49.226985931396484,49.48684786183484,49.01231850450874,49.07445986939455,2410200
2007-08-17,49.029300689697266,49.097092493864736,48.611262005635005,48.80898271363822,2114400
2007-08-20,49.05752182006836,49.30043695414688,49.05187573810312,49.12531359352733,1048700
2007-08-21,49.294776916503906,49.379515531841,49.17614457902599,49.20438791081501,1517200
2007-08-22,49.21567916870117,49.323010704707734,49.040551581560884,49.17613506385998,1137800
2007-08-23,49.38518524169922,49.53206529122936,49.164867322397555,49.198761060755636,1618800
2007-08-24,49.62809753417969,49.75803070696684,49.46427062500755,49.58290301234182,1614600
2007-08-27,49.88798141479492,49.98402089325101,49.79759664152819,49.8710345391817,1585400
2007-08-28,49.97269821166992,50.130874728086994,49.87101269254655,49.9557513434805,1298900
2007-08-29,49.83710479736328,50.14780734920088,49.8032110706137,49.98963087772202,2686700
2007-08-30,50.17039108276367,50.25512968678616,49.97832093629817,50.05740915072331,1806800
2007-08-31,50.2099609375,50.390734707455515,50.01789069254143,50.04613403504241,2763200
2007-09-04,50.23375701904297,50.557077106668125,50.029554402899684,50.38691114495554,931000
2007-09-05,50.63652420043945,50.68190355303961,50.324550888443234,50.34724056474331,1271500
2007-09-06,50.50605010986328,50.76130132486234,50.45499727029623,50.6591999733403,1768400
2007-09-07,51.22077941894531,51.33422348565818,50.87476938957322,50.90880174406433,2852200
2007-09-10,51.61780548095703,51.770955307356076,51.3341911651276,51.3341911651276,2495200
2007-09-11,51.57809066772461,51.77094629165028,51.44762620101409,51.54972751003658,3925400
2007-09-12,51.38520812988281,51.58374149121332,51.28878036030468,51.561051840558164,4458300
2007-09-13,50.9257926940918,51.237770214427826,50.81234868357594,51.220754045611606,2020600
2007-09-14,50.999576568603516,51.385288248306296,50.835079590581095,51.37961907250957,1357200
2007-09-17,51.243431091308594,51.271794253152464,50.91444178301851,50.94847411514244,1285400
2007-09-18,50.85771179199219,51.1867010485644,50.48333888703766,50.93712343953826,3132800
2007-09-19,50.386940002441406,50.489041368988296,50.12601524962441,50.318870982205915,3854700
2007-09-20,49.43400192260742,50.08064255408139,49.4056387451725,50.0182470258152,5903200
2007-09-21,49.853721618652344,49.98985527177019,49.677882136391354,49.677882136391354,2217600
2007-09-24,49.99555587768555,50.07496757902976,49.86509565159711,49.93316035125606,1943600
2007-09-25,49.81971740722656,50.26782877626341,49.81971740722656,50.1997597474786,2513500
2007-09-26,49.865074157714844,49.9898608291725,49.59280249359976,49.70057732508863,2646400
2007-09-27,50.211090087890625,50.35857078355709,50.00121820734717,50.05226672068622,1802900
2007-09-28,50.324546813964844,50.67055677620345,50.040932374596345,50.57412890544526,1254700
2007-10-01,50.61209487915039,50.669042657683676,50.35584725377272,50.503903657849314,1399400
2007-10-02,50.771507263183594,50.891089694819314,50.498172887657276,50.53803369820252,887800
2007-10-03,50.62348937988281,50.925293509405535,50.526685101452095,50.86835007177016,1164600
2007-10-04,50.817054748535156,50.862611197728434,50.62914199849158,50.68608538773213,1128700
2007-10-05,50.270442962646484,50.361555956315556,49.945860525587065,50.28752556283277,2184700
2007-10-08,50.230567932128906,50.395706928149366,49.98001161478676,49.98001161478676,280100
2007-10-09,50.167903900146484,50.315960227163046,49.985682399396595,50.202073418383094,901000
2007-10-10,50.196388244628906,50.35583154797907,49.991388470463214,50.09958400252405,855500
2007-10-11,50.145137786865234,50.162220377859846,49.797777288293815,49.837638115449344,1533400
2007-10-12,49.90028381347656,50.213479171701024,49.81487084714707,49.83764474183167,1133900
2007-10-15,49.91165542602539,49.951516242764356,49.76929474560004,49.81485120601692,553300
2007-10-16,49.92876052856445,50.099595159916184,49.849038859135014,49.91167793433031,855500
2007-10-17,50.4754638671875,50.65198993527706,49.98004653300617,49.98004653300617,2377000
2007-10-18,50.754459381103516,50.87404190473618,50.69182029569985,50.74307243126005,1374100
2007-10-19,51.51184844970703,51.59157017660963,51.02782243793888,51.0392093941357,2561800
2007-10-22,51.517513275146484,51.620013197621354,51.289735186923906,51.58015235802033,1866500
2007-10-23,51.44919967651367,51.54600399180333,51.30683885596742,51.397951866480604,1046600
2007-10-24,51.830726623535156,52.04142220599332,51.56878323006444,51.65420059292626,2829300
2007-10-25,51.65419006347656,51.92182905178321,51.6484944152448,51.853494306521945,3062200
2007-10-26,51.53460693359375,51.81932851886222,51.44349394094466,51.460580885446326,1366500
2007-10-29,51.733909606933594,51.8136313008328,51.523218420702726,51.53460537218555,881000
2007-10-30,51.7054443359375,51.82502688668488,51.48905313929353,51.66558348568838,1439600
2007-10-31,51.23850631713867,51.648501813918365,51.10753245608583,51.534614900008556,2498500
2007-11-01,51.904232025146484,52.05293958664445,51.45239300785052,51.45239300785052,2563400
2007-11-02,52.0700569152832,52.356030423585324,51.59533984423541,51.73260590640979,1927700
2007-11-05,52.04721450805664,52.27027364971646,51.93282677106634,52.138728188538856,1021500
2007-11-06,51.795555114746094,52.13300634961019,51.74980263912055,51.81843353436505,575800
2007-11-07,51.88710403442383,51.909982469581585,51.65832404646159,51.78415325802159,1456100
2007-11-08,51.795555114746094,52.01289791931996,51.72120352369377,51.84703264979183,2179600
2007-11-09,52.23599624633789,52.38469954000774,52.00721624211769,52.070130852368635,887200
2007-11-12,52.42473602294922,52.61347547549071,52.24742924249195,52.61347547549071,460600
2007-11-13,52.230255126953125,52.32748517255979,52.144462113459156,52.28744901474446,1116600
2007-11-14,52.287479400634766,52.33895698409195,52.00150543187572,52.01866317182263,684400
2007-11-15,52.779300689697266,52.93944524930657,52.32746176016416,52.396097012973286,1312900
2007-11-16,52.853675842285156,53.019536793852104,52.73928371270537,52.773599169772524,1333800
2007-11-19,53.19685745239258,53.431353743193995,52.853689700899324,52.92804133191154,1343900
2007-11-20,53.13966369628906,53.35700225463829,53.07674909925894,53.24261009475865,1367800
2007-11-21,53.44851303100586,53.52286902779575,53.32840453267009,53.41991826299154,1297800
2007-11-23,53.608612060546875,53.64864818931876,53.36839092430474,53.44274685174595,437400
2007-11-26,54.66676712036133,55.11288566822826,53.83172392703848,53.88891782944949,4427000
2007-11-27,54.14626693725586,54.477997523247204,53.757342475931196,54.31213223025153,3100300
2007-11-28,53.78020477294922,54.15769209146393,53.67153338787165,54.08333614857436,2088100
2007-11-29,54.24351119995117,54.57524187301782,54.14056481549682,54.232074167327625,1594500
2007-11-30,53.98038864135742,53.98610933659663,53.614342691062554,53.69441496996381,1952100
2007-12-03,54.40877151489258,54.609752908127575,54.138880337805965,54.414515092146665,1272700
2007-12-04,54.40302276611328,54.586777791184154,54.06422621844667,54.494902469181405,1721200
2007-12-05,53.754154205322266,54.24799679825135,53.725440694614,54.10443800684328,1866000
2007-12-06,53.28330993652344,53.599136817268175,53.13975106862066,53.5876540355063,2270200
2007-12-07,52.686100006103516,53.03064038333571,52.47363132262718,52.9330214129825,2171000
2007-12-10,52.37025451660156,52.6516329513629,52.11185039928002,52.62291943563055,2242500
2007-12-11,53.39812469482422,53.53594428344484,52.588455421743724,52.674591569365,2892400
2007-12-12,52.84686279296875,53.2028901809345,52.41044283047311,52.51380533787822,2225400
2007-12-13,52.27262878417969,52.726275111217916,52.19797978646459,52.60568624672424,1222100
2007-12-14,52.03146743774414,52.209479001226114,51.96830119630186,52.13482998000714,1354900
2007-12-17,52.49662399291992,52.56553385062735,52.215249740821314,52.29564238427806,2046200
2007-12-18,52.83537292480469,53.00190162999628,52.57122530379718,52.59419085252292,1417100
2007-12-19,53.535919189453125,53.72541336811822,52.7606986052987,53.05930319294477,2252400
2007-12-20,53.42109298706055,53.90345277029884,53.41534940911098,53.55316899350268,1659400
2007-12-21,52.64013671875,53.3579306776543,52.63439752144674,53.34644790198116,1767600
2007-12-24,52.39323043823242,52.52530649219487,52.30135506331464,52.381747659268164,550300
2007-12-26,51.933834075927734,52.61717100040726,51.84195433891742,52.266887169922654,674700
2007-12-27,52.49998474121094,52.55764253880994,52.18288884777839,52.39620686367409,468600
2007-12-28,53.31868362426758,53.37633702836612,52.753669707287166,52.84015201277137,1967800
2007-12-31,53.64155578613281,53.77992486041554,53.3878754843865,53.49165338976694,1647600
2008-01-02,54.41413116455078,54.61592474983723,53.73381019349121,53.76263910529624,2959600
2008-01-03,54.33916091918945,54.41410990245239,54.004765027082236,54.19502521383352,1256700
2008-01-04,54.350677490234375,54.65048215250756,54.31031967785202,54.483284244445905,2420200
2008-01-07,54.58707046508789,54.64472386322535,54.21231677918589,54.29879907572825,1315500
2008-01-08,54.5236701965332,54.604385862955326,54.154683036125256,54.4487211916195,1604800
2008-01-09,54.627403259277344,54.94450340178084,54.552454315899375,54.65046548770217,2203500
2008-01-10,53.88945770263672,54.74273860685943,53.797208740735556,54.69661852458145,2681800
2008-01-11,54.310367584228516,54.356492095828855,53.849135664251676,53.91831803297666,1872900
2008-01-14,54.512142181396484,54.51214218139649,54.1950417732536,54.310348613301564,906100
2008-01-15,55.123252868652344,55.1347817882762,54.81191925474277,54.863810389730425,1435300
2008-01-16,54.72545623779297,55.28470360798057,54.61591606743131,55.163630115260624,3505100
2008-01-17,55.43459701538086,55.51531266410055,54.73121402053246,54.748509602590545,2940500
2008-01-18,55.054039001464844,55.21547018861143,54.89837447062206,55.08863454061765,2676800
2008-01-22,55.64215850830078,55.705578581471556,54.94454210209565,55.58450509596555,5423500
2008-01-23,55.51533508300781,56.59347225296921,55.278950302959565,56.48969432003883,7636600
2008-01-24,54.402557373046875,55.2039511951613,54.39102405836668,55.08864444038383,5676700
2008-01-25,55.319297790527344,55.348126699319465,54.26998973113304,54.30458530141836,4371100
2008-01-28,55.111732482910156,55.34811717805454,54.9791300820947,55.16362363007462,1633500
2008-01-29,54.736968994140625,54.956053651222184,54.529413256411985,54.932991413844334,3100200
2008-01-30,54.379512786865234,54.638955268631165,53.958634637890825,54.59283519095805,3468000
2008-01-31,54.765785217285156,55.01946539144091,54.55822951091615,54.94451643029096,11441000
2008-02-01,55.09503173828125,55.19338366712017,54.70740190080232,54.961963988586106,4163700
2008-02-04,54.52802658081055,54.76523284697213,54.45859938764985,54.60902276585083,1729600
2008-02-05,54.944576263427734,55.31484576770379,54.82886428461605,55.199138202852765,2594600
2008-02-06,54.77677536010742,54.875127192404975,54.59164068179953,54.747846273451,1339800
2008-02-07,53.596561431884766,54.69001424989975,53.2552210262643,54.69001424989975,5419700
2008-02-08,54.209815979003906,54.22717608515471,53.85690219126382,53.94947176822664,2832800
2008-02-11,54.435455322265625,54.7883691522556,54.22718257708619,54.54538060457884,2960200
2008-02-12,54.111480712890625,54.18090791690984,53.78170921823236,53.989986416328286,2897700
2008-02-13,53.53873062133789,54.047850303984845,53.457734408506845,53.76436355907617,3697500
2008-02-14,52.751888275146484,53.28415017972106,52.45104593333161,53.11058881812206,7505000
2008-02-15,53.15681838989258,53.26674357027337,52.91383006753624,53.00061287236545,3687800
2008-02-19,52.61882400512695,53.05273405821144,52.439475928986326,52.728749297709314,2911600
2008-02-20,52.98328399658203,52.98328399658204,52.393164156387854,52.427879944255125,2550100
2008-02-21,53.54450225830078,53.71806363097008,53.255228889890645,53.27258458576144,4197200
2008-02-22,53.237857818603516,53.71805257064494,53.151079357116856,53.50977543515614,1959700
2008-02-25,52.69404220581055,53.30730038507807,52.44526691185005,53.19737508352571,3460900
2008-02-26,52.711395263671875,52.844458545661254,52.49154908553731,52.62461236752668,2618900
2008-02-27,52.75765609741211,52.97750217567785,52.42209807219641,52.896506019792604,2494400
2008-02-28,53.694923400878906,53.7122790974508,53.3362272344957,53.423005717355196,3410900
2008-02-29,54.51646041870117,54.649523695048075,54.105688355296536,54.18090225528166,3822000
2008-03-03,54.37590408325195,54.701089620751176,54.149434951019195,54.3933241041436,2036900
2008-03-04,53.847511291503906,54.654671920423276,53.73137036232491,54.5501472993239,3401100
2008-03-05,53.202945709228516,54.039138281902154,53.13326114887087,54.039138281902154,3871200
2008-03-06,53.4874382019043,53.67906725877208,53.231932792747244,53.319037312261685,1342600
2008-03-07,53.55716323852539,54.20753469178689,53.27262129740023,54.17269462974024,3601300
2008-03-10,54.34691619873047,54.66049014521775,53.77784100091345,53.835909265746366,3579000
2008-03-11,53.88234329223633,54.02170795607339,53.545541293500875,54.0042879268841,3309200
2008-03-12,54.9217643737793,54.97983259673436,53.98685136414203,54.079759634805846,4752900
2008-03-13,54.49205780029297,55.275994431733544,54.155260285436945,55.183081717068376,5763500
2008-03-14,55.165645599365234,55.63600389677296,54.94498461188326,54.94498461188326,6174800
2008-03-17,55.589595794677734,55.92639347673077,55.34570201276613,55.508294913824344,3329300
2008-03-18,55.37473678588867,55.83929171600041,55.13665116586727,55.33989671674375,4022300
2008-03-19,56.292240142822266,56.600005954749236,55.23538170151127,55.23538170151127,5206400
2008-03-20,56.43157958984375,56.762573447053555,56.251566708124216,56.32705498070787,3905900
2008-03-24,55.33988571166992,56.025101660642115,55.28181303421137,56.025101660642115,5596200
2008-03-25,55.572139739990234,55.64182427097142,55.32825052703872,55.38631875436216,2038200
2008-03-26,55.33988571166992,55.86250436621074,55.2992374956429,55.61861507004859,1652000
2008-03-27,54.95081329345703,55.37471986996289,54.89855320570411,54.95662144664829,2405700
2008-03-28,55.485023498535156,55.49082721835658,55.02046895423401,55.21790175585369,1745500
2008-03-31,55.682472229003906,55.932169592689554,55.554719471259375,55.81022498674843,2546300
2008-04-01,54.776275634765625,55.312782321893266,54.688800654456,55.289455363866544,3821800
2008-04-02,54.89289474487305,55.3186038557283,54.81125263306432,54.81125263306432,3794200
2008-04-03,55.015384674072266,55.20782879515954,54.88709304251099,55.10869253247709,2839100
2008-04-04,55.51682662963867,55.726764571992994,55.39436357145822,55.49933254263538,1745200
2008-04-07,55.22527313232422,55.27192701947794,54.75874760826567,55.17862369433006,2231800
2008-04-08,55.0328369140625,55.54018350733092,54.9686889276925,55.505195314459954,1305200
2008-04-09,55.604339599609375,55.773456638405726,55.13781397973436,55.14364237995596,2883600
2008-04-10,55.417720794677734,55.691806838628715,55.14946759930185,55.581004961501336,1846500
2008-04-11,55.790950775146484,55.93674086567367,55.67432048238892,55.750129727765284,1987700
2008-04-14,55.46438217163086,55.808444648285565,55.394401326763244,55.5985065628432,3195300
2008-04-15,54.776275634765625,55.1553309166658,54.75878152853617,55.06202308455891,2821600
2008-04-16,54.23976135253906,54.85207723064029,53.90152718225742,54.700458698440954,4691100
2008-04-17,54.146427154541016,54.33887110068764,53.79069905378255,54.22224083286761,2020000
2008-04-18,54.09975814819336,54.16390611231444,53.54575785713842,53.650726848504,2199700
2008-04-21,54.315582275390625,54.397224409992134,53.82572946778157,53.88987749484885,2805800
2008-04-22,54.50221252441406,54.62467576905326,54.18147672631069,54.18147672631069,1799700
2008-04-23,54.321380615234375,54.60129505626734,53.95981964231033,54.28638797323539,1221100
2008-04-24,53.86066818237305,53.9189833036137,53.53992834181159,53.802353061132386,3213600
2008-04-25,53.545806884765625,53.79656612434152,53.35919566804606,53.732418101485194,1742000
2008-04-28,53.709041595458984,53.85483161306293,53.30666417229973,53.37664053328834,1883900
2008-04-29,53.91320037841797,54.152298380806904,53.73825485270276,53.872379310834816,1269100
2008-04-30,54.298057556152344,54.350539849167006,53.563274309826056,53.89567551306602,2827500
2008-05-01,54.301551818847656,54.81074021987839,54.067442055203436,54.68783359865145,3226500
2008-05-02,53.61680603027344,54.08502574606808,53.575837140036974,53.71630126866571,2730800
2008-05-05,53.61680603027344,53.76897810769782,53.34172728213965,53.763124133299996,1309300
2008-05-06,53.23052215576172,53.89188281512381,53.13688089517863,53.85091392637984,4037500
2008-05-07,53.45874786376953,53.5114246711567,53.037355731029436,53.101736014907395,3876200
2008-05-08,53.93870544433594,53.9621124104248,53.50560066203462,53.517308610353005,2829500
2008-05-09,54.13768005371094,54.354232381423934,53.96795057500713,54.27229462829418,2064300
2008-05-12,54.05573654174805,54.5239560514128,54.04988256992739,54.28984629658043,1947400
2008-05-13,53.46464920043945,53.87434268491883,53.44123776144559,53.74558200309032,2123300
2008-05-14,53.488037109375,53.850907556235406,53.09590572560108,53.84505358274332,2600900
2008-05-15,53.97380065917969,54.038180955611196,53.31244024406911,53.35926308970518,2164300
2008-05-16,53.75138854980469,54.36592605267945,53.71627365201933,53.77479997008553,1902600
2008-05-19,53.8216438293457,53.99722731738591,53.43536640704028,53.99722731738591,1348200
2008-05-20,54.10256576538086,54.1376806699011,53.7865182288806,54.10256576538086,1466000
2008-05-21,54.1142578125,54.23716441762726,53.763095445669,53.87429857351966,1762100
2008-05-22,53.476348876953125,53.80410004159585,53.166150707245144,53.80410004159585,2855900
2008-05-23,53.7104606628418,54.02065886929694,53.669491762408136,53.74558005269583,1802000
2008-05-27,53.34756851196289,53.58752782165833,53.24807329733974,53.48217863403585,1985800
2008-05-28,52.873443603515625,53.060734835480126,52.75639104880655,52.99050062349344,3250700
2008-05-29,52.493064880371094,52.73302415966819,52.1711633852832,52.68035180516609,3302400
2008-05-30,52.83835983276367,52.93200550386921,52.70959926762923,52.750568132420064,2514600
2008-06-02,53.0422248840332,53.24193874454997,52.64279268149307,52.854257052338234,3076400
2008-06-03,53.424034118652344,53.694242092275864,52.754398403079094,52.901248419327736,2447700
2008-06-04,52.948265075683594,53.68251548385705,52.80729025213677,53.68251548385705,2813000
2008-06-05,52.63103103637695,52.88361317692123,52.54292015358138,52.7602597336097,2632200
2008-06-06,53.31243133544922,53.506269951612936,52.989359505998245,53.12446349327052,3864800
2008-06-09,53.31243133544922,53.68249176431471,52.97761347652133,53.147960033731216,1812000
2008-06-10,52.965858459472656,53.283055006446276,52.689779734430445,53.24781243950692,1935300
2008-06-11,52.84248733520508,53.28891245378224,52.695637380022255,52.89535564945348,2265400
2008-06-12,52.313838958740234,52.65453201081007,52.172864223282595,52.607538938488844,4413100
2008-06-13,52.20222473144531,52.595781543687956,52.0906173291805,52.2609638183986,1983600
2008-06-16,52.2140007019043,52.384347288819235,52.05540462802219,52.3432294562196,1756800
2008-06-17,52.3197135925293,52.43719179043278,52.037759643452574,52.36670666429308,1712200
2008-06-18,52.760284423828125,52.84839534785695,52.33148031702534,52.448963042899685,2590000
2008-06-19,52.44892120361328,52.71912453531741,52.296196022561666,52.584020628713255,1700500
2008-06-20,52.75437545776367,52.90710066305692,52.68389034878594,52.83074030116274,4580900
2008-06-23,52.86595153808594,53.11853348580578,52.76609470518565,52.91294457056922,1594100
2008-06-24,53.218441009521484,53.34179447615817,52.9482375376259,53.08921228785261,3118400
2008-06-25,53.241943359375,53.312432982935384,52.75440021313974,53.247818615048445,3251600
2008-06-26,53.60024642944336,53.71185385609071,53.330042985223606,53.453396439225706,4052300
2008-06-27,54.228824615478516,54.299314302645804,53.71778446691548,53.882260403639165,4144800
2008-06-30,54.240509033203125,54.522462980033,54.08778827344681,54.28163133179823,3743000
2008-07-01,54.111976623535156,54.689703013891766,54.04712914127621,54.642544888528676,3805100
2008-07-02,54.39495086669922,54.45979835789971,54.15914671434389,54.212201299321066,2413700
2008-07-03,54.27705001831055,54.41264145689036,53.96460546146369,54.064822678249286,1405100
2008-07-07,54.52467346191406,54.913758606160535,53.988212896648434,54.27707627794531,3528400
2008-07-08,54.87836456298828,54.907842335161206,54.48338760285975,54.530550239265814,2176600
2008-07-09,55.12008285522461,55.20261523979255,54.778160406198765,54.78995331695283,1582000
2008-07-10,55.114158630371094,55.273331361607795,54.789925710842326,55.01983788025058,2723600
2008-07-11,54.33012008666992,55.26155749228421,54.15326243496965,55.1318624807276,5466000
2008-07-14,54.807647705078125,54.97860895928572,54.40677412568615,54.45982874026174,4135400
2008-07-15,54.789947509765625,55.078810825136806,54.648459581778916,54.86658343083389,4541400
2008-07-16,53.799591064453125,54.37731808781883,53.77011326833682,54.282997236071054,3435900
2008-07-17,53.522499084472656,54.00590510355984,53.38690756187362,53.7995740888907,5899900
2008-07-18,53.322078704833984,53.764218675844816,53.23365430877612,53.504832951274444,3475200
2008-07-21,53.528343200683594,53.5872942189919,53.20410585347631,53.32200789009292,3657200
2008-07-22,53.263092041015625,53.50479722265258,53.074445959262775,53.434053255366244,2675200
2008-07-23,53.156959533691406,53.27486610412372,52.90936248229722,53.18643730071843,2871900
2008-07-24,53.67580032348633,53.79370252995909,53.263133605469896,53.263133605469896,2613300
2008-07-25,53.13928985595703,53.551951726189955,53.056757481910445,53.3809950211485,3765300
2008-07-28,53.67580032348633,53.92339765568766,53.46946471563768,53.61684472256907,1275900
2008-07-29,53.45762252807617,53.640372113609466,53.239498718034625,53.44583411835766,1349100
2008-07-30,53.510719299316406,53.81727216576105,53.07447583303123,53.10984558774411,1667500
2008-07-31,54.04123306274414,54.26525327488819,53.80542444359662,54.070710826765826,3898700
2008-08-01,54.16075897216797,54.1725902301376,53.74067934686767,53.823511694728325,1804800
2008-08-04,54.03654098510742,54.21995492843812,53.84720915243564,53.894538725083365,2029900
2008-08-05,53.63420867919922,54.19628627113481,53.61645952573152,54.04837064020157,2191200
2008-08-06,53.41522216796875,53.49214108458645,53.14305830414066,53.49214108458645,3139500
2008-08-07,54.28500747680664,54.373757710636276,53.5040135443498,53.622344180106374,2765600
2008-08-08,54.43292999267578,54.4802640586441,54.1607658843954,54.36784678047558,1035400
2008-08-11,53.912261962890625,54.3027566724787,53.6045950871915,54.3027566724787,3939400
2008-08-12,54.41518783569336,54.45068613271662,54.25543647103758,54.32051969159726,1315000
2008-08-13,54.225887298583984,54.6400493825204,54.11346994121775,54.61046895596961,1940300
2008-08-14,54.57489776611328,54.787896432209216,54.47431631657423,54.58673353313112,2605300
2008-08-15,55.04826736450195,55.14293099626764,54.77018532877198,54.82935066287874,1964900
2008-08-18,55.26719665527344,55.344111155729784,55.00094582010609,55.07194694562272,1262200
2008-08-19,55.05419921875,55.338194700119146,54.959531048942424,55.28494724012248,1944700
2008-08-20,55.2079963684082,55.44466214234324,55.11333276724871,55.249412540295026,2500000
2008-08-21,55.10745620727539,55.39736962789261,54.876708146004695,55.39736962789261,2267000
2008-08-22,55.071903228759766,55.12515064510867,54.811570489214645,55.08965236754273,1990000
2008-08-25,55.622161865234375,55.81149357907208,55.52749375130347,55.68724506505585,2028300
2008-08-26,55.669517517089844,55.734600747435245,55.444687412095156,55.5926030239663,1270900
2008-08-27,55.764163970947266,55.787831001318146,55.284919019504414,55.31449942194965,1555300
2008-08-28,55.770103454589844,55.85885372434395,55.432856040745236,55.56302250118109,1886500
2008-08-29,55.52158737182617,55.71092363892555,55.32634224592379,55.62808676505704,1739100
2008-09-02,56.03824996948242,56.062003082103914,55.12971040087184,55.21284856026854,2916000
2008-09-03,56.275733947753906,56.34699323739053,55.9728921602881,55.97882703659454,2105000
2008-09-04,56.727012634277344,56.74482631745469,56.299466116268036,56.41229215030889,3049800
2008-09-05,56.697322845458984,57.19018467575727,56.655756075905195,57.017978193194985,4167800
2008-09-08,56.93491744995117,56.93491744995117,56.15108270014262,56.35298193214688,5426200
2008-09-09,57.499019622802734,57.52870760914123,56.73299890037462,56.90520553072903,3890200
2008-09-10,57.14270782470703,57.398047957160884,56.89924197566123,56.99425436468595,2407900
2008-09-11,57.1130256652832,57.51681933089639,57.006138973490266,57.47525253577919,3592000
2008-09-12,56.376644134521484,57.20204437596107,56.26381814180612,57.130785138914014,4138200
2008-09-15,58.20566940307617,58.29474244453992,57.04773345537666,57.172433901248674,5889900
2008-09-16,58.19375991821289,59.892067968057184,58.14031884391977,59.80299498046165,6684400
2008-09-17,58.484718322753906,59.01321222812497,58.033423108790956,58.74005843111383,4371300
2008-09-18,57.629608154296875,58.48469660510505,57.55240949155563,58.16403673713775,4188300
2008-09-19,55.80069351196289,56.42419539544854,55.64036122018046,55.73537361982051,7169200
2008-09-22,55.79475402832031,55.79475402832031,54.987166754243056,55.1831264304031,4726300
2008-09-23,55.58097839355469,55.877885334257904,55.301885144423196,55.58691780089205,2236000
2008-09-24,55.82441329956055,56.26383405957713,55.58094756859759,55.800660213824806,1014900
2008-09-25,55.711631774902344,56.16886658183011,55.313777464525494,56.16886658183011,1881200
2008-09-26,56.115421295166016,56.287627893587185,55.86008110170581,55.86008110170581,1992800
2008-09-29,57.748390197753906,58.15218375002006,56.50732157017155,56.51325644606457,4799800
2008-09-30,56.34103775024414,57.77213082819255,56.17477065231988,57.62367741498323,1358100
2008-10-01,57.049888610839844,57.717001084745526,56.55551073850793,57.20475489920459,1767800
2008-10-02,57.508506774902344,57.68719437960568,57.22260024531484,57.52041746415052,931900
2008-10-03,58.014774322509766,58.247071306307646,56.87711077346967,58.002859093206624,1903100
2008-10-06,59.06907653808594,59.48006582693777,58.74148026603773,58.81295350282524,2906200
2008-10-07,58.890342712402344,59.3668472464629,58.36022874846764,58.56274215296972,1972000
2008-10-08,58.04457092285156,59.5277038625377,57.58593443071741,59.37283764489648,3386300
2008-10-09,57.55612564086914,58.19345399253497,57.31191800512528,57.996898178901866,1785400
2008-10-10,57.151126861572266,57.72293996461781,56.8890507790344,57.54424780187476,2200000
2008-10-13,56.418453216552734,57.15108049185259,56.14446212182601,56.65075011304555,1532100
2008-10-14,56.05513381958008,56.7401140449311,55.930051185367354,56.13852224238856,2100000
2008-10-15,56.59123992919922,56.609108238625616,55.644178630621475,56.061125542671604,1449500
2008-10-16,56.2993278503418,56.74605338342881,56.09681445661937,56.57927657816867,1063200
2008-10-17,55.91222381591797,56.525726751820095,55.405930749825636,56.40064402604378,1691800
2008-10-20,56.35894012451172,56.549542989835686,55.60843935415389,55.656091206567574,1146800
2008-10-21,56.6567497253418,57.17494878120266,56.43040572914495,56.63887687485508,1243700
2008-10-22,57.806297302246094,58.06837324366601,57.09153358047753,57.25235734921487,1069800
2008-10-23,58.23513412475586,58.90224584007497,57.66928364302818,58.34234842642631,1802000
2008-10-24,57.61573791503906,58.99761003062998,57.448956406739455,58.86061207060959,1495400
2008-10-27,57.65739822387695,58.49724016798162,57.35362347866393,58.23515963922303,1534100
2008-10-28,56.81754684448242,57.71695577266671,56.67459590670539,57.28809841500723,1505500
2008-10-29,56.53166961669922,57.18686662353184,56.24576307216171,57.0439110790979,1745800
2008-10-30,56.0194206237793,56.466146451578716,55.870512014512826,56.2874543027269,1326000
2008-10-31,55.292720794677734,56.53759402201216,55.185506462880625,56.370817182400664,2282500
2008-11-03,55.4422607421875,55.68146890866418,55.22697384861012,55.448242201041396,1111600
2008-11-04,56.48280334472656,56.6382893161868,55.37048939988726,55.59175772225316,1608800
2008-11-05,57.15259552001953,57.21239642367457,56.45291536597098,56.7459429876422,1931700
2008-11-06,56.73992919921875,56.84159569627287,56.10005031341572,56.57248493938452,919700
2008-11-07,56.36915588378906,56.52463721789282,55.944563817557786,56.52463721789282,1277100
2008-11-10,56.644256591796875,56.87150175279125,56.022317424190966,56.09408121516976,1352100
2008-11-11,56.81167984008789,57.29607270293085,56.78775858528526,56.937263005917075,696000
2008-11-12,57.17652893066406,57.45161679588244,56.90742252583579,57.15858911201117,1199400
2008-11-13,55.80701446533203,56.96118886847462,55.76515340666938,56.75786502997406,1631900
2008-11-14,56.913360595703125,57.08678632856057,56.68611544360422,56.87748098287549,1059300
2008-11-17,57.16450119018555,57.42763039877494,56.98509864456646,57.21832514762987,490300
2008-11-18,57.90008544921875,58.007728839875774,57.385789756358946,57.636956147054036,924800
2008-11-19,59.383209228515625,59.42507032011611,58.133348814986405,58.28883482486686,2090400
2008-11-20,62.45100402832031,62.456985484302265,60.45960350014084,60.890177080559546,5459800
2008-11-21,61.54801940917969,62.181921673509684,60.66893210571087,61.745366469655515,3249300
2008-11-24,60.58516311645508,61.17122238666832,60.39977911580654,61.08750028556819,1587300
2008-11-25,62.3673095703125,62.474953013184276,61.4045000431027,62.1639810393253,2632700
2008-11-26,62.45100402832031,63.16264672720757,62.24767558756077,62.62442975168419,2577600
2008-11-28,63.22249221801758,63.37199678547883,62.756038697541236,62.94142290118765,986400
2008-12-01,65.64360046386719,66.2496349773373,64.28152321126817,64.65354525894158,4031600
2008-12-02,65.89559936523438,66.22561922362996,64.91754758708704,65.13955678465608,3289300
2008-12-03,66.08162689208984,66.48964947970266,65.13957534717483,66.16563113854941,2951000
2008-12-04,67.3836898803711,67.49769300720605,66.22562631404111,66.68164797715554,2825400
2008-12-05,66.29161071777344,67.80369101643656,66.25560564497927,67.1736548882268,4557600
2008-12-08,66.14761352539062,66.75364792544343,65.81759823743516,66.29162469115104,2119500
2008-12-09,67.4557113647461,67.52171536352458,66.15364080318618,66.35165279952166,2055500
2008-12-10,67.293701171875,67.293701171875,66.67566792070821,66.82567616916184,2414900
2008-12-11,67.4256591796875,67.46165966770457,66.52561035618058,67.31165153045342,2416900
2008-12-12,67.4256591796875,67.53966225103655,66.20758925978468,67.52766361432587,2547100
2008-12-15,68.19376373291016,68.36777388381452,67.23371167437688,67.41371886028912,1707700
2008-12-16,69.87987518310547,70.14389129101758,68.3857935989196,69.87987518310547,4015100
2008-12-17,71.77590942382812,72.68195545680425,71.55989729702807,72.46594333000421,6407500
2008-12-18,73.28202819824219,73.8940644181539,72.27397258123037,72.44798269952337,4442000
2008-12-19,73.36004638671875,73.79806797594382,72.77201194808296,72.86801943924355,2668500
2008-12-22,72.79593658447266,73.43797112227155,72.44191963668008,73.43797112227155,2221400
2008-12-23,72.6999740600586,72.90398300854044,71.94393147297653,72.08793805883941,1746400
2008-12-24,72.54393005371094,72.79594260463,72.37592168643155,72.44192562756055,717200
2008-12-26,72.78398895263672,73.18600987679115,72.72398200333457,72.95799445637296,454400
2008-12-29,72.69670104980469,73.45527660773149,72.61241538705994,73.10609052308949,1416000
2008-12-30,73.3890151977539,73.40105403223738,72.28727581703144,72.54013268018097,2590500
2008-12-31,71.85382080078125,73.44923544004988,71.55279934405974,73.09403232586548,2738000
2009-01-02,70.04772186279297,72.51609793945435,70.04772186279297,72.27528434619948,3464200
2009-01-05,68.2416000366211,69.9333446570086,67.79006760859771,69.59619732069122,5395200
2009-01-06,67.55524444580078,68.1873914327813,66.82677296734359,67.20004128072166,4109300
2009-01-07,67.82011413574219,67.83817468264222,67.06756072676419,67.40470318415545,2565600
2009-01-08,67.76598358154297,67.9827195088668,67.42281912881779,67.81414814166499,2603600
2009-01-09,67.86833953857422,68.24160342460738,66.98935232634469,67.10374201695517,2727900
2009-01-12,68.57266998291016,68.66297731384282,67.16990927632503,67.16990927632503,2462800
2009-01-13,68.64493560791016,68.68106130854925,68.00677154637285,68.33187529278523,1767400
2009-01-14,69.77677917480469,69.861064820771,69.02422548351737,69.02422548351737,2494800
2009-01-15,69.89118194580078,70.39087882597595,69.58414326897211,69.95740705489504,2827200
2009-01-16,68.81351470947266,69.89116760567933,68.24759283631786,68.2837139454219,2994800
2009-01-20,68.80147552490234,69.01218966305613,67.5672900910166,67.60341120235047,3268300
2009-01-21,66.62811279296875,68.05495667958249,66.46556316718409,67.38668843082128,2838100
2009-01-22,65.34574127197266,66.68829445623862,64.94839072674539,66.58594825879152,4016600
2009-01-23,64.83404541015625,65.21333104123048,64.23200210121091,64.97251279900715,2676200
2009-01-26,64.26809692382812,64.91228281699374,63.997179382984505,64.67748639006952,2240900
2009-01-27,65.77922058105469,65.97789128357222,64.79788753475809,64.90023833734284,3420800
2009-01-28,64.13568878173828,66.11039058708879,63.64803505107821,65.80936885838958,4348100
2009-01-29,62.66065979003906,64.00321360593334,62.40780273860049,63.55168118841077,3724400
2009-01-30,62.46199417114258,63.13628434009362,62.27536221260811,62.94363066228275,2630000
2009-02-02,63.624114990234375,63.79918901721645,62.416711719360386,62.79704209156962,2700200
2009-02-03,62.1087532043457,63.285972841720444,62.030273737536504,62.966012069356985,2846400
2009-02-04,61.89143753051758,62.10273660972509,61.34811020076706,62.03029081635045,2305400
2009-02-05,61.94578552246094,62.71248408203292,61.704304101708935,62.32611565117972,2279500
2009-02-06,61.75257110595703,62.09668046532711,61.5171281024866,61.72842251510459,1667500
2009-02-09,61.95182418823242,61.98200648733171,61.01004710235918,61.39038183918541,2257300
2009-02-10,63.298099517822266,63.364507049366225,62.45291652116196,62.85136171042572,3782800
2009-02-11,64.1191177368164,64.294191675304,63.70860064798789,63.81726707167414,2774200
2009-02-12,63.51541519165039,64.1010062077657,63.23167483490376,63.98026778636845,1818400
2009-02-13,61.82509231567383,62.75478886558135,61.71642582718253,62.75478886558135,2466800
2009-02-17,63.75091552734375,63.787140770960406,62.99628820195881,63.117031337548205,2813900
2009-02-18,63.20753860473633,64.33042364590541,62.96606171466352,64.02857292743795,2768600
2009-02-19,62.13294982910156,62.82116908816102,61.71639897601381,61.9941010800311,3219400
2009-02-20,62.73663330078125,63.485226173051295,62.36234147052129,62.94792781881108,4272000
2009-02-23,63.31621551513672,63.31621551513672,62.28388644001721,62.54347828505034,2688700
2009-02-24,63.249759674072266,64.40283093947076,63.249759674072266,63.81120185870438,4197100
2009-02-25,62.51934814453125,63.6844926389589,62.19938697245522,63.53356721017749,3908100
2009-02-26,61.86127471923828,62.3381993125993,61.56546236341329,62.1027561673278,2611100
2009-02-27,61.50505828857422,62.18724338925574,61.1005797103925,61.92161346645067,3267700
2009-03-02,62.52334213256836,62.52334213256836,61.802941951874814,61.88164392576194,3302000
2009-03-03,62.1056022644043,62.69887354694765,61.633409110266896,61.88767087059024,3084900
2009-03-04,61.82110595703125,61.89980331074773,61.23994454375638,61.43971545990749,3178400
2009-03-05,63.54035186767578,63.83093477986388,62.62018111328776,62.97129616641422,4562400
2009-03-06,63.116676330566406,64.15187157830101,63.01375861784552,63.1166763305664,3125900
2009-03-09,62.74735641479492,63.292196894166096,62.426507193238045,63.267981248564915,2070500
2009-03-10,61.542625427246094,62.20248411230804,61.45181795736478,62.00876366526914,2602600
2009-03-11,62.20853042602539,62.2085304260254,61.10068961033598,61.31862565993583,3101500
2009-03-12,62.505149841308594,62.941021843109795,61.93609421466168,62.147979773457,3558900
2009-03-13,62.190399169921875,62.886579225682674,61.94824737638445,62.202504681201155,2504000
2009-03-16,61.209716796875,61.41554292118153,60.84043616805343,61.03415677508576,3265600
2009-03-17,60.87672805786133,61.94824825845673,60.773815045207485,61.57896780725282,3076200
2009-03-18,63.18319320678711,65.42308604853531,61.08253447548653,61.215718141938716,8578800
2009-03-19,63.261898040771484,63.964137594831634,63.09239321562872,63.93992196000265,3650900
2009-03-20,62.91078567504883,63.56459403647397,62.82603325249305,63.33455240648836,3479700
2009-03-23,62.36592483520508,63.21345340031121,62.33565876206575,63.13475606775802,2097000
2009-03-24,62.959197998046875,63.66143742344306,61.706067991870576,61.863467280090276,5477100
2009-03-25,62.11166763305664,62.789691408674535,61.93610778172721,62.529379162725256,2549600
2009-03-26,62.83210372924805,62.995553550368136,61.84534049963306,62.014845386324055,2385300
2009-03-27,63.298213958740234,63.52220509842391,62.69283699396679,63.050011804886175,1853900
2009-03-30,63.54035186767578,64.09124700292409,62.92286952993179,63.83093477986388,2300100
2009-03-31,63.994415283203125,64.04890162611738,63.56459807900346,63.588813718225246,1094600
2009-04-01,64.5784683227539,64.69381638736022,64.0684921246565,64.42669040920856,2383400
2009-04-02,63.78926086425781,64.39637289480444,63.64962305919732,64.28709254403016,1766300
2009-04-03,62.48389434814453,63.843827005200865,62.32604874393487,63.69204917907427,3316800
2009-04-06,62.21678161621094,62.89067104468019,62.05893134689296,62.86031825220269,1418100
2009-04-07,62.3746337890625,62.72068715643439,62.21678813509857,62.25321334264515,1312600
2009-04-08,62.927120208740234,63.05461309284827,62.502139296486064,62.574994358216685,1007800
2009-04-09,62.1378173828125,62.64172068495585,61.913189250256714,62.21067237903837,1088800
2009-04-13,62.708553314208984,62.84211859792832,62.48999278301254,62.508205388629975,946600
2009-04-14,63.03639221191406,63.26709292927397,62.48999090038431,62.68426640760673,1336000
2009-04-15,62.927120208740234,63.3217436872998,62.459641668450054,63.218531191874575,1152500
2009-04-16,62.429298400878906,62.80570469757019,62.398940962548096,62.44143859707436,1055600
2009-04-17,61.74321365356445,62.35639732671217,61.54287045681973,62.210691920382,2582800
2009-04-20,62.678184509277344,62.77532456413365,62.19856591018303,62.307846155949996,1714400
2009-04-21,62.058937072753906,63.26708763749461,62.058937072753906,63.1638797961419,909100
2009-04-22,61.682518005371094,62.26534440008022,61.38503471296479,62.19856177477988,2278100
2009-04-23,61.67646789550781,61.77360797902972,61.28184904390892,61.53076240211908,1688300
2009-04-24,61.05718231201172,61.30610016447238,60.77183926431938,61.19074753704997,2830000
2009-04-27,61.31825637817383,61.43360903574439,60.74757013363662,61.360753994348336,2294600
2009-04-28,60.31650161743164,61.67036173973853,60.15865139587813,61.621791728200336,2332500
2009-04-29,59.78225326538086,60.75970287492975,59.587977825514166,60.510785006908,3752600
2009-04-30,59.54542922973633,59.71541951507251,59.126521289523666,59.484719075243106,2778100
2009-05-01,59.135643005371094,59.2452551330699,58.80680662227468,59.14173385856539,2772200
2009-05-04,59.33054733276367,59.568039657251084,58.94081610047854,59.28792062441882,2246700
2009-05-05,59.2574348449707,59.574094181807155,58.922512239653614,59.34877906313353,1369000
2009-05-06,59.11741638183594,59.67765447205267,59.06869881417458,59.14177516566662,2045900
2009-05-07,57.67414855957031,58.88596815135286,57.44274724758941,58.42316552739106,5755200
2009-05-08,57.814247131347656,58.088275297610686,57.63155858986391,57.8629600492424,2193400
2009-05-11,58.63631820678711,58.733748658515125,58.331840495450145,58.49017020621449,2167400
2009-05-12,58.849483489990234,59.08088500315765,58.33796288847374,58.56936440164115,2304800
2009-05-13,59.48884963989258,59.63499762305231,59.214816944762376,59.28789325932255,1917500
2009-05-14,59.72025680541992,59.82986896493458,59.25136318447232,59.434047019689366,1704600
2009-05-15,59.70201110839844,59.708101965627755,59.348815724502494,59.677652325443944,2306600
2009-05-18,58.776363372802734,59.744604713412684,58.68502379478689,59.68371011274871,2234700
2009-05-19,58.4658317565918,58.745950790885786,58.283143207896124,58.575443956616645,1624300
2009-05-20,59.080875396728516,59.166133462415495,58.35622132907408,58.41711596516799,2825700
2009-05-21,57.59501647949219,59.45841895784301,57.454954660117394,59.403615188932505,4771700
2009-05-22,56.955570220947266,57.540166564167045,56.845958116221134,57.13216775889263,4483400
2009-05-26,56.09693908691406,57.3026674456687,56.09693908691407,57.27222248171606,3633100
2009-05-27,55.1043701171875,56.37708925608122,55.03738465482674,56.17004201443138,7490200
2009-05-28,55.9021110534668,56.01172321811913,54.94605120187301,55.883838487723665,9824300
2009-05-29,57.34535598754883,57.38189648806062,55.80469884124034,55.841234695788934,4746700
2009-06-01,55.64997482299805,56.43808022816732,55.332291199569774,56.413642309279545,6987000
2009-06-02,55.949371337890625,56.06544569994542,55.46062197209769,55.967698623422464,5063600
2009-06-03,56.4747314453125,56.57858909009639,55.79659444057289,56.1814811212133,6727200
2009-06-04,55.30785369873047,56.0348666427037,55.13068228124723,55.85769522522045,5438600
2009-06-05,54.88631057739258,55.53390381351379,54.7091438118444,54.9290804337638,8439600
2009-06-08,54.74581527709961,55.430063274606496,54.66639550727842,55.234564512612835,4084000
2009-06-09,54.739707946777344,55.17347070557626,54.52588189118048,55.10016157854786,6046300
2009-06-10,53.8782844543457,54.63584149910646,53.493392954809224,54.29371986490309,12142000
2009-06-11,54.47697830200195,54.69080424875485,53.57279868114513,53.615563870495706,10692800
2009-06-12,54.965736389160156,55.38117172329061,54.62972080234257,54.62972080234257,6606800
2009-06-15,55.46061325073242,55.686660612550355,55.277335763175614,55.31399032847524,4518700
2009-06-16,56.42587661743164,56.468641820087626,55.47282086620809,55.570567903254286,5376000
2009-06-17,56.10821533203125,57.01851098087665,56.10821533203125,56.48088570401553,7197200
2009-06-18,55.25899124145508,55.94934980451693,55.051275870625645,55.74774041914183,6794000
2009-06-19,56.01658248901367,56.0226884776897,55.11239743153516,55.185711245188024,4750700
2009-06-22,56.560302734375,56.76191218672101,56.24261426503115,56.474772299026846,3952300
2009-06-23,57.2261962890625,57.31172669056758,56.56028035433616,56.67635466434602,5356900
2009-06-24,56.651920318603516,57.47056976337056,56.609155118668774,57.21397856376213,6550400
2009-06-25,57.6905632019043,57.73332844393882,56.61531683795692,56.951332783272285,7140000
2009-06-26,57.78824234008789,57.97763504146994,57.556089108041625,57.80657427458782,4050400
2009-06-29,57.87376022338867,58.26475747776508,57.782119222288436,58.0814754755646,4334900
2009-06-30,57.776065826416016,58.105970960628895,57.31175437888758,57.543912433181575,3743700
2009-07-01,57.66139602661133,57.66752163466342,57.14655971199759,57.2568814454122,3379900
2009-07-02,57.79624938964844,57.98624616193733,57.612378227019384,57.81463557070376,2645100
2009-07-06,57.685909271240234,57.79010071475793,57.2384920784342,57.64300663708375,1886700
2009-07-07,58.07209777832031,58.15177285179156,57.37339428467504,57.379524575262565,2592400
2009-07-08,59.1446647644043,59.33466167301374,58.157898480780155,58.29886709674415,7912900
2009-07-09,58.43978500366211,58.67268908344489,57.88817623054182,58.43978500366211,5241400
2009-07-10,58.979148864746094,59.0404377007192,58.488828824884266,58.6052808864601,3981900
2009-07-13,58.64818572998047,59.205920237019335,58.56850603180447,59.034309619468914,2604300
2009-07-14,57.67372512817383,58.3050095855892,57.42856488982659,58.07824022285316,3629100
2009-07-15,56.19049835205078,56.999523662149315,56.18436806172024,56.79114055132521,4664200
2009-07-16,56.797203063964844,57.1097820589674,56.693011624309406,56.883008329097116,4225200
2009-07-17,55.920745849609375,56.60719247837841,55.92074584960938,56.32526029407196,3845700
2009-07-20,56.214996337890625,56.686925665126566,55.6511313901168,55.68177347960283,4436500
2009-07-21,57.33660888671875,57.42853984446935,55.95145811877593,56.04951936572343,3895300
2009-07-22,56.821739196777344,57.32431507058665,56.607225959670544,57.24464006138637,1986700
2009-07-23,55.779842376708984,56.87693024154414,55.5101657889613,56.85241376301797,3818800
2009-07-24,56.04948806762695,56.04948806762695,55.63271747973395,55.773685996302184,1765300
2009-07-27,55.40599060058594,55.565345419977106,55.124058028457895,55.30179904315544,2755900
2009-07-28,55.896297454833984,56.27629590993734,55.42436803772567,55.60210902433656,3324800
2009-07-29,56.202720642089844,56.56433273865043,55.73692172847231,56.49078332679777,2910200
2009-07-30,56.99953079223633,57.09146645452899,55.91470307010065,56.10470000974132,4040700
2009-07-31,58.108787536621094,58.139434269936125,57.171055480014864,57.520406730045316,5697000
2009-08-03,57.22821044921875,57.72633153861557,56.951480159823504,57.689430726061,4029300
2009-08-04,56.77315139770508,57.63409700914876,56.373426146844494,57.578748126155205,3832200
2009-08-05,55.9244499206543,57.03752574102611,55.88140291908664,56.15198206103852,4458300
2009-08-06,56.1151237487793,56.50869794000412,55.604705606737134,55.89988859604298,3228500
2009-08-07,55.647762298583984,55.91834636144398,55.481725063867785,55.6047152605631,3543200
2009-08-10,56.34268569946289,56.35498284573619,55.598584017850314,55.660079132769866,3150100
2009-08-11,56.99453353881836,57.1113775233191,56.57020933554795,56.81619444891886,3677800
2009-08-12,56.385711669921875,57.234355198819536,56.01673173479051,57.160558273438305,4729200
2009-08-13,57.18517303466797,57.283568962338705,56.268883244170574,56.45337326266517,3922300
2009-08-14,57.40656661987305,57.929282150982026,57.320472517891645,57.3758214073235,4410400
2009-08-17,58.25518035888672,58.26747749819977,57.726314224722096,57.77550747374816,3569700
2009-08-18,57.916927337646484,58.27975145020078,57.81238527387036,58.212110173230116,2557900
2009-08-19,58.39664077758789,58.648776801224514,58.0584153624792,58.52578190245946,3518200
2009-08-20,58.87633514404297,58.95628303647683,58.28597344468497,58.654948920311504,3282700
2009-08-21,57.66484069824219,58.87016733756007,57.65254355333225,58.81481845602535,6258300
2009-08-24,58.710289001464844,58.71028900146485,57.47421688663532,57.49266495387833,4460200
2009-08-25,59.042327880859375,59.09152112924912,58.365872624818984,58.648753743098645,3359700
2009-08-26,59.31293487548828,59.37443467530846,58.980860353694524,59.1468976145914,3225800
2009-08-27,59.079254150390625,59.417484296966144,58.870169835617546,59.14690017970573,2514000
2009-08-28,59.34981918334961,59.34981918334962,58.611864016781496,58.69181185759683,2072500
2009-08-31,59.40522003173828,59.56511117413442,58.8886551449219,59.25763073433062,2899800
2009-09-01,59.26145553588867,59.5822572312262,58.69388909858165,59.113395749359825,3304200
2009-09-02,60.12515640258789,60.2485435011371,59.37251157501565,59.5205760932747,4345000
2009-09-03,59.75498580932617,59.91538663384553,59.56374174987986,59.74264474996733,2703800
2009-09-04,58.73702621459961,59.594545712269394,58.64448715733145,59.49584083612014,3643000
2009-09-08,58.32370376586914,58.83574925403046,58.212657813096,58.28669001718911,2468900
2009-09-09,58.25586700439453,58.25586700439453,57.69446647339771,57.922729003594505,3182400
2009-09-10,59.329345703125,59.66248391262194,58.55202792103683,58.564364281356866,4417300
2009-09-11,59.65623474121094,60.260819148175266,59.59454360745502,59.73026692575713,4826200
2009-09-14,59.06400680541992,59.63774344193108,59.00848618256385,59.23674390772727,2119500
2009-09-15,58.76169967651367,59.082496385937965,58.650653756572254,58.724685938777085,2187900
2009-09-16,58.86661911010742,59.19358658934014,58.36074392008534,58.817264285047905,3732300
2009-09-17,59.60689926147461,59.67476093725124,58.712361129297555,59.033162634193104,2832000
2009-09-18,59.076358795166016,59.55138591444438,59.020833455298515,59.34780084615341,2813300
2009-09-21,59.21205520629883,59.526681397562626,58.82956264978007,59.286082683428305,3050200
2009-09-22,59.33551025390625,59.45272684544874,58.92217397716043,59.0085426109062,2068000
2009-09-23,59.514381408691406,59.582243108668735,58.73088894776577,59.187413967019545,5712000
2009-09-24,59.687137603759766,59.89688859295307,59.329322109179984,59.53290727403429,4658400
2009-09-25,60.445960998535156,60.49531113354223,59.69948196068558,60.06346803512549,3854500
2009-09-28,60.9764518737793,61.03197719533892,60.52610230885033,60.6556551168463,4263300
2009-09-29,60.920963287353516,61.180069039566916,60.55081154037226,60.65568700578223,3123200
2009-09-30,60.865455627441406,61.15540467482788,60.6803773611016,60.80375973417091,2744800
2009-10-01,61.69902038574219,61.92180559814788,61.142062076154076,61.24107510309765,5754400
2009-10-02,61.272010803222656,62.07650865035517,61.19155771351159,62.05794400547584,4827700
2009-10-05,61.27824020385742,61.67430670733792,61.123528422698854,61.556724242800165,2910100
2009-10-06,60.6717414855957,61.14206638061081,60.634612188056195,61.11731194177565,3936200
2009-10-07,61.3834114074707,61.470049575835105,61.018289365284055,61.061608449466256,3591000
2009-10-08,60.73986053466797,61.736205017736566,60.44900156214819,61.705260765644255,5871600
2009-10-09,59.34742736816406,60.46753891077139,59.09988762753281,60.411844947878976,8135900
2009-10-12,59.440208435058594,59.61348470027641,59.16172467616643,59.427828861014966,1939700
2009-10-13,59.74962615966797,59.935277260333486,59.570160124028064,59.792945221965624,2886500
2009-10-14,58.86471939086914,59.47118671467197,58.72857231613828,59.10606930646395,5421000
2009-10-15,58.59239959716797,59.050344785119826,58.4005586511527,58.5243260895964,3736900
2009-10-16,59.06892776489258,59.118436644208636,58.62336201532787,58.908030989255295,3716800
2009-10-19,59.53304672241211,59.539236511002784,59.02559265075971,59.15554988261182,3163800
2009-10-20,59.85490417480469,60.182892447625214,59.74351148578737,60.04055550888046,2912400
2009-10-21,59.49588394165039,59.539202994548795,59.10601246556476,59.508263511862886,3355200
2009-10-22,59.20505905151367,59.30407678376987,58.99465345260725,59.02559295286831,2572200
2009-10-23,58.759498596191406,59.05035733190225,58.70999444315057,58.716179511389335,2996200
2009-10-26,57.998329162597656,58.48721875436802,57.89312632829219,58.44389966251125,4127400
2009-10-27,58.79044723510742,58.858520762251665,58.122091543923844,58.153035773144495,4476300
2009-10-28,59.06892776489258,59.285527931543676,58.76569414157829,58.87708675932611,4585400
2009-10-29,58.42531967163086,58.82756625264598,58.14064603254304,58.67904436548,4645300
2009-10-30,59.27313995361328,59.415476781125044,58.709991875812314,58.852323981898145,5118000
2009-11-02,59.01116180419922,59.340208019001395,58.855950968035266,59.29674917434184,3463800
2009-11-03,58.421356201171875,59.203620120498094,58.35927281572093,59.153951517473864,4470700
2009-11-04,57.88742446899414,58.402725513664954,57.614256654422846,58.11713818131513,5349500
2009-11-05,57.88742446899414,57.88742446899414,57.614256654422846,57.65771549333134,2852000
2009-11-06,57.94331741333008,58.01781559212398,57.40318193377737,57.97435674227441,3381100
2009-11-09,58.011634826660156,58.1730507726514,57.819170065422334,57.912297564516585,1697800
2009-11-10,57.906070709228516,58.421371947007806,57.68257140869892,58.3903326142459,2549900
2009-11-11,58.14818572998047,58.45860737986507,58.03643374655567,58.12955645219427,1771100
2009-11-12,58.042598724365234,58.10468206417787,57.39692156967231,57.88738800650602,3431300
2009-11-13,58.30961227416992,58.396529973149605,58.01781511188412,58.25373864053699,1594200
2009-11-16,58.992515563964844,59.259478314878,58.6820939808871,58.76280662394809,5175700
2009-11-17,59.309112548828125,59.4767427591147,58.862104970270195,58.97385686490968,3174400
2009-11-18,58.96145248413086,59.3091230013242,58.81865652933756,59.25324941248479,2413600
2009-11-19,59.0670280456543,59.4892016566964,58.92423674676757,59.12911142502497,2969800
2009-11-20,59.054595947265625,59.209806718507394,58.72554513344133,58.980093071873114,4136300
2009-11-23,58.980133056640625,59.042216459894554,58.570374069176616,58.69454561234452,3219300
2009-11-24,59.35260009765625,59.41468346104136,58.973885423352954,59.04838830140929,2895200
2009-11-25,59.62578201293945,59.74374373769183,58.961479972650885,59.28431635531824,2789300
2009-11-27,59.849266052246094,59.94859846902706,59.656801501625665,59.849266052246094,2249100
2009-11-30,59.99205780029297,60.05414589004793,59.60092841278034,59.72509511897781,3115800
2009-12-01,59.32378387451172,59.747302941586256,59.28641608239608,59.64142436275608,3979100
2009-12-02,59.37362289428711,59.765999046919156,59.16186094161321,59.34870944386931,2193900
2009-12-03,58.75701141357422,59.068422340510914,58.694730178537604,58.813067851334715,3947300
2009-12-04,58.13417053222656,58.32724847492486,57.86636178439905,58.10303230077671,6108100
2009-12-07,58.20891571044922,58.38330502676399,57.978469970031846,58.090578066484554,2774200
2009-12-08,58.29609680175781,58.775672061767686,58.15285050458704,58.57636935353994,2378600
2009-12-09,58.0283203125,58.576406673130926,57.72313888553785,58.35219038955544,3494300
2009-12-10,57.361846923828125,57.797824731576505,57.26842276847133,57.72931400109819,4446300
2009-12-11,57.355716705322266,57.46160013235667,56.86991595828237,57.20001109400137,3053400
2009-12-14,57.424190521240234,57.611039035028845,57.33077101610102,57.517614778134536,2380400
2009-12-15,57.16881561279297,57.29960762520531,56.981967165487674,57.03179405166954,2993900
2009-12-16,57.10032272338867,57.45533108310024,56.901019867967356,57.25602822767892,3301600
2009-12-17,58.040809631347656,58.06572309268876,57.41798735309049,57.611060738788005,4428900
2009-12-18,57.791629791259766,58.23383265619272,57.704435127850616,58.04698423360008,3789500
2009-12-21,56.76399612426758,57.42418591701168,56.76399612426758,57.33699121803622,3524000
2009-12-22,56.44633102416992,56.595811658897034,56.315539032598174,56.552214328373125,3078800
2009-12-23,56.45880126953125,56.9196881049111,56.36537704231481,56.65187452115924,2336000
2009-12-24,55.873374938964844,56.27821028995101,55.84846148256121,56.25952638558727,1698900
2009-12-28,55.717655181884766,55.8235337807645,55.618006133455225,55.717655181884766,3170900
2009-12-29,56.0851936340332,56.185198182565244,55.75391634720984,55.79142222552773,2617000
2009-12-30,56.45397186279297,56.55398118818255,56.16645220535858,56.20395331802612,1919100
2009-12-31,56.18516159057617,56.322671927869074,55.660127323134496,56.103907649768374,3242400
2010-01-04,56.13517379760742,56.31643704487532,55.991416415477566,56.153924345823924,2829100
2010-01-05,56.4976921081543,56.64770124086172,56.2539254792406,56.28517956754414,2841600
2010-01-06,55.74137878417969,56.41642689974841,55.703877700660335,56.360170505765986,4099600
2010-01-07,55.835105895996094,56.028867747074045,55.70384740635934,55.76635076780053,2793200
2010-01-08,55.81014633178711,55.97890601376855,55.478873970661134,55.9476566934706,2910700
2010-01-11,55.503868103027344,55.853890958455494,55.48511279116905,55.622623132574034,2181300
2010-01-12,56.45397186279297,56.497724750474134,56.15394865533133,56.35396730611049,4321200
2010-01-13,55.797645568847656,56.42894100225623,55.766396246992684,56.21017667445267,4755000
2010-01-14,56.578983306884766,56.578983306884766,55.966442830023205,56.06020038794905,4188800
2010-01-15,56.92897033691406,57.085231231711006,56.86646693273609,56.897716250473046,4142800
2010-01-19,56.76647186279297,56.95398689090998,56.516453414872046,56.70396844298906,2496000
2010-01-20,57.34147644042969,57.36022697821417,57.04770529859968,57.078959374042086,2800500
2010-01-21,57.604061126708984,57.74781858571057,57.16652743663882,57.22278388007549,4363100
2010-01-22,57.504032135009766,57.69779419556574,57.36026995644162,57.56028379051081,3666900
2010-01-25,57.241493225097656,57.45400575712214,57.18523682216495,57.2164909092058,2419500
2010-01-26,57.260292053222656,57.57281411234134,57.07277691026817,57.516557661971724,3138100
2010-01-27,57.22901916503906,57.56029167603294,57.110264064254814,57.347779034529935,3325700
2010-01-28,57.197811126708984,57.316566313233,56.916538301477246,56.96029121624084,3058200
2010-01-29,57.697792053222656,57.72904615092228,57.03524714660141,57.13525644427559,4930600
2010-02-01,57.174041748046875,57.53784919014823,57.11131748212882,57.52530146563178,3598500
2010-02-02,57.33714294433594,57.36222882850554,57.10505783854172,57.19287278980311,3047500
2010-02-03,56.67223358154297,57.06113165646169,56.622052258542936,56.960769010461625,5343700
2010-02-04,57.5692253112793,57.594315981896855,57.01724491436134,57.073695334083766,6095000
2010-02-05,57.694644927978516,57.970632572278326,57.21165817573557,57.31202079951972,6875800
2010-02-08,57.76988983154297,57.80125433576825,57.48762843572128,57.625624597430175,3386000
2010-02-09,57.19283676147461,57.84517940673081,57.167746107554805,57.54409634524606,4790000
2010-02-10,56.64715576171875,57.45631183269777,56.5781576233407,57.280681947937445,5068000
2010-02-11,56.33980178833008,56.62833727407998,56.063809243023506,56.57815594119601,5087500
2010-02-12,56.57186508178711,56.716130376337695,56.421321141099384,56.64713226657752,2833800
2010-02-16,56.678497314453125,56.7286786284854,56.283330233944355,56.283330233944355,2440900
2010-02-17,56.03242111206055,56.50912917628315,55.87560811540901,56.402497487092795,4368200
2010-02-18,55.806640625,56.13908359456384,55.51810512716052,56.11399292707056,5121800
2010-02-19,56.107688903808594,56.14532727759422,55.7627031787187,55.975966559441225,3502500
2010-02-22,55.87560272216797,56.026141844468256,55.77524011693283,55.90069337347675,3382600
2010-02-23,56.747467041015625,56.79137447244395,56.01358363619172,56.03866949510695,5474500
2010-02-24,56.885494232177734,57.00466887648121,56.56559432261845,56.797679321405184,4423200
2010-02-25,57.2054328918457,57.26188811205205,57.017259990791736,57.19288994599838,3707700
2010-02-26,57.50020217895508,57.744830129237414,57.337120069136205,57.36847980461491,4349100
2010-03-01,57.47504806518555,57.59460576050151,57.23593747529628,57.46875909229509,2415200
2010-03-02,57.39949035644531,57.437243362801674,57.07228163222905,57.18554545203647,2260600
2010-03-03,57.25483703613281,57.31147142013656,57.07235593327899,57.26742458846458,2156100
2010-03-04,57.55682373046875,57.68896410575298,57.154108834152936,57.235908647212625,2374700
2010-03-05,56.801780700683594,57.179330455622946,56.70739806269331,57.15416015191069,3823200
2010-03-08,56.50600814819336,56.61297827729308,56.443080024495345,56.568931471149554,2850400
2010-03-09,56.518592834472656,56.6318567399823,56.25431198853081,56.61927399525544,2573700
2010-03-10,56.37387466430664,56.44309177418985,56.12218132008712,56.31095132825176,3216200
2010-03-11,56.58151626586914,56.7199504618345,56.23543557669772,56.24801832144821,2621000
2010-03-12,56.93388748168945,57.04085759954682,56.461955408004414,56.4871208939486,3099100
2010-03-15,56.85838317871094,56.92760027489304,56.663319435329676,56.85208940612842,1936800
2010-03-16,57.311431884765625,57.31772085584856,56.971640217376745,56.98422296028391,3932600
2010-03-17,57.55682373046875,57.55682373046875,57.3051257200863,57.456142606019675,3481200
2010-03-18,57.36808395385742,57.563152551069486,57.267407568846856,57.52539470604025,2750300
2010-03-19,57.42470932006836,57.626066859271134,57.17930496918817,57.42470932006836,2976300
2010-03-22,57.487648010253906,57.56944788215479,57.399554363362576,57.48135423526347,2452300
2010-03-23,57.21702194213867,57.46242613833403,57.20443920419454,57.30511550996575,2910000
2010-03-24,56.1724739074707,56.78913364833182,56.040333563158846,56.53114192795692,8049300
2010-03-25,55.813819885253906,56.153611484736174,55.606173463965014,56.08439441072643,8268400
2010-03-26,55.97111892700195,56.07809380146649,55.681667950648205,55.71313199620943,4110700
2010-03-29,55.7571907043457,55.908207593711005,55.5684159920838,55.86416080094861,3245100
2010-03-30,55.93339538574219,55.97114841971728,55.543263098612734,55.70057380783144,3254600
2010-03-31,56.31722640991211,56.32980915264964,55.97114097536476,56.14103920713936,4263900
2010-04-01,56.17951583862305,56.23004382388505,55.85109357164784,56.0658302810905,2912400
2010-04-05,55.24478530883789,55.667946443902984,55.20689172020968,55.566895268022755,5652000
2010-04-06,55.333274841308594,55.484854200568606,55.169061057914696,55.45327777747579,3584600
2010-04-07,56.04057693481445,56.1605748890231,55.13740958344357,55.23214354239398,6389900
2010-04-08,56.06584548950195,56.29321666624373,55.882689925818774,56.14163748795428,3797600
2010-04-09,56.198448181152344,56.248971330480146,55.83844484215095,55.96475994338882,2311300
2010-04-12,56.49532699584961,56.564801793653686,56.26795580642089,56.31848380820849,2939600
2010-04-13,56.67847442626953,56.811106786667985,56.53952486243848,56.773213203301104,3090900
2010-04-14,56.28060531616211,56.76061182469823,56.2806053161621,56.69113700825418,3570100
2010-04-15,56.343753814697266,56.52691422673849,56.009014199752116,56.11638260103339,3698000
2010-04-16,56.7542839050293,56.836388300502755,56.362699087953736,56.46375509956647,8303900
2010-04-19,56.61532211303711,56.861640065058246,56.53953012064029,56.76058889381064,3211500
2010-04-20,56.81739807128906,56.83634485432941,56.61529102117176,56.74792332106635,2285000
2010-04-21,57.28480529785156,57.36691450016978,57.006910942986934,57.0132233288459,4162200
2010-04-22,57.11428451538086,57.53112849485987,57.05112692074653,57.41113051063934,2841400
2010-04-23,56.912147521972656,57.07004383519117,56.760568410494535,56.97530508353744,4776000
2010-04-26,56.97534942626953,57.25324869577354,56.80482339546641,57.164827077043505,4753900
2010-04-27,57.7774543762207,58.05534877110382,57.28481354721365,57.379552353507925,13199200
2010-04-28,57.28480529785156,57.69533685359713,57.145860529726825,57.55638726685723,8379500
2010-04-29,57.52482223510742,57.61324384073593,57.17113099397725,57.38587262094372,4067200
2010-04-30,58.187992095947266,58.21325610360954,57.5437767657179,57.65114518432,6924800
2010-05-03,58.11193084716797,58.32107687962768,57.85207585943568,57.94080565148792,4211800
2010-05-04,59.157676696777344,59.24007210205017,58.663323606784836,58.82177035795736,11054800
2010-05-05,59.50624084472656,60.114675577953804,59.16399540064697,59.6139834376564,12219100
2010-05-06,61.34428024291992,63.37873712436228,59.43657890156072,59.6774211972982,19578200
2010-05-07,60.5773811340332,62.16818350871498,60.380903815906684,60.767514390894696,18740600
2010-05-10,59.32246017456055,59.53795026149728,58.999227461860904,59.043597192316,10240100
2010-05-11,59.170372009277344,59.5886690371809,58.935869009956605,59.56332180493067,7729100
2010-05-12,58.72037887573242,59.106989413933725,58.69502681014734,59.030933217178486,5530800
2010-05-13,59.10696792602539,59.29076670813944,58.43515052078534,59.10696792602539,6849700
2010-05-14,60.13368225097656,60.52663175811151,59.632990161943106,59.65200782528602,9796500
2010-05-17,59.91188430786133,60.65975316092234,59.87385863521094,60.032305385135636,6302200
2010-05-18,60.83088302612305,60.95129927722562,60.063996442483834,60.146391853429826,9904100
2010-05-19,61.03364944458008,61.44560685228464,60.79914666978492,60.80548588948421,14121200
2010-05-20,62.320289611816406,62.472397168999535,61.81325797398989,62.05410017789291,17666900
2010-05-21,62.38365936279297,63.22025807320235,62.022400938648275,63.13152827326586,18670600
2010-05-24,62.168128967285156,62.66248660640462,62.047712794207,62.580091248847225,7721100
2010-05-25,62.472412109375,63.30901112707428,62.364669432078955,63.156903533514374,12952700
2010-05-26,62.294925689697266,62.36464264751438,61.730855638566894,62.250560792487384,12644800
2010-05-27,60.88157272338867,61.470994778888894,60.767490879246346,61.369591381546094,7653200
2010-05-28,61.16046905517578,61.337928709856335,60.856249050428445,61.15412982881921,5805500
2010-06-01,61.5903205871582,61.87013361609268,61.208760453393225,61.83197905825629,5536200
2010-06-02,61.0052490234375,61.806528538148974,60.93529578038653,61.67933861814751,5656400
2010-06-03,60.560115814208984,60.99255197700939,60.477441126799505,60.54739439223788,8499500
2010-06-04,62.188140869140625,62.28988803886986,61.49496856490877,61.647596597207766,7479600
2010-06-07,62.66510009765625,62.69689396936025,61.89561853644182,62.01644301180342,5288200
2010-06-08,62.353431701660156,62.64596123357003,62.169009960538865,62.277117751327445,5510800
2010-06-09,62.283538818359375,62.39800742888897,61.81930366126606,62.067318175446175,5598000
2010-06-10,61.17061233520508,61.87014012938272,61.10701492971551,61.81290343480228,6075100
2010-06-11,61.94642639160156,62.2007964925576,61.43767648609212,61.74292254795884,6266700
2010-06-14,61.628475189208984,61.71114500867229,61.189678401119245,61.25327094315255,5310400
2010-06-15,61.3741340637207,61.844724956815384,61.081604327375224,61.755694378440786,4920100
2010-06-16,61.7238883972168,61.825640390124306,61.29781284347124,61.80656310440467,4011100
2010-06-17,62.22624588012695,62.46790431285338,61.730217299814164,61.781093270051265,5650900
2010-06-18,62.1245231628418,62.39161483366701,62.04820917754826,62.25170828652958,4171700
2010-06-21,61.94642639160156,62.03545689729591,61.310491435614104,61.34228527233427,5740900
2010-06-22,62.684173583984375,62.70325087620893,61.95284665395268,62.118191272905065,5658900
2010-06-23,63.11023712158203,63.320096999219345,62.68416150465982,62.709599506658535,9137800
2010-06-24,62.73500442504883,63.33278017546895,62.544221936569926,63.180157095765956,6184600
2010-06-25,62.989418029785156,63.16747920710531,62.42343577967331,62.525182944512025,5148300
2010-06-28,63.58079147338867,63.59350804020488,63.22466452913979,63.339133037684135,5436000
2010-06-29,64.27398681640625,64.31214138553374,63.69528816016502,63.79703529510557,7334200
2010-06-30,64.70640563964844,64.73184362948696,64.10226914933504,64.4901900037217,7205700
2010-07-01,64.80850219726562,65.48465721288159,64.66816804559758,64.78936660688004,12893400
2010-07-02,64.29183197021484,64.70645433853107,63.88996990859634,64.49595307769853,6297600
2010-07-06,64.82128143310547,64.90420397120411,64.259944662494,64.31735631704822,6620400
2010-07-07,64.06214141845703,64.75105140375007,64.00472981970245,64.71915553037229,5727800
2010-07-08,63.653926849365234,63.8899437603675,63.50083729806518,63.6730624349491,6260600
2010-07-09,63.29030227661133,63.55821006477033,63.26478655393525,63.40512059534039,4286000
2010-07-12,63.2647590637207,63.68575613837525,63.175456506472024,63.36044176552267,4062100
2010-07-13,62.72261428833008,63.079824806137566,62.62693150916641,63.0543090739187,5842500
2010-07-14,63.354122161865234,63.462560389772484,62.76089468375693,62.971395855550305,5417300
2010-07-15,63.98561477661133,64.1642200449401,63.59650835633997,63.6220240899053,6996100
2010-07-16,64.29817962646484,64.50867591427887,63.960099802680325,63.9856155365487,7512400
2010-07-19,63.902679443359375,64.26627005695696,63.77510566781297,64.14507156354857,4305800
2010-07-20,63.9984245300293,64.36201549769194,63.902741671879696,64.21530113297824,5076600
2010-07-21,65.08273315429688,65.24220275621042,64.04937324853775,64.074884102213,7894200
2010-07-22,64.3300552368164,64.75743272684065,64.31091965765525,64.75105744487189,5759700
2010-07-23,63.647544860839844,64.40662217794268,63.59013810574582,64.29818395167912,6259100
2010-07-26,63.53909683227539,63.66667062388923,63.149990441236504,63.551852264785495,4856400
2010-07-27,62.926753997802734,63.264829033667795,62.87572251818505,63.009676502209146,5328000
2010-07-28,63.130836486816406,63.271170536728526,62.68431861285721,62.82465266276933,5507200
2010-07-29,63.1117057800293,63.16273236578538,62.46106692871078,62.57588526325951,6305500
2010-07-30,64.09406280517578,64.17698529568838,63.69219605380724,63.91545265644035,7683200
2010-08-02,63.19431686401367,63.56548465635168,63.19431686401367,63.50788729708447,5769200
2010-08-03,63.55910110473633,63.7766841353353,63.30952387242043,63.482306232341145,4363500
2010-08-04,63.07270050048828,63.68064850864191,63.07270050048828,63.67424771969653,3820400
2010-08-05,63.36707305908203,63.667846667442255,63.25188327039878,63.57185436314432,3704200
2010-08-06,64.05823516845703,64.12862922514022,63.667869902258694,63.85985458091706,6042400
2010-08-09,63.821414947509766,63.981400440338575,63.744620153298825,63.82781085191668,2578500
2010-08-10,63.95580291748047,64.64054063943583,63.65502940629421,64.03259283021238,11251000
2010-08-11,64.81333923339844,64.88373325946999,64.19259457569714,64.19259457569714,6778300
2010-08-12,64.6533432006836,65.23569279774499,64.55095501362187,65.00531327389326,7590100
2010-08-13,65.45967864990234,65.56206684809409,64.94132710607414,65.03091861038097,7843600
2010-08-16,67.09798431396484,67.1235826052539,66.59882983976529,66.68842141808958,7976200
2010-08-17,66.71399688720703,67.10436215166926,66.55401128316097,67.09796136044294,6756800
2010-08-18,66.89318084716797,67.60991812021264,66.86758256430495,67.19395456784184,7721600
2010-08-19,67.93632507324219,68.2242973594438,66.96360935353201,67.0596017430578,13128500
2010-08-20,67.85950469970703,68.3650598711249,67.7315132676161,68.09628518729481,7040300
2010-08-23,67.87226867675781,67.9554642880972,67.35391705324378,67.60989491163065,6360100
2010-08-24,68.960205078125,69.19698067810039,68.26266521519025,68.49944569753944,9812100
2010-08-25,68.7362289428711,69.97131332884587,68.51864594557118,69.62574866188987,13299800
2010-08-26,69.38253784179688,69.42733360417539,68.65940485415166,68.83218711407683,7039900
2010-08-27,67.41786193847656,69.32489048905882,67.32186970014018,68.96651979142754,13514000
2010-08-30,68.7105941772461,68.72979166162118,67.71868183731449,67.96825889893341,5535300
2010-08-31,69.47212982177734,69.52972716371109,68.87058742052011,69.25455179804794,8397000
2010-09-01,68.03565979003906,68.70959988822678,67.45157771869036,68.69034039942254,12480700
2010-09-02,67.31681823730469,67.58639732508003,67.00873484684315,67.52220879657811,8167600
2010-09-03,66.48242950439453,66.7134945244384,65.91760172344382,65.9304413895006,9210700
2010-09-07,67.8431625366211,67.8945114238886,67.27191963224354,67.45163584078038,6018400
2010-09-08,67.30397033691406,67.52861545214483,66.98304734461404,67.45159217111018,6698400
2010-09-09,65.97534942626953,66.64928477279541,65.87907154908119,66.55942672659197,8588900
2010-09-10,65.67369079589844,65.91759054373557,65.37202235439909,65.62876176611536,6910300
2010-09-13,65.99463653564453,66.1422633396502,65.32069596019477,65.33995546263793,7054800
2010-09-14,66.63005065917969,66.63647049213807,66.0909022162218,66.12941142017658,5978100
2010-09-15,65.64158630371094,66.27701735048689,65.55814808908711,65.94967452913832,7919100
2010-09-16,64.9933090209961,65.35274111272882,64.73014988462391,65.1666052375401,17116200
2010-09-17,65.2564926147461,65.57100073338215,65.03184745636119,65.35919034252045,9203600
2010-09-20,65.63518524169922,65.75713267393903,65.26933315118528,65.56458177713536,5277800
2010-09-21,66.54663848876953,66.76486392586942,65.63521772752942,65.89837221914397,12664000
2010-09-22,67.14347839355469,67.43872682495837,66.65567429532972,67.10496921894804,8229400
2010-09-23,67.33610534667969,67.689117913715,66.90606455509602,67.65702853320226,7412200
2010-09-24,66.43106079101562,66.82258724153564,66.43106079101562,66.72630936245925,8942500
2010-09-27,67.58638000488281,67.68265297916966,67.06006652556566,67.09215588469596,7061600
2010-09-28,68.0484848022461,68.24104048753722,67.61202949289476,67.63770391072654,8262900
2010-09-29,67.7660903930664,68.20896072826827,67.6184636834021,68.14477711850378,5507100
2010-09-30,67.72115325927734,67.77249720279737,66.77121929918003,67.65054982793049,10618400
2010-10-01,67.39387512207031,67.73532117252803,66.9880061231565,67.14906595187472,9368400
2010-10-04,67.56782531738281,67.60003925288039,67.26503693342532,67.40032661523351,4422700
2010-10-05,67.1619873046875,67.5227599562072,66.95583080165356,67.47122451681777,8491800
2010-10-06,68.00592803955078,68.35381800025546,67.55496230261393,67.58073247546146,6476100
2010-10-07,67.43901062011719,67.88997643487579,67.43256684700386,67.75468669044821,5780700
2010-10-08,67.14266967773438,67.94152561702633,67.14266967773438,67.56142651165237,6128700
2010-10-11,67.15550231933594,67.27790935747895,66.96223348112437,67.07175298095983,1474200
2010-10-12,66.49200439453125,67.49057827926373,66.47267798253114,67.26509528066113,6122400
2010-10-13,66.38887023925781,66.43396679936309,65.73818708760473,65.93789972304862,8168400
2010-10-14,65.39678955078125,66.77546245767196,65.3710193665676,66.54353571490904,10945000
2010-10-15,64.5978775024414,65.10038832448849,64.35306831874372,64.81047766771253,12694700
2010-10-18,65.11976623535156,65.35813183787442,64.92649231126703,65.19707187285734,5592200
2010-10-19,65.51274108886719,65.77043305413788,64.7783081744955,64.79763458037489,8017500
2010-10-20,65.65444946289062,65.89281493095051,65.20347886614115,65.30655954488068,5515800
2010-10-21,64.87492370605469,65.65445792278653,64.86848484917176,65.5127244288353,6836100
2010-10-22,65.31306457519531,65.37104874452434,64.68815575902815,64.70748217708373,4770700
2010-10-25,65.49984741210938,65.89927778515542,65.422541795826,65.78975821864816,5632300
2010-10-26,64.48836517333984,65.10683442877693,64.4561561513268,64.97798851041131,8432000
2010-10-27,63.92140197753906,64.53342713435143,63.92140197753906,64.21775136300693,9245200
2010-10-28,64.09542846679688,64.3144725961715,63.88283302804806,64.1534126156633,8052600
2010-10-29,64.69452667236328,64.72029684109151,64.17913804326993,64.30798397175398,6753800
2010-11-01,64.41596221923828,65.15273515956757,64.29962939019578,65.14627578576831,5921000
2010-11-02,65.26262664794922,65.3337142951215,64.90069945157738,64.92655174637687,6537400
2010-11-03,63.931243896484375,66.09632247984733,63.61456199679505,65.74732891820916,25541800
2010-11-04,64.42890167236328,64.54523452098552,64.03466284818909,64.09282680708995,13246500
2010-11-05,63.32370376586914,63.85366310434754,63.32370376586914,63.562828693332634,12435000
2010-11-08,63.608150482177734,63.931296954772606,63.220375701228654,63.71801909946226,6795200
2010-11-09,62.20564270019531,63.67272425977175,62.16686673455618,63.65333627695218,15061700
2010-11-10,62.289695739746094,62.52236153269025,61.39781348734188,62.27030774547117,18540400
2010-11-11,62.257389068603516,62.45127395777466,62.134591853885716,62.33494105194279,3368100
2010-11-12,61.92129135131836,62.52234365609884,61.92129135131836,62.179809372986945,11739500
2010-11-15,60.62871551513672,61.863136916657055,60.62871551513672,61.61108316267094,14978700
2010-11-16,62.13454055786133,62.20563310444621,60.74501114390993,61.33960379996698,19901300
2010-11-17,61.792076110839844,62.535314070896895,61.61757423396869,61.914873362651065,9915600
2010-11-18,62.04409408569336,62.04409408569336,61.26854488195083,61.83728063597391,12424800
2010-11-19,62.425437927246094,62.425437927246094,61.90840649051097,62.10229143022755,8359500
2010-11-22,62.690391540527344,63.091094787325595,62.19920771071369,62.92952161325207,10413500
2010-11-23,63.000587463378906,63.304340759817,62.845473731915355,63.12337967059605,9566900
2010-11-24,61.87600326538086,62.683868377220335,61.77259909509041,62.56753560388276,11467600
2010-11-26,62.735626220703125,62.76794282495608,62.399556218251334,62.509424783396966,4848900
2010-11-29,63.272029876708984,63.304341539713725,62.74852965550484,63.052287886505034,8950000
2010-11-30,63.60165786743164,64.15746497349602,63.4077681128636,64.11868899491093,11947600
2010-12-01,62.18781661987305,62.97902751435656,62.18781661987305,62.6807029873717,15441200
2010-12-02,62.025733947753906,62.609414997032324,61.95439487795781,62.233264437728764,9318700
2010-12-03,61.53931427001953,62.473203651000624,61.51337234855721,62.440775012193825,10194800
2010-12-06,62.40835952758789,62.421328016066525,61.81170515132966,61.9478965459784,7001800
2010-12-07,61.07236099243164,61.55876081864963,60.417346122290134,61.42905617749079,18533100
2010-12-08,60.48221969604492,60.832428287733364,59.736405377518615,60.78054443387212,19275900
2010-12-09,60.780555725097656,61.13724615384379,60.13850899502059,60.70272992984807,17477100
2010-12-10,60.4108772277832,60.87133527202703,60.40439050943713,60.50167149296275,7078500
2010-12-13,60.637874603271484,60.981596523259626,60.028251606814145,60.346036544240846,12399900
2010-12-14,59.7558708190918,60.32657846555079,59.301899389853666,59.92449089905916,23516400
2010-12-15,58.97762680053711,59.82071722064071,58.67281532213094,59.716954453390926,26084000
2010-12-16,59.386165618896484,59.39265233420395,58.73763262974269,59.03595721100375,17939000
2010-12-17,60.4692497253418,60.8129716180241,59.57427546055106,59.587243950801536,16849700
2010-12-20,60.40438461303711,61.11128840626331,60.08011799821603,60.799990278952095,13703500
2010-12-21,60.825965881347656,60.825965881347656,59.98287023682274,60.39793133778062,8985100
2010-12-22,60.39140319824219,60.670272625210615,60.26818032765398,60.6183887904456,6440900
2010-12-23,60.26815414428711,60.46271596617155,60.00874003107875,60.43028734655325,7091800
2010-12-27,60.80649948120117,60.884320330868036,59.85964120955193,60.15796601174955,5285900
2010-12-28,59.61559295654297,60.56569349749868,59.420364709624984,60.474588306233095,13972100
2010-12-29,60.62425231933594,60.85851921985996,59.52447633822166,59.713195616717336,13115400
2010-12-30,60.578704833984375,60.702349718166204,60.13619675346083,60.442047050612025,7029900
2010-12-31,61.248992919921875,61.62642661854518,60.80647982321705,60.8520324229575,8516000
2011-01-03,60.78694152832031,61.372616233562105,60.48759027982205,60.65027880124692,13799400
2011-01-04,60.858497619628906,61.02118608146639,60.46154234041466,60.78691926408963,10466900
2011-01-05,59.51799392700195,60.31842398452416,59.34229243210586,60.1882701319513,17568000
2011-01-06,59.77824783325195,59.94744522094507,59.32272213352943,59.570006804113405,9317500
2011-01-07,60.0971565246582,60.279366927951635,59.23816107708836,59.55052531477791,12694600
2011-01-10,60.422569274902344,60.51367453024422,59.98656484364283,60.2468677009899,8295200
2011-01-11,60.084163665771484,60.25986519473815,59.66768118650117,60.18828180315767,9495400
2011-01-12,59.61559295654297,59.98001372160528,59.51146990089057,59.70018921561513,9522900
2011-01-13,60.149234771728516,60.37048890438879,59.5114932181349,59.622125249327546,14502400
2011-01-14,59.76523971557617,60.45504227095517,59.7131831734517,60.37695001048059,8960700
2011-01-18,59.485435485839844,59.68065873962071,59.042922493132764,59.40734320541159,10663600
2011-01-19,59.91493225097656,59.91493225097657,59.45289741676959,59.48543710905091,8886900
2011-01-20,59.0884895324707,59.615598900903336,58.82167789940264,59.54401553421976,14203400
2011-01-21,59.55702590942383,59.55702590942383,58.89976770118109,59.01690366307221,9085600
2011-01-24,59.58305740356445,59.80431642978086,59.465921440240685,59.78479459670371,7700200
2011-01-25,60.149234771728516,60.4550901614692,59.426896925917,59.83036647736296,13438100
2011-01-26,59.238155364990234,60.03858523354542,59.147050172128424,60.01255446917624,13322900
2011-01-27,59.50501251220703,59.6416704060769,59.0039286031531,59.26423148118045,10868700
2011-01-28,59.81734848022461,60.05162048187232,59.06897986189789,59.09501063595457,11993200
2011-01-31,59.36176681518555,59.8563411298778,59.25113985257978,59.64810009709019,8647600
2011-02-01,59.06790542602539,59.32259252211389,58.86546311434911,59.1332138977091,11508400
2011-02-02,59.08098602294922,59.42709909965219,58.70875054656361,59.36179559161474,13624600
2011-02-03,58.591224670410156,59.1463121747474,58.58469282240425,58.74795414617051,12785800
2011-02-04,57.996925354003906,58.54548574953327,57.97080295589889,58.447528002223955,17172200
2011-02-07,58.29734420776367,58.31693974939807,57.84021454975299,57.92510863414366,8554800
2011-02-08,57.761863708496094,58.473685786193705,57.70309201394709,58.32348315177791,10454200
2011-02-09,58.26472091674805,58.55206253410362,57.55943057360718,57.91860759530165,13078600
2011-02-10,57.592063903808594,58.21245491681416,57.58553205605927,58.055725447210435,10486800
2011-02-11,58.42142105102539,58.4671340142114,57.95122772548969,58.14061142507153,11333400
2011-02-14,58.46051788330078,58.72826841189534,58.32337919145923,58.32337919145923,8033500
2011-02-15,58.7218017578125,58.75445599883118,58.362630018295334,58.48670517302346,7298000
2011-02-16,58.53243637084961,58.98303912924479,58.34305267503626,58.689170797802234,8446300
2011-02-17,58.62389373779297,58.89164479068846,58.55206331483811,58.787155116677965,6732500
2011-02-18,58.44102478027344,58.480210887792474,58.17327878765226,58.395311806784925,6080700
2011-02-22,59.316070556640625,59.38790589555235,58.58465846151087,58.71527043332187,11905700
2011-02-23,59.531558990478516,59.78624603236547,59.25727642185457,59.49237291934035,14522600
2011-02-24,59.91036605834961,60.106281613919194,59.71445548511958,59.83853068679674,12110900
2011-02-25,60.263004302978516,60.263004302978516,59.8450558148719,59.91035933195,6841700
2011-02-28,60.34138870239258,60.41975095227384,60.132414398808535,60.27608516671139,9682500
2011-03-01,60.51633071899414,60.535984459333164,59.926693516783466,59.959448084545826,8048700
2011-03-02,59.58594512939453,60.267302353874676,59.5793972222378,60.16902876409729,8526400
2011-03-03,59.00288009643555,59.474589477360134,58.950471830647025,59.310801775561536,10607600
2011-03-04,59.494224548339844,59.52043117221941,58.96355416038515,59.02906822088287,9316200
2011-03-07,59.1142463684082,59.52698948560225,58.865285918136316,58.976660330940646,7522300
2011-03-08,58.75395584106445,59.186353004639926,58.7343021061392,59.035671037941896,8498700
2011-03-09,59.323917388916016,59.500805936776146,58.86530874909248,59.02254356923535,8904800
2011-03-10,60.319732666015625,60.33938638985067,59.382866842116066,59.53355372219108,13385800
2011-03-11,59.97905731201172,60.32628643379309,59.83492333729404,60.30007980217134,8407600
2011-03-14,59.95291519165039,60.221524707598974,59.82843480710317,59.93326144638699,6765200
2011-03-15,60.85041427612305,60.9617937287957,60.509738004713924,60.798006002494155,14893800
2011-03-16,61.53831100463867,62.200014670908914,60.98143385906232,61.17142817901728,24294200
2011-03-17,61.06662368774414,61.328685085612335,60.7718077391458,61.0862774178633,10528500
2011-03-18,61.23037338256836,61.24347919343963,60.72590962887555,60.76521706468471,7260900
2011-03-21,60.870079040527344,61.04696760318307,60.647325111488584,61.014208055310974,10542900
2011-03-22,61.07317352294922,61.11903389038723,60.75869886165633,60.80455922909434,6904700
2011-03-23,60.994598388671875,61.50561571484392,60.88322384289773,61.485961971284816,8358000
2011-03-24,60.53593826293945,60.85040786520067,60.52938535502445,60.77179296383747,9477600
2011-03-25,60.38526916503906,60.902839077943966,60.28699551097257,60.837324974701524,6447200
2011-03-28,60.47040557861328,60.71280811446031,60.273858388853775,60.35247826443811,3996800
2011-03-29,60.00526428222656,60.601453958239,59.99216346445242,60.260777713663565,6487200
2011-03-30,60.48353958129883,60.48353958129883,59.98562342618055,60.09044998448142,5048300
2011-03-31,60.35908889770508,60.74563077302291,60.018412412943874,60.7128712078847,9654300
2011-04-01,60.652503967285156,60.70513276113551,60.145912298411446,60.198546111698505,7860400
2011-04-04,60.7182731628418,60.909066906820414,60.61300557191497,60.659058888086705,4469100
2011-04-05,60.474876403808594,60.77751335260639,60.310399473846466,60.632777870567274,9951600
2011-04-06,59.56693649291992,60.389320741464594,59.56693649291992,60.37615978260422,9090900
2011-04-07,59.44852066040039,59.71168465790793,59.29719973051693,59.56036372802447,9265100
2011-04-08,59.13276672363281,59.42224783756904,59.1130302875807,59.16566413001265,7605700
2011-04-11,59.18535614013672,59.35641348992112,58.98140642810176,59.09982997496238,5734000
2011-04-12,59.82349395751953,60.02744355623435,59.58006651882903,59.61296388223661,7686500
2011-04-13,60.19853591918945,60.19853591918946,59.50115557924127,59.56694532499256,7959300
2011-04-14,60.15245056152344,60.37613658184282,60.014290663190906,60.22482074914046,7609600
2011-04-15,60.96830368041992,60.99462059002987,60.57356007514528,60.69856414093321,10222900
2011-04-18,61.10643768310547,61.25117811463696,60.165629897585966,60.520900496953665,12036700
2011-04-19,61.36958694458008,61.36958694458008,61.02747738609843,61.093267106640994,5295100
2011-04-20,60.97489929199219,61.3564870468614,60.92884594360718,61.23148295005702,6754100
2011-04-21,60.922237396240234,61.33672236021375,60.89592049222317,61.1130311857868,3365600
2011-04-25,61.152462005615234,61.16562295829713,60.856405822898566,60.94193193759982,3626900
2011-04-26,61.7446174621582,61.75777842295513,61.30382064474235,61.36302991002096,7506300
2011-04-27,61.11304473876953,61.560422167401704,61.0209380640015,61.47489597495633,8869300
2011-04-28,61.580142974853516,61.58014297485351,61.16566304353204,61.330139923817136,8110200
2011-04-29,61.77090072631836,61.79063713733023,61.41563026980541,61.494580933285995,5900000
2011-05-02,61.87004852294922,61.89647802530687,61.559508171386994,61.658617545000155,5285100
2011-05-03,62.22019958496094,62.22019958496094,61.8303759616017,62.081448547447835,6486600
2011-05-04,62.497745513916016,62.583642674251635,62.28631449302651,62.31274400075184,7406300
2011-05-05,63.092342376708984,63.18484305344825,62.643051215014495,62.7157310382966,9600000
2011-05-06,62.81488037109375,63.09238257813135,62.33915942136526,62.444877428376934,9451500
2011-05-09,62.748802185058594,62.90076550216142,62.662905053650384,62.702551822343196,3731200
2011-05-10,62.29948043823242,62.69591264566197,62.29948043823242,62.57037384762749,5458300
2011-05-11,62.65628433227539,62.82806846631099,62.2268139153662,62.31931461551156,6078700
2011-05-12,62.2598762512207,62.84131016979634,62.04844527711029,62.7355921622851,8015800
2011-05-13,62.821475982666016,63.09236949787598,62.458076710043045,62.53736519886378,8380000
2011-05-16,63.17168045043945,63.29061070550647,62.610067317422434,62.78846017956656,6053600
2011-05-17,63.819149017333984,63.825757650181956,63.41611314998554,63.449146232405646,9826900
2011-05-18,62.97343444824219,63.68701567008718,62.95361358778715,63.607727187356424,7707600
2011-05-19,62.94699478149414,62.98003290418716,62.411811472053614,62.411811472053614,8052400
2011-05-20,62.98003005981445,63.0394976697942,62.583597809951144,62.78181141442802,5602300
2011-05-23,63.283992767333984,63.554891379969156,63.15845389407261,63.25095967078396,6300000
2011-05-24,63.521820068359375,63.52182006835937,63.07252885444184,63.19145902991735,5549100
2011-05-25,63.2244873046875,63.61431084970851,63.1253780004065,63.52841880781624,5664500
2011-05-26,63.76631546020508,63.79274495913528,63.356665788154125,63.409524786014536,8307900
2011-05-27,63.73984146118164,63.766270941660046,63.35001292526001,63.515193397569114,5390600
2011-05-31,63.885250091552734,63.93150045764294,63.48881262116605,63.54828025808879,7003900
2011-06-01,64.74861145019531,64.80166355493358,64.25125935176018,64.27115262620525,12746400
2011-06-02,63.51522445678711,64.26457207303092,63.5152244567871,63.9860508484047,15738700
2011-06-03,63.879974365234375,64.0590190897225,63.3759889395404,64.04575857874781,10644100
2011-06-06,63.39582061767578,63.654443334640035,63.137197900711534,63.309614731796955,8776900
2011-06-07,63.68764877319336,63.70090928098299,63.077564228241044,63.15050966941268,7399200
2011-06-08,64.18498992919922,64.21814372246857,63.77384342988082,63.83352835269457,7401800
2011-06-09,63.92635726928711,64.54307439406074,63.61468231621563,64.39055077854476,9963000
2011-06-10,64.41706848144531,64.58285257884646,64.19160453745774,64.26454994506057,7710800
2011-06-13,64.09217071533203,64.51657784923232,64.08553793092769,64.15185059697482,5540000
2011-06-14,63.12397384643555,63.5948002198967,63.08418221054864,63.48869593663919,8672400
2011-06-15,64.27118682861328,64.28445239152082,63.243328313794144,63.24995603591804,12979100
2011-06-16,64.56298828125,64.67572030385317,64.19163335534245,64.3905713259366,10961200
2011-06-17,64.2579116821289,64.42369576538552,64.08549481892999,64.2313856216884,9622900
2011-06-20,64.33747863769531,64.56294760016516,64.05232983945088,64.54305432157363,6613800
2011-06-21,64.05229949951172,64.34408093885331,63.84009619617032,64.12524485934712,7894900
2011-06-22,64.09217071533203,64.36405416392498,63.93301930495246,64.29774149787782,5503700
2011-06-23,64.58287811279297,64.81497492905221,64.4237267329768,64.48340660315868,8586800
2011-06-24,64.31098937988281,64.78181575646268,64.31098937988281,64.56297946529253,7960900
2011-06-27,63.42900085449219,64.23802811257877,63.362688223030716,64.2247625506888,9331300
2011-06-28,62.918392181396484,63.448903429435106,62.81229296738689,63.31627814709056,12634300
2011-06-29,62.50056457519531,63.13054171694438,62.34804107744954,62.96475772602874,11084900
2011-06-30,62.401161193847656,62.54041929090642,61.764550581865564,62.48737220107314,11555600
2011-07-01,62.301326751708984,62.70057034248867,62.121671197132635,62.634026359629964,6637200
2011-07-05,62.44108200073242,62.66066503778927,62.341276144429244,62.57416493679487,4615600
2011-07-06,62.76042175292969,62.84692177919805,62.441028058894005,62.67392172666133,5652700
2011-07-07,62.57416534423828,62.6407042744053,62.248121032803404,62.43443206790904,6823700
2011-07-08,63.459129333496094,63.61882373465054,63.09981312345347,63.106463460914526,12129300
2011-07-11,64.41065979003906,64.41065979003906,63.71198843453184,63.904954857258545,9760800
2011-07-12,64.6302261352539,64.74999820111294,64.25094877279913,64.7433478638826,9083900
2011-07-13,64.80987548828125,64.82983664968344,63.951510011840455,64.35074846966137,13112200
2011-07-14,63.88498306274414,65.1425872322031,63.88498306274414,64.29087700914025,11471500
2011-07-15,63.99147033691406,64.01143151017048,63.372648582987956,63.405920589478946,7086200
2011-07-18,63.372596740722656,63.99141798841899,63.345980172622774,63.91822369529213,8206500
2011-07-19,64.69010925292969,64.72337616605681,63.32603889989608,63.42584979246318,15249400
2011-07-20,63.92486572265625,64.43722059068241,63.79178798661029,64.35737597969093,9673300
2011-07-21,63.43251419067383,63.78517499464999,63.14639229896973,63.37262561601346,11099200
2011-07-22,63.911590576171875,63.938202074848654,63.565580174262,63.672046475339705,4974500
2011-07-25,63.21293640136719,63.911607729072536,63.09981973355783,63.19297523370601,10869400
2011-07-26,63.645442962646484,63.79183161837677,63.37262681758664,63.4125542269818,7682800
2011-07-27,63.65211486816406,63.771881897598064,63.27948771796548,63.43918216713915,11224200
2011-07-28,63.89163589477539,64.08460229294036,63.68536374486513,63.95152446911314,7081600
2011-07-29,65.15589141845703,65.56178535510402,64.39733670197423,64.47053102344127,19582400
2011-08-01,65.8134994506836,66.05384130026302,64.99233061570406,65.01903583160167,14348200
2011-08-02,67.7896728515625,67.80970049993896,66.02049090478549,66.24080522392977,20850600
2011-08-03,67.92314910888672,69.04474251981077,67.66945724092112,67.80965578059934,21179700
2011-08-04,70.33992767333984,70.46677617285438,68.27699435604622,68.35043242487053,34076600
2011-08-05,68.3104019165039,70.43341891796067,68.28369669147604,69.05813293678142,41677700
2011-08-08,70.4668197631836,70.62704606087023,68.73101534648669,68.88456915633375,38259500
2011-08-09,70.68043518066406,73.01708878144345,68.76437739436474,70.10628560270679,39881400
2011-08-10,72.78337097167969,72.81675375261777,71.3947359115079,71.85538670877038,46221000
2011-08-11,69.11148834228516,71.97555671435188,68.89785178997118,71.66177691393823,37790100
2011-08-12,70.48009490966797,70.54018289086379,69.47867270004296,69.72569201207597,15590800
2011-08-15,69.76573944091797,70.42000411891848,69.7457118139326,70.05949155269325,10051700
2011-08-16,70.92074584960938,71.19446535932093,69.85255774230052,69.87259047144873,15993200
2011-08-17,72.16246795654297,72.16914552948849,70.61360211040495,70.98079221997257,15906600
2011-08-18,73.64459991455078,74.86633643593301,72.95695736453166,73.49772381775105,27274600
2011-08-19,74.23876190185547,74.378965488694,73.591179840275,73.8715768269589,15708400
2011-08-22,74.05181884765625,74.27881048675216,73.69798388334087,73.7447167070524,13157700
2011-08-23,73.0303955078125,74.21874924746683,73.00369029985988,73.27741486125095,16017800
2011-08-24,70.95413208007812,73.04377060489179,70.86734395065577,72.96365495915646,14621600
2011-08-25,71.72188568115234,72.0356655724817,71.00753777485941,71.22785196581391,10565900
2011-08-26,72.42952728271484,72.95026600497482,71.655096773417,72.56305329707422,11504800
2011-08-29,71.42814636230469,71.70187102975929,71.16777685075007,71.23453734975134,6764300
2011-08-30,72.57644653320312,72.87019884607349,72.26934415770212,72.3895150953764,9508700
2011-08-31,71.454833984375,72.74333116244658,71.454833984375,72.64318789185585,12186000
2011-09-01,72.96949768066406,72.97619540341614,71.0342696234214,71.96505384020459,10686600
2011-09-02,75.34002685546875,75.38690072257211,74.10121313156449,74.5900398729468,16557100
2011-09-06,76.12347412109375,76.96051091205015,75.9292809725278,76.61899847085715,14016200
2011-09-07,74.6703872680664,75.24626904903232,74.53645830222104,75.18599973718499,11524300
2011-09-08,75.34002685546875,75.42037913686401,74.55655634978655,75.1994052541587,11480900
2011-09-09,76.14360809326172,76.45833493382732,75.13916333853928,75.36014241070707,11492700
2011-09-12,76.22393035888672,76.50517353437276,75.73509855579806,76.04982525121389,7602200
2011-09-13,75.13911437988281,76.06320111292375,75.0721524616393,75.93597500092115,9282400
2011-09-14,75.7752685546875,75.90249467202817,74.87796246420194,74.97840790021506,11948500
2011-09-15,74.61685180664062,75.32665778822884,74.61685180664062,74.98515025493836,8884000
2011-09-16,75.15922546386719,75.3935948039344,74.49629358514323,74.53646972662092,10053500
2011-09-19,76.59223937988281,77.13464288352944,76.41813934505844,76.47170583561343,13033500
2011-09-20,76.91364288330078,76.92034060861866,76.37124463650493,76.58552586686962,6360600
2011-09-21,79.458251953125,79.54530196320853,76.47169939753755,76.75964033411354,18687100
2011-09-22,82.44481658935547,82.94703890143005,81.1792167716371,81.29975033088978,25041400
2011-09-23,80.91136932373047,82.60553188698606,80.91136932373047,82.44482216673369,15173800
2011-09-26,79.6122817993164,80.7372600010594,79.40469820844615,80.43592865244969,15110100
2011-09-27,78.39354705810547,78.54756413363548,77.8511486478202,78.17926576315223,13589600
2011-09-28,78.36669921875,78.42027077729574,77.51627243951283,78.27964926776195,12642600
2011-09-29,78.90917205810547,79.56541150068027,78.4069497152442,78.75516006726181,12341800
2011-09-30,80.89128112792969,80.96494081395122,79.67924772721992,80.36896559735797,13546400
2011-10-03,83.11738586425781,83.11738586425781,81.30479647241037,81.82171844444777,15882000
2011-10-04,82.06338500976562,83.93639648972066,82.02310684519946,83.49332131396717,17301400
2011-10-05,81.47260284423828,81.75456019296682,81.00267392969072,81.67400387723924,14275000
2011-10-06,79.96886444091797,81.2376782547134,79.96886444091797,80.9892842083572,9681600
2011-10-07,79.3780746459961,79.92185554448577,78.44492615730509,79.04912431015889,11564600
2011-10-10,78.25698852539062,78.48524353642331,77.74006634456546,78.42482113397402,3567600
2011-10-11,77.99512481689453,78.7872944747049,77.80715322382797,78.74030157643826,7520200
2011-10-12,76.86058807373047,77.28352934970034,76.18254830436112,77.00156679177289,14033400
2011-10-13,77.62596130371094,78.24358939501496,77.17617099694372,77.22316393762318,11263300
2011-10-14,76.49805450439453,76.9411347805623,76.2698047537687,76.45106160739265,8411000
2011-10-17,77.82059478759766,77.85416334600392,76.67933550758544,76.7330431522983,9664000
2011-10-18,77.3372573852539,78.42481443990837,76.7330641434013,77.96830957865339,12495600
2011-10-19,77.31043243408203,77.69980027980709,76.639101850758,76.8942056285566,6629300
2011-10-20,76.7599105834961,77.6527811878116,76.57865364066416,76.84047207022371,7832100
2011-10-21,75.94756317138672,76.6658860865194,75.94756317138672,76.43763633864619,9906300
2011-10-24,76.07510375976562,76.58531591584646,75.8938469410983,76.48461540687988,6344500
2011-10-25,78.00858306884766,78.10928364371247,76.09529263379204,76.1154317243962,11791200
2011-10-26,76.64578247070312,78.01529695716366,76.57865046213861,77.46480629198437,12747000
2011-10-27,74.04769897460938,75.75958735355334,73.72545833002533,75.5380472305169,19471400
2011-10-28,74.82646942138672,75.16213454805103,74.35654029279402,74.45052611851257,10127900
2011-10-31,77.7937240600586,77.7937240600586,76.16910657435852,76.26980710585138,15242100
2011-11-01,80.39781951904297,80.42474280467987,78.86322818338161,79.89975157248958,24400600
2011-11-02,79.3949966430664,79.66422451735313,78.35847266487399,78.49981614347823,13181100
2011-11-03,78.3045883178711,78.98438721736564,78.06901596708352,78.3045883178711,8386700
2011-11-04,78.39879608154297,78.78244381980865,77.75937976103992,77.88726405215861,7583700
2011-11-07,78.89691925048828,79.65748315705514,78.29115788746891,78.50653913486535,9279700
2011-11-08,77.8873062133789,79.11228782454111,77.73923066668459,78.58056433190846,7539400
2011-11-09,79.50265502929688,80.18244882367,78.7959328106841,79.59688397376627,13004500
2011-11-10,78.31803131103516,79.1593645752607,77.5440036809295,78.60071805539316,11644600
2011-11-11,77.8402328491211,78.19022557928109,77.73927172894743,77.9613851663103,2483900
2011-11-14,79.09208679199219,79.15266034350276,78.21709783504976,78.33825007316344,9252600
2011-11-15,78.98442077636719,79.73152564564732,78.56039036478697,79.2199932272451,7587500
2011-11-16,79.7045669555664,79.71129906120065,78.86996558514097,79.39495685258748,7470000
2011-11-17,80.34397888183594,80.87570222449605,79.44879888210086,79.44879888210086,9907900
2011-11-18,80.32379150390625,80.46514005440669,79.6372656097678,80.21610348339674,6792600
2011-11-21,80.80167388916016,81.25935953269699,80.70744494505777,81.02378203734872,7345600
2011-11-22,81.70359802246094,81.7170622373394,80.66707428583426,81.00360776648863,7866300
2011-11-23,82.50450897216797,82.82085111078105,81.46125363866837,81.54875558727505,10129300
2011-11-25,81.30647277832031,82.02665406029232,81.2660852778197,81.9795395889518,4311900
2011-11-28,81.26607513427734,81.54203495703553,79.8122536750257,79.84590393030174,7661900
2011-11-29,80.59972381591797,81.38721049050771,80.14877043492288,80.7881816387165,8952800
2011-11-30,79.34114074707031,79.7988265392155,78.92384246914858,79.65075096894881,11806800
2011-12-01,78.94302368164062,79.10495664782098,78.13335370298269,78.46396834369645,9647200
2011-12-02,80.04954528808594,80.07653496370583,78.64611304237705,78.68660012968404,7764900
2011-12-05,79.88768768310547,80.17782053480154,78.86209963386204,78.94306873704203,7862800
2011-12-06,79.12520599365234,79.81343018128089,78.7878426089049,79.48955906691039,8506300
2011-12-07,79.40860748291016,79.77970417511719,78.84183423166952,79.16570539634382,6588300
2011-12-08,80.4004898071289,80.51519218736948,79.21971729254048,79.42888106212735,8800500
2011-12-09,78.74744415283203,80.3802834309906,78.6934647185717,80.33980142917645,9855100
2011-12-12,79.62454223632812,79.9484083441905,79.35465038127018,79.55707055950339,5734600
2011-12-13,80.3667221069336,80.71757783269727,79.05100670062264,79.13197063469853,8901800
2011-12-14,81.88479614257812,81.90503711089467,80.62305592405616,80.82547590272947,11247700
2011-12-15,81.58121490478516,81.85785019915247,81.21686183718019,81.4125332150286,5438700
2011-12-16,82.53257751464844,82.73499760282377,81.83760977180671,81.8983327096053,9321900
2011-12-19,83.57839965820312,83.67960454678547,82.49208924019818,82.53257119563112,7845100
2011-12-20,81.49353790283203,82.76877170357162,81.37883553187348,82.76202813899232,13945400
2011-12-21,80.35997772216797,81.5272575962535,80.33973673755946,81.39230911926666,11600100
2011-12-22,80.69734191894531,81.25061781017352,80.52866018201284,80.9672337275889,5247400
2011-12-23,79.7999267578125,80.09680816133063,79.44232242053276,79.9955981239716,5409700
2011-12-27,80.17900848388672,80.17900848388672,79.6171839684706,79.83379231720161,4270300
2011-12-28,81.66146087646484,81.93899318898096,80.17904377108475,80.37534598044556,8302300
2011-12-29,81.81035614013672,81.9660406700528,81.26883260673458,81.55313530216384,4305000
2011-12-30,82.0743408203125,82.41956217411098,81.83065576637836,81.97957498426597,5948800
2012-01-03,80.84237670898438,81.3635887873932,80.50392583189146,80.83560624542436,9076900
2012-01-04,79.88119506835938,80.74085821338531,79.65781620078708,80.72732244763169,8417100
2012-01-05,79.739013671875,80.61898268776422,79.58332402545754,79.98946396851021,6465800
2012-01-06,80.3685302734375,80.52421475140315,79.67808774052634,79.70516442459632,7348500
2012-01-09,80.22638702392578,80.91682964834595,80.07747298832841,80.19254503761506,5582400
2012-01-10,80.09100341796875,80.46330139305195,79.6577867729718,79.69163392137929,8932500
2012-01-11,81.13343048095703,81.26880874237854,80.53775890061287,80.57837134616939,8634500
2012-01-12,81.01832580566406,81.35677648722924,80.71371709364686,81.19431644174772,7205400
2012-01-13,81.82386779785156,82.338314486584,81.776484889965,81.97278698388067,9819000
2012-01-17,82.20298767089844,82.33159555030679,81.79007700189409,81.87130194376192,5449900
2012-01-18,81.20790100097656,82.31801941992387,81.16728854995543,82.2638660423288,5804000
2012-01-19,80.09100341796875,80.9303600221066,79.82024172375822,80.77467553387164,8625700
2012-01-20,79.18395233154297,79.84731301497357,79.17718186944894,79.67808761306891,6548200
2012-01-23,78.68306732177734,78.95382908681479,78.21600857054764,78.60860770728327,7274800
2012-01-24,78.82515716552734,79.00115295589949,78.37163451759457,79.00115295589949,5776500
2012-01-25,78.63565063476562,80.23313868175303,78.44611902992796,78.56119105224384,12867600
2012-01-26,79.6781005859375,79.6781005859375,78.91996880280286,78.96058641763078,7638500
2012-01-27,79.92852783203125,80.09775320168019,79.20424345650773,79.75930246238231,5165300
2012-01-30,80.86947631835938,81.4922248692614,80.78147576019035,81.11992673320475,8388400
2012-01-31,81.80353546142578,81.84415305832646,80.67988179123485,80.72726468399566,7998300
2012-02-01,80.86652374267578,81.35506205161734,80.61546789593376,81.25328237446628,7925200
2012-02-02,80.83260345458984,81.07009111701278,80.50012797461964,80.71725555821466,5596900
2012-02-03,79.09565734863281,79.25172037305317,78.68854339270054,79.02101918609283,12467400
2012-02-06,79.88265228271484,79.93014876723109,78.93949893007202,79.17698652938176,6180600
2012-02-07,78.89203643798828,79.30593677142328,78.5527742090567,79.12952413962502,8794800
2012-02-08,78.95307922363281,79.24484484740945,78.69524188179282,78.8445128628187,7613400
2012-02-09,78.36274719238281,78.73593751965926,77.77243453598126,78.61380297407133,11477700
2012-02-10,79.38057708740234,79.61127810140297,79.06166975504524,79.25166095699379,7193100
2012-02-13,79.4823226928711,79.63838553333116,79.00057114226723,79.1159190114128,6422900
2012-02-14,79.90299224853516,80.2558224709067,79.54337533629274,79.68586476321553,8271200
2012-02-15,79.76051330566406,80.24904632930233,79.71979833781468,79.83515137387164,6846100
2012-02-16,79.12267303466797,79.79441025163102,78.79697928226756,79.57049612040115,9036200
2012-02-17,79.10236358642578,79.12271848700752,78.54597387136347,78.61382526554578,6338000
2012-02-21,78.22706604003906,78.65453447925158,77.99636508946678,78.5527548003735,8338300
2012-02-22,79.21089172363281,79.22446510284225,78.57986418530623,78.6341473486892,7736800
2012-02-23,79.21089172363281,79.53658552720319,78.66128893038068,78.80377835171541,5163900
2012-02-24,79.7265853881836,79.78086856107544,79.35339504546248,79.54338615058396,5676900
2012-02-27,80.43228912353516,80.6426300470026,80.1473100962443,80.40514752426022,8180700
2012-02-28,80.1676254272461,80.839362853327,80.02513598393973,80.65616361956974,6615700
2012-02-29,79.67909240722656,80.35082987691277,79.36018522338435,80.31690677491098,14235000
2012-03-01,78.92900085449219,79.35064654072491,78.57536638655934,79.00380904380005,12265600
2012-03-02,79.6702651977539,79.89468972232434,79.26222390941541,79.29622432346984,6669600
2012-03-05,79.03784942626953,79.86753684469146,79.03784942626953,79.54110049422734,6921900
2012-03-06,79.99667358398438,80.32310963567542,79.86746374538846,79.87426071316587,6299700
2012-03-07,79.50701904296875,79.98306616426356,79.43900786404852,79.88105458440768,5567500
2012-03-08,78.71134185791016,79.27580150083959,78.6433358597497,79.1057839111759,7982100
2012-03-09,78.86775970458984,78.88135882870522,78.14008463407932,78.54132365204562,6975600
2012-03-12,78.85421752929688,79.24185772860939,78.79981580144165,79.10584562617764,5280000
2012-03-13,77.46681213378906,78.48691760710085,77.45320782190439,78.39170298948231,14413600
2012-03-14,75.5150375366211,76.67795760134422,75.45382848662159,76.64395199706375,24515300
2012-03-15,75.63063049316406,75.99106698420641,75.40620601018563,75.41981032410733,14154000
2012-03-16,75.78023529052734,75.78703744645372,74.94374652142307,75.1477696910167,13427200
2012-03-19,74.87576293945312,75.81426357426507,74.59693672531027,75.73265324429515,14011400
2012-03-20,75.17501068115234,75.39943524211552,74.70576026977977,75.10020249416462,9443800
2012-03-21,76.02505493164062,76.09306091988533,75.3585837943842,75.3925893827687,10242000
2012-03-22,76.2698974609375,76.41951378118728,76.07947857644706,76.36510690318273,8009800
2012-03-23,76.99077606201172,77.11318895220653,76.61674042257401,76.6371417061855,8465300
2012-03-26,76.59632110595703,76.8547511577686,76.0318666627646,76.73233828810127,8118600
2012-03-27,77.14720916748047,77.32402378463131,76.64395319659224,76.6983600888818,6972300
2012-03-28,77.03838348388672,77.4872324931581,76.7459529686564,76.79355769492524,7886000
2012-03-29,77.61647033691406,77.65727810880257,77.24243454954336,77.54166214173435,7692900
2012-03-30,76.30390167236328,77.71164728262877,76.29710470366796,77.67084471635391,9467500
2012-04-02,76.72669219970703,77.25170669758721,76.50168598632982,77.04715464870344,8944000
2012-04-03,75.3970718383789,77.34711405130938,75.39025205386618,77.05392574091853,14774300
2012-04-04,76.43347930908203,76.44711888237417,75.96301806996394,76.20847316751906,10095600
2012-04-05,76.98574829101562,77.09483884014897,76.59028399621738,77.04711074953343,6364100
2012-04-09,78.78580474853516,78.93580363795971,78.57443298248737,78.77898496202447,14374600
2012-04-10,79.67897033691406,79.97215860819608,78.94258976690749,79.05850007830556,14421300
2012-04-11,78.72444152832031,79.13354030856948,78.64943947837776,78.8948997869219,8713000
2012-04-12,78.39716339111328,78.92217253074334,78.28806761032237,78.8676246403479,9008500
2012-04-13,79.66532897949219,79.70624247822029,79.17441381249022,79.19486796086898,8607700
2012-04-16,79.54944610595703,80.18355093424351,79.48126385385606,79.56990026139007,7735000
2012-04-17,79.50173950195312,79.65856340595658,79.26309895409898,79.4540113923823,5398600
2012-04-18,79.73358154296875,79.85631173546795,79.59039718538213,79.80858361627243,4074400
2012-04-19,79.80855560302734,80.0949242176836,79.78809624314646,79.94492012372851,5374300
2012-04-20,79.82215118408203,79.86305948001805,79.3175964603126,79.47441506271436,5043300
2012-04-23,80.4017105102539,80.73581227773668,80.3130741322117,80.53126038752154,5170100
2012-04-24,79.83582305908203,80.29265512021267,79.8290084745379,80.19037913034842,4336600
2012-04-25,79.42667388916016,79.99259616550599,78.88121095937989,79.37213123756086,8859500
2012-04-26,79.90403747558594,80.08813015786613,79.4949333781194,80.06085620457004,5133000
2012-04-27,79.97216033935547,80.01988842166847,79.6312439794138,79.7880625918833,3112900
2012-04-30,79.99263000488281,80.2858183393815,79.90399360681458,80.16308821791759,4198400
2012-05-01,79.57777404785156,80.3911189344822,79.33172022020787,80.26125574362815,7214300
2012-05-02,80.13824462890625,80.18608814846081,79.83067989099159,80.11774100831894,3565700
2012-05-03,80.11769104003906,80.22021429358581,79.66659081025307,79.72127057408457,3522900
2012-05-04,80.74650573730469,80.78068189886305,80.2407308764518,80.29541064912513,6367300
2012-05-07,80.7601547241211,80.96519598999535,80.6644625425881,80.86950902301098,3228200
2012-05-08,81.19074249267578,81.68284985233554,81.10189180283936,81.12239540706713,6051600
2012-05-09,81.24543762207031,81.72387252641951,80.95154040524169,81.64185287943849,5828900
2012-05-10,81.00621795654297,81.07457027216755,80.26806196456333,80.6644772366183,6300000
2012-05-11,81.676025390625,81.74437248611737,81.30694481750724,81.66918911671102,5234300
2012-05-14,82.81745910644531,82.90631504627088,82.42787482708458,82.6124177678373,8789400
2012-05-15,83.1523208618164,83.20016433468378,82.57819397286048,82.76273159262108,6766400
2012-05-16,83.39160919189453,83.50779983708603,82.50991711484063,82.6876238286671,6462300
2012-05-17,84.86790466308594,84.94308805238981,83.39841825562448,83.4052545313477,14863400
2012-05-18,84.88838195800781,85.0524212372054,84.1433897862105,84.25274409112667,10137700
2012-05-21,84.71072387695312,85.05929579075283,84.49200994073404,84.6833839831068,9583500
2012-05-22,83.76750946044922,83.98622338014161,83.42576863502043,83.89737264276854,12475500
2012-05-23,84.34847259521484,85.10713242632123,84.31429642702982,84.44415960867154,11744900
2012-05-24,84.02722930908203,84.60818762434954,83.89736613683314,84.22543959820639,10256200
2012-05-25,84.34162139892578,84.43730839545579,84.1639147419914,84.36212501038932,4723600
2012-05-29,84.08190155029297,84.6218526234241,84.06823421311587,84.33479161174951,5874100
2012-05-30,86.21440124511719,86.33742818827366,85.64027898675546,85.65394632952719,17170800
2012-05-31,87.2122573852539,88.22381252035926,86.57661924298696,86.82267305383553,31174500
2012-06-01,89.28266906738281,89.29636985619611,88.02931338228177,88.26217453890867,23526000
2012-06-04,88.57722473144531,89.15937758853231,88.31011684392557,88.5635239434435,11681200
2012-06-05,87.39234924316406,88.10463861863306,87.38549884980134,88.02929996760044,12482800
2012-06-06,85.64590454101562,87.39237922469363,85.64590454101562,87.36498286716304,20806700
2012-06-07,85.77600860595703,86.11845514887082,85.1938505280675,85.37192419347215,18898200
2012-06-08,85.75546264648438,86.9471751526939,85.31713148959535,86.81019862566093,11239600
2012-06-11,86.14588928222656,86.44039364731242,85.45414549905804,85.4678462929626,10693800
2012-06-12,85.3582534790039,86.04314680613317,85.26921922759281,85.59111992739498,10921700
2012-06-13,86.20066833496094,86.48832225746989,85.18702398499286,85.50892466150951,11100000
2012-06-14,86.09112548828125,86.48836503985676,85.7418335061627,86.26234889237514,7688200
2012-06-15,86.57049560546875,86.87869543426622,86.39242192255551,86.69377658205175,6421400
2012-06-18,87.0362548828125,87.21432340531054,86.4746425015235,87.08419721199613,6698400
2012-06-19,85.8993148803711,86.54996663881145,85.8376769926386,86.48832352575786,8227900
2012-06-20,86.32395935058594,86.6458600644545,84.98841416913052,85.31716527965972,13720300
2012-06-21,86.78282928466797,87.15267229314698,86.22121698853047,86.26230891436552,9776600
2012-06-22,85.62532043457031,86.44719516854947,85.61847526681002,86.22802961788548,7830400
2012-06-25,86.87184143066406,86.99512240212552,86.48145255858947,86.54309565698011,6113800
2012-06-26,86.5293960571289,86.94718128697042,86.25544298373508,86.37187356245944,5359700
2012-06-27,86.6664047241211,86.83762806080728,86.31710765419123,86.6801002919145,5860700
2012-06-28,86.87869262695312,87.31017864371104,86.83760071119328,87.18689767111162,5257800
2012-06-29,85.74861907958984,86.04312333894593,85.35823019861272,85.63218849981,8881900
2012-07-02,86.63335418701172,87.31285691832895,86.04994253945365,86.10484798976508,7818500
2012-07-03,85.96763610839844,86.48241237252059,85.94018074592293,86.44809186028246,5773100
2012-07-05,86.4068832397461,86.70202174433358,85.96760805662612,86.03624382213114,5974700
2012-07-06,87.20990753173828,87.31286376857817,86.90104405779033,86.9422244578976,5818300
2012-07-09,87.9786605834961,88.0335712898668,87.24425214122398,87.42956922950862,5647000
2012-07-10,88.15714263916016,88.36305521564164,87.6629566448641,87.75904778413563,4288000
2012-07-11,88.26693725585938,88.86407412037772,88.03356415441307,88.26006687240343,5960900
2012-07-12,88.89149475097656,88.92581523743621,88.4728099517096,88.57577141108858,6421000
2012-07-13,88.65813446044922,88.70618523734622,88.26691022963242,88.6993148559939,4175300
2012-07-16,89.06998443603516,89.64653108224746,88.96016303490559,89.43375866327472,5283500
2012-07-17,88.369873046875,89.10429177619878,88.29437215388978,88.71991692900079,5590900
2012-07-18,88.41793823242188,88.77484208181123,88.39733755539422,88.71993138041007,4011000
2012-07-19,88.19140625,88.61009104523977,87.9305831231858,88.17081605295066,5246300
2012-07-20,89.26901245117188,89.43374452682765,88.82973738923342,88.95328906426114,6365900
2012-07-23,89.77005767822266,90.21620312019552,89.57787549412909,90.12697193717223,6141100
2012-07-24,90.47705078125,90.62804213264863,89.42003800943493,89.46808880503852,6748800
2012-07-25,90.71041107177734,90.74473157158144,90.2436753153631,90.3466368147754,5328000
2012-07-26,89.8798828125,90.44956947953246,89.84556231966306,90.27797748849174,6606200
2012-07-27,88.18457794189453,89.23472038500319,87.14130064660134,89.15235955751136,14685100
2012-07-30,88.84351348876953,88.87096361229382,88.02673354469773,88.12282468675625,6025300
2012-07-31,89.02191162109375,89.14546328508344,88.2531829496651,89.09741250654783,7448600
2012-08-01,88.5769271850586,89.23723504029559,88.14359982708314,88.40497321700323,7972000
2012-08-02,89.07899475097656,89.89062261807643,88.81763195922674,89.13402125851157,7972000
2012-08-03,87.64148712158203,88.06105517529838,87.19440580641994,87.9303684953355,9084800
2012-08-06,87.67587280273438,88.1367080869265,87.60709227858321,87.81343385103669,3673600
2012-08-07,86.54788970947266,86.75423136369042,86.27276225622927,86.63730390153837,6613600
2012-08-08,86.08704376220703,86.93305441198171,86.00450396199672,86.77485968776911,7250700
2012-08-09,86.02510070800781,86.18330061199495,85.11718428553345,85.81875391978403,7553500
2012-08-10,86.45842742919922,86.88487503280051,86.3896469118744,86.80233526344045,4670500
2012-08-13,86.31402587890625,86.92618168142464,86.31402587890625,86.74047367573839,3543700
2012-08-14,85.14470672607422,85.57115435218832,85.11719346816841,85.26163413646091,7994000
2012-08-15,83.94792175292969,84.73890573674392,83.84474833185274,84.61509868097521,11191000
2012-08-16,83.23255920410156,84.25740288000338,82.89552581429797,84.05793574551231,13240000
2012-08-17,83.63838958740234,83.99605669655496,83.4458020275282,83.50082854395437,6341100
2012-08-20,83.81034088134766,84.04420094499986,83.56960643907131,83.60399932266105,4427100
2012-08-21,84.18174743652344,84.22301469160584,82.99182943563918,83.54895836971698,9532700
2012-08-22,85.5711441040039,85.63992461672245,84.74576220853106,84.9589833722436,11384400
2012-08-23,85.9288101196289,86.07325077768435,85.73622257555498,85.79812346574289,7139100
2012-08-24,85.84627532958984,86.36213710153616,85.74998155196926,86.30023620775891,5001400
2012-08-27,86.34839630126953,86.52722987889162,86.16268309630324,86.21082999247633,3906100
2012-08-28,86.55472564697266,86.91239275161288,86.38277172102337,86.49282475248725,3412600
2012-08-29,86.17637634277344,86.41023101716985,85.94251642076293,86.39647702063469,3762700
2012-08-30,86.6235122680664,86.96742012335,86.4790715985614,86.85048746436433,3886400
2012-08-31,87.84780883789062,87.84780883789062,86.47905726998115,86.51344490124143,9192600
2012-09-04,87.7596435546875,87.97331992375928,87.37364617602366,87.48392888757624,6009300
2012-09-05,87.34606170654297,87.67002599971075,87.2288846988752,87.41498904876994,3466700
2012-09-06,85.8916015625,86.52574100378267,85.85024624292521,86.52574100378267,6505100
2012-09-07,85.4918212890625,86.97378168598813,85.41599969255827,86.94620971827612,7335300
2012-09-10,85.69861602783203,85.69861602783203,85.13340378658096,85.25747502289536,4912100
2012-09-11,85.16102600097656,85.54012898201555,84.98181071860577,85.48498500916013,3523300
2012-09-12,84.09954071044922,84.37525535696102,83.87207573266552,84.24428971663353,7040900
2012-09-13,83.76866149902344,84.84394257149724,82.90016241650787,84.36144600277647,12280200
2012-09-14,81.54225158691406,82.61063800642764,81.36993068775222,82.54860500696128,16871600
2012-09-17,82.52101135253906,82.6450825776929,81.8868718723373,81.93512150107406,5573300
2012-09-18,82.93460845947266,83.33439423811546,82.68646592506104,83.20342866194908,5366200
2012-09-19,83.47915649414062,83.6652607952375,83.13451461455415,83.63768881381246,5903300
2012-09-20,83.68595123291016,84.31319677544269,83.38955897952364,84.18912547730838,4604200
2012-09-21,83.78241729736328,83.844450292403,83.17584440995562,83.23098835586835,4144300
2012-09-24,84.43728637695312,84.5751410675102,84.21671571677018,84.26496538434711,3627400
2012-09-25,85.27130126953125,85.29197894284847,84.18223156506639,84.64405572402995,5893500
2012-09-26,86.18798828125,86.2224492924881,85.78130838165036,85.85712996871446,7193400
2012-09-27,85.57454681396484,86.02258213673429,85.31261572065758,85.85026126327033,5147700
2012-09-28,85.6227798461914,86.32584655972299,85.34017114427593,85.9880991856902,7173400
2012-10-01,85.94056701660156,85.97510560110462,85.22220767169271,85.62974083546659,4842600
2012-10-02,85.82313537597656,86.00963001138057,85.51921272732812,85.58828988918282,3540100
2012-10-03,85.85082244873047,85.85773122349356,85.38803466677373,85.55380837213042,3800900
2012-10-04,84.78013610839844,85.51231295113392,84.66271335988773,85.27746218426472,6214800
2012-10-05,83.68181610107422,84.0479016134499,83.52294611861338,83.9719210048613,8340700
2012-10-08,84.38638305664062,84.45545492099961,84.05483599977934,84.25514809531221,1568400
2012-10-09,84.23438262939453,84.39325258641645,83.84066738877145,83.90283572668194,4752700
2012-10-10,84.8285140991211,84.93212460971358,83.75788620926396,83.89603004348763,5429800
2012-10-11,85.4155502319336,85.4155502319336,84.19295695708438,84.2413077760429,5194100
2012-10-12,85.62976837158203,86.18925778548022,85.498528032085,85.69884029295159,4934900
2012-10-15,85.43634796142578,85.74717418094835,85.25675678555672,85.49851109739079,3036100
2012-10-16,84.25518035888672,84.91827999637343,84.22755054859384,84.89065018608055,5398700
2012-10-17,83.47471618652344,83.75791800499383,83.28131263725169,83.6957495670985,6932500
2012-10-18,82.96349334716797,83.94432764942115,82.79771979731368,83.66113138799702,8558600
2012-10-19,84.08941650390625,84.13776736308573,83.08095196255702,83.12239405046844,7616700
2012-10-22,83.5506362915039,84.15847632965158,83.5368240207984,83.87527998648365,6910600
2012-10-23,84.74559020996094,84.7732200178332,84.2827975154093,84.33805713115382,5760600
2012-10-24,83.90983581542969,84.46932511633791,83.90983581542969,84.17231117156653,6824500
2012-10-25,83.48152923583984,83.95122528970575,83.11544361309129,83.27430837360517,5292500
2012-10-26,84.71105194091797,84.71796071037294,83.76475077977571,83.8821787811219,5889400
2012-10-31,85.20838928222656,85.4432347764725,84.70415444186365,84.73869302388698,5025600
2012-11-01,84.51078796386719,84.87687390597482,84.3242932410416,84.80089320819587,3659700
2012-11-02,84.44859313964844,84.48312645396408,83.74404607355419,83.77167588691555,3527800
2012-11-05,84.9251480102539,85.13236886593873,84.81463408510854,84.83535511670797,2935700
2012-11-06,84.1239013671875,84.86298132542434,84.11699260033154,84.64885698149486,4484600
2012-11-07,85.65045928955078,86.0165450868869,85.4846856826123,85.61592070609161,10071000
2012-11-08,86.92138671875,86.93520425811114,85.25673157534243,85.50539458537092,8579500
2012-11-09,87.01808166503906,87.01808166503906,86.46549610355987,86.77632218823787,5036900
2012-11-12,87.16313171386719,87.29436669686054,86.88683894097403,86.92137224393173,2072200
2012-11-13,87.4532699584961,87.59832253362359,87.02501573441852,87.58451026116549,2863800
2012-11-14,87.53610229492188,87.57754435510802,86.75557502911695,86.83846441933413,4694600
2012-11-15,87.36344909667969,87.7364383021945,87.03189669529841,87.10096857521424,5549600
2012-11-16,87.28749084472656,87.85388883712181,87.225322447958,87.28058207400828,4591100
2012-11-19,86.79705047607422,86.90065566010131,86.54838749471602,86.65890144762712,3621600
2012-11-20,85.92677307128906,86.80399744437207,85.91295552660156,86.67276238893635,4659300
2012-11-21,85.87837219238281,85.94053529772744,85.66424253322135,85.7816705152826,2422800
2012-11-23,85.79549407958984,85.96126765218402,85.7264221968295,85.85766246296694,987200
2012-11-26,86.20304870605469,86.70036954821751,86.16851012111297,86.45171176206019,2799000
2012-11-27,86.54142761230469,86.61049945080939,86.13389480639302,86.29967354261647,2544400
2012-11-28,86.41718292236328,87.1700756763931,86.40336537888912,87.01121081538166,3569700
2012-11-29,86.43096923828125,86.64509893903124,86.10633084201953,86.24447461617996,2761000
2012-11-30,86.19612884521484,86.71417593360033,86.14086922435699,86.6727338528807,3702300
2012-12-03,86.27571105957031,86.36568061792863,85.55593875206317,85.62514651081676,5427800
2012-12-04,86.77400970458984,86.79477678431569,86.40028147272724,86.52485755001477,2586300
2012-12-05,86.73246765136719,87.0715892917448,86.62865339568071,86.78783595842829,1978200
2012-12-06,86.91932678222656,87.25845369382249,86.86396375684613,87.10619349354876,2301200
2012-12-07,86.11651611328125,86.48332193426815,86.05422544318593,86.16496206548305,4020900
2012-12-10,86.4971694946289,86.56637724573253,86.19264905351743,86.48332477628041,2134300
2012-12-11,85.8397216796875,86.03350558295323,85.70130611455922,85.99890433177883,3777900
2012-12-12,84.84310150146484,86.05425601702845,84.82926205886713,85.70129478853303,7119700
2012-12-13,84.90538024902344,85.25142434764511,84.52472962845403,84.63546627451564,6381500
2012-12-14,85.54212188720703,85.61825203069024,85.18223825637156,85.25836839985479,3832800
2012-12-17,84.26173400878906,85.48672773638258,84.23404984858969,85.47288829638973,6870000
2012-12-18,83.40357971191406,84.28252971088686,82.98140533943119,84.01953800352696,12024200
2012-12-19,83.68038940429688,84.19253320979729,83.54889095253044,83.72191300792245,4880500
2012-12-20,83.69422149658203,84.18560345712339,83.47967585640282,83.9433736568866,4567900
2012-12-21,84.60780334472656,84.73237946270041,84.40017472136506,84.64932695731277,6087700
2012-12-24,84.45555877685547,84.49016531392832,84.34482736261158,84.43479696669826,1071100
2012-12-26,84.75932312011719,84.76626071682604,84.4888150586656,84.58592024524638,2247800
2012-12-27,85.04364776611328,85.51530347238798,84.50263201605772,84.53730939203207,4262700
2012-12-28,85.52922058105469,85.55002807649257,85.16160738342542,85.41130791235003,3928200
2012-12-31,84.0517807006836,85.29334501845081,83.86450806018361,85.22398497722237,6423000
2013-01-02,82.92816162109375,83.16399220428708,82.82412416421994,83.06688704998218,7472700
2013-01-03,81.8045425415039,82.8796371984745,81.7767974463011,82.80333950962574,10004300
2013-01-04,82.12355041503906,82.15129549240918,81.40219427891326,81.61027971327293,9574600
2013-01-07,82.15823364257812,82.35244919799717,81.84611076064775,82.10274877571976,4193100
2013-01-08,82.69932556152344,82.74094057025734,82.41494222360895,82.56753764474966,4380900
2013-01-09,82.6230239868164,82.91433961800399,82.4496210694185,82.71319159880197,3870300
2013-01-10,82.3940658569336,82.74780901103652,82.09581286265717,82.28308553728054,5602800
2013-01-11,83.12931823730469,83.13625583243478,82.08890122484321,82.20681388288189,4770700
2013-01-14,82.90045928955078,83.42760560752384,82.79642177902174,83.26114029884063,3064600
2013-01-15,83.28192138671875,83.71889466785773,83.21256130441915,83.65647218133861,5357800
2013-01-16,83.45533752441406,83.7050380939128,83.24031964750412,83.670355401324,4286100
2013-01-17,82.6230239868164,82.9212772164143,82.36638576400615,82.7686818024102,7019200
2013-01-18,83.26113891601562,83.37905162054804,82.8588429091956,82.93514061020757,4660000
2013-01-22,83.42066192626953,83.44147471869437,82.80334804690867,82.92126603663725,3874100
2013-01-23,83.29582977294922,83.63570332937404,83.1987245544957,83.46923270473586,2848800
2013-01-24,83.00450134277344,83.21258694562698,82.72012333016607,83.1432268419547,4178900
2013-01-25,81.86695098876953,82.26230926685479,81.68661054681496,82.13745900578392,8750700
2013-01-28,81.56871032714844,81.65194561117411,81.15254449069153,81.16641439211128,6059900
2013-01-29,81.1178207397461,81.90160471504272,81.0623358703163,81.582544225531,5553900
2013-01-30,80.97916412353516,81.12482194218444,80.56993576997345,80.9236739187629,9586800
2013-01-31,81.37451934814453,81.38838925286954,80.84044070092153,81.17337133269154,6789200
2013-02-01,80.31786346435547,81.92366290216033,80.29700975273549,81.84024805568045,10928600
2013-02-04,81.3466796875,81.52742068135353,80.92958957395136,81.0477641337989,9291900
2013-02-05,80.62374114990234,80.93655746670886,80.54032099041216,80.82533058738862,6676500
2013-02-06,81.2840805053711,81.31188720706892,80.67234897877701,80.99906579065788,5892000
2013-02-07,81.10340881347656,81.74294758758003,81.06865438438281,81.17292297525466,5951700
2013-02-08,81.41621398925781,81.4440207090492,80.79752905877065,81.19376553451625,5603400
2013-02-11,81.3536605834961,81.59696279118121,81.27719341771072,81.36756659741545,3679900
2013-02-12,81.15206909179688,81.34671086581537,80.95742731777838,81.1173146627739,4513700
2013-02-13,80.49166870117188,80.82533876571604,80.3248336688998,80.49862170773031,6586400
2013-02-14,81.22154998779297,81.36058355771307,80.63067190050066,80.8392196035866,7096000
2013-02-15,80.98519897460938,81.15203395101157,80.68628343577845,81.09642582793636,5861800
2013-02-19,80.58201599121094,81.2632672630128,80.52640256012738,81.23546054747102,7383600
2013-02-20,80.82532501220703,80.89484445878162,80.33872070771984,80.42214086145584,9603900
2013-02-21,81.29801177978516,81.54826688559797,81.15203051865902,81.26325736728162,8297400
2013-02-22,81.3536605834961,81.56915606693286,81.24938669346237,81.31890615587842,5316900
2013-02-25,82.95249938964844,82.96640009773785,80.83923641956287,80.88094384742057,15948700
2013-02-26,82.47282409667969,83.18882973206203,82.4380643789358,82.53539052790103,9822100
2013-02-27,82.22953033447266,83.09847033043641,82.0279356189784,83.06371060916233,7459600
2013-02-28,82.38245391845703,82.48672776514223,82.01402425661234,82.32684049307983,6023400
2013-03-01,82.83113861083984,83.0470969827101,82.58034584319192,82.78933627291013,7786800
2013-03-04,82.3921890258789,82.87984363919293,82.38522640374464,82.75444734605261,4511400
2013-03-05,82.15538024902344,82.34347214099053,81.98121892443169,82.25291016559628,6539300
2013-03-06,81.40994262695312,81.85579504283913,81.40297468811677,81.58410389300172,6514900
2013-03-07,80.78292083740234,81.1660775581791,80.74809179049917,81.09641414939534,8526700
2013-03-08,79.9400405883789,80.36499460624766,79.84947862136704,80.02363992983847,15423600
2013-03-11,80.01667022705078,80.27443087130494,79.93307088743238,80.1977994720667,5815800
2013-03-12,80.59489440917969,80.66455787441257,80.27443821712308,80.28836878417697,9264200
2013-03-13,80.51129913330078,80.62972756168368,80.13511002404161,80.28140490292319,7371500
2013-03-14,80.26741027832031,80.55999980258443,80.10021702373763,80.17684305773065,9352100
2013-03-15,80.64363861083984,80.72723262161178,80.32318250126,80.344081003953,9673400
2013-03-18,81.2567138671875,81.42390726436774,80.91535913107468,81.3890781855706,9152200
2013-03-19,81.80703735351562,82.12749347365734,81.29848407297692,81.35421695864865,11986200
2013-03-20,80.89443969726562,81.50051759839891,80.86657325244626,81.30545779964424,8543900
2013-03-21,81.6746826171875,81.68165055745536,81.18006515779297,81.40995935180175,6119400
2013-03-22,81.73736572265625,81.85579410661957,81.347240876983,81.71646722136624,6323800
2013-03-25,81.66072845458984,82.05084795716054,81.27757157529392,81.34723501289874,5839800
2013-03-26,81.75829315185547,82.14145019434159,81.35423760068501,81.41693844171995,5093200
2013-03-27,82.4549331665039,82.74055495850884,82.32953680745791,82.41313615181575,7742900
2013-03-28,82.03694152832031,82.51762310968073,81.98120863584975,82.28773422945669,5826400
2013-04-01,82.65476989746094,82.67571374586682,82.02642781272073,82.04737166112659,6113800
2013-04-02,82.31968688964844,82.48026000209806,82.20797922314894,82.43138922963321,5438000
2013-04-03,83.05973052978516,83.28314053355919,82.55705668966495,82.59894440083674,9527400
2013-04-04,84.05115509033203,84.06512121887765,83.40885166668492,83.4926271318892,9365700
2013-04-05,85.74761199951172,86.17348804401472,85.61496051225275,85.7894997001142,18626200
2013-04-08,85.09136199951172,85.7825411732786,85.02154737403922,85.64290659581911,8020300
2013-04-09,84.88186645507812,85.34264696392883,84.74223196261484,85.19603474172581,7176100
2013-04-10,83.71600341796875,84.23962113664051,83.70902035696228,84.1907450361102,10765200
2013-04-11,83.87661743164062,84.12097142085865,83.70207810698238,83.89756129835682,7501800
2013-04-12,85.1263198852539,85.13330294968563,84.40721871779392,84.70742657014802,9253000
2013-04-15,85.86628723144531,85.89421413738766,85.08435517111012,85.2658720699664,12948400
2013-04-16,85.16120147705078,85.53820160634285,85.09138150905564,85.11930843095055,6553500
2013-04-17,85.7267074584961,86.24334220004093,85.38461198484627,85.38461198484627,9020900
2013-04-18,85.93614196777344,86.02690578610364,85.59404653160807,85.74065886139323,7009500
2013-04-19,85.7546157836914,85.85934038702086,85.61498120374728,85.83141347103204,5474300
2013-04-22,85.81745910644531,86.07577911984487,85.64291985248987,85.76160526681589,4519400
2013-04-23,85.51718139648438,86.42478690495047,85.4403837614675,86.05476484160245,8042900
2013-04-24,85.733642578125,85.74760336808275,85.38456423754063,85.50324959497625,3673600
2013-04-25,85.3636474609375,85.43346741676338,85.24496205845716,85.34968666568119,4297800
2013-04-26,86.14557647705078,86.22935721969016,85.88027878179741,86.01292496616698,4898800
2013-04-29,85.83141326904297,86.3829578738665,85.70574481064628,86.2782332707835,4916000
2013-04-30,85.88031005859375,86.35505712008684,85.64293386458911,86.05484934110568,4477400
2013-05-01,86.76254272460938,86.93745309722048,86.35674937906977,86.37773776972855,10724600
2013-05-02,86.65064239501953,86.7346013389728,86.41276672725088,86.46873401870934,4171800
2013-05-03,84.60770416259766,85.48925454478074,84.53774103273908,85.46826613960764,11283600
2013-05-06,84.39775085449219,84.83153049907929,84.18086370111911,84.76156741778226,5121900
2013-05-07,84.06893157958984,84.30680714547127,83.99197058172433,84.08991997212745,5049200
2013-05-08,84.20184326171875,84.53767348970426,84.07590759345422,84.14587066741443,5732900
2013-05-09,83.98500061035156,84.88054124214601,83.9430238113122,84.31383310374179,7527000
2013-05-10,83.08243560791016,83.81006347398568,82.45275713362928,83.7890750811499,11689000
2013-05-13,82.44577026367188,82.69064911379157,82.29884615630539,82.47375657048104,8050800
2013-05-14,81.5501937866211,82.86552293662457,81.53620330831546,82.80255243964957,9236100
2013-05-15,82.09593200683594,82.36179919615991,81.4522631003988,82.22886560149793,14608600
2013-05-16,82.94949340820312,83.21536059081978,82.50872119079689,82.53670749095869,8458400
2013-05-17,81.90000915527344,82.66262095060732,81.84404190783644,82.52268948741602,7435500
2013-05-20,81.80206298828125,82.32679398556162,81.71111153704162,82.29880769183256,5839800
2013-05-21,82.44577026367188,82.46676399716043,81.45228039223629,81.80909913175046,7781800
2013-05-22,81.22134399414062,82.94246603598609,81.01845274431726,82.57165171780721,18361500
2013-05-23,81.60618591308594,82.02596975467468,80.99749587318553,81.96300458046488,9207100
2013-05-24,81.71813201904297,82.15190634707136,81.65516150629746,81.84406770669278,5357600
2013-05-28,79.647216796875,81.34734651708642,79.63322631007989,81.22141078455806,13567500
2013-05-29,80.54271697998047,80.58469375435514,80.08095111049863,80.1928962926179,11298600
2013-05-30,80.34687042236328,80.71768510017688,80.12998314906262,80.63372615349087,10011800
2013-05-31,80.07392883300781,80.47272408172094,79.17838899995647,80.43774522633394,18158800
2013-06-03,80.498291015625,80.9962324124759,79.74085677082408,79.79696420022391,15564500
2013-06-04,79.75489044189453,80.29490976346668,79.71281254301077,79.92320738812882,7504300
2013-06-05,80.85594940185547,80.87698834505683,80.04240792675215,80.15462275808956,8056100
2013-06-06,80.80683135986328,81.90791363056805,80.23875866913478,80.56837759354654,8925200
2013-06-07,79.36210632324219,80.53332025002148,79.36210632324219,80.1055106730572,10459300
2013-06-10,78.98339080810547,79.33405405123216,78.81506859890321,79.03949286047643,7892600
2013-06-11,79.92317199707031,79.92317199707031,78.6327337295322,78.73792843015997,12841200
2013-06-12,78.780029296875,79.83201934422709,78.73794605650623,79.24991690052474,10193200
2013-06-13,80.01438903808594,80.07049647817044,79.1727988396184,79.29903790445853,12506300
2013-06-14,79.82499694824219,80.41411410080617,79.82499694824219,80.02136754886433,6679100
2013-06-17,79.40419006347656,80.00733130338828,79.24989737177403,79.96524807338966,5982100
2013-06-18,79.44628143310547,79.72681316104591,79.05354022440746,79.14471076194158,5192700
2013-06-19,78.62571716308594,79.80394593937275,78.2820686639555,79.76887747283635,17138200
2013-06-20,77.3353271484375,77.99457625099973,76.64101490574564,77.67196646802472,27898500
2013-06-21,76.02381134033203,77.43347943117581,76.0027723965534,77.25113300059805,19781000
2013-06-24,76.33940124511719,76.71811826065277,75.57495780037314,75.62405044957049,24588900
2013-06-25,75.65912628173828,76.45863833196483,75.64510210133885,76.37448254817153,11078000
2013-06-26,76.15005493164062,76.47967933918272,75.77133786876449,76.44461086364493,13582200
2013-06-27,76.92851257324219,77.12488315519326,76.40952706300347,76.82331251842639,12026000
2013-06-28,77.45459747314453,77.48265121039768,76.24831352477575,76.45169910683357,12017000
2013-07-01,77.610595703125,77.67385690376916,76.92172112835873,77.13260252304588,5500400
2013-07-02,77.56137084960938,77.88472369093361,77.49107885220936,77.67384233579791,5333900
2013-07-03,77.32940673828125,77.77928195101954,77.32940673828125,77.54028272760107,3839000
2013-07-05,74.69342803955078,75.565060726777,74.6301614790526,75.41041509326634,14511900
2013-07-08,75.41738891601562,75.60717772822926,75.17838983674521,75.26274339935811,8044200
2013-07-09,75.49474334716797,75.649388928705,75.26277497486245,75.5580045234688,4700400
2013-07-10,74.90430450439453,75.48773835684315,74.72154635728778,75.48773835684315,10792200
2013-07-11,75.78294372558594,75.82512320696556,75.17139755639582,75.52988828904702,10035500
2013-07-12,75.71969604492188,76.24689407119499,75.45257894599801,76.1555096476955,4730800
2013-07-15,76.120361328125,76.14144838972048,75.70562945265104,75.77592680854973,4574800
2013-07-16,76.38043975830078,76.45073174404632,76.10629189690407,76.21876336444474,3650200
2013-07-17,76.52101135253906,76.87247658735214,76.38042740378738,76.75297969461982,5932000
2013-07-18,75.56501007080078,76.38743726539772,75.55095382396641,76.34526316196181,9066400
2013-07-19,76.75997924804688,76.76701005199324,76.09219767230799,76.13437177012204,8523800
2013-07-22,76.87248992919922,77.10445831153999,76.71081353343403,76.87248992919922,3972600
2013-07-23,76.5491714477539,76.61946346091048,76.14147026333413,76.3874949908506,5015500
2013-07-24,75.57911682128906,75.83920314644915,75.06598034348696,75.67050125704236,8853100
2013-07-25,75.55098724365234,75.63533548783528,75.08001964091193,75.1924911170694,6443400
2013-07-26,76.01490020751953,76.1133100437809,75.66343497431926,75.94460823346625,6795500
2013-07-29,75.45960998535156,75.7899882742292,75.26279024634421,75.67049134167983,6397800
2013-07-30,75.43148040771484,75.7478023931184,75.24872231438994,75.7126537182064,3635400
2013-07-31,75.70561981201172,75.86026539459918,74.40519933751607,74.55281411282193,10483100
2013-08-01,74.24691772460938,75.04322384284715,73.99322623312551,75.04322384284715,13568600
2013-08-02,75.06436920166016,75.12779476721425,74.68383731399483,74.70497737704126,9568400
2013-08-05,74.4864730834961,74.8740585962058,74.37372435569702,74.8317784953326,6611800
2013-08-06,74.7049331665039,74.7049331665039,74.23278207342283,74.36667622869778,4589000
2013-08-07,75.26166534423828,75.36032252505326,74.81770265415771,74.81770265415771,7183400
2013-08-08,75.46600341796875,75.82540041369282,75.25459753185768,75.38849168988291,5510900
2013-08-09,75.58580017089844,75.59284326973736,75.03613738242862,75.12069757978624,3623400
2013-08-12,75.07142639160156,75.8465925929261,75.02914626060317,75.83250100806512,7562800
2013-08-13,73.9861831665039,74.24692315638606,73.85229430805832,74.22578309328492,11485600
2013-08-14,74.09891510009766,74.24690087380787,73.9016007351507,73.95092932638744,6431600
2013-08-15,73.09827423095703,73.73249768147623,73.0700856857138,73.35900886573017,11846300
2013-08-16,72.84455108642578,73.26736832874549,72.35125982337533,73.26031985138984,10175900
2013-08-19,72.2103042602539,72.59084129496183,72.02708153026603,72.53446424320994,9022000
2013-08-20,72.76704406738281,72.83751272148415,72.47811559622957,72.50630413315284,10050100
2013-08-21,71.97074127197266,72.72476725129584,71.95664969003646,72.42174716373152,13248800
2013-08-22,72.70360565185547,72.7458911379657,72.04823706948055,72.20327130692169,8751200
2013-08-23,73.49288177490234,73.56335042934415,72.40059881360634,72.5908700946543,17441200
2013-08-26,73.85929870605469,73.91567576239034,73.52104712086485,73.6831244373148,5879100
2013-08-27,74.78946685791016,74.87403240648852,74.02134995319321,74.19752414709082,11573300
2013-08-28,74.1834945678711,74.3949059430978,73.95094850681926,74.2821571523476,7497900
2013-08-29,74.77537536621094,74.91631257091251,73.84517583651518,73.90859596570797,6672400
2013-08-30,74.6908187866211,75.17706134112743,74.51464457138377,74.71195883222391,8987600
2013-09-03,73.63739776611328,73.9553463737042,73.1357427633833,73.89882049972233,12084300
2013-09-04,73.47489929199219,73.94122974301654,73.44663635035997,73.7999150348554,4579600
2013-09-05,72.45035552978516,73.19930422585632,72.44328845040653,73.10745375634262,12290600
2013-09-06,72.81068420410156,73.3547305966899,72.64110668200055,72.95199341525154,9478400
2013-09-09,72.8460464477539,73.34770141429924,72.83191767557958,73.34063972351389,6874900
2013-09-10,72.33731842041016,73.01561263138683,72.32318964940372,72.5846177331502,8069000
2013-09-11,72.98028564453125,72.99441441508002,72.20307388987594,72.71885756925316,8962400
2013-09-12,72.88133239746094,73.48190457791033,72.81773948461786,73.3759199835721,6254400
2013-09-13,73.16397857666016,73.36181367165024,72.93788055515692,73.135715650147,6106200
2013-09-16,72.6764907836914,73.7716568524969,72.6694237006926,73.7151309697162,8231600
2013-09-17,73.2770004272461,73.29819626740382,72.75414993782091,73.03677371799137,8795300
2013-09-18,74.18145751953125,74.57713331635689,72.76128107265855,73.22053905533396,19749200
2013-09-19,73.74333190917969,74.25204825467284,73.59495563458582,74.22379072764573,11627800
2013-09-20,74.13195037841797,74.31565668605899,73.79986776519817,73.96944530637518,8421000
2013-09-23,74.676025390625,74.70428832292292,74.26622095820993,74.33687559365315,10242100
2013-09-24,75.48148345947266,75.48854514803853,74.78198816811033,74.88797279321996,11446600
2013-09-25,75.63694763183594,75.79945276311564,75.1706173095131,75.27660196373225,8130900
2013-09-26,75.10698699951172,75.3330849508665,75.02926532336473,75.23416743406132,5117100
2013-09-27,75.29071044921875,75.4744167743277,75.07167950929016,75.09994243550707,6460000
2013-09-30,75.17769622802734,75.53097487064909,75.0222527627771,75.36140263155986,8438800
2013-10-01,74.94956970214844,75.1125005179817,74.75829651259296,75.02040942228135,7592500
2013-10-02,75.06289672851562,75.4312718449688,74.92121731740168,75.04164535732083,5967200
2013-10-03,74.94247436523438,75.38168922051356,74.87871484209738,74.91413739992055,6648900
2013-10-04,74.88580322265625,74.9353915626208,74.6307759300604,74.85746625628741,5545300
2013-10-07,75.19043731689453,75.34628796782765,75.07709482831363,75.23294007452174,5761100
2013-10-08,75.21163940429688,75.45250081735624,74.970783395959,75.07704562511103,5904000
2013-10-09,74.6095199584961,75.04873480306001,74.59535417854651,74.99914646615146,8439000
2013-10-10,74.72998046875,74.75831744568264,74.03574345044018,74.24118247965757,9944100
2013-10-11,74.70867156982422,75.25414849755079,74.67325442946998,75.20456017727761,6500800
2013-10-14,74.10655212402344,74.83621140879828,73.90819877337282,74.65910943075687,4205600
2013-10-15,74.05699920654297,74.59539099061489,74.04991361070982,74.48912867202192,8291000
2013-10-16,74.9850082397461,74.99209383519691,73.86572196645044,74.00740685183797,14460200
2013-10-17,75.66502380371094,75.88463386329866,75.29665418218852,75.45958492459818,11303400
2013-10-18,75.82796478271484,76.13966591636479,75.78546204802515,75.87755310809351,9487800
2013-10-21,75.587158203125,75.74300888306676,75.41714173624582,75.73592869196108,6161600
2013-10-22,76.43014526367188,76.59308149576951,76.196369306424,76.22470627742901,9708500
2013-10-23,76.72770690917969,77.02524252474224,76.53643903213579,76.5576904179488,9163100
2013-10-24,76.43014526367188,76.98270268645805,76.41597948053166,76.94019993231284,7631400
2013-10-25,76.7135238647461,76.82686636516318,76.56475879279051,76.6001759596034,4429500
2013-10-28,76.45142364501953,76.77729081959349,76.44434345331085,76.51518320348319,6466400
2013-10-29,76.55058288574219,76.55766848055845,76.16096164645269,76.23888697525565,5270500
2013-10-30,76.09005737304688,76.65678016897273,75.9483726205249,76.45842692016265,10199300
2013-10-31,76.25304412841797,76.51515705969571,75.89884009385463,76.44431733372798,11452100
2013-11-01,75.42765045166016,76.00299851938452,75.39213286410208,75.98169013453887,11349500
2013-11-04,75.4986801147461,75.76859535449744,75.44895874375972,75.62653584288579,4733200
2013-11-05,74.59656524658203,75.17191857725487,74.57525686752406,75.1435055987704,8753400
2013-11-06,74.63214874267578,74.68187014413421,74.36223333750523,74.53981054546051,5643000
2013-11-07,75.2642822265625,75.32821280464658,74.56107838297768,74.61790435922502,7893700
2013-11-08,73.45296478271484,73.95017829558971,73.43875558564936,73.85073559301473,16889900
2013-11-11,73.17598724365234,73.57376373198392,73.13337046316926,73.53824613543176,4927200
2013-11-12,73.5169448852539,73.58087006218703,73.28964633522791,73.31095472753896,4839500
2013-11-13,73.78683471679688,73.90048666214055,73.68739197423267,73.77973553463016,5782900
2013-11-14,74.24144744873047,74.66763691518437,73.9786367528713,74.09228330316127,8895500
2013-11-15,74.39060974121094,74.39770892419344,74.09227606001302,74.34088836421523,6344800
2013-11-18,74.83810424804688,74.87362184085717,74.33378586163865,74.33378586163865,5451300
2013-11-19,74.2697982788086,74.68177819464239,74.16325642059265,74.54681794860933,7251100
2013-11-20,73.00550842285156,74.46874223196951,72.91317026667264,74.17041395580013,14190900
2013-11-21,73.12623596191406,73.29671385259428,72.56509718423038,72.81370400077799,8903000
2013-11-22,73.80814361572266,73.9644069013505,73.50271080693918,73.50980998863409,7950700
2013-11-25,74.0212631225586,74.17042728745457,73.75844697342286,73.75844697342286,3755500
2013-11-26,74.2982177734375,74.5326207205408,74.2129842793782,74.22008345773641,6659200
2013-11-27,74.17041778564453,74.36930331336039,73.84367650165073,74.35509952676249,6063000
2013-11-29,74.19168090820312,74.29822820996385,73.8365268484813,73.92887037231034,5084400
2013-12-02,73.61469268798828,74.02789946041601,73.53632569889483,73.94953247132256,7527800
2013-12-03,73.88536071777344,74.063466400374,73.70725503517288,73.87823496857028,5076900
2013-12-04,73.18013000488281,73.41523102329639,72.93790323081333,73.2015018364915,8502700
2013-12-05,72.97349548339844,73.27271186915704,72.82388729051914,73.00911881114162,7445700
2013-12-06,73.32259368896484,73.37246309504006,72.9236384403631,73.06612090476155,7352000
2013-12-09,73.49353790283203,73.54340728090612,73.25843707675936,73.30830645483346,5678800
2013-12-10,74.02074432373047,74.0563622094067,73.70015074051037,73.97799525142105,7040400
2013-12-11,73.45081329345703,73.92813541899046,73.39381814658118,73.77140691811643,8190900
2013-12-12,73.17300415039062,73.49359793016494,73.11600897593844,73.40097941284037,6208600
2013-12-13,73.52916717529297,73.59328806295555,73.22995086048203,73.47929778949116,6471300
2013-12-16,73.2584457397461,73.8711298487389,73.1872045391236,73.79276289744759,6376400
2013-12-17,73.5861587524414,73.66452570281848,73.08745948319135,73.10171098436271,6014400
2013-12-18,73.2156982421875,73.89250325101241,72.99484888491212,73.25844731176248,12973200
2013-12-19,73.14446258544922,73.38668921355405,72.98772866762063,73.27982468454768,6708400
2013-12-20,74.27007293701172,74.29857049973367,73.59327348726701,73.89248974281598,12425700
2013-12-23,73.84973907470703,74.38405609524825,73.84973907470703,74.12758349056017,6378600
2013-12-24,73.2584457397461,73.62890324419618,73.23707392309487,73.54341597759127,4897000
2013-12-26,72.97613525390625,73.16197219164792,72.91181022918133,73.15482314897122,4645300
2013-12-27,72.76889038085938,73.12626633668818,72.68312364146003,72.95472740476517,4755000
2013-12-30,73.2691650390625,73.3191974172293,72.96182172943207,73.01185410759888,4491700
2013-12-31,72.80457305908203,73.297753236338,72.31139288182605,73.11191635817893,7218600
2014-01-02,73.02615356445312,73.18339975428732,72.68307592583373,72.70451759660736,8580800
2014-01-03,73.02615356445312,73.22628309583456,72.73310830867909,72.76884260892821,4083800
2014-01-06,73.3334732055664,73.61937478077574,73.16908348067635,73.17622706654532,7796200
2014-01-07,73.51937103271484,73.61228680415716,73.30494331015746,73.49078030616562,4428100
2014-01-08,73.3192367553711,73.39785988511996,72.97615351163759,73.22631553669162,8513000
2014-01-09,73.74801635742188,73.7694580172372,73.26913444448644,73.59791928559665,6991100
2014-01-10,74.62721252441406,74.72012826350175,74.11259053197418,74.16976651203959,13197400
2014-01-13,74.99889373779297,75.14899093569245,74.67010862051946,74.69869934199401,9667400
2014-01-14,74.65576171875,74.92737066860252,74.61287839113916,74.79871523265106,10343100
2014-01-15,74.57720947265625,74.6987214381474,74.28416403382265,74.36278717785405,7507500
2014-01-16,75.07749938964844,75.0989410624847,74.84877912419286,74.94169485752376,7137700
2014-01-17,75.39198303222656,75.42056829060321,74.89880280185946,74.94883518369956,7588600
2014-01-21,75.44914245605469,75.57779790301794,75.33478508826481,75.37051937995939,6436000
2014-01-22,75.26334381103516,75.58497984187953,75.22045500796656,75.31337620368032,4646700
2014-01-23,76.32828521728516,76.54270731641162,75.67785897442744,75.67785897442744,12960600
2014-01-24,76.82152557373047,76.82866916545464,76.47129326680206,76.61424689813717,11122200
2014-01-27,76.28544616699219,76.90727661382354,76.26399903682358,76.63567294936682,9218200
2014-01-28,76.47122192382812,76.47122192382812,76.15673513453476,76.4140459777592,5661500
2014-01-29,77.10023498535156,77.30036450356542,76.471250267399,76.74285928764957,11709400
2014-01-30,76.87872314453125,76.95734630054555,76.55708692674546,76.81439808222407,5956900
2014-01-31,77.39325714111328,77.48617828480128,77.08591391462268,77.33607573778508,14690900
2014-02-03,78.33627319335938,78.35060234171807,77.1109259941681,77.23991019761212,20780300
2014-02-04,77.50505065917969,77.87050136877568,77.36889913969044,77.76301361481335,9573500
2014-02-05,76.78849792480469,77.23277276749373,76.68101013584389,77.16828337435089,10312200
2014-02-06,76.45887756347656,76.68818232623849,76.32989329273192,76.6523567031219,5708700
2014-02-07,76.52335357666016,76.8314822882337,76.27255240841552,76.28688156072003,7039200
2014-02-10,76.73837280273438,76.75987474554299,76.36575446660244,76.39441825662165,4370500
2014-02-11,76.29405212402344,76.45170014137322,76.07191471797002,76.39437259559953,5904900
2014-02-12,75.89991760253906,76.10772581603693,75.68494754747738,76.07906204861779,6723300
2014-02-13,76.32987976074219,76.48036593914627,76.17223720627435,76.38003999785828,6874600
2014-02-14,76.37285614013672,76.41584905468464,76.15071332517923,76.36568883202732,4989100
2014-02-18,76.54486846923828,76.81716616503167,76.40155504346424,76.4302188220304,4855800
2014-02-19,76.222412109375,76.80283860297781,76.17225186260757,76.80283860297781,5522500
2014-02-20,76.03606414794922,76.40868216586918,75.73510281035375,76.18654481674695,5103200
2014-02-21,76.43736267089844,76.44452998061678,75.92142571228699,75.92142571228699,5250700
2014-02-24,76.24388122558594,76.48751506046855,76.07906592129982,76.45885129159032,3816700
2014-02-25,76.92466735839844,76.9318346710518,76.59504204809386,76.60937667340059,6225400
2014-02-26,77.33309173583984,77.33309173583984,76.84581850684816,76.89597874510955,7203900
2014-02-27,77.75585174560547,77.79167735221046,77.46205224935159,77.59103646064891,5394700
2014-02-28,77.7988510131836,77.92066792628543,77.23275389887809,77.59104279651032,8462600
2014-03-03,78.3182144165039,78.425963217734,78.03807082150469,78.21046561527382,11089400
2014-03-04,77.14020538330078,77.82979032570594,77.1186567101528,77.82979032570594,8068100
2014-03-05,77.30533599853516,77.42026395571594,77.00363846523877,77.10420248289492,4798500
2014-03-06,76.54399108886719,76.8385042023988,76.51525770118117,76.68765802729725,7418200
2014-03-07,76.06270599365234,76.2638341922641,75.85439307928091,75.88312646198722,8270300
2014-03-10,76.1704330444336,76.22071507971938,75.98366885037319,76.09860234835831,3744300
2014-03-11,76.37158966064453,76.38595361308285,75.9836971808157,76.12736410686315,3815700
2014-03-12,76.90311431884766,77.04678119021922,76.70198617925827,76.80255024905296,6430500
2014-03-13,77.93753051757812,77.95907918833333,76.60864284445107,76.64455546893197,11815500
2014-03-14,77.95187377929688,78.28230491094301,77.8082123588409,78.27512019582065,9232800
2014-03-17,77.3700180053711,77.7938284032924,77.34128463260267,77.7076282849871,7381900
2014-03-18,77.65019226074219,77.68611036099588,77.29103317953584,77.3484999478087,4819500
2014-03-19,77.04678344726562,77.56397323869247,76.72353708745837,77.52087043585294,11557600
2014-03-20,76.9102783203125,77.31253449116241,76.85281158723986,76.92464226341602,5224400
2014-03-21,77.74356842041016,77.80821441722595,77.12581443150964,77.15454781242735,8986200
2014-03-24,78.29666900634766,78.36131500157339,77.54243284672255,77.61426903741592,7536400
2014-03-25,78.00212860107422,78.16734410923566,77.70043643521072,77.872836655987,5032000
2014-03-26,78.61272430419922,78.64145768206944,77.92313967630835,77.97342171749837,7147200
2014-03-27,79.00785064697266,79.29517914437244,78.59840931928693,78.75644026687357,9772200
2014-03-28,78.56243896484375,78.93596190081263,78.311023289117,78.91441323839749,6027000
2014-03-31,78.36853790283203,79.78362605583435,77.82261437347893,78.10994283526134,7488400
2014-04-01,77.69877624511719,78.03725543585716,77.66276571631857,77.96523987269521,9067300
2014-04-02,77.25222778320312,77.45387893955547,77.1802122602934,77.33864970735412,6887200
2014-04-03,77.59068298339844,77.73471947946614,77.37463648094267,77.43224558493922,4937400
2014-04-04,78.10926055908203,78.27490127720704,77.66995853974457,77.68436494711258,8977500
2014-04-07,78.57737731933594,78.70700752571733,78.21009081884951,78.22449722757803,7562500
2014-04-08,78.76457214355469,78.83658765815065,78.29646305703362,78.51971280061056,4213800
2014-04-09,78.37571716308594,78.75020130474748,78.23888377746246,78.41172218942671,5771500
2014-04-10,79.10307312011719,79.3767398629551,78.42612045418339,78.44052136433794,12706400
2014-04-11,79.74400329589844,79.78721150835395,79.31189919361573,79.60716996388012,10267000
2014-04-14,79.53520202636719,79.72244138864366,79.43437914069979,79.56400935004861,4142600
2014-04-15,80.03205108642578,80.30571770161511,79.47032244704064,79.65756715831266,7752000
2014-04-16,80.1329116821289,80.1329116821289,79.49196403550839,79.52797455272983,5523000
2014-04-17,79.25428771972656,80.2625159432701,79.00222516940894,80.20490682651885,8622500
2014-04-21,79.18951416015625,79.66482672637602,79.1030921950886,79.48478508664456,4316300
2014-04-22,79.45591735839844,79.57114106312137,78.93739695106866,78.97340744941181,5748700
2014-04-23,79.90963745117188,79.97445526348501,79.59996577873133,79.65037719078296,5748600
2014-04-24,80.06094360351562,80.08975093548352,79.54242261696695,79.54242261696695,6337800
2014-04-25,80.17608642578125,80.65139315432975,80.16888322695193,80.29131013489601,5976500
2014-04-28,79.78718566894531,80.14006544339152,79.61434738066576,80.01763855146142,7606000
2014-04-29,79.67919158935547,79.74400940743824,79.24709294838884,79.34071258069471,5235200
2014-04-30,80.01048278808594,80.12571204487314,79.49196212141025,79.73682154486639,7721400
2014-05-01,80.86885070800781,80.91216931838585,80.0169914741719,80.04586871183396,11556500
2014-05-02,81.36697387695312,81.6485200610301,80.34907740554483,80.52233532472222,12702100
2014-05-05,80.87602233886719,81.43911436230798,80.77495482223765,81.40302196794975,8043000
2014-05-06,81.20091247558594,81.35972897469603,80.88326846182915,80.9338022360388,6522600
2014-05-07,80.91213989257812,81.26587628669549,80.81107235140173,81.07817706403881,8199200
2014-05-08,80.56561279296875,81.40303579617427,80.4645452591705,81.09982768701201,10878800
2014-05-09,80.30574035644531,80.71723126236806,80.11804661533576,80.51509615177704,6000600
2014-05-12,79.9808578491211,80.22630598113064,79.80037933754923,80.13967982054707,4563800
2014-05-13,80.6739273071289,80.6739273071289,80.37072460689963,80.45013562473625,5501000
2014-05-14,81.54742431640625,81.74234422745502,81.25865754566942,81.30919131746577,8851400
2014-05-15,82.1971206665039,82.59417553186434,82.00942150217296,82.13936623013035,12627900
2014-05-16,81.96614837646484,82.29822828580865,81.87951667968298,82.0166821559787,5019200
2014-05-19,81.3597640991211,82.26937793535909,81.30201512349906,82.24772138102948,7403300
2014-05-20,81.54020690917969,81.92282606274809,81.28031735584975,81.28753804004454,6549800
2014-05-21,81.0420913696289,81.14315891917174,80.76054526622127,81.01321414007833,8224600
2014-05-22,80.92657470703125,81.14315115405074,80.70278308414085,81.04208361417973,6495700
2014-05-23,81.3597640991211,81.51137099496967,81.17928546934685,81.22981926537281,3835000
2014-05-27,81.83621978759766,81.86509702557557,81.14318259943781,81.4680418880918,6658300
2014-05-28,82.84686279296875,82.90461173446236,82.36317616511681,82.3703968482163,10361000
2014-05-29,82.4065170288086,83.15730854882403,82.39207565870639,82.9262961971092,10692000
2014-05-30,82.37036895751953,82.58694531503173,82.16101328066189,82.26930145941799,6518900
2014-06-02,81.75811004638672,82.27923203215938,81.46136340126489,81.816013716361,11728200
2014-06-03,80.75203704833984,81.45410368565639,80.70861206772118,81.36001438698378,12694100
2014-06-04,80.73035430908203,80.93301165598187,80.53493078028679,80.88958665936006,7882000
2014-06-05,80.7665023803711,81.04154195631386,80.35394853845293,80.43356467654205,6915600
2014-06-06,80.7665023803711,81.36000650867034,80.69412557901626,81.1573437340824,7832800
2014-06-09,80.65071868896484,80.80271166249405,80.48424703872016,80.6651918436831,5162800
2014-06-10,80.35393524169922,80.53487997614205,80.21642099847931,80.36841391277189,5986000
2014-06-11,80.49871063232422,80.73031971840011,80.23091038323801,80.52766245833323,5569700
2014-06-12,81.21526336669922,81.31659201293614,80.33949119736756,80.55662716615927,9775900
2014-06-13,81.171875,81.51205226096917,80.72312970565777,80.75208154935721,5412500
2014-06-16,81.37452697753906,81.51928066441964,81.13567842438682,81.2152946087709,5184600
2014-06-17,80.73035430908203,81.12842966277857,80.68692931246022,81.11395650457081,6668800
2014-06-18,81.35279846191406,81.61335946460545,80.74482094830145,80.91853196476112,11256500
2014-06-19,80.310546875,81.46859259882889,80.15131455259899,81.43240694864531,14215500
2014-06-20,80.9184799194336,80.9184799194336,80.26707783167537,80.31774213172352,7319100
2014-06-23,80.6651611328125,81.19352219182527,80.63621483439643,81.12114540179485,5821700
2014-06-24,81.48301696777344,81.5336812618606,80.93294354483156,81.17179186923981,9698300
2014-06-25,81.69295501708984,82.04760525603128,81.56267454862204,81.85942113002295,5699300
2014-06-26,82.08379364013672,82.36606705858276,81.93903450119227,81.93903450119227,6628900
2014-06-27,81.96070861816406,82.38050164156436,81.91004432375327,82.27917305274276,7216500
2014-06-30,82.16344451904297,82.36610741285743,81.85221912032692,82.19239636101646,5593100
2014-07-01,81.47545623779297,81.80925242307835,81.41740328307347,81.63509909515435,8019200
2014-07-02,80.60472869873047,81.03285702034545,80.52490722584673,81.00383052691159,9382500
2014-07-03,80.31451416015625,80.44513068544548,80.06779159628077,80.09681810592733,6173900
2014-07-07,80.9022216796875,81.13442803670739,80.71355782077126,80.74257877119203,5928900
2014-07-08,81.80929565429688,81.89637513239231,81.44647279992202,81.44647279992202,6352100
2014-07-09,81.8746109008789,82.09955931068298,81.54806699323288,81.75125245267911,6395200
2014-07-10,81.89637756347656,82.47689636220393,81.86735106991644,82.38981688152356,7196900
2014-07-11,82.41883087158203,82.49139432635518,82.20113497102584,82.25192994299071,4676500
2014-07-14,82.06327819824219,82.29549016148583,81.94717775285828,82.20115266735863,4743300
2014-07-15,81.89637756347656,82.33902190185273,81.635144657673,81.87460907736586,7720000
2014-07-16,82.33179473876953,82.41887425207294,81.95446125360074,81.99799824213262,4615800
2014-07-17,83.36944580078125,83.48555178656783,82.68008450294734,82.89052245000693,10901000
2014-07-18,83.10095977783203,83.42024572139883,82.80344786006714,83.3621927250706,6677900
2014-07-21,83.51457977294922,83.90642920358846,83.45653231141046,83.45653231141046,5724100
2014-07-22,83.6886978149414,83.78302973799128,83.19525864776539,83.51453890683042,5753200
2014-07-23,83.57984924316406,83.9063875049657,83.57259123798923,83.81931358781104,3489600
2014-07-24,82.95584869384766,83.14451819989024,82.90505369640228,83.10097567619457,6609000
2014-07-25,83.93544006347656,83.94269807090606,83.56536472813588,83.69597564444138,7041800
2014-07-28,83.81935119628906,84.10235262649186,83.53634976608627,83.87739865502525,5138300
2014-07-29,84.12409210205078,84.22568204009973,83.75401130702313,84.0805551389545,6579300
2014-07-30,82.95584869384766,83.72503166551742,82.84700068896771,83.55813618944241,12251200
2014-07-31,82.70912170410156,83.14450813467529,82.33904074680642,82.38257772899215,18254000
2014-08-01,83.34934997558594,83.57489756164159,82.25073734208698,82.63634361551287,14951200
2014-08-04,83.131103515625,83.53125864895931,83.131103515625,83.32754250095657,5183800
2014-08-05,83.40025329589844,83.52394279239182,82.70907308118926,82.99282121572004,8032000
2014-08-06,83.45122528076172,84.01145023035158,83.3784703076698,84.01145023035158,7289200
2014-08-07,84.2297134399414,84.2297134399414,83.35664267886267,83.55308165730841,9745500
2014-08-08,84.04782104492188,84.70262687408884,83.94596297714573,84.3461236368723,9536700
2014-08-11,84.04052734375,84.26606935585012,83.88046312193177,84.14238538475308,6668800
2014-08-12,83.49486541748047,83.98960690325613,83.47303948515687,83.96778097093254,8122400
2014-08-13,84.04052734375,84.04779895321671,83.50940565779374,83.57488899892253,8210500
2014-08-14,84.71714782714844,84.76079968161497,83.95320706890699,84.34609041164434,9028200
2014-08-15,85.64118194580078,86.11409758063054,84.89907236486137,84.91362113863144,17606700
2014-08-18,84.7899169921875,85.34286462852377,84.68078178686694,85.27738128499259,7595300
2014-08-19,84.52801513671875,85.23375001062868,84.38250519504284,85.18282097595727,5936900
2014-08-20,84.3897476196289,84.47705688494689,84.08417351728579,84.4261278678897,7275600
2014-08-21,84.86266326904297,84.94997253454228,84.41157372356632,84.44795397190268,6790700
2014-08-22,85.33561706542969,85.43747514549771,84.54984997560571,84.93545635741312,10149900
2014-08-25,85.65575408935547,85.69212880677189,85.27741928244743,85.4520323582552,5760700
2014-08-26,85.3792495727539,85.84488799052734,85.27739151579395,85.80851328495466,5487600
2014-08-27,86.10681915283203,86.15047657519752,85.41563861651863,85.63390352495259,7265800
2014-08-28,86.55787658691406,86.84890190721623,86.33960620897587,86.67428338452716,9463600
2014-08-29,86.61609649658203,86.89256754174595,86.39782608403087,86.52151006074784,8512900
2014-09-02,85.12191772460938,85.59590663394623,85.10003643463776,85.52298569124143,10506000
2014-09-03,85.59590148925781,85.59590148925781,84.81563576584007,84.8812685047875,6553900
2014-09-04,84.55314636230469,85.23132190340122,84.53856439479758,85.04172850824393,12528900
2014-09-05,84.39268493652344,85.02710316594899,84.18121033887809,84.91043078723702,6886000
2014-09-08,84.42915344238281,85.04898979023216,84.18850932833773,84.88856594437999,9326400
2014-09-09,84.36355590820312,84.50939784241041,84.18853891093859,84.21770841048269,5353100
2014-09-10,83.83123016357422,83.94790817272633,83.70726395148536,83.83852393002465,8729400
2014-09-11,83.55413818359375,84.2541896313012,83.54684441627505,84.05000865449249,9274800
2014-09-12,82.67904663085938,83.07282650347483,82.56237420388783,82.90510884654459,11114900
2014-09-15,82.80302429199219,83.18221666108403,82.66447055928882,83.02178719448291,5510700
2014-09-16,82.46753692626953,83.02903978088835,82.46024872759376,82.84673467080621,9304700
2014-09-17,82.25608825683594,83.00718460614544,82.20504303591719,82.78841619448691,12917000
2014-09-18,82.51860046386719,82.75195081833171,82.29253830920594,82.53318242698502,7031200
2014-09-19,83.56869506835938,83.62703406236756,82.5477849272669,82.82489236704943,13236900
2014-09-22,83.6707763671875,83.88954478901461,83.45201350887248,83.61244294307741,6617200
2014-09-23,84.18850708007812,84.20309460609135,83.69263690233865,83.79473289389804,6362400
2014-09-24,83.72183227539062,84.26145963449697,83.59786608350652,84.07186068228359,5223300
2014-09-25,84.71349334716797,84.72078710557696,84.08636364817609,84.08636364817609,8947800
2014-09-26,84.58964538574219,84.80112016682838,84.3125433778613,84.60422735941367,7799600
2014-09-29,85.26776123046875,85.44277260898849,85.07087412507296,85.31880644768331,6791800
2014-09-30,84.7864761352539,85.34797910898729,84.68438569703177,85.07087728574315,7277500
2014-10-01,86.4305648803711,86.45249511268719,85.40711127909029,85.45097174372248,17194900
2014-10-02,85.6776351928711,86.4086730548491,85.63377470591283,86.13819261543804,8251800
2014-10-03,86.0431137084961,86.09428611170328,85.40711463683157,85.53138967642421,8561500
2014-10-06,86.09430694580078,86.40134701671867,85.79458439087796,85.98465575337475,4485500
2014-10-07,87.25664520263672,87.30781760967707,86.39402064297501,86.48905351965736,8837700
2014-10-08,87.27861785888672,87.37365078175944,86.63530648950416,87.32247834984693,9391300
2014-10-09,86.89842224121094,87.48324884504105,86.83262597157339,87.19083275443947,10291700
2014-10-10,87.76112365722656,87.78305390722667,87.22015146279355,87.37366879017225,8774400
2014-10-13,88.29468536376953,88.57978946833236,87.7610312510738,87.84144580132198,6450700
2014-10-14,88.87229919433594,89.02581652190557,88.22167574909314,88.68222773180204,11285400
2014-10-15,89.57403564453125,93.33888037516232,89.06961791910008,91.07266494559167,37407500
2014-10-16,89.00383758544922,90.74370525688272,88.77721768929345,90.7363988957889,18096600
2014-10-17,88.5067138671875,88.97457744195887,88.07540440000324,88.5944403789723,8524300
2014-10-20,88.828369140625,89.07691921615498,88.41167798424493,89.02574681370037,7742500
2014-10-21,88.1192626953125,88.6309867246768,88.11195075850054,88.33857060330851,9754700
2014-10-22,88.21432495117188,88.34591197075444,87.88536019090317,88.06811963046921,9260200
2014-10-23,87.43211364746094,87.85611688036634,87.03735259379474,87.75377204171681,10936300
2014-10-24,87.51982116699219,88.02423888885085,87.33706176949258,87.67333839160695,5704900
2014-10-27,87.6806411743164,87.92187931502349,87.47595156286863,87.64408706768347,3391900
2014-10-28,87.1324234008789,87.46870022084114,87.05200877247734,87.34442509599417,5141300
2014-10-29,87.32975006103516,87.59292404031495,86.5694702961573,86.964231265077,9105100
2014-10-30,87.40287780761719,88.06081294478136,87.36632926394883,87.95846809870869,7024400
2014-10-31,87.17626190185547,87.51253863697163,86.86922734945064,87.2420526299239,6664200
2014-11-03,87.1762924194336,87.32285981754616,86.62667725620425,87.13232499548711,9726600
2014-11-04,87.4473876953125,87.87242451929612,87.2641827461097,87.51333879335925,3664800
2014-11-05,87.32283782958984,87.47672936562711,87.07367611102488,87.13963282131122,4799600
2014-11-06,86.75850677490234,87.15423000600094,86.69987986859822,86.91239821072354,5901900
2014-11-07,87.75518035888672,87.75518035888672,86.97106331334807,87.00037677937415,8550500
2014-11-10,86.94905853271484,87.6305810774283,86.8831018524029,87.6305810774283,4787300
2014-11-11,87.00772094726562,87.06634229805024,86.72191600394096,86.82451594750306,2416500
2014-11-12,86.93441009521484,87.59394902759749,86.80250230873831,87.3521171538953,4040800
2014-11-13,87.13961029052734,87.33746918828176,86.79518406946254,86.9857132033085,4475900
2014-11-14,87.56465148925781,87.63793236374451,86.97106913765148,87.08831741863574,5191200
2014-11-17,87.3448257446289,87.78451666748893,87.11764772155539,87.77718690133213,4726200
2014-11-18,87.58662414550781,87.63059713743154,87.3228141488236,87.44006241501972,4471200
2014-11-19,87.02967834472656,87.63059033866088,87.02967834472656,87.11761313980838,5792500
2014-11-20,87.4840316772461,87.90173876809288,87.24952954889302,87.8651011301772,5683600
2014-11-21,88.01163482666016,88.05560780551134,87.58659810724188,87.62324132445622,3640100
2014-11-24,88.08489227294922,88.1361894088417,87.60856412150547,87.6964988739106,4033900
2014-11-25,88.81781005859375,88.86910725129675,88.16560049809503,88.20957351396522,6770000
2014-11-26,89.05957794189453,89.3087395491449,89.0156105486618,89.14018855680166,4339100
2014-11-28,89.7630844116211,89.89499218261788,89.49926886962751,89.49926886962751,4562200
2014-12-01,89.23938751220703,90.20155524695102,89.21000761754377,90.10607479202682,7728600
2014-12-02,88.37275695800781,88.76203100579406,88.35072342377772,88.75468462650218,5757200
2014-12-03,88.71794128417969,88.72528766159574,88.23318124031387,88.35804724181041,4868600
2014-12-04,89.45975494384766,89.45975494384766,88.593067460352,88.68854793771457,4250500
2014-12-05,88.93830871582031,89.31289562481008,88.51965473647142,89.29086208963054,8030700
2014-12-08,90.02529907226562,90.2236063954367,88.97499144831679,89.18064514749955,6021800
2014-12-09,90.48805236816406,91.05360584751543,90.31177850612697,90.78184587398924,6639700
2014-12-10,91.14906311035156,91.36940958443853,90.39989518501436,90.47334214182881,6439200
2014-12-11,91.52362823486328,91.52362823486328,90.55411406467245,90.88462809401207,7863500
2014-12-12,92.7649154663086,92.80163613944532,91.8247754549902,92.14060238291016,9317400
2014-12-15,92.5739517211914,93.05870608825674,92.12591802837646,92.28015830897195,9387400
2014-12-16,93.71975708007812,93.80789680102718,92.80900237818159,93.54348324182428,7426400
2014-12-17,92.87505340576172,93.41857298944585,92.32419305198225,93.2129193539508,11558800
2014-12-18,91.22248840332031,91.88352206495294,91.22248840332031,91.7586617076563,12758200
2014-12-19,92.44911193847656,92.50786615109541,91.39880403825812,91.50163091489675,7894500
2014-12-22,92.5739517211914,92.68412495122911,92.04512469992503,92.14060517734796,4118800
2014-12-23,90.73773193359375,92.25076014203084,90.70100566297178,92.14058693380709,7406100
2014-12-24,91.23160552978516,91.31256989072678,90.48085172846964,90.57653432980715,4871400
2014-12-26,91.57025909423828,91.70274020886889,91.28319983267495,91.67330370484662,2921300
2014-12-29,92.25473022460938,92.49026708617203,91.864632124785,91.93824020177726,4070700
2014-12-30,92.5050277709961,92.8951260497867,92.39462122036412,92.72584087226005,4372600
2014-12-31,92.68165588378906,92.86566489195201,92.48292862579717,92.51972705812419,4993300
2015-01-02,93.71209716796875,93.96235231167039,92.85093645199832,92.95398103601998,9432000
2015-01-05,95.18417358398438,95.4123429294579,94.18315863628882,94.2199570641508,9789500
2015-01-06,96.89907836914062,97.51735678396268,95.82447272551917,96.19984682333025,18331300
2015-01-07,96.7077407836914,97.13464288424902,95.80977623269348,96.19987429801056,9762900
2015-01-08,95.4270248413086,95.95697144839188,95.25773977352226,95.94961513449284,8055300
2015-01-09,96.47221374511719,96.50165023426477,94.97805079978843,95.09581921840793,9398800
2015-01-12,97.02424621582031,97.38489657617433,96.36180724581656,96.42069145855125,6658100
2015-01-13,97.02424621582031,97.60570956617558,96.52373602308313,96.7077449762483,8260800
2015-01-14,97.76026916503906,98.7171066107837,97.67193724205228,98.42269681686439,12324500
2015-01-15,99.29859161376953,99.3869123150801,97.6572237076488,97.78235967585866,11454200
2015-01-16,98.03262329101562,99.12930959386358,97.91485485160402,98.87170376754432,9390500
2015-01-20,99.3354263305664,99.44582724130322,98.6803547211517,98.72451508544643,7758700
2015-01-21,98.18716430664062,99.79908439198304,97.8633180115203,99.51203089945729,9803900
2015-01-22,97.83392333984375,98.76132484216495,97.36286065486817,98.62884372655634,10200000
2015-01-23,99.19552612304688,99.45313185785648,98.73917639019085,98.84958847454857,7334600
2015-01-26,98.89372253417969,99.50463329936511,98.66555334389552,99.24701640200647,5966500
2015-01-27,99.04832458496094,100.196538422559,98.73917972313414,99.90211741867942,8079600
2015-01-28,100.6676254272461,101.13868791769136,99.144025840812,99.1808298791781,12230300
2015-01-29,100.00520324707031,100.59403426690153,99.70343703615947,100.18921223882897,8881400
2015-01-30,101.77897644042969,101.94090513045337,100.96933299031123,101.35944209337497,14871200
2015-02-02,101.39476776123047,101.71928003026761,100.79000410379575,100.81950010383551,13689900
2015-02-03,99.24861145019531,100.14838038917574,99.10109764518292,100.04512747790105,14008700
2015-02-04,99.41822814941406,99.55835949689941,98.1791820934002,98.45207360040087,11360400
2015-02-05,98.32669067382812,98.99782886265564,98.17180570488547,98.82820151855387,8334600
2015-02-06,96.5861587524414,97.61131677650683,96.31326718950643,97.39005730111136,13685600
2015-02-09,96.43124389648438,97.33839508573067,96.43124389648438,97.33102389853127,8025500
2015-02-10,95.66422271728516,96.2247367871537,95.46508812844576,95.98135256828795,8290700
2015-02-11,95.84121704101562,96.07723006245017,95.1110756701081,95.656836088165,6506400
2015-02-12,95.52411651611328,96.27638293190327,95.47248443168573,95.62736943124467,12548300
2015-02-13,94.54319763183594,95.53147703105849,94.4694407348159,95.51672340090998,8325200
2015-02-17,93.11976623535156,94.35142975883116,92.86900519133918,94.25555368054268,14968800
2015-02-18,93.67288208007812,94.21127120341175,93.27461862655049,93.53275078341312,14009200
2015-02-19,93.05337524414062,93.99740479514739,93.05337524414062,93.50326520623916,8584800
2015-02-20,93.3262710571289,94.4104264179803,92.92800749265142,93.7024098058344,12502500
2015-02-23,94.39569091796875,94.52844545704296,93.78355030205117,93.80567512075332,7500500
2015-02-24,95.63472747802734,95.72322674920007,93.79829445199913,94.14493160238854,11958300
2015-02-25,96.04776763916016,96.16577420495817,95.19961936165372,95.4798821419926,8019800
2015-02-26,94.73494720458984,96.09937098589472,94.69806875709362,95.65685212338445,11020500
2015-02-27,95.53144073486328,95.59781516472954,94.6021649555811,95.15530771190296,9225100
2015-03-02,93.75203704833984,95.37775554919857,93.67813639634267,95.32602283766926,11324000
2015-03-03,93.41210174560547,94.12150392546893,93.3899281705679,93.76680001662352,8599000
2015-03-04,93.44163513183594,93.87762514186308,93.22734135969299,93.80373015445245,6478900
2015-03-05,93.32344055175781,93.75942509341381,93.03524604236493,93.50078971803921,6045000
2015-03-06,91.26173400878906,92.24455403580862,90.8700853640832,92.12631750421463,20022900
2015-03-09,92.1041488647461,92.27411246816506,91.7272769704366,92.13370799742017,8889100
2015-03-10,93.31603240966797,93.43426892426565,92.93177501288014,93.08695620991911,9277900
2015-03-11,93.99592590332031,94.18805752374612,93.19785155276375,93.30130573964757,6663100
2015-03-12,93.92942810058594,94.73489369855763,93.64123347031801,94.73489369855763,10295900
2015-03-13,93.64118957519531,94.2840823854326,93.47122597243273,93.67074870775525,7247200
2015-03-16,94.54270935058594,94.69788490728995,94.04760100099323,94.54270935058594,6374600
2015-03-17,95.32606506347656,95.40735130641761,94.79401170525541,94.99353453350369,6314000
2015-03-18,97.16600799560547,97.19556148102497,95.03779622451925,95.99844799761526,13981900
2015-03-19,96.67093658447266,97.26209668898763,96.26450555587645,96.9517342514204,9543800
2015-03-20,97.18081665039062,97.32122113060272,96.90740452091883,96.96652279025324,5953800
2015-03-23,97.06257629394531,97.35815631899709,96.79654976113665,97.32120599695182,5555500
2015-03-24,98.00102233886719,98.01580471878347,97.15860709407313,97.4172480021735,6713000
2015-03-25,97.17341613769531,98.10450336616664,97.1438626454056,98.07494987387692,5635800
2015-03-26,95.6585922241211,96.9074393327455,95.4590694029005,96.84093548422562,9536300
2015-03-27,96.8482666015625,96.89999930510515,96.05018704095976,96.08713736125384,7907900
2015-03-30,96.36793518066406,96.80391959328618,96.13146217850425,96.7300189611979,7010600
2015-03-31,96.57487487792969,96.7743976290377,95.99848584197947,96.24234447652103,6844300
2015-04-01,97.84334564208984,98.10251671547715,97.22872252063097,97.25093686122823,9273900
2015-04-02,96.80665588378906,97.72489032878151,96.71779849530176,97.69526366644507,6663400
2015-04-06,96.26607513427734,97.36202421047491,96.05873372254428,97.32499653710983,5923800
2015-04-07,97.0732421875,97.16951189401739,96.15501901491434,96.43640451977383,4764900
2015-04-08,97.10284423828125,97.27315796111421,96.28087968129303,97.02138788401184,5378900
2015-04-09,95.84398651123047,96.94734797665376,95.62184305445957,96.91032030077186,6484200
2015-04-10,95.98467254638672,96.59929572928887,95.93284284623097,96.5030373434971,4843000
2015-04-13,96.11798095703125,96.25126702926846,95.81436983792189,95.91804054941532,4010600
2015-04-14,96.79924011230469,97.64341907203516,96.62151406316063,97.23613727145045,6075500
2015-04-15,96.71781921386719,97.20655755376522,96.50307671260111,97.0436447737992,4425200
2015-04-16,96.23648834228516,96.90294146365072,95.82920641288938,96.88072711288939,7085500
2015-04-17,97.33984375,97.52497088200809,96.04395382594339,96.0957948465521,7268800
2015-04-20,96.48087310791016,97.01404027340108,96.2142895251647,96.96221054025763,4949400
2015-04-21,96.04389953613281,96.59928061822217,95.94022885277975,96.43636793020205,4563800
2015-04-22,94.57770538330078,95.9328367047397,94.44441368529648,95.89580903599388,9707600
2015-04-23,94.98500061035156,95.4144967703401,94.4962624318205,94.63696081345154,6843400
2015-04-24,95.577392578125,95.84396466549023,95.22194052978931,95.2589681972315,4773000
2015-04-27,95.577392578125,95.89580565976082,95.05902783244987,95.577392578125,4334900
2015-04-28,94.25929260253906,95.33303291816041,94.23707825973817,94.9109378064259,7464300
2015-04-29,93.10408782958984,93.62984791353743,92.77085578790236,93.16332418510065,11554800
2015-04-30,93.2669906616211,93.4299033435904,92.20066286536183,92.59313124485426,12876000
2015-05-01,92.01153564453125,92.78324597767148,91.78150861701296,92.55321895015321,12378500
2015-05-04,91.1433334350586,92.40477922503207,91.06170987275398,92.23411589383255,9144700
2015-05-05,91.01719665527344,91.29174351111173,90.29742827744268,91.16560005511971,13935500
2015-05-06,89.45893096923828,90.5719734308445,89.31794944040232,90.52003167575195,14355000
2015-05-07,90.66101837158203,90.95040895712391,90.04513352082296,90.10449714381275,11933700
2015-05-08,90.90587615966797,91.67758616525379,90.75746712327114,91.55143706901002,11716400
2015-05-11,88.69461822509766,90.26771984113164,88.67235828780888,90.24545990384286,13738600
2015-05-12,88.9246597290039,89.51086270585313,88.16779343076347,88.40524223621401,15861700
2015-05-13,88.21232604980469,89.57766112420826,88.03424083530922,89.52571936742929,15760000
2015-05-14,88.44978332519531,88.91726484201764,88.07135291595408,88.24201627826426,9128400
2015-05-15,90.22320556640625,90.46066002372451,89.25857230906715,89.32535212926851,12630600
2015-05-18,88.70950317382812,89.36248616966496,88.65013953932629,89.28086258753189,10208300
2015-05-19,87.92293548583984,88.92467260193463,87.65580483338431,87.7596883469807,8435300
2015-05-20,88.07130432128906,88.63524152001901,87.69286845962806,88.13066225821242,7789700
2015-05-21,89.30310821533203,89.49603716591278,88.63528158734242,88.73174889324623,11760700
2015-05-22,89.3402099609375,89.59991873807789,88.89499410566445,89.52571703907017,5417900
2015-05-26,90.8687744140625,90.93555989716513,89.59248498008844,89.66668666924895,10469700
2015-05-27,91.0765609741211,91.16560641697886,90.23807095014587,90.66102689657262,6490300
2015-05-28,90.85395050048828,91.29174449762444,90.69070336215721,90.8984703886779,6237600
2015-05-29,91.0543212890625,91.69246628513437,90.9059178458391,91.4401792994089,7912000
2015-06-01,90.07565307617188,91.0051880295134,89.74846063052883,90.80441097590132,13108100
2015-06-02,88.81892395019531,89.42869864079367,88.5735253656612,89.36176917527027,10076200
2015-06-03,87.39118194580078,88.19430174851962,87.1532211531544,88.03814051022977,14810900
2015-06-04,88.52890014648438,88.70736924663035,87.85219606189237,87.94143344868056,10859300
2015-06-05,87.4507064819336,88.17202700182708,87.28710731163589,87.62917572524246,11200200
2015-06-08,87.35401153564453,87.8671168442329,87.27964984524573,87.71838779000198,5334000
2015-06-09,86.66242980957031,87.10116771774496,86.34266946142684,87.04911397146266,12393900
2015-06-10,85.9039306640625,86.35754433839965,85.71059140906512,86.20138309085569,12183600
2015-06-11,87.7109146118164,87.72579034796809,86.43931149553757,86.6772722130851,13849300
2015-06-12,87.7109146118164,88.54377995994832,87.41346796995525,87.44320809539654,7863100
2015-06-15,87.85222625732422,88.536362770885,87.55477387255752,88.40994735122467,8194200
2015-06-16,88.5438003540039,88.55123822379288,87.70350261768365,88.20173209833108,7046400
2015-06-17,87.85969543457031,88.21663388473394,87.19042874872055,88.11996423644678,13626100
2015-06-18,87.42835998535156,87.55477540722774,86.81858513893617,87.27963662707755,10123300
2015-06-19,88.55126953125,88.63306910755217,88.11252583349881,88.12740157833612,10439200
2015-06-22,86.74420166015625,87.85220571911336,86.6995801251419,87.62911506433468,9769000
2015-06-23,86.22366333007812,86.97472918992347,86.03032413719227,86.06006993765887,8945100
2015-06-24,86.96727752685547,87.13087656675629,86.37981649947407,86.64008512048427,8600400
2015-06-25,86.66242980957031,87.06398971236209,86.40216107815884,86.69960781495318,8287800
2015-06-26,85.68832397460938,86.16424581307254,85.42804943223835,86.01551669265541,11673000
2015-06-29,87.95632934570312,88.24634384616442,86.60292645240635,86.9747404964267,17132900
2015-06-30,87.34658813476562,88.26868573002248,87.24991848857582,87.30197224782175,13469000
2015-07-01,86.16759490966797,86.7190897604255,86.0259926521518,86.31664572795133,12451500
2015-07-02,86.45074462890625,86.94262228448522,86.36131077718616,86.68922921423881,6682100
2015-07-06,88.05308532714844,88.42571793057613,87.24074329499646,87.97855994364735,10605800
2015-07-07,88.88030242919922,89.79697516349462,88.64926642073473,89.17840955611044,16160100
2015-07-08,89.64798736572266,89.85666079524944,89.05922694045806,89.4467624973043,9951800
2015-07-09,87.88166809082031,88.77598971257139,87.82949975599566,88.46297401770138,11108900
2015-07-10,86.4880142211914,86.9873404567803,86.27188666714815,86.48055997838404,13636600
2015-07-13,86.21971893310547,86.79357054295606,85.99613713471513,85.99613713471513,8006700
2015-07-14,86.5029296875,86.65198044994503,86.19737391871104,86.46566415392768,4227800
2015-07-15,87.41960144042969,87.60591772168728,86.48056579083337,86.53273412214863,8720400
2015-07-16,88.02326965332031,88.06053518617631,87.0991424348961,87.11404523648528,7306500
2015-07-17,88.47786712646484,88.60456081960021,88.2095712551658,88.21702549767996,7404900
2015-07-20,88.10526275634766,88.42572705580316,87.86677809298004,88.15743109877423,5941000
2015-07-21,88.58221435546875,88.63438268745507,87.68789846829686,87.70280126918364,5627500
2015-07-22,89.1336898803711,89.35727164725826,88.64926650939593,88.69398627432568,6228900
2015-07-23,90.24415588378906,90.32613550661586,89.02192147099933,89.13371238266514,9087700
2015-07-24,90.46778106689453,90.58702627940293,90.11750536255698,90.54976072901289,7307900
2015-07-27,90.95213317871094,91.13844941211065,90.53478663539006,91.0639240559348,8172000
2015-07-28,90.28888702392578,90.60189706724847,90.10257070967332,90.29634126855423,9128200
2015-07-29,89.95346069335938,90.30373606536688,89.74478745537685,90.19194520618501,6706400
2015-07-30,90.64659881591797,90.87763488054829,90.28887472539665,90.33358881523134,6146600
2015-07-31,91.31736755371094,91.5931177956282,90.96709190979334,91.25029639768776,9178400
2015-08-03,92.27859497070312,92.4279712307303,91.35991444635273,91.35991444635273,11753700
2015-08-04,91.5466537475586,92.10682336884945,91.46449508056874,91.98732347944423,6448800
2015-08-05,90.85951232910156,91.05370605705971,90.51594231707712,90.94913582020534,7574400
2015-08-06,91.66615295410156,91.77071748692956,91.12091872006452,91.12091872006452,6118100
2015-08-07,92.86860656738281,92.98811209724785,92.04702599374126,92.0918434166093,8317000
2015-08-10,91.71845245361328,92.29355749222441,91.50931765032306,92.17405758868502,7461700
2015-08-11,93.17489624023438,93.45871351204835,92.73423213149628,92.8387966894457,11145700
2015-08-12,92.66698455810547,93.89188822933674,92.61470229280924,93.3093127879389,8455200
2015-08-13,92.36820983886719,92.9283793092711,92.03211043596025,92.48771539442251,7691400
2015-08-14,92.58482360839844,92.89105236780111,92.01718352898094,92.21884776037767,4324700
2015-08-17,93.00304412841797,93.43624311125095,92.90595016261213,93.14495551549633,7880300
2015-08-18,92.2711410522461,92.83131067565822,92.15163546404827,92.46533478389752,5024300
2015-08-19,93.18232727050781,93.30929765158196,91.86032410793528,91.91260636475045,10736000
2015-08-20,94.12339782714844,94.18315059950082,93.49601081246249,93.63792222221488,9078300
2015-08-21,94.40723419189453,94.66117496331972,93.80224725711666,94.22798154745682,10718300
2015-08-24,94.37739562988281,96.28943979917624,93.97407274448352,95.833834634096,16663400
2015-08-25,92.86115264892578,93.20472254012248,92.28604219101328,93.02546992261506,15354800
2015-08-26,91.06861877441406,92.24871049962573,90.64289020245016,91.86779366207745,16429900
2015-08-27,91.12088012695312,91.77067861860412,90.85946890560062,90.98643925620938,9127000
2015-08-28,91.3897933959961,92.21884476853161,91.29269939409471,91.97983932679502,9946200
2015-08-31,90.68771362304688,92.2188459940547,90.62796083723384,92.13668733814663,8617600
2015-09-01,91.34114837646484,91.38605738209098,90.5552122244687,91.04922841847946,15298200
2015-09-02,90.55523681640625,91.30375090388927,90.46541307005295,90.88457913161646,9515200
2015-09-03,90.99687194824219,91.07172222682621,90.35314927314126,90.8546524214354,7042500
2015-09-04,91.8276596069336,92.01478802920802,91.18393737745308,91.65549894573037,7951300
2015-09-08,90.47285461425781,90.98932519333616,90.39051764890932,90.8545924964665,7049500
2015-09-09,90.90705108642578,91.10166638551843,89.49235964644735,89.54475541419802,7441900
2015-09-10,90.29325103759766,90.71242280393001,90.15851827533174,90.58517107072224,6789700
2015-09-11,90.86211395263672,91.37859043977639,90.81720494008843,90.9219964431735,5890900
2015-09-14,91.00434875488281,91.43100157801767,90.77979223293413,91.28129532648202,4221700
2015-09-15,89.26033020019531,90.60765822335054,89.16302539713278,90.48789319430968,11895000
2015-09-16,88.92344665527344,89.4024950569811,88.73631819489677,89.04320590034665,6949800
2015-09-17,90.00885009765625,90.09867387502348,88.87111080456098,88.98338338788095,19843600
2015-09-18,91.3935317993164,91.46838203550546,90.66747251579811,90.72735498903212,14963300
2015-09-21,89.90399169921875,90.65250548859818,89.65698077815387,90.57765525180163,10085600
2015-09-22,91.15399932861328,91.6105931517682,90.6749510077141,90.89950740656967,9968200
2015-09-23,91.14656829833984,91.3711248344372,90.56272815733863,91.03429574100109,6769900
2015-09-24,91.76780700683594,92.57620342472151,91.68547001738233,92.19445972004641,9605800
2015-09-25,90.97437286376953,91.26629280472115,90.77227092882926,91.05670984308486,8383700
2015-09-28,92.53130340576172,92.64357593800764,91.46840917792804,91.46840917792804,9833400
2015-09-29,92.79325103759766,93.03277521055394,92.25432022076933,92.4713898948089,9006100
2015-09-30,92.471435546875,92.66605081807711,92.15706098542434,92.37413076662871,9832600
2015-10-01,92.86597442626953,93.398522347451,92.75346873505165,93.06849611559818,9069400
2015-10-02,93.42851257324219,94.66612650490536,93.14348865814411,94.20108206415516,13000400
2015-10-05,92.1609115600586,92.8809765779157,92.09340242452019,92.79846859146215,11362700
2015-10-06,92.55843353271484,92.70844491044355,91.81586748459348,91.92087659351702,5687800
2015-10-07,92.25093078613281,92.50595707280513,91.89090108121411,92.11591821614606,6712800
2015-10-08,91.4782943725586,92.5358930199601,91.2532774017208,92.47588620537742,12882300
2015-10-09,91.71833038330078,91.9883553689733,91.43330655289789,91.48581109330279,9038100
2015-10-12,92.41594696044922,92.58096295992013,92.19092982509079,92.28093439020657,4241000
2015-10-13,92.57341766357422,92.70843017109183,92.1083790330096,92.65592562497756,6147200
2015-10-14,93.38351440429688,93.42102011276341,92.4834346267765,92.78345740423818,9738100
2015-10-15,92.92597198486328,93.35351073644586,92.84346400450808,93.24099933390988,6924300
2015-10-16,92.95597076416016,93.36100835951859,92.91096849442056,93.19599240705027,8048300
2015-10-19,92.70091247558594,92.98594201216419,92.1908716681625,92.8509295270917,6238400
2015-10-20,92.13091278076172,92.23592191016645,91.92089452195226,92.10841164197048,6431300
2015-10-21,93.0459976196289,93.1735078883423,92.61095652600493,92.71596565583576,6603800
2015-10-22,93.20350646972656,93.59353954274343,92.64095513663018,93.08349277183332,6934100
2015-10-23,92.40843200683594,92.6034514088054,92.14590919028178,92.3334263053302,7058200
2015-10-26,93.02349853515625,93.15851110230732,92.86598482724149,92.91099283133775,5859800
2015-10-27,93.25601196289062,93.68355075140929,93.12850169953218,93.39102451308432,7156800
2015-10-28,92.8809585571289,93.2634892682115,92.48342327547428,93.21098471634329,8468700
2015-10-29,91.40328979492188,92.42338276461348,91.28327616433938,92.39337935696786,12108000
2015-10-30,92.0933837890625,92.11588492216609,91.52333028598183,91.68834622549731,11861400
2015-11-02,91.670166015625,91.84306020539034,91.46720875680634,91.54237789951554,8751000
2015-11-03,90.91847229003906,91.51231832691177,90.7982027965795,91.44466781216049,8921600
2015-11-04,91.0237045288086,91.36197428642852,90.7305408465609,91.03122316387699,5980800
2015-11-05,90.78313446044922,91.00112893622769,90.4298390014668,90.9936160382963,7268400
2015-11-06,89.4526596069336,89.85106129093808,89.25721521542687,89.82099248185713,10604700
2015-11-09,88.9489974975586,89.3774678824481,88.70093418656006,88.77610332276151,9159500
2015-11-10,89.21210479736328,89.6105064363886,88.98659162223584,89.07679803929447,6712500
2015-11-11,89.02415466308594,89.136911219745,88.90387947330649,88.96401706819621,2857900
2015-11-12,89.4526596069336,89.78341077178513,89.22714640634592,89.26473385145684,6805700
2015-11-13,89.96379852294922,90.12917406977132,89.61801589552012,89.69318503451989,7906600
2015-11-16,89.881103515625,90.20433594884318,89.55035244860066,90.04647904913716,5485300
2015-11-17,90.0314712524414,90.3020848076736,89.1970861480211,89.45266243071866,5122900
2015-11-18,90.2193832397461,90.34717709662326,89.72326228759097,89.88863784998875,5233900
2015-11-19,90.82075500488281,91.06881836794425,90.7155170451062,90.86585534906173,6643000
2015-11-20,90.5426254272461,90.98613318618315,90.41483729172006,90.90344539612775,5971000
2015-11-23,90.82075500488281,91.04626819585478,90.4449035099553,90.6027604496202,5436300
2015-11-24,90.81327819824219,91.10644204051535,90.64038964256382,90.88093448071209,3371500
2015-11-25,91.0237045288086,91.27176787072223,90.91846657800369,91.08384213927944,3280900
2015-11-27,90.93354034423828,91.19663532684348,90.92602170615227,91.14401633032244,2570600
2015-11-30,91.29434204101562,91.3544796672959,91.0011782816989,91.03124709483903,5179800
2015-12-01,92.52745056152344,92.54251396928328,91.3447747740211,91.3447747740211,12766600
2015-12-02,92.5576171875,92.68567631578267,92.04537492716852,92.39942548540951,7345800
2015-12-03,90.04159545898438,91.45026301135192,89.6348143623563,91.42013043969054,16612200
2015-12-04,90.83259582519531,91.09624874820504,89.99643530707681,90.04163130896343,11843800
2015-12-07,91.7138900756836,92.24873014128656,90.99826037807932,91.00578920848025,9016700
2015-12-08,91.75908660888672,92.22613272054929,91.48789928562444,92.11313704465687,7257500
2015-12-09,91.66114807128906,92.01519846064235,90.7797922598339,91.41255876635614,8993900
2015-12-10,91.7817153930664,91.9248436803718,91.51806255897814,91.74405398659708,5606900
2015-12-11,93.22807312011719,93.48419143703954,92.55763899970023,92.67816357613366,12300000
2015-12-14,92.0227279663086,92.76849009281341,91.71387355952713,92.71575955350897,10661100
2015-12-15,91.48041534423828,91.60093990971865,91.02090358474105,91.16402614704887,8795500
2015-12-16,91.2845230102539,92.03028536829801,90.7722808634601,91.20165988744907,10988600
2015-12-17,92.3165512084961,92.4898063029911,91.63104816825906,91.73650929026473,9923000
2015-12-18,92.82880401611328,93.04725511723383,92.51994944694152,92.71580830185043,10171700
2015-12-21,92.80619812011719,93.2431118066127,92.59527585689884,92.97945897758977,7494900
2015-12-22,92.13575744628906,92.50487712715476,91.89470262776462,92.39188142377138,5445800
2015-12-23,91.44269561767578,91.60842182874279,91.0509838210433,91.32217112148054,7287100
2015-12-24,91.96661376953125,91.9968095233968,91.64201661454048,91.69485774399242,3364600
2015-12-28,92.23837280273438,92.60071034243366,91.98171176613364,92.08739402848354,7586600
2015-12-29,90.70598602294922,91.89868681859107,90.59275336736397,91.86094643956407,7787500
2015-12-30,90.61538696289062,90.9928252595908,90.336080550002,90.5247996983521,5508900
2015-12-31,91.02301788330078,91.23438240070186,90.77390723382759,91.01546750503613,7897700
2016-01-04,91.67974090576172,92.4346173422332,91.58160904235048,92.0420841293381,10591900
2016-01-05,91.30985260009766,91.71748656482913,91.08339312585802,91.24946110326704,6242600
2016-01-06,92.54033660888672,92.56298774881394,92.13270823823619,92.32142742286243,8916900
2016-01-07,92.70641326904297,92.79700055378537,91.93644150611678,92.60828136334484,10202200
2016-01-08,93.12157440185547,93.20461128553268,92.26856594865006,92.41953895938072,9577200
2016-01-11,92.1024398803711,92.69124235081725,91.9892073069973,92.12508524319625,10040300
2016-01-12,93.43107604980469,93.84626049151233,92.20817962014128,92.35160226061632,12897700
2016-01-13,94.35203552246094,94.73702424553136,93.05364669897014,93.24991625023672,15577600
2016-01-14,93.46876525878906,94.33687398867559,93.10642217040886,93.95943591126823,12873800
2016-01-15,94.92568969726562,95.08421302075955,94.41992398527327,94.66148415810908,13976300
2016-01-19,94.63131713867188,95.16727875484747,94.32181501368636,94.45769301210063,8926600
2016-01-20,95.62775421142578,96.56379944866597,95.43148471096796,95.85421946266561,17283300
2016-01-21,94.97856903076172,96.08823850107248,94.86533639433695,95.82403285558209,11001600
2016-01-22,94.6162109375,94.7596393051399,93.99721248240974,94.29161959473642,10164300
2016-01-25,95.12950897216797,95.31822804752552,94.85020842655823,95.07666786143781,5738200
2016-01-26,95.17485046386719,95.46170152070012,94.92573978439941,95.10690856980696,5692600
2016-01-27,95.15217590332031,95.33334463316511,94.50298171552221,94.92571067157675,7957800
2016-01-28,95.2880859375,95.42396397039418,94.70682766818798,94.76721918486363,10575400
2016-01-29,96.09578704833984,96.51851607307,95.80893027362923,96.17882392951913,13170700
2016-02-01,95.80162048339844,96.10414511376847,95.51422525814449,95.89237960356266,9948400
2016-02-02,97.57891845703125,97.59403631682457,96.8074806145855,96.88311607495604,10400000
2016-02-03,96.76966094970703,98.274718874323,96.74697262011968,97.01924411551877,13309000
2016-02-04,97.23857116699219,97.25368902510657,96.4368803834671,96.9738586254446,9953500
2016-02-05,97.35202026367188,97.56378569699544,96.49738806039065,96.7242828933375,9200800
2016-02-08,99.4469985961914,99.5528813136924,98.07807065802416,98.10832945751055,14452200
2016-02-09,99.55290985107422,99.87811702649583,99.04618444775315,99.86298762241572,15232100
2016-02-10,100.4301986694336,100.46801640176297,99.15960595369826,99.60582519027066,12797100
2016-02-11,101.13355255126953,102.29070339285539,100.59656854997472,101.6780954814687,21620200
2016-02-12,99.4545669555664,100.68735349363163,99.02346557464111,100.31675817706524,13888400
2016-02-16,98.40330505371094,98.88734205992361,98.17641018259663,98.86465372684744,11766000
2016-02-17,97.79823303222656,98.19151661413092,97.34445493650598,98.0478161780303,13157300
2016-02-18,99.00080108642578,99.07643657017843,97.83609080297511,97.87390854485143,10196700
2016-02-19,99.08391571044922,99.6965349386544,98.87215037490122,99.03098014673485,8188700
2016-02-22,99.03107452392578,99.15964563301283,98.84955626032014,99.15208669966286,5054300
2016-02-23,99.43185424804688,99.63606072265257,98.15369136014475,98.22932680713915,8320700
2016-02-24,99.2352294921875,100.88397625236564,99.03858192384864,100.13522678749514,9091200
2016-02-25,99.59066772460938,100.25622269692775,99.31840782540463,99.4394083782684,6097200
2016-02-26,98.63021087646484,98.93272971130646,98.35036883686485,98.55457539757752,9245000
2016-02-29,99.061279296875,99.20497975136567,98.63774840386124,98.67556613509846,8016100
2016-03-01,97.3169174194336,99.15066545596336,97.2335767981943,99.12793409340004,13729100
2016-03-02,97.7185287475586,97.72610201409643,97.15022157676819,97.23357375764034,7047700
2016-03-03,98.07465362548828,98.46110988709516,97.5745521210818,97.80187729339669,6394800
2016-03-04,97.44579315185547,97.84739617648151,96.80928577271182,97.5594500221288,8687000
2016-03-07,97.41545867919922,97.49881088918588,97.0290138304845,97.33210646921255,5493300
2016-03-08,98.49144744873047,99.2567753993659,98.46871608012174,98.77182026530889,7175400
2016-03-09,97.89285278320312,98.27172441000569,97.60490664691496,97.8095005628168,7194700
2016-03-10,97.49124145507812,98.385372868069,96.93050733290595,98.12774295879132,10091600
2016-03-11,96.50614929199219,97.65792189359077,96.39248668535649,97.61245916338461,8927000
2016-03-14,96.80925750732422,97.28663356646058,96.73348435555793,96.8547202421598,5177000
2016-03-15,96.9001693725586,97.49121374804523,96.695581313401,97.36997209734434,6413200
2016-03-16,97.1881103515625,97.38513092599189,96.51372534367192,96.80166559456994,9728900
2016-03-17,97.5897216796875,98.00648266689227,97.36240801597698,97.3775545520635,7805500
2016-03-18,97.79434204101562,98.13532419122704,97.5215540083976,97.77918393858006,8198600
2016-03-21,97.04415893554688,97.46090836742871,96.80167560724188,97.18054713603733,5514800
2016-03-22,97.02142333984375,97.7640199172253,96.93049786597759,97.6200468754423,4997900
2016-03-23,98.12014770507812,98.37020428884854,97.21084683237086,97.30178385698612,10628200
2016-03-24,98.1580581665039,98.99158038889509,97.74888188784942,98.94611764262733,6343300
2016-03-28,98.286865234375,98.62784732610618,97.96102968023725,98.03680861717415,5058700
2016-03-29,99.31739044189453,99.33253697858837,98.52175790028146,98.79454586991332,9396700
2016-03-30,98.27171325683594,98.55965936044419,97.73371052044838,98.52934315888376,8478700
2016-03-31,98.96885681152344,99.12040316510146,98.3475017309342,98.4914748136193,7832300
2016-04-01,99.22699737548828,99.56869742590696,98.63473428118128,99.45479354703588,9341400
2016-04-04,99.28771209716797,99.44717284220361,98.91565633573624,99.3104905484315,5145100
2016-04-05,100.37354278564453,100.50262454802424,100.06222181309786,100.23686048147137,6482800
2016-04-06,99.64463806152344,99.97873762296167,99.27258212044616,99.87243427034011,6393700
2016-04-07,100.87468719482422,100.98099049922337,100.23685578223802,100.37353808000336,5963300
2016-04-08,100.23690795898438,100.5330395743995,99.955965848159,100.35840082330782,5584800
2016-04-11,100.10774993896484,100.36591338950444,99.553455098409,99.71291580973548,4805500
2016-04-12,99.41678619384766,99.8875678514856,99.11306580959541,99.53069002758474,4276000
2016-04-13,99.76606750488281,99.91033873163892,99.1054693467776,99.23455107961487,5207900
2016-04-14,99.28771209716797,99.70533634731764,99.08270603579612,99.40161593967655,6967000
2016-04-15,100.13817596435547,100.35078262186924,99.65980519185254,99.69017260598571,5831100
2016-04-18,99.70537567138672,99.80409005658919,99.21182691776524,99.72056517361682,4486600
2016-04-19,99.39405059814453,99.70537165725284,98.93086928143548,99.53073294032171,5212200
2016-04-20,98.30064392089844,99.96352928367762,98.15637262962578,99.59147341270527,10920700
2016-04-21,97.71595764160156,98.004500188249,97.41222559613246,97.52612945800568,11154200
2016-04-22,97.46539306640625,97.88301743047917,97.37427923649726,97.83746051552467,5826400
2016-04-25,97.06294250488281,97.5868701145136,97.06294250488281,97.23758117936235,5539500
2016-04-26,96.6225357055664,97.00978678311331,96.52382714556639,97.00978678311331,7840000
2016-04-27,97.5868911743164,97.8146873476015,96.90350844755841,97.13129882774618,8380100
2016-04-28,97.98931121826172,98.05764658403875,97.22239793723206,97.35149129862366,7974600
2016-04-29,98.23993682861328,98.49051155277954,97.34394130709163,97.5337695902904,7416300
2016-05-02,97.25078582763672,98.07249045172924,97.23557154773714,97.88989587388814,11035200
2016-05-03,98.47570037841797,98.92460564383018,98.41484328060095,98.56700924418121,10736700
2016-05-04,99.01595306396484,99.0387773895893,98.29315566363275,98.66596072184865,7211200
2016-05-05,99.67784881591797,99.72350906161616,98.68114822764402,98.9550516542287,7870400
2016-05-06,99.25180053710938,99.56374843011938,99.13006307502889,99.5561441923106,7232500
2016-05-09,99.56375122070312,99.58657554429251,99.15290178657035,99.25941916649542,4950800
2016-05-10,99.5712890625,99.76149937192451,99.40390306144516,99.55608059659754,4331900
2016-05-11,100.13436889648438,100.43109667227156,99.41157165900502,99.54091334490998,9256000
2016-05-12,99.67784881591797,99.79958625207135,99.358296753156,99.41156123504344,6087400
2016-05-13,100.64411163330078,100.67455179431198,99.8452257447944,100.03543611779499,8707300
2016-05-16,99.77677154541016,100.17241244626003,99.65503409752988,100.15719236289448,5137000
2016-05-17,99.9442138671875,100.30181056558528,99.83009220154078,99.83009220154078,4449100
2016-05-18,98.52136993408203,99.55611483761898,98.08008047129951,99.52567467631262,12681000
2016-05-19,98.94747161865234,99.16050637926445,98.64312795383238,98.66595227750341,6209400
2016-05-20,99.02356719970703,99.21377767193815,98.56706903206789,98.6431462552448,5348900
2016-05-23,99.24420928955078,99.46484831011855,98.84856829076472,99.18334055054332,6979700
2016-05-24,98.8029556274414,99.05403491372991,98.3312372402183,98.8866487228709,5968200
2016-05-25,98.43006896972656,99.09961325803289,98.38442033361856,98.78006119575602,6367400
2016-05-26,98.93988800048828,99.25183600497358,98.75729335164031,98.76489759216648,5419300
2016-05-27,98.79524993896484,99.10718605659441,98.68111677537794,98.9626359579452,5267600
2016-05-31,99.03114318847656,99.24417790286647,98.13334408395802,98.16378424859728,8344300
2016-06-01,99.43294525146484,100.08099471888468,99.196601357089,99.59305555951244,9874900
2016-06-02,100.14960479736328,100.40120005321721,99.77602184775228,99.79889308615839,5835400
2016-06-03,101.57528686523438,101.57528686523438,101.09497928560218,101.29320053803886,11077200
2016-06-06,100.82054901123047,101.31610813687563,100.71381266262738,101.23224303201681,7573700
2016-06-07,101.0644302368164,101.3846390209649,101.04917887565314,101.12542404808944,4680200
2016-06-08,101.60575866699219,101.72773467491703,101.17881355580082,101.30078956372566,5313200
2016-06-09,102.26142883300781,102.57400617142757,102.10893846299008,102.4062877044955,6820300
2016-06-10,102.75701904296875,103.17634442191994,102.36056489983442,102.76463891044588,6984600
2016-06-13,103.2144546508789,103.22207451744242,102.7493868560547,102.99335055331208,7283300
2016-06-14,103.13824462890625,103.85490786536663,103.09250214715568,103.83203662449134,9012500
2016-06-15,103.53466033935547,103.86248909219029,103.16107748840498,103.32118774835054,7953200
2016-06-16,104.03787231445312,104.8765114865198,103.82438804574923,104.25134494977091,10372700
2016-06-17,103.38980102539062,103.89299140216515,103.12295447102676,103.83961743793891,8489900
2016-06-20,102.28433227539062,102.58166997715804,102.1699644618582,102.34532611593082,7365900
2016-06-21,101.81160736083984,102.60451545542561,101.75062516899415,102.38341138480006,6005800
2016-06-22,101.97932434082031,102.15468592829039,101.59050184261065,101.78110315938854,5773700
2016-06-23,100.81289672851562,101.64392773569631,100.69854053336498,101.1026146007467,9029100
2016-06-24,103.51947021484375,104.15226849589097,103.15351864710955,104.15226849589097,17155000
2016-06-27,106.10400390625,106.42421291641534,105.51694823758609,105.54745098144272,16577100
2016-06-28,106.32510375976562,106.66055249483361,105.88290705892743,106.30985238845734,14006400
2016-06-29,105.5093002319336,106.83589003461547,105.41018379091345,106.49279824135657,12999800
2016-06-30,105.89814758300781,106.69105602949634,105.28060082439698,105.8295338616928,14698500
2016-07-01,107.36843872070312,107.55939061855901,106.31438051500936,107.55174508358627,15430200
2016-07-05,108.71273803710938,109.15574784747484,108.23153551546119,108.34611364930936,8840800
2016-07-06,108.88843536376953,109.22451265207948,108.43015768816836,109.0641078900109,14352800
2016-07-07,108.8807601928711,109.3695965210092,108.29262516135613,108.52940361884494,9676400
2016-07-08,109.68280792236328,109.69807568736287,108.7356820271781,109.16341254281578,10355300
2016-07-11,108.72042083740234,109.58352755068383,108.64404703525082,109.26272961016485,8099000
2016-07-12,106.93313598632812,107.59001143072133,106.65816459902895,107.25393399571269,15810600
2016-07-13,108.19339752197266,108.28506240636568,107.65873425795105,107.979532216364,8181700
2016-07-14,106.6199722290039,106.81092425820756,106.2380681705966,106.3831935775573,10817000
2016-07-15,105.70336151123047,106.25330406239868,105.54295674431384,106.08526541316493,9958600
2016-07-18,105.60409545898438,106.36790349930483,105.19927812999738,106.22278976166399,5955900
2016-07-19,106.1998519897461,106.40608339909996,105.7110153690889,106.12347818779662,8073900
2016-07-20,105.61934661865234,105.79501915757483,105.33674144889234,105.5811538958998,6942500
2016-07-21,105.83318328857422,105.87900988158374,104.6340113706333,104.67219242828824,10398400
2016-07-22,106.0165786743164,106.35265614132368,105.30623099999866,105.35205762644729,5811400
2016-07-25,105.94015502929688,106.36788559511359,105.8561356928126,106.12347312383996,4243800
2016-07-26,106.10822296142578,106.56651249676413,105.75687775181511,106.56651249676413,5243400
2016-07-27,107.42964172363281,107.42964172363281,106.47488126873104,106.58945951619367,8508100
2016-07-28,107.23101043701172,107.5747217245918,106.71162656329709,106.78036648985595,7336100
2016-07-29,108.12458038330078,108.21623354745525,107.10108120098684,107.2767536505418,8766700
2016-08-01,106.95238494873047,107.51097965200093,106.82994971413056,106.96003277236798,9809300
2016-08-02,105.85050201416016,106.56213499542162,105.21538230529822,105.46790062395907,10051200
2016-08-03,105.9116439819336,106.19476507209902,105.52904286503568,106.05703427452431,4930600
2016-08-04,106.70748138427734,107.250780271769,106.56975054511955,106.71514088160589,5646000
2016-08-05,105.59795379638672,106.50088721709123,105.46022293942414,106.40141882352864,7778600
2016-08-08,105.79688262939453,106.01113837340283,105.07760216083088,105.29185790483918,5185200
2016-08-09,106.83760833740234,106.91413328577944,106.07240555790268,106.14128268186917,5503200
2016-08-10,107.25080108642578,107.51861499545171,106.72280941505844,107.05184093427852,5843500
2016-08-11,106.29425811767578,107.18954343974364,106.01112531677298,107.17423612389625,7624600
2016-08-12,107.1895751953125,107.78643225351365,107.02887752145942,107.44209343933059,7989600
2016-08-15,106.17951965332031,106.84525392451938,106.17187182990563,106.62333860876427,5108600
2016-08-16,105.89635467529297,106.47790426848701,105.77391949481166,106.34782126774866,6182700
2016-08-17,106.5314712524414,106.69981670218525,105.98052463074542,106.08000467179255,5002000
2016-08-18,106.69979095458984,106.94464957400089,106.20240254543954,106.51613823298781,3805200
2016-08-19,106.14126586914062,106.40143197070405,105.67449178053992,106.08769607854853,5516300
2016-08-22,107.0365219116211,107.23547034425205,106.64626119137594,106.86051694222857,5549700
2016-08-23,107.15131378173828,107.57982534812386,106.87584039248121,107.33496659993116,6841400
2016-08-24,106.89881896972656,107.2737725105439,106.66160799176606,107.204907067149,6027800
2016-08-25,106.49322509765625,106.95999906591497,106.33253911943937,106.56209051689207,5855500
2016-08-26,105.8734359741211,107.6563594967544,105.76630807334794,106.92175983712026,12962500
2016-08-29,107.28904724121094,107.39617512374777,106.52384474421541,106.65392776757703,7310400
2016-08-30,106.87579345703125,107.32725996791736,106.87579345703125,107.25839456986206,5161800
2016-08-31,107.02883911132812,107.2584021304202,106.62328283722489,106.8681531712058,7349700
2016-09-01,107.1469497680664,107.3999274351949,106.22703842224932,106.26535880129,9149100
2016-09-02,106.27302551269531,106.59499387849996,105.92038680882926,106.52600316382183,8397000
2016-09-06,107.04730987548828,107.38461349835465,106.1810539074278,106.33438224313777,8542600
2016-09-07,106.97058868408203,107.64519557019742,106.97058868408203,107.60686350670386,5421800
2016-09-08,105.62905883789062,106.76362720404869,105.22276465855856,106.44932062839796,14301500
2016-09-09,103.88892364501953,104.34887347596987,103.80459775474915,104.31055309637135,13347700
2016-09-12,103.94255065917969,104.1265375594339,103.61292062235832,103.73557855586112,9096600
2016-09-13,102.76197814941406,104.25683483889371,102.23302615991315,104.15717382716112,15645400
2016-09-14,102.91532135009766,103.42127657526136,102.7620047750706,102.7620047750706,7037700
2016-09-15,102.47068786621094,102.76199752632705,101.98006784234933,102.42469406667767,9874500
2016-09-16,103.29862976074219,103.34462356847298,102.89233552937868,103.16831007306956,7507900
2016-09-19,102.96134948730469,103.39064071945779,102.91535566918954,103.12233954801648,7105900
2016-09-20,103.32160186767578,103.93487978394879,103.23727600797194,103.60523807881442,6054800
2016-09-21,104.15716552734375,104.17250068884259,102.8616192672637,103.18359917223466,10698100
2016-09-22,104.98513793945312,105.24577732045177,104.64017267668358,104.7704923671829,12426200
2016-09-23,104.88548278808594,105.2841035732335,104.80115691097669,105.04646110973628,5928800
2016-09-26,105.55241394042969,105.65973671815908,105.03879695434574,105.077129024386,8661300
2016-09-27,106.3266372680664,106.40330138433936,105.75169148792477,106.24231141908689,9450400
2016-09-28,106.09662628173828,106.67157189749328,105.95864494866035,106.17329037609167,7958700
2016-09-29,106.36499786376953,106.61031374381939,105.36842257135069,105.45274844295471,8319800
2016-09-30,105.4144058227539,106.2806613536751,104.92378580906929,106.21167065580629,11747100
2016-10-03,105.0665512084961,105.80381161609041,105.02815015380824,105.73468503030962,7588800
2016-10-04,103.83773040771484,105.08951958560384,103.79932937857372,104.92056443206197,12048700
2016-10-05,103.35391998291016,103.73790689989896,103.00064686320613,103.69183034479643,8917700
2016-10-06,102.77801513671875,103.43847358802985,102.66281194595139,102.88553108375268,7839900
2016-10-07,102.84705352783203,103.13120009401115,102.2096338450824,102.85472904749746,9953200
2016-10-10,102.24039459228516,102.26343287757103,101.76424268688297,102.02536278404727,6089100
2016-10-11,102.010009765625,102.56295210201527,101.81034070128909,102.03304805311161,9670400
2016-10-12,102.10983276367188,102.15590933079645,101.5568905214693,101.88711373143133,7582400
2016-10-13,102.4937973022461,102.85473423834708,102.42467074836603,102.63202697330375,7080600
2016-10-14,101.05766296386719,102.1021077327435,101.01158641379683,101.57989120748007,11415100
2016-10-17,101.70281219482422,101.94089402740019,101.44170379331524,101.4493910346486,10595900
2016-10-18,102.03302001953125,102.0560583006881,101.24200778420612,101.26504606536297,7151000
2016-10-19,102.11748504638672,102.34787954793222,101.6183067249974,101.65669604329571,6941300
2016-10-20,102.2250747680664,102.71657792454104,102.06379498496648,102.63210027022386,6082300
2016-10-21,102.37862396240234,102.69349615139818,102.04071348819751,102.53990367721997,9222700
2016-10-24,101.93324279785156,102.48618532483948,101.59533217376341,102.45547150372231,6507500
2016-10-25,102.20196533203125,102.57058951320423,101.74886355534453,101.7795773544625,5134700
2016-10-26,101.51079559326172,101.98694743188253,101.36489037969964,101.72583908969393,5842500
2016-10-27,100.40491485595703,100.65834765660877,99.8826864950635,100.65834765660877,10044700
2016-10-28,100.18221282958984,100.55083709374135,100.09005969314049,100.13613626136517,7541000
2016-10-31,100.796630859375,100.82734467651163,100.3819298770598,100.5201596317121,7047500
2016-11-01,100.80426025390625,101.25823846196897,99.93480164066793,100.15024375197605,12622400
2016-11-02,101.24283599853516,101.6506379345822,100.81964198734107,101.02739390932967,8666200
2016-11-03,100.46570587158203,100.83503348801398,100.36567499476605,100.60419932497653,6085400
2016-11-04,101.3659439086914,101.40440648351233,100.89658543689164,101.00430647595817,7622600
2016-11-07,100.50424194335938,100.79663287973617,100.36574838868943,100.60427289332445,5386700
2016-11-08,100.09638214111328,100.95816236827676,99.80400311361977,100.81196698417246,7576500
2016-11-09,95.84908294677734,98.00351599981295,95.57978028273735,97.88809889512216,31233500
2016-11-10,94.433349609375,96.1491970827403,94.4256535676439,95.38745332143695,22961200
2016-11-11,93.90242004394531,94.6795557710029,93.60233903584209,94.61030314663195,10040200
2016-11-14,93.34072875976562,94.37947705807811,92.89445819222028,93.31764650786697,21174400
2016-11-15,93.80244445800781,94.49493584469917,93.70241348898998,94.0409690080743,11963700
2016-11-16,94.6487808227539,94.74880587220225,94.0024484106809,94.10247933048838,9149500
2016-11-17,93.25605773925781,93.95625044712436,93.094476161371,93.83313731900658,11221600
2016-11-18,92.98681640625,93.84859126008436,92.59440038964067,93.58697862555783,13577700
2016-11-21,93.21761322021484,93.47152970937516,93.01755727084382,93.2637777199318,6488100
2016-11-22,93.18684387207031,93.68698085830948,93.00987015557617,93.61003806127864,9989900
2016-11-23,92.8252182006836,93.03297023676703,91.75569733450557,92.3250811501552,13563500
2016-11-25,92.96372985839844,93.32536755600583,92.6405665045044,93.24842473893973,3126300
2016-11-28,93.64846801757812,93.66386009287073,93.17141347957093,93.4176397213992,8555000
2016-11-29,94.04092407226562,94.1794234574968,93.26378830678188,93.44076202638362,8363000
2016-11-30,92.51742553710938,93.10989737847927,91.93265560660363,92.30967940633792,21163500
2016-12-01,91.54058074951172,91.74103596280685,90.70019000274664,91.37096027499508,21715700
2016-12-02,92.21131896972656,92.68162801295809,91.85666075195687,91.87978974060017,12487500
2016-12-05,92.11109924316406,92.82812736345318,91.3246782687846,91.69475976535949,12100100
2016-12-06,92.0417251586914,92.47348797311702,91.84126994432107,92.0108845375005,11526600
2016-12-07,92.82814025878906,92.99776072318868,92.38096010396218,92.38096010396218,10392200
2016-12-08,91.73331451416016,91.98773930012968,91.57911143543288,91.86438271939384,12041100
2016-12-09,90.59224700927734,91.64080455162404,90.42262654180261,91.47118408414931,14646400
2016-12-12,90.76184844970703,90.82352967626657,90.1142073353228,90.41489596199371,9496300
2016-12-13,91.08564758300781,91.35549554164237,90.5459516657387,91.28610858752677,12189200
2016-12-14,90.06797790527344,91.91066248653362,90.05256053486949,91.81043487328947,16618400
2016-12-15,90.52285766601562,91.20133363597547,90.22987472720044,90.63850263423572,12400500
2016-12-16,90.31471252441406,90.91609007169632,90.05257600677756,90.67708255476322,14924600
2016-12-19,91.2861328125,91.42491263980409,90.77727148496966,90.96231517620572,10868300
2016-12-20,90.83124542236328,90.90063828044731,90.49971614589685,90.69246558844138,7030600
2016-12-21,91.2322006225586,91.28617025074163,90.76960296923988,90.91608859873769,4624700
2016-12-22,91.06905364990234,91.21592864259073,90.82942047037636,90.85261001708575,5177800
2016-12-23,91.25457763671875,91.51740035090909,91.17727128770146,91.40144672502954,4461600
2016-12-27,90.96086883544922,90.98405839159189,90.6207455159416,90.76761467072821,5276600
2016-12-28,91.6256332397461,91.89618780107703,90.98402821027048,91.10771366553442,7578600
2016-12-29,91.95032501220703,92.19769009583707,91.7261553813085,91.83437723679359,8581400
2016-12-30,92.08943176269531,92.49140355039908,91.77249813935818,91.81887723115227,10613900
2017-01-03,92.48368072509766,92.75423528293801,91.35507749978716,91.5328738650234,13217300
2017-01-04,92.83927917480469,92.94750101148252,92.33681727728748,92.57645639934361,6699600
2017-01-05,94.29253387451172,94.33118115215579,92.89337031651428,93.10981394378994,13265800
2017-01-06,93.42676544189453,93.952416845926,93.3417331634742,93.63547728133253,8369300
2017-01-09,94.1766357421875,94.3080471793785,93.89061741037473,94.21528304260545,8839100
2017-01-10,94.11474609375,94.23843154782388,93.75142744446681,93.96014517380472,8417900
2017-01-11,94.43168640136719,94.84138415037924,93.85192410046777,94.26162184947982,9402500
2017-01-12,94.22295379638672,95.18922414535093,94.17657470688322,94.92640144130283,9977600
2017-01-13,93.77462768554688,94.11475682538692,93.2412503225632,93.7900913178929,9820000
2017-01-17,94.75634765625,95.03463402010526,94.300264933069,94.9341381179289,7853300
2017-01-18,93.54271697998047,94.27708020692448,93.46541651887802,94.13020520247683,9064700
2017-01-19,92.901123046875,93.21033082587526,92.41412477586188,93.14075627421747,11795600
2017-01-20,92.71559143066406,93.00160373196658,92.21312957743758,92.63828507043903,16953200
2017-01-23,93.64320373535156,94.20750828731828,92.7774232672092,93.02478827272888,13118400
2017-01-24,93.00160217285156,93.6354753915985,92.60736805101979,93.35718901286597,8395000
2017-01-25,91.8343734741211,92.45278320903405,91.64884524576351,92.20541813553916,11115100
2017-01-26,92.14353942871094,92.18992441652034,91.47101903076026,91.91936989449155,7827900
2017-01-27,92.4759750366211,92.63058189738665,92.18223084763959,92.29818451880158,7197800
2017-01-30,92.19764709472656,92.66918748697685,92.14353619222142,92.32906434164997,6569500
2017-01-31,92.83927917480469,93.07118648062733,92.18221633850423,92.24405907307664,13298500
2017-02-01,92.26522827148438,92.59834394589366,91.86239359820473,92.26522827148438,10975500
2017-02-02,92.22650146484375,93.070907565442,92.18776474575117,92.90822398396142,6978600
2017-02-03,92.18777465820312,92.8617546342865,91.77719139740529,92.52863890961001,10275600
2017-02-06,92.74552154541016,93.0631401178957,92.28071056277221,92.776509732305,8433800
2017-02-07,93.42726135253906,93.74488589466218,92.5518670734472,92.79201817868625,8418400
2017-02-08,94.69776916503906,94.72100883721457,94.05478323006933,94.06252584719799,15734200
2017-02-09,93.60543060302734,94.1941884610946,93.47373523296436,94.05475047659921,16890600
2017-02-10,93.55121612548828,93.69840265585269,93.04766832693164,93.04766832693164,7978500
2017-02-13,93.25686645507812,93.28011204165378,92.86952275769143,93.15615922150006,11536800
2017-02-14,92.5828857421875,93.1948894505894,92.05609811409444,93.14840419107844,13210500
2017-02-15,92.15680694580078,92.35822731280224,91.91665575732685,92.00187183911996,8481000
2017-02-16,92.66035461425781,93.12516584322175,92.28075946681675,92.3582270199115,10005800
2017-02-17,93.2103042602539,93.50468308089043,93.06311189474039,93.43496411431488,7886400
2017-02-21,93.04765319824219,93.43499668640058,92.65256118541069,92.71453756201025,8703800
2017-02-22,93.20262908935547,93.59772127539527,92.6448532762158,93.58223012965036,8101500
2017-02-23,93.48148345947266,93.53571131571839,93.21809270353425,93.40401593774918,5330800
2017-02-24,94.51953887939453,94.62024603645969,93.93852377474438,94.0082427503146,11336000
2017-02-27,93.96178436279297,94.4343438926667,93.91530503539313,94.36461899117434,11039800
2017-02-28,94.31040954589844,94.57380624348814,93.98504236981154,94.12448628961931,8410500
2017-03-01,92.73004913330078,92.7921448363949,92.32643298496116,92.70676472508353,10717100
2017-03-02,92.39634704589844,92.52829605206641,92.0703532935626,92.3730626238424,8201200
2017-03-03,92.63697814941406,92.63697814941406,92.01603839735225,92.54384044358204,9515200
2017-03-06,92.19454193115234,92.45844587407858,91.99273373030005,92.45844587407858,4489200
2017-03-07,91.91513061523438,92.11693884595034,91.78318158513333,91.96170538956991,7080100
2017-03-08,91.4183578491211,91.5503068523764,90.99146297004063,91.05355278689423,11336300
2017-03-09,90.68872833251953,91.18548821355414,90.63439605328088,91.07681773330253,10575400
2017-03-10,91.00697326660156,91.06130555108376,90.56455154388226,90.92159311644741,9218500
2017-03-13,90.4325942993164,90.8827735060197,90.41706740701065,90.68097128023952,6993100
2017-03-14,90.86727905273438,91.08460823424217,90.5878541274312,90.63442297438971,9869200
2017-03-15,91.97722625732422,92.233366789647,91.14671483094351,91.24761598529334,14600500
2017-03-16,91.51151275634766,91.70555752219157,91.30194109304149,91.58136602959884,8018200
2017-03-17,92.08589172363281,92.17127190187352,91.61242197948945,91.67451773126031,7266800
2017-03-20,92.48174285888672,92.54383860939524,91.9772252491143,92.0160365736263,5497800
2017-03-21,93.25016021728516,93.37435172055511,92.38083745972592,92.40412780792165,12540700
2017-03-22,93.62268829345703,94.04958307722626,93.47521242758306,93.70030498852651,11661400
2017-03-23,93.49076843261719,93.93319027425801,93.18805906316696,93.78572027489538,6746500
2017-03-24,93.82453918457031,93.99529955536384,93.45197648627293,93.55287765002485,5819600
2017-03-27,94.25141143798828,94.6705487873941,94.06513014551088,94.56188420663432,6878500
2017-03-28,93.62268829345703,94.55410047783921,93.5217812602699,94.5308160614958,6811200
2017-03-29,94.18156433105469,94.21261220407875,93.82452267394233,93.87109744436657,6291000
2017-03-30,93.4209213256836,93.98752877902923,93.38987344961608,93.9720078018839,7042400
2017-03-31,93.69256591796875,93.77018263323133,93.30447641988002,93.3588087127414,5144800
2017-04-03,94.6375961303711,94.79316408243375,93.64976485559326,93.688652392876,12996500
2017-04-04,94.12422180175781,94.57535395543992,94.07754845638338,94.40423813676583,6976700
2017-04-05,94.41205596923828,94.52095060188151,93.61867994079296,93.77424200619403,8555200
2017-04-06,94.27203369140625,94.4353815503469,93.74311443980699,94.30314728671345,6497000
2017-04-07,93.89088439941406,95.08873088298154,93.87533057192036,94.76982104341218,10270000
2017-04-10,94.32649993896484,94.59874246898714,94.11649054636393,94.22538518464778,5314500
2017-04-11,95.22102355957031,95.39992533539888,94.67655021455188,94.73877743521524,11297400
2017-04-12,95.74210357666016,95.81989052122069,95.11984956035079,95.29097134348683,11532500
2017-04-13,96.03771209716797,96.24772148906604,95.60213354549037,96.02215232928651,8396700
2017-04-17,95.74210357666016,96.09990690556866,95.5632078465166,96.02989984232632,8015000
2017-04-18,96.99443054199219,97.21222575308914,96.0999397172445,96.3410627116395,11529700
2017-04-19,96.46551513671875,96.58218966386656,96.21661224814947,96.52774234243931,7344000
2017-04-20,96.09213256835938,96.38770279808618,95.78100257509846,96.07657280482526,7932900
2017-04-21,96.09213256835938,96.63660560583271,96.05323909383513,96.30992178334871,9798500
2017-04-24,95.61766052246094,95.7965621969725,95.25208322599329,95.32209029317121,8066400
2017-04-25,94.46653747558594,95.25213983911088,94.41209013955833,95.05768421982452,8122300
2017-04-26,94.98764038085938,95.00319421231775,94.45094121371129,94.5209423567418,5766200
2017-04-27,94.9565200805664,95.16652942914506,94.56760904412992,94.69983737228357,4978300
2017-04-28,95.16651153564453,95.23651859488211,94.54425755493115,94.58314509067615,8166300
2017-05-01,94.37539672851562,95.20160823009066,94.08699934272731,94.85085963515559,8795900
2017-05-02,94.85867309570312,94.92103026685656,94.26629780986693,94.28968026237268,6727800
2017-05-03,94.9209976196289,95.39646047940516,94.74172824760481,95.2639559963082,8932900
2017-05-04,94.453369140625,94.48454772810439,94.0558495836472,94.32086460386823,9707200
2017-05-05,94.5390853881836,94.67938602378804,94.22730553720638,94.60923273263279,5605400
2017-05-08,94.02461242675781,94.4221317361146,93.94666897996531,94.39874929674723,8057800
2017-05-09,94.01683044433594,94.02462062700194,93.64269354171664,93.82975901967413,5536700
2017-05-10,93.90771484375,94.3597892841795,93.65829220717676,94.24287706914886,6517000
2017-05-11,93.90771484375,93.97786217276838,93.46343058651938,93.53357791553776,7479800
2017-05-12,94.61701965332031,94.69496312180034,94.29744964854056,94.32083209441402,7463900
2017-05-15,94.35974884033203,94.47666695195474,94.11812243722672,94.35974884033203,5173200
2017-05-16,94.71060180664062,95.00678951072557,94.39882183319374,94.39882183319374,6722700
2017-05-17,96.09021759033203,96.2928754593434,95.396510291067,95.58357589115771,11236400
2017-05-18,96.19933319091797,96.60464890157529,96.02006373739123,96.45655209036883,8350500
2017-05-19,96.42530059814453,96.4798616010154,95.8796905694358,96.15249558379016,11277400
2017-05-22,96.16034698486328,96.30843782251934,96.07460736725396,96.19152556824001,4062900
2017-05-23,95.51337432861328,96.35517797145987,95.4666094418012,96.26943838116782,7901300
2017-05-24,96.05122375488281,96.07460620545592,95.5134036048747,95.71606142101939,7355200
2017-05-25,96.08236694335938,96.09016307339657,95.68485351203518,95.88750531936346,6464800
2017-05-26,96.2460708618164,96.44872270056216,96.06679552339665,96.30063188712576,2963800
2017-05-30,96.72151184082031,96.76048654390195,96.44870675936319,96.67474695448617,4819400
2017-05-31,96.96318054199219,97.15804223683271,96.67478309281367,96.69037535855684,8000200
2017-06-01,96.9733657836914,97.00461043423864,96.59062924327625,96.62186793451575,9037300
2017-06-02,98.12154388427734,98.23870382994265,97.67631821283275,97.80910345745708,13245000
2017-06-05,97.51226806640625,97.76222513864113,97.46540409501452,97.5591379971026,6775500
2017-06-06,98.0434341430664,98.31682325458213,97.94970618191199,98.17622535354475,12841500
2017-06-07,97.57469940185547,98.04335671543275,97.47315887102572,97.82465036638342,12852400
2017-06-08,97.3170394897461,97.54355872385779,97.09052621494182,97.54355872385779,8758600
2017-06-09,97.16858673095703,97.35604857143042,96.84052702030247,96.91863562389102,5130500
2017-06-12,97.1373519897461,97.6294416058404,96.96550946876886,97.02018609277934,4335800
2017-06-13,97.15296936035156,97.2623226061574,96.84834160999173,96.86396690756682,4742600
2017-06-14,98.6527099609375,98.97295714006052,98.20748420311806,98.35588881618679,20212300
2017-06-15,98.49645233154297,98.67610748583668,98.28555850279383,98.48863968327683,5863700
2017-06-16,98.69174194335938,98.76204386991623,98.42617145466909,98.48084808229977,6672500
2017-06-19,98.5511703491211,98.79331487265225,98.44181706467751,98.66833628511267,5641300
2017-06-20,99.43379211425781,99.51190073365397,99.03543040824003,99.03543040824003,8405700
2017-06-21,99.63684844970703,99.69933771334028,99.12913957077342,99.28535677055235,5914800
2017-06-22,99.85557556152344,99.87901350971059,99.4415945331314,99.7540349566007,6608100
2017-06-23,99.80874633789062,99.90248028536188,99.51193110985953,99.56660775605756,4329900
2017-06-26,100.1836166381836,100.42576700914707,100.10551399601577,100.19143524542639,5541600
2017-06-27,99.1135482788086,99.58220599823534,98.90265439082374,99.53534201408453,8354200
2017-06-28,98.78546905517578,98.97293091424021,98.40273268812194,98.94168627784529,7357900
2017-06-29,97.9574966430664,98.19963510027532,97.55913502047723,97.64505627161027,9115800
2017-06-30,97.73098754882812,97.94188139459628,97.52008774375494,97.78566417249432,10189800
2017-07-03,97.41635131835938,97.87032578850994,97.07195606905621,97.83901658660787,11021100
2017-07-05,97.43981170654297,97.56504848841965,97.15021209878537,97.21282451810528,11394500
2017-07-06,96.63361358642578,96.7745019718525,96.21877722145214,96.68057439102867,10853100
2017-07-07,96.05441284179688,96.29705163887088,95.95265646499678,96.14833445531282,9401800
2017-07-10,96.19535827636719,96.35189837279906,96.023160587319,96.1718778590646,3859200
2017-07-11,96.35964965820312,96.53184720873703,96.04656374556122,96.16397170925407,4425600
2017-07-12,97.02497863769531,97.08759703077685,96.65710304286463,96.97018903665364,7839900
2017-07-13,96.41452026367188,96.78239607228663,96.12491450608488,96.7432580609617,7449300
2017-07-14,96.53187561035156,97.1815280251913,96.3675068014678,97.13456124292534,6566800
2017-07-17,96.79801177978516,97.04847943311856,96.48492572021343,96.53189251070211,4737300
2017-07-18,97.64331817626953,97.6589697881444,97.23631057972024,97.39285058494264,9163000
2017-07-19,97.68241882324219,97.84678755737954,97.51804411748869,97.66676124573416,5140900
2017-07-20,97.96421813964844,98.41036365586336,97.81550097703763,98.2225085120547,12239100
2017-07-21,98.37909698486328,98.64521626284989,98.28516937236326,98.41040618902996,6201500
2017-07-24,97.99554443359375,98.35559722486626,97.96424120720555,98.1912224424241,5378500
2017-07-25,96.71973419189453,97.20501784485039,96.64146417602925,97.16587985110803,9743300
2017-07-26,96.87625885009766,97.12672644409092,96.33619164619815,96.48490286125703,8459500
2017-07-27,96.39879608154297,96.57098767554442,96.13267094241777,96.35965809967769,6390800
2017-07-28,96.97022247314453,97.04849250567557,96.4771158937404,96.484938716859,5491800
2017-07-31,97.08757781982422,97.09540661031497,96.5866427175305,96.63360351724008,5464600
2017-08-01,97.76924896240234,97.82415764038754,96.60832091797333,96.62400654685608,9676800
2017-08-02,97.82416534423828,98.18499468292805,97.80063390676249,97.87122821918987,5745600
2017-08-03,98.8360595703125,98.85174520051343,98.25559549931704,98.27912693691721,10324500
2017-08-04,97.99674987792969,98.19285319506437,97.61238905203322,98.16932175454393,8485500
2017-08-07,98.10655212402344,98.13008356091419,97.74572279430458,97.92613446686532,4684600
2017-08-08,97.75357055664062,98.03595977417255,97.38489541238518,97.94967384744905,6197400
2017-08-09,98.28697967529297,98.7968434848448,98.20853356496379,98.78115785353775,9221800
2017-08-10,99.12631225585938,99.18122094824008,98.45955615389549,98.53800227266674,10378200
2017-08-11,99.17338562011719,99.19691706439592,98.48310398801082,98.65566990758798,5717800
2017-08-14,98.66349029541016,99.05569689126382,98.62427322658343,98.82821634751697,5111000
2017-08-15,98.24774932861328,98.47522986556976,97.82416549958373,97.8398571143242,7473200
2017-08-16,98.60855102539062,98.85171712432438,97.90257817491018,97.91826978525188,5283800
2017-08-17,99.34590911865234,99.36944055146554,98.45167876417271,98.6007131668551,9364700
2017-08-18,99.32240295410156,99.73814099849145,99.04001371930883,99.6047921888943,8382500
2017-08-21,99.56555938720703,99.63615369669522,99.22826150003645,99.4400504130983,7669800
2017-08-22,99.18119812011719,99.47142714821497,99.04784333965895,99.45574151883018,6140700
2017-08-23,99.85578155517578,99.86362137660103,99.43219779894783,99.65183249078531,7446400
2017-08-24,99.48709869384766,99.86361356910497,99.40081278814368,99.52631575169744,5569400
2017-08-25,99.8714828491211,99.973454405014,99.51849932252473,99.63615650832521,7303300
2017-08-28,99.8087387084961,99.92640189109338,99.4086922661026,99.55772671176764,4448500
2017-08-29,100.13030242919922,100.8127437694904,99.86359894573323,100.76568091312382,7659400
2017-08-30,100.0989990234375,100.20097061563793,99.88720404439101,99.98133581114496,4735200
2017-08-31,100.39705657958984,100.42843382973801,100.06760442993196,100.12251312154162,7978400
2017-09-01,99.62911224365234,100.09286617951861,99.37758336386082,100.06928628405714,14128600
2017-09-05,101.20899200439453,101.24043985058788,100.36794802322933,100.36794802322933,15215700
2017-09-06,100.58808135986328,101.3976898620449,100.40729214239366,101.17760281254958,9066400
2017-09-07,101.6177749633789,101.84572997060039,100.87105020306099,100.87105020306099,13618900
2017-09-08,101.39763641357422,101.52340380237581,101.05965004923803,101.48409999414552,9808500
2017-09-11,100.18721008300781,100.65097010061953,100.03000675323044,100.50948470505085,17856700
2017-09-12,99.6605453491211,99.89635027994433,99.45617627820414,99.86491442003803,7557400
2017-09-13,99.26751708984375,99.76271277174143,99.25965512751898,99.75485680633682,6740000
2017-09-14,99.67626953125,99.69199345911044,99.29897921949895,99.33042107829843,6674500
2017-09-15,99.71559143066406,99.83349692330597,99.46406251159179,99.82563495795053,9769200
2017-09-18,99.14177703857422,99.487631513261,98.91382804361444,99.43260975564463,6863000
2017-09-19,98.89813232421875,99.28328471403916,98.82739261864738,99.25970481218204,5554900
2017-09-20,98.96882629394531,99.07886977637231,98.51292843993632,99.0159860730083,8037000
2017-09-21,98.91381072998047,99.47975213607171,98.89809280066494,99.16534557439503,6147800
2017-09-22,99.1967544555664,99.6133544306393,99.08671098952273,99.43256530961378,5660700
2017-09-25,99.8177261352539,100.03781308651163,99.19676309596555,99.29108864518443,9679000
2017-09-26,99.63694763183594,99.73912915055482,99.37755685710347,99.64480359694667,7251900
2017-09-27,98.13562774658203,98.48934406420273,97.94698264200285,98.15135167016682,12145700
2017-09-28,97.84477233886719,97.97839566542498,97.44389636227582,97.63254141135259,8883700
2017-09-29,98.06485748291016,98.27708240972812,97.67969943521706,98.06485748291016,11285500
2017-10-02,97.88534545898438,98.45243243123784,97.85383995951923,98.30278281104329,7860700
2017-10-03,97.9798583984375,98.06649701655476,97.60179842764768,97.60179842764768,6219800
2017-10-04,97.9876937866211,98.12945945400415,97.57025062167392,98.08220423154313,7447000
2017-10-05,97.6175537109375,97.90109718539868,97.4206488541761,97.87746355497747,8180300
2017-10-06,97.34190368652344,97.7435913659141,96.90083863248549,97.10562141145769,10375000
2017-10-09,97.64901733398438,97.7120222942443,97.38122371891673,97.4914899106926,3590900
2017-10-10,97.8065185546875,98.34997753699004,97.68049664207307,97.7750130765339,6666800
2017-10-11,97.99557495117188,98.18460787706948,97.8695590096308,98.11371902759355,4385900
2017-10-12,98.4130630493164,98.43669668407074,97.85385387467267,98.09802002798392,7141600
2017-10-13,99.12190246582031,99.19279133808844,98.58632102169163,98.90924786713447,7746900
2017-10-16,99.05101013183594,99.16127635899055,98.75171093608024,98.86985503919124,5737300
2017-10-17,99.17701721191406,99.31091104587729,98.75957995952389,98.75957995952389,4969600
2017-10-18,98.52330780029297,98.59419667095958,98.20038697120484,98.49180831228463,5943800
2017-10-19,98.69658660888672,99.24792380280084,98.66508111131513,99.03526319645736,8966500
2017-10-20,97.64901733398438,97.88529945533689,97.38122371891673,97.66476707178516,12326900
2017-10-23,97.82230377197266,98.0507140646451,97.68053207338485,97.7908042914489,6871100
2017-10-24,97.21582794189453,97.42061059504053,96.99529555037898,97.1685727177289,6842800
2017-10-25,96.7510986328125,96.86137080240336,96.42030015120514,96.5069387072054,9961400
2017-10-26,96.42823028564453,96.92442827699048,96.42823028564453,96.92442827699048,8179400
2017-10-27,97.06620025634766,97.13708911762485,96.6802684842422,96.82991807322647,10480900
2017-10-30,97.99557495117188,98.02708043882147,97.31822198934877,97.55451014219211,9051600
2017-10-31,98.02710723876953,98.1846347200845,97.97985199890454,98.08224035496502,4424300
2017-11-01,98.46358489990234,98.77140644710522,98.1084080444479,98.14786879406292,8940400
2017-11-02,98.89768981933594,99.0713279472336,98.59775682560169,98.66090124762822,7222700
2017-11-03,99.166015625,99.21337091680095,98.7713721352406,99.03183828370942,10984100
2017-11-06,99.5369873046875,99.62380935926747,99.22916584637022,99.39491539917321,6246700
2017-11-07,99.9552993774414,100.06579906926399,99.55276134478395,99.63169485761286,6422700
2017-11-08,99.73431396484375,100.08160220023898,99.61591970079697,99.91584661750403,3356200
2017-11-09,99.4501724243164,99.63959963807314,99.09499564579973,99.34756727140288,6280400
2017-11-10,97.95052337646484,98.53459411735858,97.8400236693169,98.43198896694476,11981000
2017-11-13,98.15574645996094,98.51092325428897,98.11627969535435,98.5030347187939,5880800
2017-11-14,98.8187255859375,98.85029778714384,98.47933195019642,98.47933195019642,6195900
2017-11-15,99.89213562011719,99.97895764998052,99.16599320833343,99.4974922195677,9568200
2017-11-16,99.02395629882812,99.71063822602464,99.01606174193184,99.45806660138614,5894900
2017-11-17,99.75798797607422,99.7974547365783,99.41859430979854,99.50541636548178,6938800
2017-11-20,99.71851348876953,99.75008569036994,99.37912587057387,99.37912587057387,4232300
2017-11-21,100.03424835205078,100.46835867871393,99.69485464805493,100.31049764093513,5818400
2017-11-22,100.3578872680664,100.39734802230345,99.85274384826945,99.93956593808936,4140700
2017-11-24,100.08161926269531,100.26315194630429,99.99479718904462,100.18422443074459,3141400
2017-11-27,99.9395523071289,100.27894606055666,99.78169124635801,100.12897955827025,6079900
2017-11-28,100.07372283935547,100.38154435954931,99.82115118120198,100.05793372346776,5983000
2017-11-29,99.08708190917969,99.1975815976309,98.7397937330294,99.10286499819499,14547100
2017-11-30,98.7555923461914,99.07130233112629,98.21887694130736,98.90555278250089,9630000
2017-12-01,100.08824157714844,100.9898656906008,98.94143474226343,99.5504301731524,24583100
2017-12-04,100.13573455810547,100.18318657273714,99.50301287063756,99.59001225351643,9609200
2017-12-05,100.63398742675781,100.83962285702842,100.00917649045597,100.02499784959707,10958900
2017-12-06,100.98196411132812,101.41695485278908,100.96614878952633,101.13223682180188,11834200
2017-12-07,100.19107055664062,101.31415155434799,99.89053115391872,101.17969415858329,13056800
2017-12-08,100.19903564453125,100.23857698963272,99.84312733412074,100.11994088616255,4786100
2017-12-11,99.99335479736328,100.51534496824684,99.97753947330989,100.33344158827232,3863800
2017-12-12,99.95379638671875,99.97752842129557,99.39225891665667,99.78770834915781,7502400
2017-12-13,100.70515441894531,100.75260642017092,100.11988491145851,100.29388362805841,8532900
2017-12-14,101.13224792480469,101.21924728946414,100.2780756358283,100.48371104630334,6885000
2017-12-15,101.51187896728516,101.70168698027081,100.8870620761153,101.08478680174838,7239400
2017-12-18,100.5865478515625,101.23508487266476,100.37300774940498,101.21135886510073,7239700
2017-12-19,99.28158569335938,99.9538488748165,98.9177727485012,99.90639684890363,11045800
2017-12-20,98.18216705322266,98.63297908425756,98.03189436485157,98.31661838803974,10005800
2017-12-21,98.75445556640625,98.96052594942375,98.27891364523352,98.30268983426562,7026900
2017-12-22,98.88916778564453,98.94464756245513,98.6989522718428,98.83368800883395,3974300
2017-12-26,99.1823959350586,99.49149833291062,99.0476602327827,99.05558764081087,3168400
2017-12-27,100.47438049316406,100.64082598526754,99.62632843579881,99.63425585133858,9059700
2017-12-28,100.38714599609375,100.52188174938259,100.15729945097831,100.28410779323754,5297100
2017-12-29,100.54566955566406,100.75173993834908,100.24449441700412,100.26034319405208,7580500
2018-01-02,99.45980834960938,100.26823476750509,99.12692972898947,100.25237994928047,16238200
2018-01-03,99.93536376953125,100.0225471411676,99.45982195405071,99.86403521828818,8605100
2018-01-04,99.91952514648438,99.99085975181634,99.36472731320399,99.58664644651614,9217900
2018-01-05,99.63421630859375,100.00672608211917,99.35681734325905,99.76103071951472,10915400
2018-01-08,99.57073974609375,99.88776950572183,99.20615763891534,99.85606592507506,8850600
2018-01-09,98.23926544189453,98.93673244795569,98.12830588126526,98.92087762681291,16226400
2018-01-10,98.12036895751953,98.22340109123847,97.21683779462539,97.33571870013127,14302600
2018-01-11,98.52462768554688,98.74654688773839,97.73205565095161,97.89057368597751,12511000
2018-01-12,98.69110107421875,98.90509898348867,98.20763752971868,98.35822215629535,9987100
2018-01-16,99.1031723022461,99.29338782904692,98.72273520180187,99.20620445283767,9125900
2018-01-17,98.96841430664062,99.57869175606436,98.75441659611195,99.13485361102892,8327000
2018-01-18,98.04906463623047,98.49290294538119,97.91432887050163,98.22343141392352,10843900
2018-01-19,97.53384399414062,97.93012973251673,97.47044287159922,97.80332144059344,11374300
2018-01-22,97.6290054321289,98.04906756538757,97.4784148383782,97.8429971813356,8984700
2018-01-23,98.04906463623047,98.43742315673735,97.6765548924032,98.12832061331547,12325700
2018-01-24,97.5180435180664,97.58937208381397,97.1217575834417,97.3674529279191,9038900
2018-01-25,98.31855773925781,98.3978137288575,97.32784275215059,97.61316915218502,12173300
2018-01-26,97.9539794921875,98.20760836024066,97.56562086995991,98.1838261187269,6462900
2018-01-29,97.2723159790039,97.46253147155126,96.9315099461508,97.46253147155126,12223000
2018-01-30,96.70167541503906,96.98700171257131,96.45597407464938,96.91566711476713,12064400
2018-01-31,97.2723159790039,97.43082788165312,96.64618368390904,97.38327552022665,18045100
2018-02-01,95.86258697509766,97.31601459837502,95.80699168095532,97.27630713652056,18632800
2018-02-02,94.97307586669922,95.51314711259266,94.70303721403576,95.42578220079862,23944400
2018-02-05,95.87049865722656,96.75208521038162,94.22646001528913,94.64739653789945,28606200
2018-02-06,95.27483367919922,95.9975783292211,95.08422216929162,95.64017493128488,10935400
2018-02-07,94.36944580078125,95.56872256496283,94.16294641039153,95.4098745494968,16271100
2018-02-08,94.26619720458984,94.6553642305045,93.59904767216119,93.72612608193126,15155100
2018-02-09,93.6705551147461,94.58390566954007,93.55142058951054,93.80557141561067,15661600
2018-02-12,94.08354949951172,94.7506992162655,93.8691121980685,94.162970497845,10944600
2018-02-13,94.50446319580078,94.52035102725287,94.0279312625871,94.20266105196632,8157600
2018-02-14,93.45610046386719,94.14707577918651,93.29725848903726,94.08353656548137,12043300
2018-02-15,93.77375793457031,94.3535424544437,93.71021874291252,93.869066722057,8222400
2018-02-16,94.2821044921875,94.6792155410432,93.98824013463815,94.54419923869636,8454100
2018-02-20,93.86907958984375,94.12323033188363,93.54344573253206,93.94055664568387,8268800
2018-02-21,92.71747589111328,93.94852243225004,92.53480822181928,93.90880890791671,12054300
2018-02-22,92.99542236328125,93.44813458058219,92.92394531387443,93.11455683839038,9317900
2018-02-23,93.82144165039062,93.9644018512012,93.49581378486441,93.62288615256665,9072900
2018-02-26,93.85320281982422,94.44093140333842,93.74995615163341,94.25825769561214,8771600
2018-02-27,93.71820068359375,94.2423901383181,93.13047807086338,94.13119347808266,12525700
2018-02-28,94.31385803222656,94.37739724348054,93.91674705103824,94.09147685227033,9311600
2018-03-01,94.95765686035156,95.19640633167856,94.02654485114857,94.24937445283976,12287700
2018-03-02,94.18573760986328,94.64731683231594,94.00270155135314,94.58364947646318,10064300
2018-03-05,93.93106079101562,94.54384837784865,93.61273012904479,94.50405476823266,5658200
2018-03-06,94.01860809326172,94.44835360459795,94.00269429135419,94.19369027250826,5452000
2018-03-07,93.91511535644531,94.4483155444469,93.87532176023312,94.36077449010033,4461800
2018-03-08,94.456298828125,94.69504224946586,94.11409445971647,94.15388199411403,7086700
2018-03-09,93.8355712890625,94.12206222264739,93.58090188738221,93.89923256782986,6570400
2018-03-12,94.37671661376953,94.43243009384972,94.05839203512477,94.15388698005734,5801300
2018-03-13,94.85423278808594,94.9974813030565,94.05840905417237,94.15390401638393,7455300
2018-03-14,95.6898193359375,95.81715401484927,94.99745675222272,95.02133048660576,10175000
2018-03-15,95.6898193359375,95.88877521799839,95.44311598511055,95.63411193182652,6757900
2018-03-16,95.34765625,95.5068246675405,95.1407464146788,95.33970238286369,6084300
2018-03-19,95.04522705078125,95.4749725878555,94.86218492379192,94.87014486104879,8491200
2018-03-20,94.66322326660156,94.87809905796477,94.56772831190925,94.63139566280597,5446000
2018-03-21,94.76668548583984,95.03726262325819,93.99473554303022,94.43244099668088,9742400
2018-03-22,95.70574951171875,96.15140879259283,95.23621042223871,95.74553704942403,12136600
2018-03-23,95.63414764404297,95.74556249387005,95.19644818305196,95.24419566964816,7250400
2018-03-26,95.26805114746094,95.85695896530213,95.23621747194888,95.4988407411838,8237900
2018-03-27,96.28670501708984,96.39016598099731,95.34763283500362,95.3635527086753,9168500
2018-03-28,96.54133605957031,96.80395924243483,96.25483914583644,96.65275085139452,7412500
2018-03-29,97.01089477539062,97.321265483168,96.70052406761324,96.72439780334196,9694300
2018-04-02,97.20233154296875,97.58514616795915,96.62811873243123,96.77964432420006,12036500
2018-04-03,96.45262145996094,96.88328544906268,96.36489327229413,96.78758031216358,9855000
2018-04-04,96.2532730102539,96.86736444784445,96.18149261204479,96.77963623038416,6654300
2018-04-05,95.53548431396484,95.91829276165335,95.51953041260998,95.78271502328994,7603700
2018-04-06,96.58023834228516,96.62011701047228,95.87841880845728,96.22933161768647,8831200
2018-04-09,96.73974609375,96.73974609375,95.9820939971605,96.21337688445854,6307500
2018-04-10,96.56427001953125,96.80352372395498,96.32501023047834,96.65996906744907,6046000
2018-04-11,96.90724182128906,97.21029906004307,96.71583148505673,97.17839733733769,5901300
2018-04-12,96.19743347167969,96.55631716016653,96.02995401141045,96.53239239221817,6622800
2018-04-13,96.42073059082031,96.60415785138437,96.10171951657784,96.1176673322064,4964000
2018-04-16,96.45262145996094,96.47654622302835,95.84650109552557,95.88637975705757,4491300
2018-04-17,96.71580505371094,96.9630418159528,96.35692141945924,96.43667266211186,5590400
2018-04-18,95.94220733642578,96.77162752724419,95.92625343777762,96.73175494988286,8138400
2018-04-19,95.16060638427734,95.32808576970872,94.75386725701372,95.24035760334543,9875800
2018-04-20,94.47476959228516,95.00910964907702,94.45084482625421,94.81770543619923,7579400
2018-04-23,94.49868774414062,94.60236983585807,94.17170582355352,94.37108697269656,7073200
2018-04-24,94.06803894042969,94.46680130318629,93.91651338013111,94.27539707275974,8190800
2018-04-25,93.43799591064453,93.82878130634292,93.26253950472224,93.63737708380522,6603800
2018-04-26,94.09193420410156,94.2115579999776,93.78089408093841,93.89255309813686,6528600
2018-04-27,94.81768798828125,94.8655375115381,94.45880439459674,94.48272915622516,5401800
2018-04-30,94.98522186279297,95.35208261556461,94.85762103274016,94.96927404077358,8321100
2018-05-01,94.64312744140625,94.98681336619487,94.4992562202647,94.93086378564243,7979200
2018-05-02,94.5392074584961,95.01078767527126,94.52322447906728,94.8269498725852,4644000
2018-05-03,94.96280670166016,95.36244818239845,94.85890211196443,94.98678421481725,6345300
2018-05-04,95.10670471191406,95.29853706738419,94.70706311842147,95.29853706738419,4283500
2018-05-07,94.95480346679688,95.13064056856497,94.90684234991093,95.09068008554482,3647800
2018-05-08,94.86690521240234,95.1146810014517,94.555185317132,94.7550060755384,6091200
2018-05-09,94.29936981201172,94.65105003164804,94.29936981201172,94.41126889526547,7832500
2018-05-10,95.05870056152344,95.09866713944332,94.59511508904477,94.75497530268066,7101500
2018-05-11,95.29852294921875,95.40242755283685,94.97081396404138,95.37045549832838,4273400
2018-05-14,94.79495239257812,95.10667224123331,94.78695785598461,94.95481263422482,4996200
2018-05-15,93.7159423828125,93.9797072662696,93.27633424371736,93.96371818955011,12901000
2018-05-16,93.35623931884766,93.93971238444058,93.3482447828953,93.8517907830974,6518000
2018-05-17,92.88467407226562,93.37223717632521,92.78875791968098,93.22037145924415,7330300
2018-05-18,93.68395233154297,93.7478964300457,93.12445671475616,93.12445671475616,9606500
2018-05-21,93.73191833496094,93.81983995618901,93.47614800903717,93.62001919849715,4448500
2018-05-22,93.58802795410156,93.79584320693874,93.39620177350649,93.74788818630105,4700700
2018-05-23,94.2674331665039,94.4033098046059,94.04363491597238,94.1155674544811,9634000
2018-05-24,95.01872253417969,95.16259366009422,94.82689639897463,94.86686297207866,8204100
2018-05-25,95.61024475097656,95.78608190718548,95.49035106870768,95.56228361924141,8482800
2018-05-29,97.70433807373047,97.92813630565732,96.25763800445728,96.54538033066164,21668100
2018-05-30,97.04893493652344,97.096896060496,96.5054222831795,96.71323755894056,11616300
2018-05-31,96.88911437988281,97.49657134378864,96.6733044922893,97.16086775175954,10769900
2018-06-01,96.3771743774414,96.70563870110412,96.01665759814523,96.27302223327771,8718800
2018-06-04,95.68017578125,96.24898459840888,95.63210932442989,96.22495136999882,7156500
2018-06-05,95.90445709228516,96.26497371610402,95.83235743484883,96.10474206811372,5635900
2018-06-06,95.12734985351562,95.41576070600429,94.87098533043817,95.39974059740486,7813300
2018-06-07,96.0486831665039,96.52936598938011,95.07930440857633,95.0873175207515,13238300
2018-06-08,95.76026916503906,96.01663373646083,95.68816949442679,95.78430238857649,6790600
2018-06-11,95.58404541015625,95.64813809986292,95.28762741663967,95.39177345325153,6844200
2018-06-12,95.60806274414062,95.70420176271574,95.2475521208589,95.27959846038394,6048200
2018-06-13,95.55998992919922,95.8484008535098,95.03924764295992,95.69618227895313,8834700
2018-06-14,96.35307312011719,96.37711244639485,95.72017810899436,95.96051636187096,10078800
2018-06-15,96.44123840332031,97.01004711352174,96.37715184368243,96.80175509832478,7992800
2018-06-18,96.35307312011719,96.58540437644568,96.1688144041329,96.52131784300525,4893700
2018-06-19,96.9139175415039,97.1222156760578,96.69760629464038,96.9139175415039,6133300
2018-06-20,96.06465148925781,96.7696521303996,96.05663838191245,96.75362591570887,6879100
2018-06-21,96.56941986083984,96.7376585335195,96.31305529596418,96.42521441108394,7235800
2018-06-22,96.56139373779297,96.63349950906156,96.18485699682228,96.20889021650763,4082500
2018-06-25,96.7777328491211,97.02608434044194,96.64954749088177,96.66557371676883,8363700
2018-06-26,96.9139175415039,96.96198399093412,96.66556606982945,96.75368585638022,5450000
2018-06-27,97.82720184326172,97.88328139645398,97.3785654177236,97.5387909662121,8173400
2018-06-28,97.85127258300781,97.93939850213009,97.6029210539624,97.84325946884708,7109500
2018-06-29,97.51477813720703,98.13966646408531,97.45869857228755,97.87528875280168,11164700
2018-07-02,97.43849182128906,97.75967472938912,97.39031652919311,97.75164347202164,9662000
2018-07-03,97.96041870117188,97.98450634855259,97.58302922272811,97.58302922272811,3808800
2018-07-05,98.241455078125,98.38598709378101,97.96845356302752,98.00859760145391,3860400
2018-07-06,98.56263732910156,98.69913808569926,98.3458423701555,98.56263732910156,4679900
2018-07-09,97.92826843261719,98.12900693123916,97.8800931532848,98.01659386209508,5952700
2018-07-10,97.92030334472656,98.06483540644065,97.80789019962194,97.8560716375646,5759700
2018-07-11,98.2976303100586,98.40201825402482,98.03265401144854,98.32171795064986,6869100
2018-07-12,98.28961944580078,98.33779473397523,98.07281839690792,98.09690604099514,4824700
2018-07-13,98.53850555419922,98.65894986681272,98.3377670751941,98.45018013335279,4079000
2018-07-16,98.12898254394531,98.19322031779247,97.67129912587411,98.12898254394531,5517100
2018-07-17,97.94434356689453,98.27355156151789,97.88010576880338,98.19325737693075,3764300
2018-07-18,97.55091094970703,97.9925382413978,97.47061674923275,97.97647572567004,6330000
2018-07-19,98.1692123413086,98.32176952042056,97.77576025177542,97.79985403105692,6166700
2018-07-20,96.96476745605469,97.63121489999445,96.9165860301147,97.62318976738398,10469500
2018-07-23,95.76834869384766,96.65962838274258,95.69608575336923,96.65962838274258,11571800
2018-07-24,96.09759521484375,96.2100083552386,95.66399904786792,95.77641218826275,9053500
2018-07-25,95.94496154785156,96.56323949273171,95.76028557806818,96.37052614245488,7357900
2018-07-26,95.76031494140625,96.25814260047495,95.68002075052942,96.12164186337895,6821100
2018-07-27,95.92090606689453,96.25012022277667,95.87273077620124,96.2340577085094,4542000
2018-07-30,95.5916976928711,95.8807616880985,95.52745988814183,95.54351627629704,7111200
2018-07-31,96.11358642578125,96.24206199970496,96.00117336162428,96.18585546762647,6797400
2018-08-01,95.33056640625,95.63636881787522,95.01671478544452,95.19376054892405,13312600
2018-08-02,95.4674072265625,95.55593014072198,95.20184462383399,95.4593641541843,4451100
2018-08-03,95.94220733642578,95.99853953878736,95.61225719420115,95.62835561758992,6162400
2018-08-06,95.99851989746094,96.44112821410134,95.9824214773659,96.19970717041066,4200200
2018-08-07,95.49957275390625,95.84561510717126,95.41909907309426,95.78928291662804,5346900
2018-08-08,95.59617614746094,95.78931427258176,95.45132101868275,95.49156094213514,5640900
2018-08-09,96.4009017944336,96.43309249733005,95.8617213353526,95.95024423338067,7144100
2018-08-10,97.10102844238281,97.41488009725937,96.79521985781197,96.86765046880181,8457900
2018-08-13,96.89986419677734,97.13323608606905,96.73891065618851,96.77110136430628,7923200
2018-08-14,96.68254089355469,97.02053398786606,96.59401801555686,97.00444170993346,4251200
2018-08-15,97.24589538574219,97.47927340252303,97.02861579204938,97.10104641644664,7649800
2018-08-16,97.23785400390625,97.31832770149666,96.79523945753468,97.22175558053843,5400400
2018-08-17,97.3585433959961,97.68848731594694,97.17344841181777,97.44706014349663,3537600
2018-08-20,98.0103988647461,98.10697097221761,97.80921157899198,97.88968526534389,5603700
2018-08-21,97.68046569824219,97.80117931856554,97.43099538539043,97.67242262603713,4695000
2018-08-22,98.06671905517578,98.21962333835204,97.84139030507264,98.17938343022735,5309600
2018-08-23,98.21965026855469,98.28402554355768,98.00236452870196,98.17941034939687,5328700
2018-08-24,98.41277313232422,98.44496383471531,97.76897136399982,97.87359268170803,6092200
2018-08-27,97.8494644165039,98.07479937783991,97.79313221110739,98.0023687481873,6407400
2018-08-28,97.26197052001953,97.44705936296728,97.11711544565921,97.37463489566112,4929300
2018-08-29,97.39073944091797,97.49536075986728,97.06884469268589,97.32636417512082,5613300
2018-08-30,97.5999526977539,97.74480775586376,97.43900536196399,97.62409418414767,5302900
2018-08-31,97.37462615966797,98.11499374453267,97.2861032810703,98.09085225759648,9677500
2018-09-04,96.81166076660156,96.86811987497452,96.58582433310967,96.75520165822859,18343600
2018-09-05,96.55355834960938,96.70680713378104,96.42451159997623,96.59388892025912,9422600
2018-09-06,96.90845489501953,97.11009545611878,96.53743700102669,96.59389611199121,9566000
2018-09-07,96.08578491210938,96.30356022518896,95.97286665850638,96.24710109838746,11212600
2018-09-10,96.44063568115234,96.46483156099205,96.11800959160104,96.11800959160104,6386400
2018-09-11,95.70668029785156,96.1180226180355,95.65828237803217,96.04543496867892,5440000
2018-09-12,95.93254852294922,96.1180544573642,95.90028528357624,96.02127089282897,3347200
2018-09-13,96.07768249511719,96.44063298974538,95.9647642899626,96.25512099351677,4833000
2018-09-14,95.61796569824219,95.90832862633856,95.41632511781873,95.50504746549163,5579500
2018-09-17,95.61796569824219,95.83573481752339,95.27114365377054,95.31953542392588,5433000
2018-09-18,94.6178207397461,95.23080980618744,94.49684131851198,95.22274246024452,10182300
2018-09-19,94.05322265625,94.45650377349536,93.71446799462345,94.45650377349536,13379600
2018-09-20,94.48876953125,94.60975510037932,93.94030695096792,94.02902929142397,8657300
2018-09-21,94.44843292236328,94.59361436532596,94.23872502617692,94.26292706132176,6173800
2018-09-24,94.20646667480469,94.58554573679208,94.1419402224566,94.15806875875302,5505500
2018-09-25,94.10971069335938,94.15810247315709,93.88387418285883,93.94840065831139,6650900
2018-09-26,94.77104949951172,94.83557594624308,94.09354026957435,94.31130933531688,9512700
2018-09-27,94.83557891845703,94.89203802272128,94.44842637951587,94.56134458804436,5758500
2018-09-28,94.58553314208984,95.1017385385572,94.54520872992765,95.05334062895004,12807700
2018-10-01,93.89118957519531,94.44087564257109,93.86693971693458,94.30345566755435,22442400
2018-10-02,94.46511840820312,94.6833732834716,94.25494270687577,94.31152776100525,8266900
2018-10-03,92.82410430908203,94.06089577488007,92.34716806481875,93.98814007067134,20829200
2018-10-04,92.16936492919922,92.46846087007425,91.91877486652248,92.25828517736996,16207400
2018-10-05,91.37716674804688,91.9268527067475,91.03765646490145,91.6600919840014,18096500
2018-10-08,91.06999969482422,91.43375986353502,91.05382901288127,91.33675427380167,5855900
2018-10-09,91.99151611328125,92.03193047688923,91.40140966537929,91.45799470827615,11530800
2018-10-10,91.74097442626953,91.81373019167964,91.17512366112774,91.45804904369864,15290100
2018-10-11,92.85645294189453,93.08279309033979,91.98342136877156,92.1531764801055,16086800
2018-10-12,92.53314971923828,92.96966570624065,92.37955904770708,92.46847931361363,6794100
2018-10-15,92.49269104003906,92.8160367675406,92.38760629970645,92.68670217692406,7146300
2018-10-16,92.702880859375,92.73521605379887,92.28253566648014,92.46845532528273,4762300
2018-10-17,92.1531982421875,92.79180447885506,92.13703372804122,92.68671971863431,5880700
2018-10-18,92.1208724975586,92.46846817679028,91.78944750144015,91.84603255771933,5728800
2018-10-19,91.91877746582031,92.11278248217525,91.6762727372037,92.03194757263638,10892400
2018-10-22,91.79750061035156,92.2178519096195,91.77325075987588,92.1127610011491,3244200
2018-10-23,92.08851623535156,92.97771241662903,92.02384585230774,92.76754292269737,10330700
2018-10-24,92.78373718261719,92.81607238450624,92.34722120807879,92.44422681374593,16008000
2018-10-25,92.39570617675781,92.75138098239648,92.33912112808977,92.58971117686143,12613200
2018-10-26,92.95343780517578,93.2201984386952,92.79176805793672,92.90493811446517,18582500
2018-10-29,92.74329376220703,92.97771310970074,92.36336296812647,92.8322078304211,7679900
2018-10-30,92.28253936767578,92.58971447606089,92.1693630989992,92.36337427332366,9939500
2018-10-31,91.8136978149414,92.12087295522464,91.51460184894633,91.94303244394696,8706400
2018-11-01,91.89876556396484,92.02030910936593,91.43687536233686,91.44498032612225,6100200
2018-11-02,90.75619506835938,91.77720399391546,90.67516398778908,91.70427169380959,11314800
2018-11-05,91.1127700805664,91.3315546903858,91.03983775577511,91.14518376022062,4760200
2018-11-06,91.05599975585938,91.34771653691354,91.02358609326735,91.24237058792097,3159900
2018-11-07,91.17757415771484,91.89066261181704,91.08844428322816,91.7204954622543,9313100
2018-11-08,91.16948699951172,91.54223501973517,91.08845589638085,91.53413005473902,6905100
2018-11-09,91.8501968383789,91.97174663867449,91.33969509587301,91.3640038194762,6465300
2018-11-12,92.44976806640625,92.62804015406671,92.30391582989337,92.33632331649054,6840000
2018-11-13,92.39305877685547,92.39305877685547,91.95548964079454,92.14186053536196,6525800
2018-11-14,92.44976806640625,92.79820727894028,91.80961819857126,91.95547661735934,8690800
2018-11-15,92.40929412841797,92.81445588476024,92.11757716926931,92.73342476994733,7879600
2018-11-16,92.9440689086914,93.03320495560104,92.31201779953246,92.5389073072023,9236700
2018-11-19,93.203369140625,93.203369140625,92.70907769012393,92.70907769012393,7027200
2018-11-20,93.23582458496094,93.55995523759346,93.13048475032352,93.38168306953168,6332600
2018-11-21,93.203369140625,93.26009151574972,92.81441747756266,93.09802935318629,4951100
2018-11-23,93.30064392089844,93.80304669834737,93.26012527445285,93.73011437120083,3027900
2018-11-26,93.08995819091797,93.2358166630957,93.0089270802142,93.0737544416882,6599000
2018-11-27,93.1953125,93.3897884194669,92.99273161405755,93.03324408187923,5967200
2018-11-28,92.74150848388672,93.20339256377235,92.6685823470885,93.06563907274678,7814000
2018-11-29,93.10614776611328,93.38975968270749,92.85494334089316,93.12235151180033,7295600
2018-11-30,93.45458221435547,93.52750833960353,93.17097031237559,93.4383722872276,9127800
2018-12-03,94.11817932128906,94.11817932128906,93.12729583562158,93.14353718600609,9763800
2018-12-04,95.69384002685547,96.38421193498905,94.72731563749494,94.87351255188038,18100500
2018-12-06,95.99435424804688,96.81467549751852,95.94561781388593,96.27862429472627,15319400
2018-12-07,96.17302703857422,96.27048750046815,95.4501601653395,95.68569994261887,8608400
2018-12-10,96.57101440429688,96.87964955789217,96.19740147206403,96.54664928646329,8777700
2018-12-11,96.5547866821289,96.96088858704526,96.33549437998832,96.62788824725797,8071900
2018-12-12,96.12427520751953,96.42479270898589,96.03493233401929,96.31108472391655,6182200
2018-12-13,95.89690399169922,96.31112967155072,95.82380862287896,96.21366298316703,5564200
2018-12-14,96.22989654541016,96.46543016401881,96.01872184957843,96.28675055621612,8169200
2018-12-17,96.79033660888672,96.89592708099852,96.31113928556809,96.31925686294288,9726800
2018-12-18,97.36997985839844,97.52466659860585,96.83265710562287,96.93849180552627,10018800
2018-12-19,98.65629577636719,99.0470809969979,97.63049000711685,97.78517672943406,23046300
2018-12-20,98.2980728149414,99.34830145639725,98.24108395275326,99.33202158633783,18543700
2018-12-21,98.2817611694336,98.68068307577525,98.0130968154141,98.62369423201216,9945100
2018-12-24,98.770263671875,98.85167543976628,98.43647356012481,98.61557696495774,8377500
2018-12-26,97.7119140625,98.82727478890897,97.67121127504694,98.5016214326788,11700400
2018-12-27,97.72818756103516,98.81911902089603,97.67934173785343,98.72142737453257,12146500
2018-12-28,98.55049133300781,98.55049133300781,97.93175046517302,98.02130530964868,9879100
2018-12-31,98.92495727539062,98.96566005651401,98.07011812463729,98.2248048423386,17409000
2019-01-02,99.44602966308594,99.45417270626109,98.78657981498364,99.04710750601213,19841500
2019-01-03,100.57766723632812,100.83818870778063,99.51115843308847,99.56000426794775,21187000
2019-01-04,99.41344451904297,99.77980064404672,99.03894535243535,99.60069099668637,12970200
2019-01-07,99.12034606933594,99.85306444886815,99.01451138558356,99.82864153810377,8498100
2019-01-08,98.85980987548828,99.27501793031102,98.82724392890226,99.0714854226378,7737100
2019-01-09,98.70513916015625,98.8598258786503,98.34692611236187,98.72142524174521,9349200
2019-01-10,98.07012176513672,98.84354917103381,97.9724239064376,98.73770827127967,8222900
2019-01-11,98.4527587890625,98.72956005722621,98.24922625259386,98.37134701673907,5786900
2019-01-14,98.0864028930664,98.51789087738307,97.89100718553729,98.42833606426224,6730500
2019-01-15,97.72818756103516,98.15967556266133,97.65491261494222,98.15153252169092,8997400
2019-01-16,97.82589721679688,98.01314370245618,97.2967112936656,97.36183699532212,6048400
2019-01-17,97.85033416748047,98.12713552035952,97.60609256443968,97.87475708552016,8153400
2019-01-18,97.33739471435547,97.79331180316763,97.19899408530529,97.56535015310162,14106400
2019-01-22,97.9968490600586,98.28179337223831,97.75260752886446,97.94799702702767,8881100
2019-01-23,97.95616912841797,98.20041073207128,97.5572469730181,97.59794976607898,5776800
2019-01-24,98.59932708740234,98.7214478820453,98.2736737054617,98.43650350209283,7121900
2019-01-25,98.1270980834961,98.30620769588359,97.95613151112248,98.1759439009401,6460800
2019-01-28,98.02943420410156,98.46092227721161,98.02943420410156,98.13526890896887,6435800
2019-01-29,98.52601623535156,98.54230231474286,98.01311653827457,98.12709424873613,5750100
2019-01-30,98.4527587890625,98.49346778088426,97.96428194380178,98.37948384604735,10571300
2019-01-31,99.29945373535156,99.47042031864548,98.91681157741374,98.95752056876373,11843400
2019-02-01,98.69974517822266,99.19748745051065,98.60182652248538,99.12405312772619,12024600
2019-02-04,98.25909423828125,98.36517430991344,97.93270503196645,98.27541712254296,8966200
2019-02-05,98.70787048339844,98.92002438047595,98.45492183038473,98.51203946897995,6983300
2019-02-06,98.75680541992188,99.0668778701329,98.5120182609364,99.0260768976248,5184000
2019-02-07,99.40959167480469,99.47487074596,98.92001109184946,99.10768063972745,8781000
2019-02-08,99.83393096923828,99.93184961302906,99.60546035908371,99.76049665541312,5885400
2019-02-11,99.44226837158203,99.69521708514132,99.34434972825721,99.434106928299,4352800
2019-02-12,99.18928527832031,99.34432152990577,98.8955356570823,99.27088723727398,7939600
2019-02-13,98.81395721435547,99.05058924094601,98.65892716099765,98.85475820097183,4757700
2019-02-14,99.37700653076172,99.7115510591664,99.20565354420934,99.66259484168236,5868900
2019-02-15,99.53201293945312,99.56464625772918,99.17298418485235,99.18930084399038,5527200
2019-02-19,99.78496551513672,99.9889580017834,99.50753249611176,99.89103936706461,5872800
2019-02-20,99.49940490722656,99.61364023344026,99.21381036633392,99.50756012670013,4455800
2019-02-21,98.60997009277344,98.86292501790466,98.48757335162696,98.78948448307402,7382500
2019-02-22,99.19745635986328,99.50752266781278,99.07505963489298,99.11586061833509,6374600
2019-02-25,98.90371704101562,98.9771575738114,98.66708500811738,98.8710774959238,6293500
2019-02-26,99.39328002929688,99.40144147045254,99.0260961069144,99.32800717611826,6028900
2019-02-27,98.26725006103516,98.8384264704063,98.14485333749678,98.83027125409812,7737300
2019-02-28,97.93273162841797,98.42231868352978,97.67978288187274,98.37335624280381,9533400
2019-03-01,97.02751922607422,97.73890861891356,97.01116186157984,97.57537240500965,13541100
2019-03-04,97.78800201416016,97.9351871529183,97.35462528295807,97.54269760856913,9808500
2019-03-05,97.99240112304688,98.0169371721674,97.52631600587328,97.53449468891345,5595200
2019-03-06,98.35216522216797,98.54840989950405,98.03326528205714,98.05779508691093,7766700
2019-03-07,98.99000549316406,99.15354798976236,98.6220457932075,98.64657560807017,8187200
2019-03-08,99.4070053100586,99.50513078259826,98.81826495183408,99.03904570542164,7517600
2019-03-11,99.11264038085938,99.28435528801933,98.9245743466634,99.26800416098331,5157800
2019-03-12,99.80769348144531,99.94670615513168,99.15354224845463,99.18625074588036,6422300
2019-03-13,99.61959075927734,99.72588865791225,99.44787588986448,99.48058437525346,4386300
2019-03-14,98.90006256103516,99.56239878086231,98.87553274520982,99.50516046443366,8188400
2019-03-15,99.55421447753906,99.71775073281756,99.26802291154759,99.54603579322267,4302000
2019-03-18,99.49696350097656,99.65232729067316,99.36612952259892,99.4070167004688,3893300
2019-03-19,99.27616882324219,99.44788370615129,98.85096471827146,99.01450091956409,5220200
2019-03-20,100.31465148925781,100.45365790455891,99.5378450616273,99.54601750593412,10123700
2019-03-21,100.53543090820312,100.64990751913884,100.36371599179955,100.54360959141493,7182600
2019-03-22,102.09722137451172,102.44065118247333,101.44306401205507,101.56571929732907,13077000
2019-03-25,102.26074981689453,102.9803241085602,101.81102212310998,102.05632643649069,9736300
2019-03-26,102.1871566772461,102.44881834510447,101.90096520279259,101.9663759408775,7502000
2019-03-27,103.12751770019531,103.30740504944627,102.46518165085855,102.55512844473753,14207200
2019-03-28,103.48731231689453,103.593616490171,103.03758452655842,103.23382926709586,9143200
2019-03-29,103.38919067382812,103.41372048601428,102.73503323582773,102.76774173157852,10841400
2019-04-01,101.9206314086914,102.73192999468762,101.7731220064873,102.67456557451118,16501500
2019-04-02,102.10914611816406,102.22387499704953,101.82232392095041,102.01081065183652,9725000
2019-04-03,101.22409057617188,101.51091902895153,101.10117124184352,101.29784842902394,10407000
2019-04-04,101.51090240478516,101.52728956259357,101.15851911549092,101.28963513472034,7503400
2019-04-05,101.64202880859375,101.7567576817364,101.2732583238145,101.30603889503449,6321800
2019-04-08,101.28145599365234,101.57647490339748,101.22409155299385,101.47813943498583,4446400
2019-04-09,101.60103607177734,101.89604864520422,101.42893654658612,101.79771320481304,7020300
2019-04-10,101.84689331054688,102.04357046750036,101.69938387976823,101.83869660543303,7519900
2019-04-11,101.24868774414062,101.63384543894227,101.13395885594346,101.56009383321073,8679300
2019-04-12,100.52751922607422,100.84712199550644,100.49473865327926,100.70780925031906,7005500
2019-04-15,100.78157043457031,100.78976088884866,100.56849983048521,100.61766756517594,3070000
2019-04-16,100.15052795410156,100.49471450736841,100.0931635285571,100.39637906486558,8927300
2019-04-17,100.19152069091797,100.44556229294061,100.06859511655867,100.08498227542117,6118500
2019-04-18,100.71599578857422,100.87989238374755,100.61765408011763,100.64223794416819,27589400
2019-04-22,100.23250579833984,100.44557640701855,100.17514135587888,100.36362809668222,6241200
2019-04-23,100.44554138183594,100.55207352290007,100.2980319737647,100.47832194499101,6239700
2019-04-24,101.26506042480469,101.28144758409428,100.87169982705416,100.88809323859833,7302000
2019-04-25,101.1175537109375,101.30604043525447,100.87989925517033,101.19950201410606,5380900
2019-04-26,101.46173858642578,101.63383189578936,101.32242584821547,101.60105757689075,5950700
2019-04-29,100.81433868408203,101.0847737131029,100.67502594267908,100.98643824964425,10246000
2019-04-30,101.33061981201172,101.40437140591979,100.74058205172926,100.75696921073511,7957400
2019-05-01,101.74861907958984,102.20028392249843,101.50225188136471,101.57616454698349,14371900
2019-05-02,101.26409912109375,101.67470694335478,101.04237365383919,101.56795116510305,6612800
2019-05-03,101.55152893066406,101.73219110833453,101.31337564349803,101.55152893066406,6191700
2019-05-06,101.83073425292969,102.14279392494298,101.77324941162783,102.08530908364112,4482500
2019-05-07,102.61088562011719,102.76691858737492,102.15100689393994,102.26597657548425,8984900
2019-05-08,102.16746520996094,102.89834680309835,102.07713096673005,102.77516317456718,6907600
2019-05-09,102.5862808227539,102.89834685056074,102.08533866110781,102.74231383665732,9411900
2019-05-10,102.44662475585938,103.02147304994205,102.3152272798539,102.56159441467591,6037800
2019-05-13,103.2514419555664,103.41568257229571,102.85725570388702,102.98043929912295,10501600
2019-05-14,102.94757080078125,103.18572403656768,102.81617331950181,103.07075437313654,5690400
2019-05-15,103.57994079589844,103.69491050022748,103.28430262322979,103.64563955990903,9566300
2019-05-16,103.23503875732422,103.33358691009333,103.08721966086027,103.31715908527545,7666400
2019-05-17,103.46495819091797,103.71953930337149,103.21859725466456,103.70311148172767,4747100
2019-05-20,103.2514419555664,103.78522709262556,103.18574320272353,103.57171554395308,6043100
2019-05-21,103.08720397949219,103.24323696462974,102.89832788047367,103.14468882685152,4021800
2019-05-22,103.6784896850586,103.74418844954009,103.24324633478196,103.28430336354862,5675300
2019-05-23,104.84458923339844,105.1894982655391,104.19582818796576,104.2040420978865,9743700
2019-05-24,104.9349594116211,104.9349594116211,104.61468573409508,104.75429092370803,4981900
2019-05-28,105.69043731689453,105.85467791847172,105.18949533709358,105.33732065004132,8098600
2019-05-29,106.01070404052734,106.67588657901679,105.93679765419604,106.48701052591885,13260600
2019-05-30,106.92227172851562,106.9469071947728,105.84648126609854,106.20781814554525,13024800
2019-05-31,108.26084899902344,108.31832757234791,107.42320561750572,107.49711201067505,18933600
2019-06-03,108.98505401611328,109.10025969990816,108.2526723356006,108.54891731628425,17822400
2019-06-04,107.74242401123047,108.42543336137254,107.42973016351307,108.12096400348588,14250000
2019-06-05,107.13349914550781,107.75889947826641,107.07589003982595,107.4050580227052,8815200
2019-06-06,107.4791030883789,108.28554257489702,107.24046731661906,107.77534795884091,9621100
2019-06-07,108.40898895263672,108.68054780617733,108.1621161261022,108.45012395999785,11378500
2019-06-10,107.38858795166016,107.5531656517856,107.24047178848936,107.53670411483097,8288700
2019-06-11,107.45441436767578,107.60253052095604,107.24046462744668,107.32274719377811,5115100
2019-06-12,107.53665924072266,107.5942683177873,107.22396550791078,107.2980235585924,5278700
2019-06-13,107.90701293945312,108.00575704210601,107.6272170544818,107.6354541006848,5560400
2019-06-14,108.17855072021484,108.3842759316772,107.87406886885066,107.88230591345022,5838800
2019-06-17,108.36781311035156,108.42540963951153,107.90699065119077,108.1209403482382,6046400
2019-06-18,108.91094970703125,109.33062468642964,108.58178178120384,109.23188058691767,10320700
2019-06-19,109.06729888916016,109.21542760650374,108.27732091823928,108.50773220613065,11962500
2019-06-20,109.35530090332031,109.86549544700325,109.1084281202097,109.37176243725338,10721500
2019-06-21,108.15389251708984,109.05908880802515,108.11275750461787,109.0426272691513,14495000
2019-06-24,108.96031188964844,109.05905598021845,108.68875308410962,108.75458666331339,6378800
2019-06-25,109.29769897460938,109.51987316761877,109.21540386547727,109.27300039669316,9604600
2019-06-26,108.59827423095703,109.19898860144593,108.52421613524116,109.1825270613504,12766800
2019-06-27,109.36354064941406,109.51989385241275,108.61471026335302,108.8780320606615,9724200
2019-06-28,109.28947448730469,109.51166126231433,108.99322963944921,109.10021078231907,8149200
2019-07-01,109.0339126586914,109.45441095122692,108.49797014115198,109.30600422954578,14131200
2019-07-02,109.87488555908203,109.9820765557049,109.2152834967647,109.30598066749877,10494300
2019-07-03,110.658203125,110.72415327713666,110.08103235441214,110.08928555925795,5380300
2019-07-05,109.19053649902344,109.28948687328203,108.56390950719923,109.28123366978379,12180100
2019-07-08,109.33893585205078,109.84189051080926,109.33893585205078,109.70172446900452,6490000
2019-07-09,109.29771423339844,109.42139904093793,108.96791324216254,109.39665201454893,6215700
2019-07-10,108.69583892822266,109.19879369700027,108.43198802868532,109.12459034941915,9470000
2019-07-11,107.2446517944336,108.34949866589324,106.98904162467971,108.26704214905675,14126800
2019-07-12,107.36835479736328,107.55798974318424,106.92310960844247,107.12099775697413,6992000
2019-07-15,107.98673248291016,108.05269519381895,107.55798115255334,107.55798115255334,6055500
2019-07-16,107.66516876220703,107.68166258469341,107.15397349503205,107.32711459728796,6172700
2019-07-17,108.82772827148438,108.85246271247176,108.05268223761486,108.0609228575776,9662200
2019-07-18,108.83599853515625,109.09984941901921,108.20937155763562,108.399006517223,5724900
2019-07-19,108.58037567138672,108.77825120728774,108.43195643836125,108.49791914402816,5804800
2019-07-22,108.78652954101562,109.24001538405456,108.62162902930217,109.22352155855243,5204100
2019-07-23,108.19285583496094,108.62160714391194,107.98672709157488,108.50617555085975,8108900
2019-07-24,108.66285705566406,108.75355423456683,108.39901872319493,108.50620972947203,6389700
2019-07-25,108.14340209960938,108.34953087187253,107.60745974306406,108.21760543815968,8893100
2019-07-26,108.39901733398438,108.6546150400427,108.21762297850353,108.58865231249476,6188400
2019-07-29,108.43195343017578,108.79474201072924,108.34125628503743,108.68756362545614,6231800
2019-07-30,108.69583892822266,108.91846155206937,108.36602530380098,108.83600500068812,5678500
2019-07-31,109.5698013305664,109.93258995507747,108.55565137102928,108.58862643639354,15798700
2019-08-01,111.7458724975586,111.8532768273591,110.0935602539423,110.2009645837428,26664800
2019-08-02,112.77861022949219,112.77861022949219,111.86157608381234,112.07638482451458,15143100
2019-08-05,114.72827911376953,114.74480576340633,113.72863741819423,114.12518876649699,18543000
2019-08-06,115.64533233642578,115.64533233642578,114.08389774432189,114.17477542348739,12747400
2019-08-07,115.68667602539062,118.1899288297438,115.48013693192158,117.64466259751052,32582000
2019-08-08,115.93451690673828,116.01712497434471,113.99304452888586,114.95138887736385,14746000
2019-08-09,115.70320892333984,116.94244355099543,115.55449421282498,116.21542186880393,10626000
2019-08-12,118.11560821533203,118.49563318579094,116.90941405197967,117.08291248190159,14094300
2019-08-13,117.7107162475586,118.89212601219567,117.27285452807436,118.80950536068707,15974900
2019-08-14,120.36272430419922,120.39576501249874,119.55309458632948,119.9248624338919,15068900
2019-08-15,121.70113372802734,122.766882862762,120.27188625755338,120.57756018316485,23588700
2019-08-16,120.7262191772461,121.04014998612905,119.66047053472978,120.66838218768036,17150500
2019-08-19,118.99954986572266,119.51177535233958,118.5616880280008,118.61126799597915,13614700
2019-08-20,120.23049926757812,120.30485029298598,119.66044952716733,120.02396023735055,7451500
2019-08-21,119.4292221069336,120.44539141667158,119.20615624659773,119.56141021721797,9372000
2019-08-22,118.63607788085938,119.5448424628688,118.53693052914824,118.96653543683595,13878800
2019-08-23,120.58570861816406,120.84181490449912,118.49552280312388,118.56988640733192,16191800
2019-08-26,120.09837341308594,120.85843592491501,120.03227937647273,120.51145168730707,12174500
2019-08-27,121.9489517211914,122.03982943317295,121.0153909168488,121.13932194563097,11332300
2019-08-28,122.10586547851562,123.01462956065672,121.99020413692891,122.9154948696226,10095900
2019-08-29,121.64322662353516,121.72583466843852,120.72619286396004,121.65148364618305,8884900
2019-08-30,121.6762924194336,121.84152114946487,120.9162301763745,121.1227692404496,13550800
2019-09-03,121.83354949951172,123.04186369758702,121.30387492738873,121.73422683518758,15660800
2019-09-04,122.01566314697266,122.17291251982388,121.22942891115959,121.27081231903249,7962200
2019-09-05,119.80591583251953,120.66664518404023,119.08589258203821,120.55077922846345,19382900
2019-09-06,120.65828704833984,120.85691969132607,120.07068600071133,120.21965101162529,9466400
2019-09-09,118.51477813720703,119.17687440961431,118.50650651161,119.03618100384861,15862700
2019-09-10,116.43750762939453,118.58930554371533,116.4126801147692,118.21688019589449,13851400
2019-09-11,116.2306137084961,116.81821511206306,116.18923030425175,116.19750193372384,10941700
2019-09-12,115.46918487548828,117.3561515648556,115.08847530939791,117.10786381553052,19163300
2019-09-13,113.00286865234375,114.79880943457458,113.00286865234375,114.44292740338183,18922200
2019-09-16,114.44294738769531,114.68296353566657,113.59050236926139,114.11190543763121,10971600
2019-09-17,115.06366729736328,115.53541536387289,114.22777811569668,114.50916505268049,9081200
2019-09-18,115.55194854736328,116.41267779871988,115.47746600496912,115.80850794568131,10984600
2019-09-19,115.89952850341797,116.68577509115124,115.84160185552312,116.49541400757444,13176200
2019-09-20,117.4306411743164,117.50512371506836,116.23059838014254,116.5037136580067,11519800
2019-09-23,117.40585327148438,118.48175886073066,117.27343140206601,117.72035205424187,15246700
2019-09-24,118.82107543945312,119.05280737774478,117.86103590741996,117.86930753791485,12421600
2019-09-25,117.08307647705078,118.80452280034481,116.80996112192567,118.56450659654826,14147100
2019-09-26,117.83621978759766,118.341067122384,117.43895417342678,117.74518132957242,9636500
2019-09-27,118.12586975097656,118.33277417416535,117.63757834307755,117.78655609456425,10386900
2019-09-30,118.41551971435547,118.42379134355676,117.38926941352686,117.42238118721507,8006900
2019-10-01,118.77195739746094,119.31085773711168,117.01434201705965,117.11382586107038,16613700
2019-10-02,119.06216430664062,119.60935088227654,118.75541394630355,118.93780947151552,12891500
2019-10-03,120.14825439453125,120.77005395245594,119.31918831729831,119.3689302578452,13470500
2019-10-04,121.03533935546875,121.0684964263427,120.3803701881937,120.50473766769076,11516200
2019-10-07,120.03213500976562,120.6539343053614,119.97410698712366,120.34718403437331,11013900
2019-10-08,120.3554916381836,120.98557714942062,119.89950287651277,120.89439204762778,14529700
2019-10-09,119.67569732666016,119.89124995978148,119.21970843876426,119.88296385292695,8608800
2019-10-10,117.8931655883789,118.70564660850663,117.50350361279348,118.65590467980064,15054200
2019-10-11,116.43402862548828,116.98121521015835,115.82881400031602,116.88171868987283,26294000
2019-10-14,117.27967834472656,117.32112152302639,116.96462922617378,117.29625055582937,5936900
2019-10-15,115.86199951171875,116.85687640496599,115.69618880460189,116.62473888489316,11832300
2019-10-16,116.00289154052734,116.11896025283191,115.53033058705188,115.7707541159182,7729500
2019-10-17,115.72100830078125,116.38426348475217,115.4888708839725,115.67126637582801,6219300
2019-10-18,115.72100830078125,116.25989602182864,115.61322569635561,115.9116898966155,6456100
2019-10-21,114.85055541992188,115.23193149044874,114.60183299571288,114.88372515677534,8038000
2019-10-22,115.52204132080078,115.67956586841136,114.94169771161067,115.55521104163559,6683300
2019-10-23,115.63813018798828,116.32625653395733,115.53864630923655,116.09411904984056,5995400
2019-10-24,115.4059829711914,116.26821868280406,115.26504327133114,115.80393110318177,6161700
2019-10-25,114.84222412109375,115.69616107610423,114.66811469749432,115.67957621420358,5669800
2019-10-28,113.79759979248047,114.0629069968334,113.57376107066945,114.0629069968334,11402100
2019-10-29,113.87222290039062,114.19555814214951,113.72298443851695,114.09606161738589,5296600
2019-10-30,115.53865051269531,115.61326342447363,114.22043846910003,114.22043846910003,10914100
2019-10-31,117.0972900390625,117.46206846396059,116.42573593170285,116.46719176310188,15834100
2019-11-01,116.73686218261719,117.3265317710141,116.09736386022409,116.8780478198124,11425500
2019-11-04,115.20038604736328,115.55750031345744,115.05088721850903,115.41631471947039,11124300
2019-11-05,113.90480041503906,114.14565617076673,113.55598663642158,113.96294238111707,13493000
2019-11-06,114.59407806396484,114.95120492545263,114.06255072457368,114.62730565102069,9351900
2019-11-07,112.517822265625,113.24867727093743,111.66239546286803,113.24037670864585,19209800
2019-11-08,112.04450225830078,112.90823012824117,111.93653152232513,112.24381725072155,10222900
2019-11-11,112.11920928955078,112.44310872059367,111.82022422454061,112.43480815612193,4577000
2019-11-12,112.63409423828125,112.90816486706797,111.94476738514149,112.35172304714861,5772900
2019-11-13,113.3649673461914,113.74700870953633,113.0908966736515,113.62242421877295,6672400
2019-11-14,114.5359878540039,114.97615848801325,114.33666028152929,114.44463096736334,10213300
2019-11-15,114.41140747070312,114.74362010340418,114.1373368009558,114.17886496412045,4657600
2019-11-18,114.6190414428711,115.11735408095635,114.55259891295194,114.78515410397738,5943900
2019-11-19,115.57411193847656,115.64055445309482,114.91800002700488,114.91800002700488,7893100
2019-11-20,116.77003479003906,116.77003479003906,116.08070805831264,116.1969792737477,7905500
2019-11-21,116.03919982910156,116.33818481620585,115.54088729305634,115.97275731278792,5980900
2019-11-22,116.1886978149414,116.50429663140721,116.00598404463126,116.35481045894373,4664800
2019-11-25,116.52920532226562,116.7119190836835,116.4212346434419,116.52090475951569,4157300
2019-11-26,117.21025085449219,117.35973704417815,117.05245142807904,117.10228015797436,4281100
2019-11-27,116.8697509765625,117.02755042098732,116.62059462602954,116.77009350539669,4095700
2019-11-29,116.62059020996094,116.83651894684978,116.08906259617322,116.78669021315373,6251100
2019-12-02,115.06565856933594,115.3651575791448,114.76615955952708,114.92423024448193,17702200
2019-12-03,117.47830200195312,117.94418656523438,116.41340667879305,116.50492062475203,13062400
2019-12-04,116.30523681640625,116.88759238907336,115.81439516904393,116.75447891692104,8586300
2019-12-05,115.73953247070312,116.00575946460921,115.30693264720837,115.35684703496533,7273800
2019-12-06,115.09893035888672,115.7395151651889,114.6912750958218,114.83270340478721,7931100
2019-12-09,115.34852600097656,115.73122415266022,115.2819819431557,115.63139537152642,4016900
2019-12-10,115.35684204101562,115.9308828641731,115.1488569714311,115.78944184578255,4947600
2019-12-11,116.26367950439453,116.58813577663064,115.83106690994505,115.88930883556887,6256700
2019-12-12,114.3501968383789,115.87264917917086,113.65137000160946,115.7977775954603,14857000
2019-12-13,115.67295837402344,116.14717037539742,114.16714866198298,114.90757492293545,11335100
2019-12-16,114.63304138183594,115.19045252001901,114.33354238426925,115.14052544175725,9156600
2019-12-17,114.47496795654297,115.0905955336559,114.15051181081076,114.98245194801122,6179700
2019-12-18,113.53488159179688,114.35017944400893,113.3768109206292,114.22539349013981,6244700
2019-12-19,113.71654510498047,114.04152043133186,113.12491683664227,113.32490654313239,6591100
2019-12-20,113.8664779663086,113.89981592680834,113.26652182437849,113.43318619746415,5455700
2019-12-23,113.69985961914062,114.13316422963901,113.32489009925426,113.99983777799177,5175000
2019-12-24,114.02484893798828,114.20816965289757,113.23324369526824,113.25824081869116,4667400
2019-12-26,114.29984283447266,114.34150894975627,113.74988062804057,114.08319683559633,5290200
2019-12-27,114.42483520507812,114.68314730574905,114.39982536544336,114.52482370476685,7300500
2019-12-30,114.00816345214844,114.07481395438988,113.04156587843637,113.23321468047476,7979700
2019-12-31,112.89159393310547,113.70820897449529,112.8082744306263,113.49989114623055,10707400
2020-01-02,114.16654968261719,114.59985452158732,113.88324035951695,113.98322889361893,11034100
2020-01-03,115.92471313476562,115.95805111101485,114.89146473586547,115.2164400733764,12366000
2020-01-06,115.26644897460938,116.41636772183597,115.11645349184697,116.39969873159255,11369800
2020-01-07,114.6998062133789,115.38309488284425,114.6914780764511,115.17477702723353,8381200
2020-01-08,113.94156646728516,115.24979630559103,113.59159391089665,114.93314901969461,10621700
2020-01-09,114.34156799316406,114.52488882330417,113.24998386851513,113.32497528592158,7411500
2020-01-10,115.3580551147461,115.38305223100205,114.68310754641868,114.7164327965239,8776000
2020-01-13,115.00811767578125,115.06644005984246,114.48315264567022,114.8914601929468,5966900
2020-01-14,115.59980010986328,115.67480423949777,115.10817277023835,115.14149804973862,13920300
2020-01-15,116.36636352539062,116.45802390184345,115.84141110999221,116.25804687301145,6290500
2020-01-16,115.99972534179688,116.26636559688782,115.60808673909261,116.04137874295458,6798600
2020-01-17,115.00811767578125,115.1081061711502,114.45815552182799,114.6414762398124,9693100
2020-01-21,116.21637725830078,116.3663600254137,115.63308975056039,115.66641501612523,6794900
2020-01-22,116.62467956542969,116.7746623257194,116.31636047808946,116.42468983699658,6317000
2020-01-23,117.4412841796875,117.80792566447413,117.30795769163532,117.3662927981758,9747400
2020-01-24,118.39118957519531,118.78282810914608,117.74123896879003,117.84122745755663,8585000
2020-01-27,120.23269653320312,120.23269653320312,119.57441787595404,119.94938737513185,10935200
2020-01-28,119.2911605834961,120.06609703774444,119.00785130224713,119.93277053549255,10612900
2020-01-29,120.45768737792969,120.57434484193205,119.51608681616854,119.52442766591084,9566800
2020-01-30,120.4743423461914,121.3826048327321,120.23268659655969,120.7409824980133,14711800
2020-01-31,121.57428741455078,121.64929150079593,120.89933964132861,120.96600287648428,14538100
2020-02-03,121.47578430175781,121.6594095736081,120.29057474261921,120.98334049808437,15309000
2020-02-04,119.83987426757812,120.30727945044609,119.4058497109853,120.18208618211933,11388300
2020-02-05,118.52947998046875,119.1053945902056,118.43766732187537,118.77153732395966,10782600
2020-02-06,119.06365966796875,119.25563969578381,118.52113842444572,118.67137037403485,6683100
2020-02-07,120.54930114746094,120.8080550793132,120.08189605325518,120.37403060505059,11374800
2020-02-10,120.88324737548828,121.23380141755129,120.75804131599614,121.10860809390081,6699300
2020-02-11,120.27387237548828,120.7913547518906,120.1403244280834,120.68284545264498,7784100
2020-02-12,119.66458892822266,119.81483358350474,119.34742840855753,119.66458892822267,5595500
2020-02-13,120.12368774414062,120.35739040090077,119.58116644862733,119.72305643767174,7883400
2020-02-14,120.64952087402344,121.09188751142219,120.5660501841659,120.82479149254942,7137400
2020-02-18,121.47578430175781,121.90146685733585,120.95830184608981,121.30885570984896,6909200
2020-02-19,121.4674301147461,121.54254606317602,121.00836698128448,121.12521825745344,5707700
2020-02-20,122.41893005371094,122.64429062204289,121.85971235408465,121.92648632751016,9332900
2020-02-21,123.56245422363281,124.26357486109083,123.23693893103523,123.36214495793483,13860300
2020-02-24,125.4070053100586,125.99961639648868,125.1983414077124,125.89110709180181,15929300
2020-02-25,126.07476043701172,126.66735891965213,125.315220606629,125.37365262550615,20802900
2020-02-26,125.4070053100586,126.63395007472089,124.84778758007087,125.15660608007639,22589500
2020-02-27,126.76746368408203,127.76904759682074,125.89107298449925,127.45187447571848,30687900
2020-02-28,129.63037109375,130.18958886876638,128.67052216000332,128.9125667024476,44935200
2020-03-02,128.67665100097656,130.81652307572142,128.52618446981663,129.81345963501522,28152400
2020-03-03,130.67442321777344,133.49136278808763,127.35594555121601,128.56798107005292,38608000
2020-03-04,129.28688049316406,131.52706843949775,128.88565756048007,130.74133116178325,23463700
2020-03-05,132.50503540039062,132.75580447635576,131.0756605956409,131.34315101124238,17786200
2020-03-06,139.40109252929688,141.54096449306604,137.17762663536928,139.84411229892206,76288300
2020-03-09,143.17929077148438,150.20911391891684,142.38519949577758,149.70758862856417,41552800
2020-03-10,135.84017944335938,144.55013248572112,135.43895670035934,141.8000660685019,37728300
2020-03-11,130.84164428710938,139.618474771544,130.0893496331599,138.28104788158043,29519300
2020-03-12,131.65237426757812,139.05834326037163,130.1143432420102,136.6760571003404,24361800
2020-03-13,128.67665100097656,132.23753067960882,127.21384642984229,129.56269058617775,19812900
2020-03-16,137.01048278808594,138.8828648062389,131.91155799655323,134.05979749623623,30496700
2020-03-17,127.87420654296875,138.4482026775541,127.64852585357914,136.6677562667214,18570900
2020-03-18,120.66045379638672,128.84379278233217,116.19680159486703,127.75713568825974,47061000
2020-03-19,123.94552612304688,128.2670674528313,121.41278538967849,122.83379306362022,21175300
2020-03-20,133.2656707763672,133.2656707763672,127.14697481267252,128.1416839694497,20863100
2020-03-23,138.75741577148438,139.33418056452982,130.87499761223478,131.65236737354692,19971800
2020-03-24,136.174560546875,138.29771113159012,134.0848398807747,134.78698296347014,11948600
2020-03-25,135.86524963378906,139.32582594603323,135.09623409269486,136.742934712145,10750600
2020-03-26,136.5339813232422,138.48995673316634,135.63958754368568,137.0856706197774,10576200
2020-03-27,140.1785125732422,140.6382538440184,137.5788985744685,138.35628158771695,12550000
2020-03-30,139.02491760253906,142.19292795075688,138.707276036912,140.67997250124344,13473200
2020-03-31,137.89646911621094,139.52644845766858,137.5537519136211,138.50666389436873,11464800
2020-04-01,139.8284912109375,141.43572655274545,139.29275035469135,141.03391133075868,11334700
2020-04-02,140.71578979492188,141.65333287498842,140.01261971180548,141.32686606867478,5771200
2020-04-03,141.0506591796875,142.5825462097783,140.74930414470128,141.09251652931027,6570800
2020-04-06,140.68235778808594,140.85815357582456,139.4016018746549,139.7950380334811,9434800
2020-04-07,139.20901489257812,139.3094622873409,137.04094013517164,138.08730974083883,13811400
2020-04-08,138.19618225097656,139.11699300469115,137.39257720507285,138.21292774824553,10147100
2020-04-09,138.44729614257812,138.78212940726257,137.0995711766572,137.51811914404792,14259100
2020-04-13,137.18331909179688,138.7152065560892,137.18331909179688,137.91158864399014,8750300
2020-04-14,137.14976501464844,137.90315885568722,136.84841003284643,137.14976501464844,9019100
2020-04-15,140.7828369140625,141.13442856868005,139.57742908009052,139.62765280987168,10027800
2020-04-16,142.38165283203125,142.574194104934,141.48596677128026,141.68686163264516,8265400
2020-04-17,140.47303771972656,143.00943685569746,140.02101162858233,142.1556083754175,8612100
2020-04-20,141.60313415527344,141.7119479278609,140.59862171043292,141.00042413375536,6462600
2020-04-21,143.3861541748047,144.1060571752112,142.95923985492772,143.92189505140465,7850700
2020-04-22,141.92127990722656,142.6328167652958,141.2265013221941,142.28123790452037,6230200
2020-04-23,142.6746063232422,143.08477507934577,141.9798152953319,142.19745559912016,5968600
2020-04-24,143.0093994140625,143.0093994140625,141.94629727170198,141.97977547325343,6211800
2020-04-27,140.34747314453125,142.09700015453552,140.16331106210268,142.02166460437851,9039500
2020-04-28,141.963134765625,142.1807879420792,141.0088456537664,141.09256037902935,9905400
2020-04-29,141.22647094726562,142.52395952115663,140.59864895096823,141.9128830212204,8619600
2020-04-30,139.577392578125,141.66175345739404,139.55228071980162,141.25158458939788,11606100
2020-05-01,140.7726593017578,140.90677148647012,139.5070091313452,140.39547997319104,10209400
2020-05-04,140.1105194091797,140.54636488175996,139.540548944788,140.44578712495584,8300900
2020-05-05,139.2135772705078,139.36445660738025,138.52627501703753,138.77773205206756,7831800
2020-05-06,136.96728515625,137.1600633809155,135.8273574453623,136.81640578808316,14721500
2020-05-07,139.25552368164062,139.44830191446027,136.9086120847033,137.0930131037966,9164800
2020-05-08,137.44505310058594,138.63526976614622,137.19359599329522,137.87253401987206,8129800
2020-05-11,136.37216186523438,137.64620164745904,135.86926051225686,137.17682193549152,8713500
2020-05-12,137.77200317382812,138.24138315625686,136.7326654383489,136.75780988100436,10057300
2020-05-13,138.73590087890625,139.38129186924712,138.15755319979695,138.37547593540825,13305600
2020-05-14,140.09373474121094,140.94029393139553,140.01830143300123,140.2446141472723,10080000
2020-05-15,139.73330688476562,141.2252696084484,139.41479367758373,141.06601300485747,7225600
2020-05-18,136.66555786132812,138.35029883301482,136.13749918513417,138.24133109611373,10073100
2020-05-19,137.1768341064453,137.2103557504295,136.18777294878436,136.22130738240762,8639100
2020-05-20,137.5875701904297,138.04857284837922,136.52308825892354,136.766155411492,10927300
2020-05-21,137.93113708496094,138.60168480152313,137.704824512824,138.182594077376,8920000
2020-05-22,138.76101684570312,138.86997179633062,137.9731238091431,138.06532433022227,4956700
2020-05-26,136.9002685546875,137.28582511519127,136.6068997367735,137.21878180960644,8098900
2020-05-27,136.64878845214844,137.38639258616487,136.2799863851402,136.44762020024206,8047400
2020-05-28,136.14585876464844,136.26321649050394,135.5004680102762,135.7519250992087,10272600
2020-05-29,137.11814880371094,137.53723967684874,136.07881162369782,136.38055756394257,14632700
2020-06-01,136.19496154785156,136.3292460731931,135.68301300030453,136.04390106140025,13341400
2020-06-02,135.69976806640625,136.03546649031207,135.33049211646545,135.68297930338878,11517100
2020-06-03,133.8954315185547,134.55845357870953,133.39188359049527,134.43255699213358,12255700
2020-06-04,131.95677185058594,133.45065278422803,131.9232071041814,133.37512250025472,14038600
2020-06-05,131.0167999267578,131.05876546261246,128.54098698433725,129.7579106876202,17778500
2020-06-08,131.52032470703125,131.63782049157913,130.127151257335,130.14394002829326,10346700
2020-06-09,133.01416015625,133.97930285941106,132.85469890131063,133.48414313539192,9095300
2020-06-10,134.9864501953125,135.03680369966065,133.48418182258195,133.64364312373738,13135500
2020-06-11,137.53782653808594,137.83155962728338,136.4887523493492,137.00908904901658,17086400
2020-06-12,136.2117919921875,137.3531851946718,136.0019771594226,136.3041110308473,9716100
2020-06-15,136.2873077392578,137.82315368820642,136.07749292884537,137.54619660173242,7759800
2020-06-16,134.19752502441406,135.31374116461618,133.19041666520297,133.7862962611295,13698900
2020-06-17,134.75148010253906,134.92773020191234,133.7275826640961,134.50810052406132,7113900
2020-06-18,136.1781463623047,136.3627843473105,135.6326331922896,135.99350837729887,7691400
2020-06-19,136.2873077392578,136.3796267680825,135.04520764731853,135.12073790560785,8565500
2020-06-22,136.3040771484375,137.15172425191074,136.01873212026766,136.95869823945205,9319700
2020-06-23,135.3725128173828,136.01034520530146,135.22143950077518,135.5235733279112,9088600
2020-06-24,136.8244171142578,136.8747706138857,135.55714041800235,135.5655283992476,11436500
2020-06-25,137.21885681152344,137.93223213756156,137.13492578278587,137.81473638097518,10968000
2020-06-26,138.6875457763672,138.7463000516003,137.78953252518028,137.84828680041338,12119300
2020-06-29,138.2510986328125,138.7043055565232,137.9573657362555,138.351818397011,7274400
2020-06-30,137.57965087890625,138.72104304340985,137.20198708459267,138.67068957831063,14841700
2020-07-01,137.3125457763672,137.43017931458257,136.24543329471,136.79999689819428,13181000
2020-07-02,137.45538330078125,137.58142747462026,136.32106266279334,136.7075673586077,7599800
2020-07-06,136.89247131347656,136.97650079304046,135.90938794385193,136.39673071890576,7972700
2020-07-07,138.8166046142578,138.92582752757244,137.12770733463472,137.31256189082328,12791900
2020-07-08,138.26206970214844,138.57295569262723,137.65709335990445,138.06881728815608,7253900
2020-07-09,140.46353149414062,140.69879869390658,138.30411194891008,138.35452451727411,13373100
2020-07-10,139.75767517089844,141.33733674030483,139.61483534276425,141.11886526813836,8478000
2020-07-13,140.21981811523438,140.2870391235706,138.8334088578558,139.06027815835347,8054000
2020-07-14,140.4214324951172,141.2784841063841,140.30379896581334,141.10202740188177,11344600
2020-07-15,139.76612854003906,140.2786776899303,139.33760888531722,139.41322773830916,7840300
2020-07-16,140.4298553466797,140.96761050185552,140.35422371183282,140.6567117879376,9107400
2020-07-17,140.13580322265625,140.6567500650661,139.8753298014513,140.5475271336207,8549900
2020-07-20,140.4803009033203,140.84159942355416,140.1526064789535,140.74917213354829,6907200
2020-07-21,140.5642852783203,140.92559653669008,140.38784137861182,140.57269591617882,8454400
2020-07-22,140.9844207763672,141.54739508235238,140.90040413717063,141.37933616176815,6592100
2020-07-23,142.63131713867188,142.74055288341418,141.56420443084951,141.93391357819564,10471800
2020-07-24,142.62290954589844,142.7741471933952,141.89188911970965,142.00952267479465,7520700
2020-07-27,142.0935821533203,143.09347399330804,141.99275703369085,143.05145925309623,6146400
2020-07-28,143.07664489746094,143.12705745000483,142.3624328801646,142.45486016686064,8520700
2020-07-29,142.83290100097656,143.1689930462224,141.98424743193283,142.88331352565447,6733700
2020-07-30,143.77401733398438,143.90004868806196,143.4715292631042,143.72360479235334,9376100
2020-07-31,143.681640625,144.0681582819997,142.79098455320323,142.9674285109977,8886000
2020-08-03,142.95819091796875,142.99184522397638,142.1338401157796,142.36096175758166,9066200
2020-08-04,144.3209686279297,144.32937579028874,143.60596193117522,143.6984920585745,9878900
2020-08-05,143.0591278076172,143.47129675302276,142.73947610680816,143.0507078142133,6954100
2020-08-06,143.8582763671875,144.89292179393462,143.52179743974546,144.161100984206,9481800
2020-08-07,142.89932250976562,144.26202676018588,142.6469665431136,144.07696657366492,8176900
2020-08-10,142.25994873046875,143.21048350657665,142.21790011959956,143.18524920591463,6408500
2020-08-11,140.56930541992188,140.88895727940383,139.5346597107594,140.61977406397435,19234200
2020-08-12,139.29066467285156,139.69443936223246,138.78596556416232,139.3831947680816,11744800
2020-08-13,137.80181884765625,139.28228785852548,137.25504531658788,139.05516615068598,12744700
2020-08-14,137.263427734375,138.07937146789865,137.24661341487027,137.79337401201735,6398100
2020-08-17,137.6082763671875,138.34010979795806,137.47368483562568,137.9279280458081,6901500
2020-08-18,138.5924530029297,138.6849830765442,138.02886540377042,138.25598700907054,8140600
2020-08-19,137.72605895996094,139.30747757653577,137.36435861083524,139.1055902524975,12497700
2020-08-20,138.97096252441406,139.3410699015817,138.73542097843165,139.12236833752553,10319900
2020-08-21,139.8037567138672,139.9131139421588,138.80275301433596,139.44205639775714,6836000
2020-08-24,139.5766143798828,140.45144640563947,139.5177386132502,139.9046860160567,6490600
2020-08-25,138.5083770751953,138.87007746601333,137.8101977721951,138.24761394035292,10518300
2020-08-26,137.97845458984375,138.23081060863197,137.34757096055336,137.99528174719237,8276600
2020-08-27,135.63157653808594,138.64299601100186,135.56428074236396,138.59251453768988,19860100
2020-08-28,135.5305938720703,136.3128960784872,135.12683203008348,136.07736726771506,8415400
2020-08-31,136.43060302734375,137.3222492690947,135.90065700860976,135.934311301894,11388100
2020-09-01,137.99111938476562,138.1679719504736,135.734209257377,136.22264512710927,10587000
2020-09-02,139.30491638183594,139.42281387599843,137.6796142944627,137.6964476151551,15167700
2020-09-03,139.70068359375,140.8375621048764,139.32172837332786,139.58278612851066,16416600
2020-09-04,137.04794311523438,138.69850713376132,136.80371874983055,138.4542956182136,13780300
2020-09-08,137.89007568359375,139.17010129188773,137.89007568359375,138.42060771011245,13790400
2020-09-09,137.51954650878906,138.31956578047024,137.06479005550847,138.05850807759234,9558900
2020-09-10,138.21849060058594,138.40375981249866,136.38264464159295,136.8121382009612,8847700
2020-09-11,138.51321411132812,138.58901539955315,138.17636804088718,138.370053888898,5458200
2020-09-14,138.5048065185547,139.0185051619904,138.30269115315457,138.77428082256674,4274900
2020-09-15,138.16802978515625,138.50487604672875,137.93222198222207,138.25223492561878,6928500
2020-09-16,137.75527954101562,138.85846500294335,137.24999767531745,138.7658304225604,8815200
2020-09-17,138.1763458251953,138.9174224808414,137.94055104382645,138.8668840135322,7813900
2020-09-18,137.74691772460938,138.31114208433823,137.55321898406524,138.25218694160128,7246300
2020-09-21,138.4459228515625,139.28805136732592,138.2269740634141,138.8585704502367,11086900
2020-09-22,138.33636474609375,138.85006331999145,137.9995058493599,138.47952495851075,10524100
2020-09-23,138.5216827392578,138.5553622158727,137.6711249689058,138.36167631315763,6224800
2020-09-24,139.05221557617188,139.05221557617188,138.63115144194185,138.91748481911006,8278100
2020-09-25,139.05221557617188,139.3048566266814,138.70695275199503,139.043798919436,5140300
2020-09-28,138.65640258789062,138.86693463728,138.42060772056305,138.8416718193418,4470100
2020-09-29,138.81639099121094,139.1532499364434,138.58059615447564,138.7827115216151,10297600
2020-09-30,137.48583984375,138.1090193129395,136.88793604142435,138.1090193129395,12971000
2020-10-01,137.71258544921875,138.03292980952673,136.65040927059553,136.9960297579516,11523900
2020-10-02,137.1984100341797,137.97396939524668,136.71789329936772,137.92339139435578,8828800
2020-10-05,134.51760864257812,135.68094069531176,134.47545604097033,135.68094069531176,14726000
2020-10-06,135.24256896972656,136.0687187513165,133.76731804095962,134.31527610383057,22419400
2020-10-07,134.2563018798828,135.2341858885077,133.9191067074052,134.50920469082666,9429200
2020-10-08,134.9812774658203,135.09087168074632,134.59350431990956,134.8548324971909,8431500
2020-10-09,134.95599365234375,135.10774048369458,133.8769536680514,134.47548988993717,8441500
2020-10-12,135.38587951660156,135.453308234062,134.97280465895042,135.24255811829093,3962000
2020-10-13,136.35536193847656,136.42280353742063,135.87484536968876,135.9001472245663,7914300
2020-10-14,136.66726684570312,137.19836139311656,136.5408218883045,136.8443026492308,6954800
2020-10-15,136.43125915527344,137.56931548706797,136.2626615521264,137.44285763732825,9458800
2020-10-16,136.05181884765625,136.835815820948,135.80735441874995,136.2794325319234,8416300
2020-10-19,135.53765869140625,135.70625626769672,134.92227174951933,135.3016195119655,9286600
2020-10-20,134.24795532226562,134.88863167139516,133.9950523628375,134.76218662327054,11189000
2020-10-21,133.78414916992188,134.348957844789,133.50595751874897,133.86001611210608,10453700
2020-10-22,132.3932342529297,133.72517661825356,132.32579266774235,133.4385466654156,12664900
2020-10-23,133.2025604248047,133.37117088628804,132.1403839785896,132.19096197176572,8783800
2020-10-26,134.44174194335938,134.89696950411016,134.04553060325634,134.21414102615324,7227300
2020-10-27,135.34373474121094,135.4701796727133,134.79577669064443,135.0739684031166,6062300
2020-10-28,135.47021484375,136.1109036314774,135.0487144784221,136.0434620294445,11765800
2020-10-29,134.15516662597656,135.57984024665467,133.5903575500768,135.49553500892557,11932400
2020-10-30,132.83160400390625,134.3321439670256,132.83160400390625,134.06237761433698,13095400
2020-11-02,133.82656860351562,134.3413516000272,133.61559217669907,133.92783316775424,10810500
2020-11-03,133.05010986328125,133.3201528575212,132.52687983204993,133.21045392719216,16228700
2020-11-04,135.9363250732422,136.8561791509169,135.48060880635376,136.4089101818832,21570800
2020-11-05,136.1726531982422,136.49334155300875,135.51440764255005,136.40894581428645,18537500
2020-11-06,134.5270233154297,134.9574106269894,134.13038656915728,134.70423631790356,12408400
2020-11-09,131.699951171875,131.77589961152168,130.49317192977088,131.6240027322283,23245000
2020-11-10,130.94046020507812,131.4889939633107,130.6197717991665,130.77168157769762,12561000
2020-11-11,131.41302490234375,131.59868522643936,130.78009549119463,130.8222933606676,5888200
2020-11-12,133.6493377685547,133.6746539086728,132.24846413309695,132.4425588329954,15999700
2020-11-13,133.47215270996094,133.7590776093098,133.26117624685477,133.64093130504958,7344600
2020-11-16,133.15138244628906,133.5733351129022,133.0079200848774,133.10918460423306,6310400
2020-11-17,134.02069091796875,134.31606312714823,133.8350305939671,133.98694034859656,7444600
2020-11-18,134.40887451171875,134.6620488160772,133.63248275480484,134.55233694622652,10333300
2020-11-19,135.10089111328125,135.6325559456924,134.8899146403539,134.99962652691036,10637200
2020-11-20,136.29922485351562,136.32454099805022,135.3540544522751,135.47220075243018,7246800
2020-11-23,135.67471313476562,135.8603734054316,135.26119473610447,135.71691099209482,11300000
2020-11-24,134.324462890625,135.04178785526628,134.18943489401371,135.01647171552398,10891700
2020-11-25,133.91091918945312,134.94893223076244,133.86028691953092,134.39195150766614,9145800
2020-11-27,135.21060180664062,135.2527996762501,134.67050255579213,134.69581870216143,4708200
2020-11-30,135.0418243408203,135.47221170969988,134.8224005677985,135.05025876402038,13071600
2020-12-01,133.0507354736328,134.09825066637455,132.3580206953403,133.93774295481336,13662800
2020-12-02,131.9947509765625,132.56918594555856,131.34427723451853,132.52695793733596,12114300
2020-12-03,133.05914306640625,133.32103146243924,132.2735165486419,132.57763295005972,9626500
2020-12-04,131.10781860351562,131.6062279744301,130.7445750284789,131.52175901959632,12734500
2020-12-07,132.29039001464844,132.52692351575394,131.93557687288111,132.0791984679393,9316100
2020-12-08,132.91554260253906,133.53223135690538,132.79727582185868,133.10984815588796,7397200
2020-12-09,132.47625732421875,132.89864047412618,131.79198579367565,132.24816681403772,7750100
2020-12-10,133.6505584716797,133.71812847104687,132.4847761857646,132.83113366058257,10025100
2020-12-11,134.1236114501953,134.647362674992,133.7434690163875,134.02223068176093,8135900
2020-12-14,133.75181579589844,134.05593210212783,132.7212001409048,133.0422153780657,7535900
2020-12-15,133.30418395996094,133.80259320483324,132.89024364856115,133.28728501721983,6847500
2020-12-16,132.9493408203125,133.38016704602208,132.11301743969844,132.2735251189174,9954200
2020-12-17,132.59756469726562,134.00134300530297,132.2846662673401,133.7222777100743,9422700
2020-12-18,132.20013427734375,133.0880671296955,132.07327935354346,132.86819042320002,6505000
2020-12-21,132.72442626953125,133.0542284118889,132.30160234837723,132.93583823010826,8988200
2020-12-22,133.4093475341797,133.46854905403163,132.8343134167687,133.240220611621,7370800
2020-12-23,132.48760986328125,132.50452642852272,131.46438347844767,132.4453249019569,9266600
2020-12-24,133.01187133789062,133.13026145549605,132.63979732795576,132.6820693743073,3117100
2020-12-28,133.07107543945312,133.14718060863376,132.00556436025812,132.24234460007924,7791100
2020-12-29,132.90196228027344,133.01188767926956,132.22544170931818,132.25081010166778,9030900
2020-12-30,133.1894989013672,133.21486729744467,132.49606166575992,132.6144647188662,9097300
2020-12-31,133.38397216796875,133.67995394464103,133.1471919080535,133.155656641051,7742100
2021-01-04,133.22329711914062,133.76451098531328,132.37764964677356,132.48758794731933,13152900
2021-01-05,132.2339324951172,132.72440973096573,131.6335298278884,132.72440973096573,10458100
2021-01-06,129.51942443847656,130.10292350438962,128.7837020536653,130.07755510183355,22827300
2021-01-07,128.37786865234375,128.6823025619263,127.91275949831916,128.36095207304214,14651900
2021-01-08,127.96343231201172,128.50464639219302,127.40530166269807,128.09872615438593,13622500
2021-01-11,127.751953125,127.87034323949514,127.26147610679021,127.69275161597507,8370700
2021-01-12,127.6505126953125,127.82810438286846,126.78794846236528,127.51520597179935,12186300
2021-01-13,129.08802795410156,129.4432111003075,128.17474041787526,128.25084556196896,12533300
2021-01-14,127.87887573242188,129.07969419506557,127.51524042766734,129.0289573859284,14835500
2021-01-15,128.38626098632812,128.84290514137854,128.09027908154005,128.69914655731523,11624700
2021-01-19,128.8006134033203,128.8428983737207,128.12409258759845,128.21711436105474,9575600
2021-01-20,128.92745971679688,128.94436338098072,128.36086437762665,128.53000424794877,5368900
2021-01-21,128.02259826660156,128.327031939239,127.7773661236577,128.06488323015995,8162700
2021-01-22,128.43690490722656,128.54683027227054,128.0479015054211,128.41153652271237,9507200
2021-01-25,129.9506378173828,129.96755437882192,129.07962200482584,129.18109556634917,8712600
2021-01-26,129.70547485351562,129.89151841780847,129.3164711544772,129.468694481427,7690300
2021-01-27,130.03524780273438,130.6525669982082,129.83228771357219,130.2889446882972,7895200
2021-01-28,129.31640625,129.77306309808887,128.67371883455036,129.72231341220208,10667800
2021-01-29,128.5384063720703,128.95277824841813,127.9464557655416,128.04792932564496,14965900
2021-02-01,128.68740844726562,128.99219493138128,128.25563297748235,128.39955813407678,8165500
2021-02-02,127.85771942138672,127.9169766430147,127.4344055695651,127.6206646978477,9177500
2021-02-03,126.72325897216797,127.49369346830598,126.63860393254235,127.35822990268501,9633100
2021-02-04,126.3846206665039,126.5624182220141,125.9782428634316,126.28302944536519,8262600
2021-02-05,125.32636260986328,126.63017718065797,125.3179009791252,126.23226092112506,10258900
2021-02-08,125.8766860961914,126.36773204735776,125.33484451533926,125.5549761353407,11574800
2021-02-09,125.96974182128906,126.71477840231898,125.8596889943749,126.33379848466132,5218300
2021-02-10,126.80791473388672,126.80791473388672,126.26607344203396,126.38460082092314,8079800
2021-02-11,126.11371612548828,126.81640601703573,125.93591855631949,126.7232764176651,11962700
2021-02-12,124.54743957519531,125.3686697289724,124.4797077882478,125.04694697060108,14088400
2021-02-16,122.65098571777344,123.31982902574588,122.47320108447647,122.9473106646246,17789100
2021-02-17,123.4298324584961,123.92935256193566,122.74406616757653,123.56529597531062,11199100
2021-02-18,122.93035888671875,123.2690177713554,122.18533517754918,122.43085156520965,10755300
2021-02-19,121.29635620117188,122.1853178845688,120.94077411151584,121.96518641108148,12741700
2021-02-22,120.37355041503906,121.6943008102761,119.98410880960448,121.09318930817045,13203900
2021-02-23,120.02642822265625,120.64446290667814,119.4930485685124,119.8147712701884,12658500
2021-02-24,119.23908233642578,119.52693275095264,117.81675352216281,117.97761490631542,17363100
2021-02-25,117.29182434082031,118.46017498430572,115.65783868413511,118.12152898952104,52621700
2021-02-26,121.16938018798828,121.32177992670366,118.2569781624777,119.17981238602034,45423300
2021-03-01,119.56906127929688,119.86574284716663,118.74684280909544,119.23000771664373,22048000
2021-03-02,119.57750701904297,119.62836374344492,118.91633079963718,119.0095724390608,12482200
2021-03-03,118.28058624267578,118.79765112208153,117.6194230111811,118.14497263333618,19763700
2021-03-04,117.51771545410156,118.61965853978039,116.9413220168891,118.35689018257708,22366600
2021-03-05,117.74658203125,118.1110638290827,116.96674877941439,117.11931894574634,20598000
2021-03-08,116.83109283447266,117.73806766337525,116.83109283447266,117.67873914719402,15236600
2021-03-09,118.45015716552734,118.51797045513267,117.79746557038077,118.05176217288512,14463400
2021-03-10,118.68753051757812,118.79771582680172,118.0602671132564,118.50104715234913,12387600
2021-03-11,117.83135223388672,118.14499027909751,117.36515693917033,117.96697879754214,14150700
2021-03-12,115.33080291748047,115.66986934317374,114.98326468141796,115.61899967877352,20402700
2021-03-15,116.0089111328125,116.2038662241322,115.62747275968775,115.69528603798598,11366500
2021-03-16,115.542724609375,116.22931639664749,115.06804450627612,116.14455948341569,15567900
2021-03-17,114.67808532714844,114.88152513637247,113.71176886793695,114.55941533861575,27107500
2021-03-18,113.5168228149414,113.98303099764541,112.89804446374866,112.99975790940782,21615100
2021-03-19,114.22037506103516,114.28818833857605,113.41511340808479,113.65245341244784,18685000
2021-03-22,115.50033569335938,115.627490459906,114.74593064114046,115.01718379585672,17047500
2021-03-23,116.5429458618164,116.58531784826597,115.4070894887958,115.78005609479703,16768400
2021-03-24,117.17017364501953,117.21255855739984,116.08518714519177,116.17842877880476,13863000
2021-03-25,116.24628448486328,117.53471127399187,116.20389955701131,117.30584301084244,20782000
2021-03-26,115.83939361572266,116.33103022193484,115.46642702245401,115.6359537646503,8433300
2021-03-29,114.8561019897461,116.00042995072151,114.40685037462164,115.98347339900192,13968100
2021-03-30,115.45796203613281,115.71224569742539,114.440775654714,114.68660043937966,15020800
2021-03-31,114.813720703125,115.78003723670783,114.41532579651931,115.56812560272861,19271300
2021-04-01,116.71929931640625,116.81266848721204,115.6922513892933,115.90445287278366,14885900
2021-04-05,116.21002197265625,116.26094825573264,115.38667919158664,115.90445132244741,8243000
2021-04-06,116.99942016601562,117.11825249224633,116.29490960630781,116.42223828196711,9282400
2021-04-07,116.18457794189453,117.22012237394902,116.18457794189453,116.6683906624513,11052700
2021-04-08,117.14364624023438,117.19458545137262,116.5919278278095,116.61739095750637,7847900
2021-04-09,116.71929931640625,117.29649408641039,116.36280237835253,116.71081591969688,8717800
2021-04-12,116.66834259033203,116.73624860154028,116.37126836201165,116.67683893657514,7659000
2021-04-13,117.54263305664062,117.56809619655853,116.45616258097813,116.54104834853757,13232800
2021-04-14,117.16914367675781,117.3389151934383,116.77021687745392,117.16066028162311,7293200
2021-04-15,119.12989807128906,119.6646369129855,118.37446143458433,118.3999245722009,23896700
2021-04-16,118.20470428466797,118.60364409149037,117.9245967850852,118.06890518478701,15238400
2021-04-19,117.86517333984375,118.24713335765908,117.60204561538761,117.76332078889263,13886800
2021-04-20,118.40848541259766,118.6291704001965,117.50025640441753,117.51723615785036,11476500
2021-04-21,118.64610290527344,118.75645183100718,118.04345789184724,118.44238480047694,11902200
2021-04-22,119.16386413574219,119.16386413574219,118.15378300556596,118.83283034072021,14156400
2021-04-23,118.88378143310547,119.23179504586162,118.39996868638028,119.15540560455027,12302200
2021-04-26,118.71401977539062,119.26573855091178,118.70553637715676,118.96016784170313,9103500
2021-04-27,117.67845153808594,118.68004925270088,117.58508236936548,118.48481456698966,14137300
2021-04-28,117.75481414794922,117.89062617184406,117.10124306748175,117.68690813600179,15263700
2021-04-29,117.4068374633789,117.44078400036553,116.39675637733818,116.66836752848143,17178200
2021-04-30,117.67845153808594,117.7548409620162,117.1182365257632,117.56810262457527,15692000
2021-05-03,117.74903869628906,118.7095872658937,117.54502183785532,117.90204161205513,16447700
2021-05-04,118.54811096191406,119.14314403159887,118.29309308326397,118.57361145270426,18639700
2021-05-05,118.74359130859375,118.87960254153336,118.08904859947378,118.18255470077663,11127900
2021-05-06,118.93905639648438,119.16857364784073,118.32701904002768,118.36952415631447,21907600
2021-05-07,118.35253143310547,119.5171094770763,118.08052200881285,119.09208421289146,18346900
2021-05-10,117.15397644042969,118.36954253639102,117.04346571507233,118.11452476981226,15146200
2021-05-11,116.49087524414062,116.86489941241355,116.26137102603059,116.6523868595982,15158600
2021-05-12,115.26685333251953,116.2869113414175,115.06283654244342,116.17640062545027,20859400
2021-05-13,115.44537353515625,115.92139981078253,115.29237064830917,115.54737545972097,13073900
2021-05-14,116.52501678466797,116.52501678466797,115.79397225433927,116.05748604362898,17566700
2021-05-17,116.2784194946289,116.60144288334457,116.09142028987812,116.31242878330593,6113800
2021-05-18,115.98090362548828,116.09141435192129,115.66638906040058,115.9468943385508,11423100
2021-05-19,115.70040130615234,116.71196371456169,115.28387179364722,116.06591688122768,14296000
2021-05-20,116.65248107910156,116.87350261381889,116.17645465162941,116.25295611945586,13310500
2021-05-21,117.0264663696289,117.05196685036697,116.50793497671673,117.01797053296389,10171600
2021-05-24,117.46000671386719,117.80003479719666,117.2134977028553,117.29850796637396,6868700
2021-05-25,118.54811096191406,118.58210729271829,117.83405830754418,117.84256711830632,12346900
2021-05-26,118.34403228759766,118.93056921108793,118.05501822901273,118.65854682366117,9793700
2021-05-27,117.8680191040039,117.89351958430014,117.29848675948347,117.73200789526216,10695200
2021-05-28,117.68098449707031,118.41202839124452,117.59597426512947,117.79999103934331,10258000
2021-06-01,117.65461730957031,117.69717062963537,116.83738833158105,117.32262087869647,11778500
2021-06-02,117.9269790649414,118.14830561539846,117.74821880979792,117.94400818094876,7347900
2021-06-03,117.4843521118164,117.90998922792396,117.3481581066166,117.90998922792396,10994000
2021-06-04,119.09329223632812,119.09329223632812,117.91854230961599,117.91854230961599,15773700
2021-06-07,118.72722625732422,118.93153676309956,118.5995403095989,118.82937501550448,7799800
2021-06-08,119.56143188476562,119.74020514187454,119.35713443596745,119.74020514187454,11230900
2021-06-09,120.61709594726562,121.00867497553917,120.24253305801679,120.67667841269025,12768300
2021-06-10,121.34064483642578,121.35767396112219,119.75727396448285,119.88497291558149,19698300
2021-06-11,121.14476776123047,121.22137928283937,120.74466805139714,121.14476776123047,8646700
2021-06-14,120.21695709228516,120.96608262920351,120.0381837748242,120.96608262920351,9401300
2021-06-15,120.07218933105469,120.10623457260458,119.58695696045653,119.85937085049252,18207300
2021-06-16,119.9700698852539,120.60001748579488,119.35716439560454,120.37016980879275,19676300
2021-06-17,121.76628112792969,123.37518918031742,120.57450219631512,120.76178359834257,35225800
2021-06-18,124.05620574951172,124.32009871621881,122.68565354454195,122.82186055620225,26616900
2021-06-21,121.97909545898438,123.00063506685576,121.74926073768744,122.91550243639459,16485000
2021-06-22,122.27704620361328,122.31109146201676,120.98310556421511,121.02567187928119,14530200
2021-06-23,121.9620361328125,122.15782552623756,121.48532474565003,121.82582916807719,12040900
2021-06-24,122.15790557861328,122.49841022417955,122.01319045477663,122.0898020516161,8788400
2021-06-25,120.88951110839844,122.07278237912216,120.34469583963545,121.95360444499966,15562200
2021-06-28,122.13231658935547,122.41323864806122,121.47683178570868,121.49386090759167,11460700
2021-06-29,122.33662414550781,122.34513221153792,121.76625898614641,121.81734635056837,11217900
2021-06-30,122.8814468383789,123.37517448738033,122.64309108044213,122.79631421508094,15708900
2021-07-01,122.88825988769531,123.00759318586928,122.34273438084942,122.72630476738334,10810000
2021-07-02,123.62983703613281,123.62983703613281,122.83712572701953,122.93940770074906,9650200
2021-07-06,125.07890319824219,125.29199931810717,124.20946738741364,124.20946738741364,20037200
2021-07-07,126.18693542480469,126.63017879501226,125.4879872317361,125.78632686687273,20964400
2021-07-08,126.68132781982422,127.38028906371407,126.29775755477853,126.90295602220388,17487800
2021-07-09,124.89989471435547,125.29199729136052,124.8658050585247,125.18970231115868,14483600
2021-07-12,124.7379150390625,125.4965365439753,124.59301126917491,125.37720326251774,10610400
2021-07-13,123.78326416015625,125.69260990695273,123.28887964519055,125.14708440877571,23340200
2021-07-14,125.18963623046875,125.23225803252559,124.28611125479448,124.45658545667395,16038600
2021-07-15,126.57051849365234,126.66428126401911,125.32603199663427,126.1102238004522,18462400
2021-07-16,126.33190155029297,126.44270268139603,125.57327993110665,125.5903182550584,12787900
2021-07-19,129.1021270751953,129.51978704284204,128.38611440457623,128.66740277404236,40203900
2021-07-20,127.85761260986328,130.16757920047502,127.65303574740187,130.01414330204173,25674800
2021-07-21,126.23812103271484,126.57906955287525,125.01920471075431,126.30630033166506,19988900
2021-07-22,127.43150329589844,127.69574045248478,126.20406733698096,126.24668917012397,18136900
2021-07-23,126.57905578613281,126.71544038190473,126.05910089530948,126.10172270728206,12639300
2021-07-26,126.20396423339844,127.05634817446567,126.05054136705277,127.00520721901711,10737700
2021-07-27,127.55079650878906,127.59341832852706,126.99675187125501,127.2865594353081,13036500
2021-07-28,127.55934143066406,127.5763927632734,126.383059607737,126.72400822178857,14346700
2021-07-29,126.85183715820312,127.19278567402043,126.60463842883625,126.8177345028101,11532000
2021-07-30,127.44854736328125,127.61902167977544,127.05644472962365,127.11611789389276,14342100
2021-08-02,128.5852813720703,129.06319631542027,127.31367602320982,127.54410395025553,21232700
2021-08-03,128.6535186767578,129.06315807508426,128.34628587246257,128.6535186767578,13361900
2021-08-04,128.91806030273438,129.56667003647613,127.77447674993694,129.29356845970068,18267900
2021-08-05,128.2610321044922,128.79869316051844,128.01354498063588,128.66214225387506,15345400
2021-08-06,126.11885833740234,126.95520928714991,126.04205338759135,126.57971408067313,21144300
2021-08-09,125.66654968261719,126.78453184411892,125.64947757464384,126.4346252527809,12942400
2021-08-10,125.086181640625,125.93960441056407,125.07763907871886,125.87132902630518,13716900
2021-08-11,125.00936126708984,125.64942833211565,124.35223512297908,124.94962844589695,17227600
2021-08-12,124.80461883544922,124.97530087836522,124.11333507500095,124.67659753660836,14709400
2021-08-13,126.77605438232422,126.78458392871349,125.29109291147152,125.3081650264583,18653800
2021-08-16,127.08329010009766,128.03059065820304,126.99794254551902,127.32224762626761,19170900
2021-08-17,127.03203582763672,127.56115399162759,126.87841289545025,127.05763747930058,14126900
2021-08-18,127.458740234375,127.56114683528531,126.69065166094002,126.91254999251576,13144000
2021-08-19,128.3975372314453,128.4060797989467,127.85134682182532,128.2780584862849,15474300
2021-08-20,128.4828338623047,128.70471915190797,128.10732566282115,128.5169650521662,12388400
2021-08-23,128.3975372314453,128.44021100233257,127.94522390889469,128.18418139921553,10615000
2021-08-24,127.3990249633789,128.07323664048766,127.3990249633789,127.80866448759589,13835900
2021-08-25,126.34077453613281,127.47582904228337,125.94820712630965,127.339291216635,16743800
2021-08-26,126.69066619873047,126.79308583359601,125.88844634033792,126.28102672588042,16657400
2021-08-27,127.5526351928711,127.57823684669151,126.58826282495407,126.7930890777218,15384700
2021-08-30,127.88546752929688,127.92812827013229,127.10030675154044,127.15152308051043,10596300
2021-08-31,127.01493072509766,128.09023888226235,126.73329960774979,127.73180282987413,15262400
2021-09-01,127.22772216796875,127.6549762571941,126.88592411209251,127.55243944818322,10807100
2021-09-02,127.78319549560547,127.79174892542459,127.1081395169084,127.52685337633125,9765900
2021-09-03,126.62105560302734,126.90304495560143,126.41598192025648,126.69797127283057,12928000
2021-09-07,125.55291748046875,126.05708736410786,125.32220959205976,125.83490682728808,15547800
2021-09-08,126.40741729736328,126.62959781904277,125.94598851322503,126.17670942467566,14533700
2021-09-09,127.93698120117188,128.08224604466147,126.33905488402449,126.6124907544868,20324600
2021-09-10,126.80904388427734,127.4670190163093,126.60397020897864,127.23629809283456,14894600
2021-09-13,127.57810974121094,127.74046842724808,127.27902657864107,127.35592920715432,15036100
2021-09-14,129.124755859375,129.51783543307533,127.81735914146171,127.94553017703653,19918400
2021-09-15,128.671875,129.24439405695608,128.11643672294355,129.21021945839357,11940300
2021-09-16,128.08224487304688,128.56076742104995,127.74898716720463,127.89425200936545,13328900
2021-09-17,127.46700286865234,127.62936153353851,127.0653829203851,127.47554325778665,13782900
2021-09-20,129.0477752685547,129.34684518378816,128.37270678569737,128.6632493553947,14660400
2021-09-21,128.93679809570312,128.99661995443813,128.34718509396006,128.78299281112638,10035800
2021-09-22,129.70584106445312,129.70584106445312,128.55226239860198,128.85133255400112,22277800
2021-09-23,126.77482604980469,128.56074490320705,126.75773223643819,128.5351107025369,23853300
2021-09-24,125.5357894897461,126.33902919883785,125.39052467578934,126.33047577293752,20203900
2021-09-27,125.07437896728516,125.50163312845099,124.65567823415046,124.80948347356428,13464300
2021-09-28,123.12613677978516,123.96356456668974,122.74161053085788,123.33122353063719,26613500
2021-09-29,123.3396987915039,124.27110951209556,122.78427372954792,123.73277826337551,23569400
2021-09-30,123.32263946533203,123.4849850836516,122.75010745180606,123.13464660331843,22567600
2021-10-01,124.3604507446289,124.4032199514007,123.3765109379226,123.93265423440359,26151800
2021-10-04,124.04386138916016,124.45455540218288,123.29094847590969,123.77862966531981,28027600
2021-10-05,122.84611511230469,123.80437564536366,122.74344807099712,123.71882412938089,22659200
2021-10-06,123.53909301757812,123.8214403205421,123.23107896482792,123.4021949818413,18696500
2021-10-07,122.24716186523438,122.64072743035094,121.99903252367645,122.51239367114255,14856000
2021-10-08,121.3916015625,121.79373152411515,121.09213863608197,121.71671819239748,17257800
2021-10-11,121.08353424072266,121.40865072788004,121.02363645960881,121.15198325257529,7213400
2021-10-12,123.15408325195312,123.21396798522184,121.90491147664206,122.0332582856163,17968700
2021-10-13,124.3519287109375,124.51449352890904,123.70168249436918,123.7273492492786,23584600
2021-10-14,124.81398010253906,124.88242914706335,124.01827138334956,124.37761907561179,12946400
2021-10-15,124.08670806884766,124.1808238637796,123.60757786021934,124.0610413116225,11811500
2021-10-18,124.66846466064453,124.91658089205112,123.65030687822218,124.06098787224255,12115900
2021-10-19,122.9487533569336,123.83001340260587,122.90597108130224,123.77012866097601,12156300
2021-10-20,122.11881256103516,122.9316234818552,121.93058101448953,122.5637246760808,12782500
2021-10-21,121.97334289550781,122.47813966080692,121.69099562288784,122.34980592566778,13660000
2021-10-22,123.31668853759766,123.54768937003792,122.52954412761007,122.7348782008903,13740000
2021-10-25,123.12842559814453,123.46210643762528,122.8888605367387,122.92307852180382,8137900
2021-10-26,124.14663696289062,124.14663696289061,122.9830291411089,123.73594263379897,13671000
2021-10-27,126.40530395507812,126.78175387715179,124.85666978804848,125.2587995088639,22092300
2021-10-28,125.97760009765625,126.9101939419907,125.63535484148653,126.44816610999199,17497600
2021-10-29,126.36258697509766,126.62781883109557,125.19042823524154,125.31876201868609,19087300
2021-11-01,125.45275115966797,125.72688312011695,124.81880057620054,124.90447416681533,18035500
2021-11-02,126.00959014892578,126.42080769709433,125.50414995191754,125.50414995191754,9836700
2021-11-03,124.70744323730469,126.77204086654193,124.67316857155063,126.63498141939044,20639400
2021-11-04,126.01817321777344,126.24090626630277,124.94731862915182,124.96444289076186,15922400
2021-11-05,127.90283966064453,128.1427099770649,126.90052160875553,127.23462762605186,21513000
2021-11-08,127.66302490234375,127.88575798682268,127.22610779361531,127.61162596530689,12083800
2021-11-09,129.32496643066406,130.01887807888363,129.05082139475002,129.18789391270704,23430200
2021-11-10,126.96056365966797,129.29930727298864,125.95824496824481,129.21364671786915,28170600
2021-11-11,126.7719955444336,127.35454700639099,126.6948971819827,127.22603666368926,5552500
2021-11-12,126.21519470214844,127.22607506235929,125.72687878201143,126.78917113798998,12712000
2021-11-15,124.63037872314453,125.89828039456019,124.40764559966007,125.83830624287602,15232700
2021-11-16,124.3133544921875,125.40134629609469,124.09062146787234,124.810232535925,12998700
2021-11-17,125.2986068725586,125.32430634879917,123.75658601027793,123.85082178048054,14239900
2021-11-18,125.76972961425781,125.84682800858384,125.0329811228014,125.06725579047229,11054600
2021-11-19,127.09757995605469,127.30318872682726,126.42936779098684,126.42936779098684,14022100
2021-11-22,125.6069564819336,126.48077749222612,125.18718984644488,126.27516870393508,15266000
2021-11-23,123.79078674316406,125.17004793494533,123.79078674316406,125.01583808137806,15318500
2021-11-24,125.7783203125,125.77832031250001,124.03924019273539,124.16775060439969,13769700
2021-11-26,128.95657348632812,129.08507078979815,127.36314156353184,127.50021406853558,20064800
2021-11-29,127.9200439453125,128.19417599101376,126.93484963467553,127.05478485566209,23234200
2021-11-30,129.86465454101562,130.27587205154612,128.7167017360132,129.21357975727247,31481100
2021-12-01,130.6658172607422,130.72586429010533,128.47861599524992,129.0790339375043,30826500
2021-12-02,130.82876586914062,131.22332504535777,129.31058927173413,131.1718505623226,17754200
2021-12-03,132.38980102539062,133.05023956300488,129.81662715191626,130.09966476070002,34427100
2021-12-06,130.57147216796875,132.38985805492672,130.3141520522078,132.13253793916576,30924200
2021-12-07,129.51646423339844,130.82878232727887,129.39638326689447,130.1340272290885,22115900
2021-12-08,127.27778625488281,129.07042799800345,127.25205555716086,129.06185546137687,33633900
2021-12-09,127.98968505859375,128.52147020225775,127.35496404775813,128.09260783792467,17544900
2021-12-10,127.68090057373047,128.86456485904012,127.63801172075657,128.59008667027945,14298700
2021-12-13,129.56793212890625,129.78236337182787,128.9246384001414,128.99325796841762,17860500
2021-12-14,129.2591094970703,129.45638251320742,128.0668726892014,128.9760587759135,14015500
2021-12-15,128.015380859375,129.33627082282675,127.91245810809846,128.32416220104176,25383900
2021-12-16,128.06524658203125,128.70068299306755,127.71317993121686,127.730357429513,18677900
2021-12-17,129.5164337158203,129.64523219301955,128.94111201334414,129.0956701859832,18093500
2021-12-20,128.54611206054688,129.6795911044939,128.46025077401865,129.44774073594252,17147300
2021-12-21,128.056640625,128.1167422039973,126.76000834735184,127.20653150206053,16598200
2021-12-22,128.649169921875,128.68351181756253,127.9622140847892,128.57187772704066,12253900
2021-12-23,127.53284454345703,128.46023278520437,127.11208105983572,128.45163748594067,11642500
2021-12-27,127.84201049804688,127.95363149706634,127.36114529508713,127.48136159582707,7821800
2021-12-28,127.33536529541016,128.61482043300745,127.09493270751975,128.46026224190362,9174600
2021-12-29,125.94430541992188,126.49386756354173,125.72105030309335,126.15039613725246,11771200
2021-12-30,127.00042724609375,127.06054192123268,125.75532758732584,126.44228318951829,10355000
2021-12-31,127.24948120117188,127.97077883560392,126.59686734875059,126.92317427496123,13402300
2022-01-03,123.90921020507812,126.17615568252135,123.89203270300646,125.72105014708505,33860400
2022-01-04,123.39395141601562,123.7631955309336,122.56961501042498,123.3166723347273,21996400
2022-01-05,122.72415924072266,123.78894117153787,122.54384140485384,123.77176367678246,20911700
2022-01-06,123.04192352294922,123.17073513489507,122.18323185369043,122.44084197498708,18996400
2022-01-07,122.15743255615234,122.99895955312488,121.55635120302253,122.90450297601942,18756800
2022-01-10,122.45797729492188,122.62971294909812,121.38461307808207,121.63362781124907,13775800
2022-01-11,123.27376556396484,123.33388026597284,122.53529025448962,122.68986155780006,24388700
2022-01-12,122.80147552490234,123.66016708662416,122.79289332621876,123.56571049073102,14440600
2022-01-13,123.89201354980469,124.01222984053132,122.81864913167664,123.12777860820124,15166000
2022-01-14,122.02005004882812,123.18787084695425,121.75384471548513,123.1535158543852,22997500
2022-01-18,120.30265045166016,121.34165953608665,120.2339535787296,121.04112545742778,21171700
2022-01-19,121.13558197021484,121.68514385084528,120.48296822893644,120.67188135377084,17930500
2022-01-20,121.88265991210938,121.92559710280361,121.15276697808059,121.39319952285904,13959000
2022-01-21,123.3338394165039,123.73742538816111,122.50948997793454,123.13633097754666,28916600
2022-01-24,122.32054138183594,123.9692266784938,122.3033638915601,123.90912511640741,25001600
2022-01-25,122.12308502197266,123.40253985225705,121.76243622676147,122.88731980047523,15599000
2022-01-26,120.64614868164062,122.42364627174582,120.63756648407671,122.15744091616446,23655500
2022-01-27,122.86160278320312,123.11061759641731,122.21758404607586,122.28628095034748,21501800
2022-01-28,122.90451049804688,123.1878802467061,121.80538649860047,122.01146405937692,12826500
2022-01-31,122.26905059814453,122.74991561759839,121.89981963770286,122.0887196645548,13998400
2022-02-01,121.86322021484375,122.41354752140815,121.29569148971353,122.34475496798285,20806100
2022-02-02,122.27593994140625,123.45399416114711,122.04376675637185,122.06096817177621,18404600
2022-02-03,121.32147216796875,121.65682762423685,120.53897172973107,120.76255078113404,17234100
2022-02-04,119.53292846679688,120.50460531135438,119.33515806226497,120.25524376832188,23609800
2022-02-07,119.61030578613281,119.79087473690393,119.13736523748106,119.44692513106799,12962400
2022-02-08,118.81060028076172,119.1631571444664,118.50964766510134,118.84500311279125,16269200
2022-02-09,119.03418731689453,119.84248344207569,118.82782277146163,119.28356197041043,14349100
2022-02-10,117.14240264892578,118.51822710093285,116.80704724286379,118.37204788504269,30896200
2022-02-11,118.87942504882812,119.10299103427846,116.39435115491948,117.69277631802649,43210300
2022-02-14,117.40037536621094,118.44084444753919,116.91884072788325,117.91631283346764,23157400
2022-02-15,116.06756591796875,116.80706940508516,116.03317620451915,116.60070488271388,18198500
2022-02-16,116.7555160522461,117.00489075858228,115.66345532494593,116.90169534316955,16473700
2022-02-17,117.62396240234375,118.29468647860863,116.85866333162049,117.33160390809827,24508200
2022-02-18,118.86215209960938,118.9825357302292,117.9420800200503,118.25163980176296,17522600
2022-02-22,119.17173767089844,119.24053020625861,118.20866841752502,118.39784460955687,19534000
2022-02-23,117.52941131591797,118.53549118687268,117.43483629166275,118.3892987728533,17757800
2022-02-24,117.60674285888672,119.84244107603436,117.15959796712372,119.61028104449427,28150400
2022-02-25,117.69274139404297,118.07109381164067,117.09941720470437,117.68414724667417,15025400
2022-02-28,120.27244567871094,120.41862496128563,118.93963071381222,119.03420573120728,25817700
2022-03-01,121.66295623779297,122.54981181956302,120.54361999590292,120.85358982999229,35664400
2022-03-02,117.50420379638672,120.90525342084399,117.45254434530425,120.40585683002612,30397400
2022-03-03,118.70100402832031,119.42426246620141,117.97774559043923,118.38242872220331,20649100
2022-03-04,120.75028991699219,121.24968656922387,119.9495289121023,120.85360883186287,25853100
2022-03-07,119.82898712158203,121.09469639557734,119.48458197606818,119.78593319383926,23710900
2022-03-08,118.62351989746094,119.03680857402816,118.17578283389052,118.39964479657066,28331300
2022-03-09,117.46116638183594,118.25330873225322,117.21147462044273,118.02084116971224,18819200
2022-03-10,115.77352905273438,116.38484998273104,115.13636526287732,116.09210437855769,26868900
2022-03-11,116.16105651855469,116.6260049206555,115.55834076093579,115.66165970846527,15583800
2022-03-14,113.44876098632812,114.42172439865529,113.41432573322629,114.25812738544505,24385000
2022-03-15,113.250732421875,114.64559013679975,112.95798677719908,114.39589841356728,17518800
2022-03-16,114.36149597167969,114.62841196771491,112.20893066402014,113.50907538008875,25857700
2022-03-17,113.5090103149414,114.80915428574707,112.85463556626854,114.36143041791175,19330600
2022-03-18,114.89530181884766,114.98139652863324,114.14621346646942,114.14621346646942,55891700
2022-03-21,112.23470306396484,113.37125013395608,111.71808239874474,113.0354506430258,26122000
2022-03-22,110.79683685302734,111.36511725585096,110.504091120015,111.03793625822031,21830900
2022-03-23,113.22489166259766,113.31099949709314,110.95178409695303,111.39090252117371,21266100
2022-03-24,112.33802795410156,112.9493488645139,111.58893977382925,111.63198054972676,17141600
2022-03-25,110.77960968017578,111.5200925748418,109.9099715700946,111.5028683759293,25684500
2022-03-28,111.72674560546875,112.41556913530201,111.10680574244041,111.40817014243498,17657800
2022-03-29,112.5705337524414,113.26796264702594,111.70950783059128,112.41554225463767,19319700
2022-03-30,113.44876098632812,113.66401744829702,111.92475469510087,111.99363833951632,16310200
2022-03-31,113.72431945800781,114.23232166181722,113.36269010250544,113.63821159984387,19901000
2022-04-01,114.1572036743164,114.65736521470764,111.85474474139703,112.11343764303318,23489700
2022-04-04,113.36384582519531,113.81225561803063,112.71708726725643,113.76913574916739,13609900
2022-04-05,110.80268859863281,112.77745241004718,110.63020911116958,112.76020182963336,25196900
2022-04-06,109.90585327148438,110.6388516891367,109.00039508718287,109.02626438113872,22952000
2022-04-07,109.07801818847656,109.23324055303887,108.14669058027302,108.75032945403183,23458800
2022-04-08,107.89656066894531,108.50882455650179,107.15494377321949,108.18112939191712,26859200
2022-04-11,106.18914794921875,107.09461270448018,105.68898634004255,106.86177590264985,30020700
2022-04-12,106.04254913330078,107.06874162829057,105.78384304205605,106.97388316677878,23124200
2022-04-13,106.25812530517578,107.18945925061601,105.97354994754095,106.11152827094035,17189500
2022-04-14,104.12814331054688,106.00805539497237,103.80907333935524,105.94769151708955,34274500
2022-04-18,103.61073303222656,104.4127139903267,103.21405519842645,104.23162236484201,18784300
2022-04-19,102.8346176147461,103.23992072425948,102.33445605070114,102.74838445039975,26012300
2022-04-20,104.90424346923828,105.18019353479401,103.41238410974823,103.67109017459296,31423200
2022-04-21,104.12814331054688,104.26612164809004,102.76563683356974,104.19713247931846,23323200
2022-04-22,103.4727554321289,104.72315939669615,103.31753309787811,103.54174459827793,19773400
2022-04-25,104.50755310058594,105.3698977741997,104.45580794633504,104.67139411473849,25418900
2022-04-26,105.55962371826172,106.09427325113916,104.99909831645331,105.5854930080244,26931300
2022-04-27,104.20573425292969,105.48200735107531,104.1453703848587,105.36990490442011,14560500
2022-04-28,104.36095428466797,104.40407415199024,103.48999086143678,103.81767948391473,16892500
2022-04-29,103.007080078125,104.31784781201048,102.71388601451574,102.88635233673665,26153400
2022-05-02,101.22158813476562,102.1631409602907,101.00563492630182,101.80898112540191,29233900
2022-05-03,101.90401458740234,103.06152077499665,101.83490796983467,102.82829417866802,21256700
2022-05-04,102.4654541015625,102.76778719678497,101.36840839699742,101.90397458736808,25575700
2022-05-05,99.6580581665039,100.60825067155066,98.49190592947207,100.50459079104185,48384500
2022-05-06,98.18961334228516,99.37303941892522,97.87864016288148,98.59560647041603,32790500
2022-05-09,99.05339050292969,99.08794379820722,97.28257860493525,97.48989178623319,26773000
2022-05-10,99.95177459716797,101.03154055719749,99.75310135112885,100.10726115902696,33640800
2022-05-11,101.87808227539062,101.87808227539062,98.85473751888176,99.11387740093282,34173600
2022-05-12,101.68804168701172,102.69870105962235,101.63621502904252,101.94718156722627,26405700
2022-05-13,100.18500518798828,101.195664519192,100.11589858661497,101.0488179340499,20782700
2022-05-16,100.08134460449219,101.01426394557502,100.07270463178729,100.38367774548158,11050600
2022-05-17,98.87200164794922,99.64079442991536,98.78562169532667,99.08795482468955,15040800
2022-05-18,100.979736328125,101.06611630603909,99.00160385915386,99.09662381197033,21337300
2022-05-19,101.22158813476562,102.55186068974689,100.93652831790487,102.48275408134992,21937500
2022-05-20,102.37046813964844,102.81100797149679,101.11793548635667,101.14384881877488,22780900
2022-05-23,100.6860122680664,102.14585792792029,100.66873891278779,101.6793982509782,15925200
2022-05-24,102.67279815673828,103.34657114023157,101.8089852875686,101.84353859317969,23388200
2022-05-25,103.07878875732422,103.32929527414633,102.43956250459097,103.32065530036101,14410800
2022-05-26,102.6123275756836,102.87146747225314,101.7571547133769,102.81100083735002,14912900
2022-05-27,102.86283874511719,103.4329518156719,102.56913894060112,103.10470529567793,11190400
2022-05-31,100.6860122680664,101.26477182060852,100.1418126068181,101.22157854685955,28393700
2022-06-01,100.57095336914062,101.54014090589195,100.11231903805724,101.27188458441184,15544800
2022-06-02,100.62284088134766,100.99494143811458,99.91325454077968,100.92571189218285,9832000
2022-06-03,100.40653228759766,100.43249172424119,99.4027299921774,99.59310139492821,15330400
2022-06-06,98.55465698242188,99.95652559121638,98.48542743584346,99.64499923370649,20815400
2022-06-07,99.61904907226562,100.19017637943963,99.15175949252676,99.17771892438554,14278700
2022-06-08,98.73640441894531,99.62771359846947,98.71910032899588,99.23830885470859,11476100
2022-06-09,99.06523132324219,99.26425804654666,98.37294895900615,98.51140147059701,15527300
2022-06-10,98.4508285522461,99.17772570445268,97.75855278100946,98.96138828804861,21917100
2022-06-13,95.36152648925781,96.6335915004135,94.53079163754452,96.4778283030864,36968300
2022-06-14,94.15870666503906,96.036520689594,93.96832865868922,95.64710933057982,21865900
2022-06-15,95.91535186767578,96.04515563536542,94.34907111661077,95.26633963132149,25202800
2022-06-16,96.6768798828125,96.6768798828125,93.56162194996155,93.84718236391912,26067300
2022-06-17,96.98837280273438,97.63738492277074,96.0191789933934,96.92779860228136,21614300
2022-06-21,95.34418487548828,96.07107510885866,95.02400326197545,95.26630000643225,17663800
2022-06-22,97.96624755859375,98.05278121596017,97.24800565847221,97.51626857903143,23703800
2022-06-23,98.77101135253906,99.6623204612393,98.20853274350574,98.56332927917543,20669200
2022-06-24,97.40373992919922,98.79695318557746,97.35182107063127,98.18255581818285,18161300
2022-06-27,96.572998046875,97.1095170867799,96.19224877535152,96.24416763008372,12053000
2022-06-28,97.02300262451172,97.0749214894984,95.94131558999783,96.304760849092,13706600
2022-06-29,98.53738403320312,98.56334347084959,97.06628541298446,97.24800807860478,12925400
2022-06-30,99.40272521972656,100.18153469001996,99.29888087604336,99.39406987389602,25802100
2022-07-01,100.42327117919922,101.95797031010306,99.90303452203696,100.49263783086565,21858800
2022-07-05,101.21227264404297,102.0966740435561,100.72671283817681,101.35099929202896,16689700
2022-07-06,99.5128402709961,101.91460903267563,99.5128402709961,101.78454823001118,20205400
2022-07-07,98.63709259033203,99.85964802826483,98.42032683185347,99.79895388049746,13088000
2022-07-08,97.54462432861328,98.41168765597874,97.15444847736612,98.41168765597874,15320000
2022-07-11,99.22671508789062,99.53018588596747,98.5850835546227,98.66312268279518,13639900
2022-07-12,99.8163070678711,100.77874764400865,99.68624627903722,100.15446114973926,18547300
2022-07-13,100.96082305908203,101.14290550468041,98.36829979206367,98.64575970180874,20594800
2022-07-14,100.1371078491211,100.7180451088744,99.25270646595574,99.78161544540569,15665000
2022-07-15,100.70069122314453,101.29029429808008,100.232476432887,100.44056969016854,16022600
2022-07-18,99.65155029296875,99.98970433184965,99.00125304663383,99.92901018679835,15838300
2022-07-19,99.11397552490234,99.84231192970059,98.55038983228202,99.63421864911514,9276800
2022-07-20,99.37409973144531,100.18914114024598,98.88854652543621,100.12844698949485,9117300
2022-07-21,101.09088897705078,101.20361141969316,99.72093423443705,99.87700586526226,14754900
2022-07-22,102.79032135009766,103.41460115368662,102.28742322219354,102.56488311773276,17715300
2022-07-25,101.78450012207031,101.9145608632622,100.98680394500076,101.19489716180932,24868100
2022-07-26,101.8625717163086,103.38859794673178,101.79320508351675,103.05911636371987,13536000
2022-07-27,101.29029846191406,102.73829207092975,101.1949210035798,102.32210553925808,15725600
2022-07-28,102.0966567993164,103.11111880789932,101.72381948652547,102.35677831620868,16637900
2022-07-29,101.81919860839844,103.44927451090673,101.73249363973105,102.05330268531692,16655900
2022-08-01,104.27136993408203,104.3234861251813,102.56883921058322,102.7165061701552,17974600
2022-08-02,102.06501770019531,104.83597647164889,101.88260442126999,104.36691091419,17896300
2022-08-03,103.67202758789062,103.79363647579578,101.0487416281241,101.77839495555507,16731200
2022-08-04,103.6373062133789,103.84578432331871,102.96845716875835,103.35066040979235,11003000
2022-08-05,101.17034912109375,101.72627735162003,100.66653709118329,101.69153100881373,19492300
2022-08-08,102.80337524414062,102.95973045458105,102.11714996649576,102.18664264384405,17476300
2022-08-09,102.40380096435547,102.81206215450788,102.03028611242732,102.26482223864468,8223200
2022-08-10,101.73493957519531,103.2898032253845,101.39617110345871,102.26480956989833,14665300
2022-08-11,99.3635482788086,101.68281126840466,99.10295410207827,101.51777447518165,20663800
2022-08-12,100.37117767333984,100.38854752674598,99.39830020295622,99.98028638625298,12178400
2022-08-15,100.28433990478516,101.41357291791537,100.28433990478516,101.04874623755798,9031800
2022-08-16,100.7012710571289,100.7794453484445,99.2332697331294,100.11059655639419,11066000
2022-08-17,99.65022277832031,99.98030306558775,99.29407776581701,99.94555672579328,14131300
2022-08-18,99.7978744506836,100.44935331077275,99.53728025577365,99.86736711961765,10738200
2022-08-19,98.19087982177734,98.45146735031398,97.93028566605604,98.35592322887982,16330900
2022-08-22,97.86083984375,98.1214274793567,97.4004557625221,98.03456493415446,10457200
2022-08-23,97.32225036621094,98.57309182448756,97.06165618667487,97.45254745597896,17813200
2022-08-24,96.60997772216797,97.17459408833689,96.29726732328014,96.84450720774085,13971600
2022-08-25,97.95637512207031,98.234339217825,96.41019942523569,96.69685176287899,21429700
2022-08-26,98.6947250366211,99.0161170932395,97.29621629074606,97.54812229256316,18764400
2022-08-29,97.87821960449219,98.16487199712952,97.40046561676328,98.10406754661749,14278300
2022-08-30,98.12139892578125,98.59915272614707,97.4699200855654,97.82606503259909,14346600
2022-08-31,97.18327331542969,98.45148473435917,96.92268574087987,97.88687500924163,13623500
2022-09-01,95.40401458740234,95.96982440419197,94.8295048062948,95.63904644786908,22490400
2022-09-02,95.94373321533203,96.23969145862264,95.29087711739558,95.4736760278743,13024400
2022-09-06,93.56732177734375,94.85562722977534,93.5063888152068,94.79469426763839,24648500
2022-09-07,95.04713439941406,95.29957285877641,94.19406627325179,94.28981902132699,17050100
2022-09-08,94.07218933105469,95.33437483887072,94.0547827612588,94.74245184789902,14671400
2022-09-09,94.2811279296875,94.70766538355697,93.68920477199542,94.29854114558209,12529800
2022-09-12,93.50640106201172,94.78600007567518,93.07116366368786,94.55967476901199,14806900
2022-09-13,93.72401428222656,93.78494724878203,92.47923513014017,92.75778678313596,22158900
2022-09-14,94.04608917236328,94.19406828028896,93.24525402702956,93.43675288606542,13077800
2022-09-15,93.98516082763672,94.17666633728096,93.64567620279298,93.88070146568658,10260200
2022-09-16,93.20173645019531,94.05480467522163,92.94059135405372,93.16691666129672,18903800
2022-09-19,93.41934967041016,93.85458704432024,92.9667057236696,93.10597822989929,11084400
2022-09-20,92.4879379272461,93.00151481831556,91.74803575206712,92.00047421488253,20133800
2022-09-21,94.0373764038086,94.04608300993814,92.24420073040915,92.87964351277932,23132900
2022-09-22,91.63487243652344,92.23550212888998,91.16482192384854,92.08752301781843,29030600
2022-09-23,92.00917053222656,92.64461996738682,91.01682993357775,91.69579911779066,23042200
2022-09-26,90.25082397460938,91.75674824141615,89.85040637932556,91.7132218466524,25104600
2022-09-27,87.87440490722656,89.64147385734326,87.83088516358049,89.40644200511765,34609500
2022-09-28,90.81665802001953,90.92111076928083,89.20628060400186,89.77208403902634,39283100
2022-09-29,90.34658813476562,90.72959920520945,89.48481986746327,89.57186602678335,19127100
2022-09-30,89.18014526367188,91.2779928290698,88.98864637626939,90.7644092168105,26485700
2022-10-03,90.59716796875,91.33883659222197,90.00383173856238,90.61461609740984,27192200
2022-10-04,90.3441390991211,91.31267346897806,90.13472824151857,90.87639696569298,13788700
2022-10-05,89.48029327392578,89.73332773046829,88.63391598361235,89.63735304591229,20522100
2022-10-06,88.98296356201172,89.73335306553278,88.59031069266011,89.51521480157683,13965700
2022-10-07,88.11912536621094,88.6688380152276,87.66540073654822,87.96206556035634,14814800
2022-10-10,86.74919891357422,87.70028493968663,86.20822043100628,87.69155754759853,15652600
2022-10-11,87.13311767578125,88.04057332971372,86.37399439085382,87.02840894981048,33246700
2022-10-12,87.5606689453125,87.72645610150329,86.54851119600657,86.62703774975,21447600
2022-10-13,86.72305297851562,87.58687869252648,85.80686955116488,85.82432434129548,30292500
2022-10-14,86.00753021240234,87.42106816109064,85.72831357949411,87.42106816109064,18728200
2022-10-17,85.58870697021484,86.95862135323478,85.45782936665881,86.6357743980132,18969900
2022-10-18,85.78939819335938,85.91155506299583,84.52419919053175,85.46655123386296,16931500
2022-10-19,84.22754669189453,85.00411839079989,84.04431134623668,84.80343491286342,25431600
2022-10-20,82.7878189086914,84.05302464082835,82.66566203207826,83.70400214034056,25434900
2022-10-21,81.29573822021484,81.95888017500765,80.50171867839974,81.16485397614336,46280300
2022-10-24,80.6238784790039,81.6273155108438,80.1439717855437,80.99034905016474,31332600
2022-10-25,82.9710693359375,83.09323289185198,82.40391515852534,82.52607205738812,31213100
2022-10-26,84.16644287109375,84.36713294558315,83.56437930467513,83.56437930467513,24843900
2022-10-27,85.04772186279297,85.4229198303471,83.95703087072279,84.62017285787532,20270000
2022-10-28,84.46312713623047,85.18734101605516,84.1228320226723,84.51547818230075,22244100
2022-10-31,83.86104583740234,84.30604960654175,82.9186872640657,84.07918402620902,23956700
2022-11-01,84.6447982788086,85.21335516573166,84.1549679385366,85.17836633093539,17585100
2022-11-02,84.27741241455078,85.39702826012756,83.9362796701465,84.76724935206825,25010500
2022-11-03,83.82256317138672,84.30364451495485,83.17527989879248,83.2452575509815,29097500
2022-11-04,82.414306640625,83.6738778700003,82.414306640625,83.18404090666702,23561400
2022-11-07,81.59209442138672,82.97412336941872,81.55710558648792,82.92164345378947,14522800
2022-11-08,82.48426055908203,83.06155942407285,82.02066368423897,82.04691030515993,20360600
2022-11-09,82.75543975830078,83.11406360110375,81.95071665760597,82.06442535440941,15637500
2022-11-10,85.9393539428711,86.09680035443675,84.53108511537754,84.60981165787913,45380900
2022-11-11,85.62443542480469,86.04429462079725,85.31829157014111,85.3445315186215,15943100
2022-11-14,85.41452026367188,85.7119152830118,84.9246833591173,85.64194430244949,13741100
2022-11-15,86.79653930664062,86.8577680787632,85.81687227924392,85.93932982348905,26608200
2022-11-16,88.6946792602539,88.73841030447741,87.24267245388259,87.4875876565383,28507700
2022-11-17,87.75872802734375,87.96865433920767,87.27763994449192,87.64501265861307,24528900
2022-11-18,87.15516662597656,88.24854236814652,87.07644677578958,87.99487839515078,14941300
2022-11-21,87.52253723144531,88.18731153573468,87.29511988725446,88.07360286363925,15534000
2022-11-22,88.76464080810547,88.88709838717932,87.9336710376042,88.03863753685502,18103100
2022-11-23,90.3128433227539,90.3128433227539,89.2894451501644,89.34192505436802,23234600
2022-11-25,90.0067367553711,90.03297671835571,89.5956262061075,89.75307265745442,9486100
2022-11-28,90.26036834716797,90.80267851604857,89.8230179924259,90.62774104352647,14563200
2022-11-29,89.2020034790039,90.05920665040784,89.14077468104648,89.35070103498073,16576400
2022-11-30,89.85798645019531,89.85798645019531,88.66839322111089,88.88706834890678,21581700
2022-12-01,92.72859191894531,92.77242706478967,90.39634542590046,90.44018726106967,53156800
2022-12-02,93.89471435546875,93.90348406091668,91.72029565714936,92.32527823587687,24479500
2022-12-05,92.57952880859375,92.93024340346962,91.9745529889905,92.7987245942256,20159700
2022-12-06,93.77194213867188,94.1577288114512,93.10559185391949,93.37739245192839,21754500
2022-12-07,95.98147583007812,96.16559953361234,94.86795721290419,95.01701546852101,30546700
2022-12-08,95.71841430664062,95.96391251687798,95.10466878104722,95.3063251583174,13377300
2022-12-09,93.22835540771484,94.84163321815178,93.17574386914865,94.6399768365095,25872200
2022-12-12,93.5264663696289,94.78903637263069,93.1669887205841,94.56984056318316,16897100
2022-12-13,94.42955017089844,95.63951529634085,94.21912407099218,95.60444316480229,23854700
2022-12-14,94.83287811279297,94.97315995224609,93.71935965592178,94.39448649434846,19517500
2022-12-15,95.2029037475586,95.90602979767702,95.06228256083908,95.26442677403092,20246200
2022-12-16,94.13941955566406,94.77223158638131,93.43629358697686,93.69117658298832,20838300
2022-12-19,92.5573959350586,93.0232140719661,92.26736265533756,93.01442985823678,26126800
2022-12-20,90.9138412475586,91.23903146944988,90.61501036998962,90.8611024423958,28869000
2022-12-21,91.14234924316406,91.75758611456554,90.49196210985932,91.66090613056681,15894100
2022-12-22,91.12474822998047,91.51146805613503,90.86107440205619,91.1159573142486,11322500
2022-12-23,89.78885650634766,90.36013887331457,89.6658037489857,90.15799466191281,15408900
2022-12-27,88.01347351074219,88.8308547542359,87.89921836904149,88.32108866571133,26475700
2022-12-28,87.49490356445312,88.57595182428861,87.3191187257156,88.46169670823868,17302900
2022-12-29,88.48807525634766,88.76053341299227,87.70585105362022,87.7673740794918,16593000
2022-12-30,87.50369262695312,88.3738125395399,87.33670540278004,87.77615746572056,20810200
2023-01-03,89.1736068725586,89.94704004655155,88.62868393068491,89.8239940121778,25313200
2023-01-04,90.39530944824219,90.9490234704166,89.83281121068981,90.72050646593974,21678200
2023-01-05,90.77322387695312,90.78201479641504,89.45486758895204,89.53397245309566,14771100
2023-01-06,92.44313049316406,92.54860139570859,90.21071334726588,90.2634454457852,27473700
2023-01-09,92.93533325195312,93.10232720473837,91.64334293526302,91.76639569897817,21472200
2023-01-10,91.39724731445312,92.1267394212203,90.96658612723812,91.87185639456042,20545200
2023-01-11,92.88258361816406,92.91774058609121,92.02125466771355,92.2585625248454,18794000
2023-01-12,94.7107162475586,94.75465743322357,91.89821885023773,93.00563999379874,32029600
2023-01-13,93.82302856445312,94.74588070794574,93.497831578397,94.13064371044824,17750800
2023-01-17,93.21659088134766,93.74393884255073,92.85624359373395,92.87381872987038,13911700
2023-01-18,95.47535705566406,95.59840310235666,94.14821659412165,95.32594495689544,35497200
2023-01-19,94.87770080566406,95.24684564677635,94.42946451478846,95.0095377699537,17194700
2023-01-20,93.33963012695312,94.2536913659033,93.2605319618601,94.00759924493737,22754100
2023-01-23,92.90016174316406,93.33961379815634,92.71559268472807,92.78590662284832,12961500
2023-01-24,94.23609161376953,94.43823578653944,92.62769562196519,93.26929851731258,16417200
2023-01-25,94.46463012695312,94.84255921621833,93.72634708269932,94.36795012466385,11906500
2023-01-26,94.0251693725586,94.61403354658748,93.59450150900923,94.1657905503759,15549400
2023-01-27,93.787841796875,94.00756778928793,93.26050075618498,93.33081468307836,11845500
2023-01-30,93.44509887695312,94.18338192816927,93.33084373930976,93.56814493457128,11459700
2023-01-31,94.1921615600586,94.28884155855599,93.04959012269096,94.02517432170511,13705300
2023-02-01,95.3244857788086,95.6857601444921,93.77363258845463,94.76935392398592,25305800
2023-02-02,95.44782257080078,96.35542173080306,95.245151599003,95.97652039264354,19548400
2023-02-03,94.02032470703125,94.38160566809158,93.47400658236421,94.08200600248583,20619500
2023-02-06,93.32421112060547,93.67667182829797,93.12154016320093,93.18322145932282,15182400
2023-02-07,92.5752182006836,93.60618664342478,92.52235043743025,92.8131365808382,18290300
2023-02-08,93.01579284667969,93.03341991475766,91.98483121509,92.55758991800317,13530700
2023-02-09,92.13462829589844,93.94983312293148,91.98483183001785,93.81765700248995,20469900
2023-02-10,91.10366821289062,92.02889434902158,90.86575657023926,91.99364693478492,16598300
2023-02-13,91.87027740478516,92.01126032832252,91.27108485354955,91.38563389909594,13134300
2023-02-14,91.65880584716797,92.37255426725086,90.88338285158902,91.81741586021336,15440300
2023-02-15,90.80408477783203,91.5971281514926,90.3194411848105,91.24466741775794,15246900
2023-02-16,89.5175552368164,90.0726935272939,89.28845716155371,89.94051742371565,19267300
2023-02-17,90.21368408203125,90.21368408203125,88.97124473777734,89.0857937851108,19560900
2023-02-21,88.46016693115234,89.17390853572115,88.36323822895702,89.0064917323663,22728000
2023-02-22,89.2708740234375,89.6057212136393,88.95365390785643,88.98890133433869,15165400
2023-02-23,90.14321899414062,90.39875103244833,89.41185013206497,89.47353143833892,15829100
2023-02-24,88.97129821777344,89.70266733275095,88.61001706841327,89.38544715571878,21403600
2023-02-27,89.21797180175781,89.6144934317741,88.9183788764578,89.25321921463251,14209200
2023-02-28,89.62332153320312,89.63213506854352,88.36325488983499,88.61879363264477,14955700
2023-03-01,88.66051483154297,89.24351360055782,88.29834351769718,89.05801368590197,19000000
2023-03-02,87.8742904663086,88.02445600684483,87.3442833408292,87.5032841306089,23763600
2023-03-03,90.00316619873047,90.01200145179638,88.8371621489983,89.15516386613649,30877300
2023-03-06,89.30529022216797,90.40062524462252,89.20812269911823,90.29462921171044,16631900
2023-03-07,89.85298156738281,90.42715158726756,89.11097547140136,89.6233122115645,23096500
2023-03-08,89.94132232666016,90.9571606514022,89.58798637814257,90.45365911504452,20252400
2023-03-09,90.16215515136719,90.55965387563839,89.50848803659936,89.70282314244665,21550400
2023-03-10,93.271484375,93.35982340374296,91.86698277703323,91.89348178992745,43921500
2023-03-13,93.48348236083984,96.37198910007343,92.78564587426732,95.5769850812363,51502500
2023-03-14,91.94650268554688,93.2891780802716,91.64617147894892,92.87400880347282,38417800
2023-03-15,93.72197723388672,95.14414917281202,93.05947502902043,94.32264616920499,45164100
2023-03-16,92.98882293701172,95.42683336862517,92.78565933231516,94.8526633417781,43089300
2023-03-17,94.38448333740234,95.16182360305304,94.0399827157876,94.2078187712024,38129000
2023-03-20,93.55416107177734,94.4816602453379,93.38632499970939,94.41099171611752,24242800
2023-03-21,92.7503433227539,93.1213430786073,92.34400929405875,92.82101186843745,18934900
2023-03-22,93.98700714111328,94.03116992355025,92.25566836943007,92.45000348225663,26388500
2023-03-23,93.98700714111328,94.11950896706983,92.59133382110689,93.06833635095678,25475100
2023-03-24,94.38448333740234,94.8968200144319,93.86331814958764,94.59648216470653,23652700
2023-03-27,92.16729736328125,93.42163990944486,92.15846885344918,92.7944720060233,22224500
2023-03-28,92.33515930175781,92.4676611189326,91.88465581909247,92.07899091903919,17794300
2023-03-29,92.14964294433594,92.26447423767617,91.51363972729824,91.60197200981544,16804400
2023-03-30,92.57366943359375,92.79450356226232,92.10549541978524,92.27333151415665,14315800
2023-03-31,93.96049499511719,94.12832432784417,92.82099023402515,93.05948809596447,25396700
2023-04-03,94.40240478515625,94.8451928064341,93.60538499557431,93.76478895349071,18234800
2023-04-04,94.87174224853516,95.46508322711054,93.64964995798599,93.67621615354456,18052400
2023-04-05,95.86361694335938,95.96988851223227,95.11973623047835,95.43853742427754,23047700
2023-04-06,96.11155700683594,96.41265634390247,95.98757691404629,96.01414311158574,16447300
2023-04-10,94.56180572509766,95.4296731919239,94.36697792092795,95.32340163790167,19134400
2023-04-11,94.75663757324219,94.8363361748536,94.32270719951441,94.80091907841015,13971200
2023-04-12,94.65924072265625,94.90720098089234,93.7648068570958,94.80093615959706,20563000
2023-04-13,93.91535949707031,95.10202837190604,93.76480640694093,94.80093570446783,22079400
2023-04-14,93.05635070800781,93.47257261193641,92.78181748577663,93.33087717382865,19801900
2023-04-17,91.94935607910156,92.62238896261171,91.84308452866959,92.47184266680617,19528800
2023-04-18,92.27702331542969,92.62239744043535,91.92279829438432,91.93164919042403,15922600
2023-04-19,92.18844604492188,92.31242612530713,91.6393933336179,92.02019122520339,16093900
2023-04-20,92.97662353515625,93.23344138920386,92.76408718423741,92.83493488667995,16450100
2023-04-21,92.4541244506836,93.3928327338952,92.33899526065419,93.25114410454623,15244700
2023-04-24,93.34857940673828,93.41942035945931,92.84379454649087,92.95006611018655,17034300
2023-04-25,94.7212142944336,94.87176060266246,94.119022305109,94.16330381054532,21899900
2023-04-26,93.7116470336914,94.96916326484293,93.57880928952,94.57065678873705,19610400
2023-04-27,92.78180694580078,93.22459500497145,92.64011828019916,93.16260494694394,20247600
2023-04-28,94.2784423828125,94.54411794802995,93.74709800878787,94.05704833060138,26954100
2023-05-01,91.55994415283203,93.59303211481846,91.30247815518726,93.45985911280079,32487300
2023-05-02,93.84160614013672,93.84160614013672,92.23467063481844,92.33233037228126,30057800
2023-05-03,94.36542510986328,94.64064433225248,93.46873416879343,94.10795912585472,23656200
2023-05-04,93.43323516845703,94.50748575101117,93.35333542336848,93.41548192736877,25110500
2023-05-05,93.12248992919922,93.13136993526093,92.42999847250627,92.64307120376718,15096500
2023-05-08,91.81741333007812,92.21693234996634,91.72863358347868,91.90619307667757,20587000
2023-05-09,91.48892974853516,92.01273500725074,91.44453648745795,91.88844200438736,19182500
2023-05-10,92.376708984375,92.5453884167919,92.01270333453023,92.03933657262456,22886800
2023-05-11,93.35334014892578,93.68182592664348,92.97158109832475,93.48651317094219,19147200
2023-05-12,92.57205963134766,93.44211748228948,92.55430638982116,93.26455797318026,14198500
2023-05-15,91.61319732666016,91.86178326339869,91.55105084247552,91.79075677477088,20085300
2023-05-16,91.33797454833984,91.3557345578429,90.6543631985702,90.9118291486925,29251700
2023-05-17,91.0716781616211,91.58661030383297,90.86747859713633,91.5155837793633,21340900
2023-05-18,90.39690399169922,90.78754294839857,90.33475750072064,90.73426968937441,25536600
2023-05-19,89.75768280029297,90.43242099713657,89.6067565692829,89.89973579897996,29038000
2023-05-22,89.43807220458984,90.29924990019695,89.37592570972437,89.89085768058676,20131100
2023-05-23,89.69552612304688,89.89084558733576,89.02966800758513,89.16284098536929,21749500
2023-05-24,89.25164031982422,89.98852508844658,89.25164031982422,89.91749858156383,18473400
2023-05-25,89.0296859741211,89.49135148714417,88.80773322417625,89.40256496839793,22492800
2023-05-26,89.74878692626953,89.81981341305503,88.78107644428694,88.88761617446517,17030300
2023-05-30,90.64549255371094,90.7697855392306,89.8908546349245,90.02402762611261,23125200
2023-05-31,91.43565368652344,91.60433994530942,90.44130969400085,90.54784267979373,23787000
2023-06-01,91.79439544677734,92.24837756653378,91.3582069594561,91.93681921234914,21040400
2023-06-02,90.78850555419922,91.74989151646018,90.74400109517397,91.6875798406542,19136500
2023-06-05,90.61934661865234,91.18905511361959,90.09414256742447,90.21876587623224,14433200
2023-06-06,91.15345001220703,91.21576166833935,90.25437600961692,90.65494997168734,14332100
2023-06-07,89.80039978027344,91.18016680543342,89.71138408639973,90.94872056819207,25251100
2023-06-08,90.85082244873047,90.92203773701763,89.72921221979422,89.79152389917957,23845100
2023-06-09,90.72618865966797,91.03774702077655,90.2098880661378,90.44133433073114,22147400
2023-06-12,90.99323272705078,91.06444799945164,90.01404650165647,91.0110331494199,19010300
2023-06-13,90.09416198730469,91.09115546413071,89.88052295350712,90.8953168533736,25910800
2023-06-14,90.81519317626953,91.05554301913168,90.31669985990666,90.46802721787938,29094200
2023-06-15,91.68756103515625,92.24836600238675,91.3314914786691,91.71426506338696,25732000
2023-06-16,91.33148956298828,91.53623176089904,90.82409266286186,91.1890658182579,16759100
2023-06-20,91.96350860595703,92.27507370201214,91.78547722946412,91.78547722946412,17162900
2023-06-21,92.18604278564453,92.26616165175722,91.10003383062651,91.5184149977034,19720100
2023-06-22,91.07334899902344,91.91011150952097,90.97542969283916,91.50953746892162,23630700
2023-06-23,91.98133850097656,92.53323997907987,91.6697801195532,92.42642384342805,22901900
2023-06-26,92.07925415039062,92.39971612750276,91.83000745518409,92.23948513894669,12894900
2023-06-27,91.83889770507812,92.53322967535331,91.47393129646845,92.21276772115513,18105700
2023-06-28,92.23059844970703,92.43533393341366,91.53626630241618,92.05256700374785,23826800
2023-06-29,90.56596374511719,91.10006479873759,90.30781343105026,90.9487374119801,41091600
2023-06-30,91.63414764404297,91.74096375074728,90.68166554098092,90.85079330708325,32024900
2023-07-03,91.11467742919922,92.16792336614962,91.0968219942483,91.79303414056493,16011800
2023-07-05,90.24888610839844,91.04328283540926,89.91862861127152,90.94509835815137,28170300
2023-07-06,88.97248077392578,89.59728479507957,88.78503956757964,89.43661993108958,41375700
2023-07-07,88.43693542480469,88.90107459208481,88.35659958613216,88.52619217122164,28996500
2023-07-10,88.55296325683594,88.83858891432476,88.23163354092941,88.24056125799704,24665200
2023-07-11,89.00819396972656,89.23133925873617,88.6243838002359,88.87430543435005,20485500
2023-07-12,89.99897766113281,90.25782706551927,89.05283681513453,89.34739029011104,31928000
2023-07-13,90.94510650634766,91.01651464345194,90.17748605711353,90.42740772712375,32441500
2023-07-14,90.4095458984375,90.98972501046073,90.36491411679964,90.79335606702021,18569000
2023-07-17,90.45415496826172,90.58804347978372,90.07927258388214,90.35597732365498,18822000
2023-07-18,90.86474609375,91.10573996096943,90.65944947290554,90.86474609375,15407400
2023-07-19,91.8912353515625,91.91801850887045,90.802291965943,91.0432859028794,27192500
2023-07-20,90.77549743652344,91.31997246605,90.40061499942914,91.23964343375273,56951200
2023-07-21,90.80225372314453,91.3556494970584,90.71299018942156,91.1860637646581,20657500
2023-07-24,90.47201538085938,91.17715522448704,90.41846269724432,91.03433898837629,17546700
2023-07-25,90.30241394042969,90.59696729111016,89.9721633440779,89.99893968325753,17160600
2023-07-26,90.39170837402344,90.76659770845033,90.08823399028107,90.75766998838287,19310700
2023-07-27,88.63330078125,90.0882054377937,88.28519471735395,89.89183651767738,44794400
2023-07-28,89.08849334716797,89.13312511405334,88.49939352141999,88.72253873614378,27434000
2023-07-31,89.30271911621094,89.55264067121074,88.9189090682179,88.94568540484623,28663800
2023-08-01,87.83935546875,88.53748661268678,87.6245474618364,88.46588166750777,34943400
2023-08-02,86.89956665039062,87.0338242267367,86.29094505105321,86.85481867735793,38121300
2023-08-03,84.89466094970703,85.3153314285624,84.61720034817382,85.19897852470524,59394800
2023-08-04,86.3983154296875,86.53257295907432,85.14525653644662,85.16316118229639,42071800
2023-08-07,85.54803466796875,86.10295581008045,85.47642973717302,86.02240538440181,35862900
2023-08-08,86.54151916503906,87.15014733710126,86.31775890808416,86.69367450089933,24010500
2023-08-09,86.98906707763672,87.07856984288487,86.67579715633325,86.71159962815717,20151100
2023-08-10,85.55695343017578,87.14117959307737,85.55695343017578,86.85476678800757,37253200
2023-08-11,85.36006927490234,85.80758980974872,85.20790710330228,85.29741667316871,26753500
2023-08-14,85.17213439941406,85.8613132040221,84.93942174662993,85.21688236777271,19072000
2023-08-15,84.65301513671875,85.20793642054063,84.63511048513648,84.84992533238088,24125000
2023-08-16,83.99066162109375,84.84095484501364,83.88326104908617,84.38448192811443,23076700
2023-08-17,83.63265991210938,83.78481529179271,83.25673738240164,83.6863602040863,32244900
2023-08-18,83.92800903320312,84.30393152119514,83.50734541169267,83.62369830760548,24181700
2023-08-21,82.8092269897461,83.0240418414898,82.549670993981,82.93453906757522,29254100
2023-08-22,83.4447021484375,83.4894501155905,82.7555165337751,82.91662423849667,21308700
2023-08-23,85.51223754882812,85.5211898728928,84.33973575538667,84.40238836659448,38294700
2023-08-24,84.9483642578125,85.52119008416254,84.9304596096389,85.14526758736454,22300800
2023-08-25,85.225830078125,85.48539286359427,84.59035160140624,84.72460915645902,23865200
2023-08-28,85.3153305053711,85.6196480770763,84.93046250001089,85.61069575268485,16037300
2023-08-29,86.20144653320312,86.3804589342268,84.97524402215913,85.00209417515647,28478100
2023-08-30,86.11192321777344,86.28198325104711,85.81655794796863,86.06717524965417,17550100
2023-08-31,86.49677276611328,86.86374290082696,86.30881495148742,86.40727002038027,26959700
2023-09-01,85.14928436279297,86.0200794192256,84.942811279804,86.00212791818022,32469700
2023-09-05,83.955322265625,84.6465750368061,83.92839158476691,84.63759586015173,29435900
2023-09-06,84.16178894042969,84.48497075788924,83.90144765141483,84.4670124074171,23636300
2023-09-07,84.39521026611328,84.44907162615915,84.0989590876514,84.38623108973738,18091500
2023-09-08,84.71839904785156,85.19419269808512,84.53884975118443,84.72737137585591,17052100
2023-09-11,84.10791778564453,84.36825904432034,83.98223674340147,84.11689011073109,17061500
2023-09-12,84.59272766113281,84.6016999901656,84.00920436601294,84.28749724636448,20034300
2023-09-13,84.57475280761719,84.8620248100721,84.2246402686598,84.31441148521981,23332300
2023-09-14,83.9643325805664,84.57478668645595,83.8476306372006,84.33240361974002,27800600
2023-09-15,83.4526138305664,83.91943521790843,83.4526138305664,83.9014768611842,25642900
2023-09-18,83.92840576171875,83.964315625297,83.32693095727186,83.353861642679,17963400
2023-09-19,83.3089599609375,83.87452476949926,83.3089599609375,83.56032209807606,24941800
2023-09-20,83.56929779052734,84.02713990109902,83.52441560657628,83.74884707364605,29451200
2023-09-21,81.42372131347656,82.02520276042269,81.41474898749358,81.95338305793601,59958700
2023-09-22,82.07907104492188,82.24066196461254,81.39679751188305,81.52247857729752,29524500
2023-09-25,80.05919647216797,80.83124129830287,80.03226579087806,80.49010792012203,45587900
2023-09-26,79.78091430664062,80.45420882538399,79.63727485507115,80.28363868892174,38104100
2023-09-27,79.36793518066406,80.45418249349216,79.08065637154874,80.38236279121332,47111200
2023-09-28,79.61031341552734,79.65520243907801,78.19190520020814,78.65872638836292,60238000
2023-09-29,79.61929321289062,80.33746965159568,79.1165621717833,80.13996890499318,49010100
2023-10-02,78.28646087646484,79.18702984691961,78.08833460363743,79.08796671050591,44704300
2023-10-03,76.60238647460938,78.03429456177147,76.44929141451894,77.72809757079536,71362600
2023-10-04,77.6830825805664,77.72810690734492,76.88157673347027,77.24179883088276,56281600
2023-10-05,77.29583740234375,77.6200427856461,77.12472709704637,77.54799561806868,35758800
2023-10-06,76.35924530029297,77.16975876347469,75.70182691604666,75.82790602467536,62787900
2023-10-09,78.15139770507812,78.16941293756126,76.50335434357147,76.99867017488704,29424900
2023-10-10,78.04330444335938,78.50258963698371,77.01664957265761,77.31383895968193,54743900
2023-10-11,79.67335510253906,79.67335510253906,78.88985745574132,79.11499974692255,58517700
2023-10-12,77.5119857788086,79.4211948333775,77.38590664858961,79.29511570315852,66986700
2023-10-13,78.89888000488281,79.09700635795046,78.50262729874751,78.88987238770734,44183800
2023-10-16,77.62904357910156,77.78214552800242,77.3588770067042,77.62004283624557,38309800
2023-10-17,76.77349853515625,77.11571224282366,76.09807186182643,76.4492931822943,52949100
2023-10-18,76.09806060791016,76.2961868354472,75.51268953676735,75.98998988267329,63724600
2023-10-19,74.54010009765625,76.16112719800412,74.51308412444992,75.5397323310713,87696900
2023-10-20,74.96337127685547,75.23354475991965,74.54010269309354,74.738228997901,52188800
2023-10-23,75.8639144897461,76.4222696243957,74.22487953342053,74.57610081900496,70890400
2023-10-24,76.86357116699219,76.86357116699219,75.72885217929264,76.04405686034032,46267700
2023-10-25,75.1524887084961,75.76487597183169,74.86430687109093,75.66581282108645,60737200
2023-10-26,76.30521392822266,76.38626183974665,75.10745551652951,75.17950268508162,49704100
2023-10-27,75.98101806640625,76.5213581566981,75.41365513142235,75.818915352239,32362300
2023-10-30,75.63878631591797,76.09807841716993,74.96335958440463,75.47668362552292,45026900
2023-10-31,75.26954650878906,76.3412187735132,75.24253054248103,75.98099672834599,37269200
2023-11-01,76.90155029296875,76.9196273739595,75.92559475105877,75.9436718320495,72308500
2023-11-02,78.65469360351562,78.89867916200586,77.91369148870672,78.32937492926881,69739400
2023-11-03,79.18783569335938,80.47103995408035,79.14265676587323,80.25415628234843,77692300
2023-11-06,78.41973876953125,78.79927492020738,78.25707943432867,78.68180141482371,41341900
2023-11-07,79.57640075683594,79.97401387950303,79.15167890205745,79.16975598639011,37834200
2023-11-08,80.93189239501953,80.98611675354783,79.92882794209115,79.9559435685491,53893400
2023-11-09,79.07035064697266,80.45295110375487,78.38356624235333,80.37162490953824,88975100
2023-11-10,79.51314544677734,79.91075857292651,79.31433888370276,79.7300290943429,36516400
2023-11-13,79.33241271972656,79.46796327030765,78.5281548525028,78.81732614302834,25661500
2023-11-14,81.13070678710938,81.46506393515484,80.68791470031596,81.32951336733164,65666800
2023-11-15,79.9920883178711,80.55236075735041,79.80232028862518,80.43488728049951,56205300
2023-11-16,80.98611450195312,81.29335598272517,80.651757395477,80.69694321059639,49473900
2023-11-17,81.36565399169922,81.71808130258829,81.00418813852416,81.47409581596806,44091400
2023-11-20,81.86265563964844,81.9259185351827,80.97707162358748,80.9861101650048,40477800
2023-11-21,81.82650756835938,82.05242282183978,81.23008798986562,81.78132175990874,27721000
2023-11-22,82.11570739746094,82.52235223750411,81.67290838256466,82.34162272957133,31197500
2023-11-24,81.1487808227539,81.56446415923469,81.13974228006859,81.41987505382154,20199600
2023-11-27,82.50426483154297,82.54040521007849,81.51927060395958,81.60060369163291,39804400
2023-11-28,82.66693115234375,82.71211007655424,82.04340270650273,82.1518445345062,44989300
2023-11-29,83.70613098144531,83.76938698703049,82.93802037237171,83.2362302105822,61647800
2023-11-30,82.73921966552734,83.39889539419093,82.377760690554,83.10972407757944,60520900
2023-12-01,84.29753875732422,84.36099506577678,82.61140608562054,82.77458043824409,64172200
2023-12-04,83.9621353149414,84.15250425279115,83.48167247230803,83.84428293706821,33766300
2023-12-05,85.76609802246094,85.77516518439775,84.82331375135706,84.87770289054176,73588600
2023-12-06,86.9083023071289,87.07147661076321,86.00177993498652,86.1921488031904,61606100
2023-12-07,86.40972900390625,87.09868807696876,86.17403120487099,86.28281640047608,47970200
2023-12-08,85.70266723632812,85.8658416186798,85.13156035620736,85.59388200935362,44809200
2023-12-11,85.5213394165039,85.61199721017023,84.78705831809334,85.22219221254836,33909700
2023-12-12,85.77515411376953,85.84767065125035,85.12245686292165,85.3490874685651,36996900
2023-12-13,87.78765106201172,87.91457059731499,86.13778009769734,86.27375987992163,70828500
2023-12-14,90.0712890625,90.0712890625,88.59798802937614,88.81625947476725,87798600
2023-12-15,90.17129516601562,90.3531810316204,89.65291281669091,89.75295212432384,59941300
2023-12-18,89.45284271240234,89.58016421813987,89.14362838525287,89.58016421813987,34746000
2023-12-19,89.93482971191406,90.27132616466132,89.72566167957147,89.90754752843463,30018400
2023-12-20,90.54417419433594,90.6624062658922,89.65292363146023,90.13492747810756,51229400
2023-12-21,89.97120666503906,90.79879628265952,89.80750662858112,90.70785335984962,65231200
2023-12-22,89.56196594238281,90.38045924008446,89.34369458706172,90.38045924008446,29244200
2023-12-26,89.8166275024414,89.91666682637094,89.56198447371247,89.61654885458235,24019700
2023-12-27,91.40814208984375,91.42632790172202,90.48960247371214,90.74424547101565,45082800
2023-12-28,90.7442398071289,91.4627007552497,90.5441611964496,91.02616497390385,36213000
2023-12-29,89.9257583618164,90.78063735406369,89.85300816512697,90.15311920541389,41616200
2024-01-02,89.4073715209961,89.71658586110996,89.12544630911442,89.3346213278828,47797400
2024-01-03,89.7802505493164,89.89847568949338,88.35242473670785,88.5615928261365,58159500
2024-01-04,88.41608428955078,88.79804883430145,88.27966639828206,88.59797018557428,52604500
2024-01-05,87.5703125,88.83443836736922,87.49755535720823,87.76129479595114,45894800
2024-01-08,88.43426513671875,88.56158664448445,87.38840394707039,87.51573239333787,39485800
2024-01-09,87.87041473388672,88.3706043891443,87.84312560636201,87.88860054706807,34374000
2024-01-10,87.46116638183594,88.26148098033768,87.41569837687702,88.14324890273963,48227800
2024-01-11,87.95223999023438,88.06137565838438,87.04279690448467,87.46113989130953,78858900
2024-01-12,87.77946472167969,88.46154720024336,87.5521038954918,88.0159219236956,38883900
2024-01-16,86.2333984375,87.11555939530393,85.95147328383091,86.9609557264209,61716700
2024-01-17,86.09699249267578,86.39711043627372,85.63318142184423,86.03333174147333,55506800
2024-01-18,85.29667663574219,86.0151375801489,85.04203365564884,85.9060019007514,77339100
2024-01-19,85.56951904296875,85.64227617414477,84.81468635714887,85.22393307763558,47030900
2024-01-22,86.07880401611328,86.46986488668257,85.84234683103617,86.23340770160546,35756400
2024-01-23,85.39671325683594,85.4785598099363,84.96927386575472,85.38761688254681,35786700
2024-01-24,84.89651489257812,85.97875443880648,84.6691541098243,85.9514722550361,54574900
2024-01-25,85.45128631591797,85.68774350197867,85.09660400607758,85.48766487827356,57019400
2024-01-26,85.28759002685547,85.55132941172278,85.02385064198816,85.4240079070974,29276900
2024-01-29,86.26978302001953,86.55170819337548,85.5967969907984,85.76958648164509,38243600
2024-01-30,87.05191802978516,87.16104679046387,86.16066049939718,86.83365356992564,40151400
2024-01-31,87.90677642822266,88.13413721111563,87.30654063090496,87.50661923001086,80646700
2024-02-01,89.63115692138672,90.02347599373545,88.67317334529699,88.88301438351535,84291200
2024-02-02,87.65131378173828,88.15311965478581,87.30461597179406,87.83378484785104,63823300
2024-02-05,85.88130950927734,86.53821644103674,85.78094834132385,86.33749410512975,53827400
2024-02-06,86.7207260131836,86.81196157338941,85.95433199363521,85.98170196561425,33411500
2024-02-07,86.30101776123047,86.88494057818923,86.23715218199177,86.28277343608774,40120200
2024-02-08,85.7992172241211,86.03643521165824,85.45251936604829,85.78096593848119,50087700
2024-02-09,85.6258773803711,85.77185984360966,85.45253190630902,85.54376746541963,27951300
2024-02-12,85.72623443603516,85.89046121881944,85.30654531577014,85.6714944953826,27890300
2024-02-13,84.25732421875,84.90510574602519,84.23907989101885,84.72263462540548,49768500
2024-02-14,84.6861343383789,84.89598238026208,84.14783968966061,84.21170527443782,44191600
2024-02-15,85.12406158447266,85.50725503387515,84.85034800014196,85.3612725993453,49598500
2024-02-16,84.63137817382812,84.71348806959004,84.24817777779647,84.37591588369058,33116800
2024-02-20,84.70437622070312,85.02371109620043,84.5948963418597,84.65876192479385,24469300
2024-02-21,84.10222625732422,84.75913345377303,83.94712510283695,84.69526786305313,36343100
2024-02-22,84.51276397705078,84.63137643848634,84.18431047908726,84.23905736929798,45190700
2024-02-23,85.64409637451172,85.76270186054975,84.6222403996382,84.6222403996382,38406700
2024-02-26,85.3886489868164,85.79009375113648,85.0237067946994,85.76272378281031,27855000
2024-02-27,84.7864990234375,85.27917939518677,84.71350779188346,85.06933134467567,30242000
2024-02-28,85.32477569580078,85.39776691195797,84.75911117264623,84.92333792858717,34574200
2024-02-29,85.92694091796875,86.03642773982196,85.56199180595006,85.59848741323447,51038600
2024-03-01,86.46235656738281,86.49896684976511,85.12611268256678,85.51966448980487,45832800
2024-03-04,86.11456298828125,86.17863621992882,85.73931981091543,85.757621460888,23864200
2024-03-05,87.34098052978516,87.56978955276136,86.9199727654326,87.15793610448308,37721900
2024-03-06,87.85352325439453,88.01826605414958,87.3226915509156,87.39590514204141,40571600
2024-03-07,87.77113342285156,88.22875142090324,87.38673598033532,88.19214114313553,39075000
2024-03-08,87.61554718017578,87.90842242697774,87.3867381754025,87.67961342220444,25023200
2024-03-11,87.56979370117188,87.87182330165574,87.28607273370389,87.82605870181361,17787900
2024-03-12,86.83760833740234,87.13963795992872,86.66371820724619,86.98404948142655,29566000
2024-03-13,86.41661834716797,86.70949371292846,86.22441954301573,86.48983893428297,38270100
2024-03-14,85.08948516845703,85.80336807359801,84.98880865796833,85.78506642746187,58365600
2024-03-15,85.06204223632812,85.29085125290297,84.92475542984381,85.17186609535794,34997700
2024-03-18,84.80581665039062,85.10783938572025,84.65937546006087,84.86988292548483,29519500
2024-03-19,85.04374694824219,85.36407822516824,84.83324653027569,84.97968069285697,26953100
2024-03-20,85.01628875732422,85.84000272124831,84.46714844227414,85.20848751845685,43460100
2024-03-21,85.1993179321289,85.510501810596,84.86983938830593,85.36406069538873,34276600
2024-03-22,86.013916015625,86.22441646769843,85.83086455436629,86.2061148129222,30262300
2024-03-25,85.58373260498047,85.80338732136786,85.3915338553043,85.76677703818703,24011800
2024-03-26,85.82168579101562,85.91321498692433,85.37322205839153,85.58372943320536,34423000
2024-03-27,86.6728515625,86.6728515625,85.97727718866652,86.02303480177041,50157800
2024-03-28,86.59963989257812,86.9657287362611,86.3250662771188,86.48065473395377,34540400
2024-04-01,84.98534393310547,85.67404199737439,84.90269652237772,85.66485739489376,48945400
2024-04-02,84.51700592041016,84.66392449396182,83.87421701945463,84.08542078831934,43086300
2024-04-03,84.49864959716797,84.52620340184284,83.6079394083662,83.8007740063005,45494400
2024-04-04,85.10470581054688,85.17816861022096,84.51701742475046,85.05878980930102,47957400
2024-04-05,83.92013549804688,84.64556480450713,83.91095089761644,84.19561746458024,42495900
2024-04-08,83.91094970703125,84.10378427854957,83.68138374010984,83.77321573151626,37879800
2024-04-09,84.69148254394531,84.81085432880799,84.3333531777621,84.36090697962048,32522000
2024-04-10,82.84579467773438,83.83752166439508,82.68969144996362,83.74568964260085,74368900
2024-04-11,82.46929931640625,83.0478102023192,82.19382428074235,82.99270959054695,65751200
2024-04-12,82.91004943847656,83.51609997725971,82.90086483773506,83.2314404064523,47900100
2024-04-15,81.6244888305664,81.96424904277292,81.28472861835989,81.92751764098314,55993100
2024-04-16,81.08272552490234,81.33983836051264,80.6144088567268,80.85315949227895,45103200
2024-04-17,81.98262023925781,82.07444525091178,81.2296439344164,81.60613558973677,57947000
2024-04-18,81.56938171386719,81.97341305500534,81.34899333964923,81.94586625967743,43839500
2024-04-19,81.86323547363281,82.08361686789708,81.64285407936856,82.08361686789708,44826800
2024-04-22,81.72550964355469,81.83570386403832,81.40411859106017,81.4316653947312,24969000
2024-04-23,81.7530517578125,82.22136841075556,81.31228891275948,81.47757673110414,27222700
2024-04-24,81.1745376586914,81.38573445195156,80.34809867119942,81.32145625324652,48986800
2024-04-25,80.60523223876953,80.71542646743266,80.20119373947144,80.31138796813455,49282600
2024-04-26,81.02762603759766,81.3673862926831,80.85316061432627,81.03681064065387,31589800
2024-04-29,81.7071304321289,81.74385482551149,81.24799845106811,81.41328624448192,39228600
2024-04-30,81.00924682617188,81.47756340250484,80.89905263003531,81.19289681393487,41054700
2024-05-01,81.60637664794922,82.20534086209705,81.31150293133946,81.64323674131843,59679500
2024-05-02,81.95653533935547,82.02103873833373,81.11798412229491,81.2838510097166,58925400
2024-05-03,82.7858657836914,83.04388641941492,82.26062179264106,82.86880274561697,50066100
2024-05-06,83.1083984375,83.16368506428688,82.62922423753297,82.8135247107296,23868200
2024-05-07,83.61520385742188,84.07594446699824,83.49541382985578,83.76264422705133,30525800
2024-05-08,83.1083984375,83.3571952883852,83.08075512410656,83.21897169107378,31171700
2024-05-09,83.51383209228516,83.64283888776623,82.76743462838137,82.8135114969145,39606700
2024-05-10,83.04389190673828,83.28347196736858,82.89645153372524,83.1913252494074,21913800
2024-05-13,83.25582122802734,83.49540829762879,83.21896113806226,83.4401216778528,23157500
2024-05-14,83.72577667236328,83.78106329087487,83.32032272236323,83.53226647722957,25746400
2024-05-15,84.86841583251953,85.0158561968583,84.4353185502038,84.65647909671195,65142900
2024-05-16,84.78548431396484,85.16328793741292,84.7209809133594,85.1356446272025,37902400
2024-05-17,84.21415710449219,84.59196772977825,84.168080237389,84.44452737932237,24755000
2024-05-20,83.96537017822266,84.14966360762887,83.86400668294614,83.92851008627268,17922800
2024-05-21,84.39846801757812,84.56433493107257,84.25103466688547,84.52748186615764,15334400
2024-05-22,84.49982452392578,84.57354470833897,84.09437757034067,84.10358732063452,38073700
2024-05-23,83.95616149902344,84.59198584341316,83.68893107935739,84.59198584341316,51294700
2024-05-24,84.2049331665039,84.28787011417035,83.76262621342373,83.82712960367884,19164400
2024-05-28,82.99781036376953,84.18652194052976,82.96095027258974,84.1588786297308,45973700
2024-05-29,81.99339294433594,82.38041332647836,81.71694579689536,82.32511967878445,45508400
2024-05-30,82.7858657836914,82.90566283643462,82.41727893620191,82.56471226912902,29548600
2024-05-31,83.34796905517578,83.54148628767273,83.1636756332229,83.37561939577778,41308800
2024-06-03,84.69607543945312,84.76079923347422,83.78069405133651,83.80843181243633,42272100
2024-06-04,85.68543243408203,85.80563880963437,85.0566839571686,85.25085534725535,42581500
2024-06-05,86.31417846679688,86.31417846679688,85.42653482823692,85.99055949248303,43153900
2024-06-06,86.18473052978516,86.38815018549548,85.86111155677534,85.91658707947288,22891900
2024-06-07,84.60363006591797,84.90875960510515,84.51116849311254,84.90875960510515,35240500
2024-06-10,84.03959655761719,84.19678192046938,83.81768739509849,84.14130639343098,20586500
2024-06-11,84.90876770019531,84.94575374371685,84.06735108240493,84.16906093849752,30329200
2024-06-12,85.54674530029297,86.51760940418815,85.51900753521576,86.00906019655439,42554600
2024-06-13,86.80422973632812,86.9059395630372,85.94432387238335,86.19397783043814,33093800
2024-06-14,87.5346908569336,87.69187621082277,87.13709980897796,87.30353343496787,28776700
2024-06-17,86.66553497314453,86.73949997936806,86.24944742311281,86.47135655051135,31040200
2024-06-18,87.46070861816406,87.46995688918933,86.66553366908735,86.81347073367236,26881000
2024-06-20,86.87822723388672,86.91521327755008,86.30495413865434,86.36968500584011,30246300
2024-06-21,86.87822723388672,87.35903874714396,86.53611162077549,87.13712248516376,22596400
2024-06-24,87.22958374023438,87.22958374023438,86.67480719609603,86.96144726982126,56939100
2024-06-25,87.37751770019531,87.42375201278824,86.95218883092988,86.97992659673938,22890200
2024-06-26,86.12926483154297,86.42514607695412,86.09227879407091,86.24946416255317,38489100
2024-06-27,86.47135925292969,86.64704113872445,86.37889770148767,86.47135925292969,23140800
2024-06-28,84.86251068115234,86.70252176434825,84.86251068115234,86.66554278508522,55119600
2024-07-01,83.39790344238281,84.48315970250003,83.31441838101759,83.87095950850299,49735400
2024-07-02,84.04718017578125,84.23269148171096,83.55556884594512,84.11210984053692,34204700
2024-07-03,85.1509780883789,85.23445603980598,84.4923967798247,84.56660412118315,35563300
2024-07-05,85.85591888427734,86.01361123969127,85.2437260650971,85.58692260363115,34895500
2024-07-08,86.04147338867188,86.12495136768617,85.54058428417436,85.83740667089837,16095700
2024-07-09,85.66114807128906,85.96724808407568,85.21591812251076,85.77245909688486,30289800
2024-07-10,85.9301528930664,85.96725657192837,85.57767855908233,85.7539121876728,23572500
2024-07-11,86.76497650146484,87.32151758547707,86.70004682627682,86.89483585184091,49761800
2024-07-12,87.13599395751953,87.13599395751953,86.57944587521537,86.7556865730652,27796500
2024-07-15,86.13421630859375,86.54234968373149,86.06000895369546,86.26407564126433,37918900
2024-07-16,87.34933471679688,87.3864383955408,86.6258306732982,86.75569001050036,36383700
2024-07-17,87.36788177490234,87.56267076215669,86.90409644997229,87.11743373643074,29036800
2024-07-18,86.70002746582031,87.32149808624374,86.6165424296189,86.89481644788725,34553100
2024-07-19,86.18986511230469,86.4124871688012,86.09710946049911,86.30117614055295,32164700
2024-07-22,85.93944549560547,86.74642765128405,85.61479709522877,86.63512367218597,36160400
2024-07-23,85.81884002685547,86.29190307625623,85.791014037503,86.08783638526755,23498000
2024-07-24,84.89127349853516,86.12494431731757,84.84489920625815,85.8837739363458,50757100
2024-07-25,85.58694458007812,86.13421496793129,85.2993999303264,85.36432959565107,44999100
2024-07-26,86.25479125976562,86.40320595804599,85.99507261457732,86.21768758519553,34423800
2024-07-29,86.71858215332031,86.90410053810093,86.46814117986995,86.88554516122147,25801300
2024-07-30,87.05252838134766,87.23804680920273,86.54236862755614,86.95977270582233,28169800
2024-07-31,87.94296264648438,87.97078863103326,87.41424770965027,87.68324402162577,47445300
2024-08-01,88.70144653320312,89.2598497508495,88.52462547464751,88.54323560171952,77254200
2024-08-02,91.46553802490234,91.54930136835333,90.17191731257424,90.27429078768454,91912900
2024-08-05,91.94949340820312,93.01044850057212,91.1118954141239,92.77778278557201,90686300
2024-08-06,89.89271545410156,91.5865285478308,89.89271545410156,91.34455423438467,61316900
2024-08-07,89.2598648071289,89.76241642715365,88.87828968406625,89.29708506755121,51337100
2024-08-08,88.71075439453125,88.78520910297152,88.2640332442814,88.52462472382237,37815800
2024-08-09,89.5855941772461,89.84617859918195,89.42737612073392,89.81825985403067,32141800
2024-08-12,89.91133117675781,90.10676950727796,89.23194422746958,89.37154506366782,24261400
2024-08-13,90.53485107421875,90.60930578177516,90.25565657146977,90.55346830130371,30366900
2024-08-14,91.10257720947266,91.35386013144765,90.74892791603361,90.78615527856299,31334100
2024-08-15,90.36734008789062,90.36734008789062,89.53905091398491,89.72518770049835,38723700
2024-08-16,90.68376922607422,90.77683406929002,90.28358400989312,90.68376922607422,28541000
2024-08-19,91.10257720947266,91.35386013144765,90.65586305990685,90.66516457524415,25322100
2024-08-20,91.8284912109375,92.00531940435508,91.31663096217105,91.50276067074189,25239300
2024-08-21,91.88433074951172,92.32173625063203,91.40038217321903,91.82848615969772,29230000
2024-08-22,90.9722900390625,91.48415742675438,90.67447822269462,91.41901131381121,33453800
2024-08-23,91.56791687011719,91.82850133099166,91.16773156223312,91.38178714103373,32005100
2024-08-26,91.33523559570312,91.85640442864866,91.2793981065712,91.84710291405521,23198700
2024-08-27,91.17703247070312,91.27940594316259,90.65586359301379,90.73031121811695,21507700
2024-08-28,91.06534576416016,91.39107629619686,90.95367078197218,91.21425520760154,18501400
2024-08-29,90.76753997802734,90.86991345206262,90.39527344520758,90.61863762513556,24988200
2024-08-30,89.79965209960938,91.19564630762657,89.78104196767572,90.90714311009567,42896200
2024-09-03,91.26835632324219,91.55779844740658,90.960236377421,91.09095263501148,48947900
2024-09-04,92.44480895996094,92.46347965795336,91.32437474586943,91.38973287409547,40885200
2024-09-05,92.9676513671875,93.07035798991207,92.23003431466559,92.7528992132634,47450900
2024-09-06,92.95832824707031,94.09743307548499,92.61286693332242,92.9489964605104,57406400
2024-09-09,93.35981750488281,93.46252414681953,92.58485892049845,92.80894290131432,26961400
2024-09-10,94.0134048461914,94.21881812781939,93.20109062979925,93.24777805689698,31703400
2024-09-11,93.9386978149414,94.52692086686518,93.69593604217107,93.8266522759319,39497100
2024-09-12,93.4998550415039,93.88267192993375,93.07969676622722,93.70526828666138,41618700
2024-09-13,93.7519760131836,93.93871148186665,93.38782973929906,93.7986563186036,25722100
2024-09-16,94.6109619140625,94.64831042908371,93.75196743907755,93.95737358644284,30866300
2024-09-17,94.1534423828125,94.90039839208647,94.06007466252836,94.7416725552534,31699400
2024-09-18,92.98634338378906,94.05075836552079,92.93966307770975,93.59324435083295,48897000
2024-09-19,92.67823028564453,92.72491059158139,92.22071627235283,92.36077143716659,39979800
2024-09-20,92.32341766357422,92.66888610065168,92.17403072017665,92.42612430369181,37067600
2024-09-23,92.1273422241211,92.51949095992707,91.520441300516,91.96861637250932,35703900
2024-09-24,92.10867309570312,92.33275707376384,91.36171700416577,91.50177216176667,31005400
2024-09-25,91.34304809570312,91.80055497088836,91.30569957804495,91.74453575615179,36738200
2024-09-26,91.55777740478516,91.73518105224339,90.96021547213657,91.56711631346721,33332300
2024-09-27,92.03398132324219,92.21138500791189,91.69785177518466,92.005971714821,28317600
2024-09-30,91.59513854980469,92.16469095846611,91.38972527146764,92.09933283567715,34175500
2024-10-01,92.25645446777344,93.04329363359192,92.16278501021735,92.54683907667528,45254200
2024-10-02,91.47897338867188,91.54454271060428,90.91694246179979,91.19795792523583,35810800
2024-10-03,90.61720275878906,91.3384725006076,90.61720275878906,91.17922658125141,39677800
2024-10-04,89.50252532958984,89.88657220694279,89.36201758557458,89.3994867937467,56954100
2024-10-07,88.8281021118164,89.24024914688319,88.76253277806568,88.96860986885977,42606600
2024-10-08,88.97796630859375,89.01543551792261,88.36910416341155,88.41594246170285,33709600
2024-10-09,88.47213745117188,88.9030297596176,88.26606753187589,88.67821451698839,35807700
2024-10-10,88.12557983398438,88.13494177799936,87.49798655191745,87.93823375585251,53667400
2024-10-11,87.7696304321289,88.11621533484045,87.50735305560019,87.56356045522958,27406400
2024-10-14,87.83518981933594,87.84455890929918,87.09519608223893,87.15139632897498,28795300
2024-10-15,88.90303802490234,88.98733838883528,88.39721440174117,88.4815147656741,46429100
2024-10-16,89.27771759033203,89.56810219146206,89.11847880209639,89.35265601297986,32281500
2024-10-17,87.86328125,88.46277426218552,87.7415045419958,88.32226652415319,43427200
2024-10-18,87.92884826660156,88.3128951175196,87.91947917857325,88.09745611851002,25258600
2024-10-21,86.39265441894531,87.19821739956245,86.39265441894531,87.13264807044753,49504700
2024-10-22,86.47697448730469,86.88912873368271,86.26152827310094,86.78609017208821,32096900
2024-10-23,86.24279022216797,86.52380575757059,85.85874328007446,86.02734402548971,33354200
2024-10-24,86.79546356201172,87.1139412070614,86.13976294243194,86.3926783866988,32507400
2024-10-25,86.30836486816406,87.15140437969012,86.19595721778646,87.10456607206886,28667100
2024-10-28,86.07417297363281,86.44885793126593,85.63391868440299,86.43011975279765,33156500
2024-10-29,86.20532989501953,86.23343002215239,85.22178971275616,85.39975956677182,46545200
2024-10-30,86.45821380615234,87.38555339600504,86.32707516300226,86.96403020314831,41951100
2024-10-31,86.59873962402344,87.0577321553116,86.05545386403439,86.36456238637435,52173800
2024-11-01,85.37783813476562,86.95682096065799,85.340249622573,86.71245977818943,80402000
2024-11-04,86.70305633544922,87.0038146180256,86.12033402580114,86.73125130402778,49747600
2024-11-05,87.16358184814453,87.31396455915947,86.09213012941126,86.49627470196098,46986000
2024-11-06,84.77633666992188,85.26507346330827,84.16542643415576,84.25001135763922,98895700
2024-11-07,85.83838653564453,86.11094987938316,85.19927421910248,85.29325984816728,56221400
2024-11-08,86.92862701416016,87.03201335051476,86.31770970951293,86.46809244262631,56756200
2024-11-11,86.50567626953125,86.75004459202596,86.11093240517684,86.70304820170846,22369200
2024-11-12,85.20866394042969,86.32710497210526,85.06768192969865,85.87597114253747,57908400
2024-11-13,84.40038299560547,86.03575583661797,84.32519162643064,86.01695440900244,49009100
2024-11-14,84.88910675048828,85.55641397234605,84.84211035530602,85.11467367194818,53328300
2024-11-15,84.66353607177734,85.1992619681218,84.12781017543288,84.51315335038242,73722400
2024-11-18,84.81391906738281,85.14287233600575,84.04322547919044,84.26879958108343,36010600
2024-11-19,85.24627685546875,85.59403162541008,85.17109264277859,85.35906393047148,29585100
2024-11-20,84.97369384765625,85.36843772973721,84.691729834374,84.72932551418782,27755400
2024-11-21,84.90788269042969,85.3872185694457,84.58833021818009,85.01126900101434,28365700
2024-11-22,84.95488739013672,85.24624492813186,84.72932049525798,85.06767442289724,21547500
2024-11-25,87.15419006347656,87.20117928363416,86.45868076697641,86.65605270118024,56858000
2024-11-26,86.81583404541016,86.88162468856692,86.28950172951382,86.61846211593989,31122200
2024-11-27,87.41737365722656,87.76512121843139,87.09781389837856,87.44556863022758,39442200
2024-11-29,88.31963348388672,88.33842773911276,87.82150325800251,88.14105579134598,31905700
2024-12-02,88.5318374633789,88.79591337360954,87.71130971756611,87.9659522894231,39406000
2024-12-03,87.7679214477539,88.68276126267324,87.7019024505706,88.58844943748724,32768900
2024-12-04,88.71102905273438,88.83364086684794,87.27747100613624,87.34348998468624,35851100
2024-12-05,88.89022827148438,89.02226623120552,88.33378361202085,88.39036925317872,23695800
2024-12-06,89.02226257324219,89.45610259386058,88.6733010108729,89.33349797788,31761500
2024-12-09,88.20175170898438,88.69218465780347,88.1545993994446,88.64502515273348,30509600
2024-12-10,87.78677368164062,87.99426398021845,87.62644288565953,87.7301808394186,28706500
2024-12-11,86.9568099975586,87.9848281213879,86.87193152995057,87.777337828751,38748400
2024-12-12,85.9005126953125,86.53240976448558,85.82506036586581,86.42866461037893,45368400
2024-12-13,85.02339172363281,85.68358155977673,84.95737274001843,85.63642925464048,39486000
2024-12-16,85.27803802490234,85.46666884023361,84.92908360871678,85.40064985375012,23482300
2024-12-17,85.48552703857422,85.81562196602802,85.31576290509372,85.37234855107731,23839900
2024-12-18,84.41659545898438,85.56222128922509,84.39765543535914,85.18350027524822,61328400
2024-12-19,83.13841247558594,83.68755759353954,82.85437712814633,83.38458222216904,99083300
2024-12-20,83.61180877685547,84.1798938972158,83.59287597714456,83.82010569118727,45542400
2024-12-23,82.84490203857422,83.536068399637,82.78809641726848,83.46979276694624,32764600
2024-12-24,83.19522857666016,83.21416137782865,82.35257806635538,82.40938369336376,22377600
2024-12-26,83.14788055419922,83.28043182462282,82.5608626255358,82.57033263728106,19981800
2024-12-27,82.46617126464844,83.1099947159577,82.42829844710067,82.8259594196015,27262300
2024-12-30,83.12895965576172,83.35618940566282,83.00587115595835,83.15736247156141,48519600
