Price,Close,High,Low,Open,Volume
Ticker,XOM,XOM,XOM,XOM,XOM
Date,,,,,
1993-01-04,5.252469539642334,5.284562021554609,5.241772045671576,5.241772045671576,3788400
1993-01-05,5.305955410003662,5.316652900749638,5.241770465527812,5.252467956273787,2935600
1993-01-06,5.2845611572265625,5.3273511261109885,5.2738636650054564,5.2952586494476686,3002400
1993-01-07,5.273863792419434,5.3380487472967495,5.263166299939881,5.284561284898986,4107600
1993-01-08,5.1882829666137695,5.231072929225017,5.145493004002522,5.231072929225017,5075600
1993-01-11,5.177586078643799,5.220376046235896,5.166888586745774,5.166888586745774,3474800
1993-01-12,5.13479471206665,5.188282156984012,5.113399734099707,5.188282156984012,4274400
1993-01-13,5.156190872192383,5.198980837936718,5.134795889320215,5.134795889320215,5813600
1993-01-14,5.16688871383667,5.1989811903201275,5.113401253030908,5.188283698158975,3813200
1993-01-15,5.145495414733887,5.166890406063342,5.124100423404432,5.166890406063342,8676000
1993-01-18,5.0813069343566895,5.13479437577097,5.0492144695081205,5.13479437577097,4979600
1993-01-19,5.038514614105225,5.081304547133719,5.017119647590977,5.070607063876595,4386400
1993-01-20,5.006425857543945,5.049215822138338,4.995728366395347,5.0385183309897394,5584800
1993-01-21,4.974332809448242,4.995727789273826,4.942240339709866,4.985030299361035,5140400
1993-01-22,4.974332809448242,5.0171227690994105,4.952937829622659,4.974332809448242,5110800
1993-01-25,5.1882829666137695,5.1882829666137695,4.995728134863155,4.995728134863155,8683200
1993-01-26,5.241769313812256,5.284559267394396,5.18828187183458,5.20967684862565,7774800
1993-01-27,5.177586078643799,5.220376046235896,5.166888586745774,5.220376046235896,3419200
1993-01-28,5.273863792419434,5.273863792419434,5.156191375144355,5.166888867623908,4399200
1993-01-29,5.2310709953308105,5.241768482028829,5.188281048538738,5.241768482028829,4369600
1993-02-01,5.2631659507751465,5.2631659507751465,5.231073475465542,5.252468459005279,3186400
1993-02-02,5.3273491859436035,5.338046674268792,5.252466767667288,5.2738617443176645,3359600
1993-02-03,5.348744869232178,5.3701398487091065,5.273862441062927,5.30595491027832,5699600
1993-02-04,5.367792129516602,5.519302391236828,5.3245034833108225,5.346147806413712,4631600
1993-02-05,5.356969833374023,5.367791994653567,5.31368118825585,5.367791994653567,4625200
1993-02-08,5.443546295166016,5.454368454798552,5.346146858473184,5.346146858473184,6978800
1993-02-09,5.411081314086914,5.421903476715088,5.400259151458741,5.411081314086914,3283600
1993-02-10,5.400258541107178,5.400258541107178,5.35696989548708,5.3786142182971295,3584400
1993-02-11,5.400258541107178,5.432725025322251,5.3786142182971295,5.400258541107178,3760400
1993-02-12,5.346148490905762,5.421903631465155,5.335326327968706,5.3677928167798745,3442800
1993-02-16,5.37861442565918,5.411080911125936,5.3136814547256686,5.3136814547256686,6701600
1993-02-17,5.346148490905762,5.389437142653986,5.346148490905762,5.3677928167798745,5484000
1993-02-18,5.356969833374023,5.389436317212654,5.259570381858133,5.367791994653567,6236800
1993-02-19,5.562588214874268,5.562588214874268,5.3569672497330005,5.378611561853134,9307600
1993-02-22,5.5842366218566895,5.6167031138442285,5.519303637881611,5.540947965873304,7378800
1993-02-23,5.497654914855957,5.584232157609595,5.4760106041675485,5.584232157609595,6348000
1993-02-24,5.497654914855957,5.5192992255443665,5.4760106041675485,5.497654914855957,3684800
1993-02-25,5.508479118347168,5.508479118347168,5.454368321506823,5.497656958979099,4029200
1993-02-26,5.508479118347168,5.519301277715237,5.454368321506823,5.497656958979099,5196400
1993-03-01,5.530122756958008,5.551767073032208,5.486834124809609,5.497656282846709,2918400
1993-03-02,5.5842366218566895,5.5842366218566895,5.519303637881611,5.519303637881611,4580800
1993-03-03,5.540945053100586,5.605878002941608,5.508478578180075,5.595055844634771,4289200
1993-03-04,5.573410511016846,5.5950548236809885,5.519299729356488,5.551766198352703,4234400
1993-03-05,5.476016044616699,5.605882037769664,5.465193878520618,5.573415539481423,4910400
1993-03-08,5.5842366218566895,5.5842366218566895,5.476014981898226,5.486837145894072,4612400
1993-03-09,5.551769256591797,5.58423574347245,5.530124932004695,5.58423574347245,4025200
1993-03-10,5.530122756958008,5.562589231069308,5.508478440883808,5.562589231069308,2740000
1993-03-11,5.4868364334106445,5.530125083772859,5.476014270820091,5.519302921182305,2673200
1993-03-12,5.421902179718018,5.465190819875446,5.367791379521231,5.465190819875446,5313200
1993-03-15,5.476016044616699,5.476016044616699,5.443549546328458,5.443549546328458,2523200
1993-03-16,5.540945053100586,5.573411528021097,5.454367786645889,5.465189944952726,3108800
1993-03-17,5.551769256591797,5.58423574347245,5.519302769711143,5.530124932004695,3112800
1993-03-18,5.616702556610107,5.638346882454463,5.5517695790770425,5.562591741999221,4380000
1993-03-19,5.595056056976318,5.61670037441143,5.5625895808236505,5.61670037441143,10617600
1993-03-22,5.616702556610107,5.64916904537664,5.584236067843575,5.584236067843575,5541200
1993-03-23,5.595056056976318,5.61670037441143,5.573411739541206,5.61670037441143,389600
1993-03-24,5.627523422241211,5.670812063950759,5.573412620104277,5.573412620104277,4150000
1993-03-25,5.681631565093994,5.692453720456078,5.605876477559407,5.616698632921492,4137200
1993-03-26,5.649168491363525,5.681634976946075,5.649168491363525,5.670812815085225,3552000
1993-03-29,5.735743045806885,5.735743045806885,5.627521478904868,5.649165792285271,4038800
1993-03-30,5.757389068603516,5.779033388410296,5.692456109183175,5.7032782690865655,4224400
1993-03-31,5.724925518035889,5.768214179797975,5.703281187154846,5.7465698489169315,5801600
1993-04-01,5.67081356048584,5.72492437690269,5.649169233919101,5.72492437690269,4033200
1993-04-02,5.724925518035889,5.779036345238496,5.627526029071195,5.6491703599522385,5478800
1993-04-05,5.800678730010986,5.833145215440152,5.735745759152654,5.735745759152654,5117600
1993-04-06,5.8547868728637695,5.887253343508116,5.768209617812179,5.779031774693628,4641600
1993-04-07,5.908899307250977,5.908899307250977,5.843966347830636,5.8547885077340265,5566800
1993-04-08,5.88725471496582,5.919721193173353,5.854788236758289,5.87643255556331,4984400
1993-04-12,5.9521894454956055,5.96301160812378,5.8980786323547365,5.8980786323547365,4387600
1993-04-13,5.930542469024658,5.952186784605041,5.843965206703131,5.952186784605041,4242800
1993-04-14,5.94136905670166,5.963013388420063,5.898080393264855,5.919724724983257,3152400
1993-04-15,5.88725471496582,5.941365511978374,5.8656103961607995,5.941365511978374,3708000
1993-04-16,5.973834991455078,5.973834991455078,5.876435507898745,5.887257672738338,7653200
1993-04-19,5.876436710357666,5.9630140467901915,5.854792376249534,5.952191879736126,4528000
1993-04-20,5.768211841583252,5.865611291065896,5.757389680529625,5.833144807905015,4453600
1993-04-21,5.735743045806885,5.811498142638296,5.714098732426481,5.76820951587749,4375200
1993-04-22,5.703277587890625,5.800677015387809,5.670811112058231,5.735744063723019,5244400
1993-04-23,5.562588214874268,5.670809775474934,5.562588214874268,5.638343307294734,6419600
1993-04-26,5.573410511016846,5.5950548236809885,5.530121885688559,5.540944042020631,7634400
1993-04-27,5.6599884033203125,5.681632718438172,5.584233300407803,5.595055457966733,5003200
1993-04-28,5.69245719909668,5.735745846998555,5.616702065268397,5.627524227243866,4148400
1993-04-29,5.714106559753418,5.724928731268102,5.616707016121257,5.692462216724049,3158800
1993-04-30,5.714106559753418,5.800683931870894,5.714106559753418,5.746573074297471,4287600
1993-05-03,5.735743045806885,5.746565202497086,5.627521478904868,5.746565202497086,4358000
1993-05-04,5.67081356048584,5.757390866752799,5.67081356048584,5.72492437690269,4636400
1993-05-05,5.616702556610107,5.670813371220995,5.616702556610107,5.64916904537664,4614800
1993-05-06,5.6599884033203125,5.681632718438172,5.627521930643523,5.627521930643523,5767600
1993-05-07,5.613594055175781,5.701135482936807,5.613594055175781,5.679250125996551,2468400
1993-05-10,5.569821834564209,5.646420563133854,5.569821834564209,5.624535212113956,3560400
1993-05-11,5.580765247344971,5.5917079243005485,5.5479372164782355,5.580765247344971,4014400
1993-05-12,5.613594055175781,5.6573647690562945,5.569823341295269,5.580766019765397,4484400
1993-05-13,5.558877468109131,5.657361517740986,5.536992123746497,5.613590829015717,5844800
1993-05-14,5.580765247344971,5.602650601256127,5.558879893433814,5.5917079243005485,3510000
1993-05-17,5.635476589202881,5.635476589202881,5.547935205292933,5.580763224259163,2994000
1993-05-18,5.624533176422119,5.646418519521038,5.558877147125363,5.646418519521038,3726400
1993-05-19,5.657362937927246,5.657362937927246,5.580764213429199,5.602649563285784,4586400
1993-05-20,5.712077617645264,5.723020295073702,5.613593520789311,5.657364230503068,4474000
1993-05-21,5.66830587387085,5.755847277328314,5.6464205230064834,5.701133900167399,8157600
1993-05-24,5.690191745758057,5.701134422192206,5.657363716455606,5.679249069323906,3648800
1993-05-25,5.690191745758057,5.723019775060506,5.646421040021456,5.690191745758057,3094400
1993-05-26,5.657362937927246,5.6901909627121245,5.602649563285784,5.6901909627121245,4700800
1993-05-27,5.679250240325928,5.744906312468425,5.657364882945096,5.679250240325928,4427600
1993-05-28,5.733963966369629,5.733963966369629,5.613594493793167,5.635479852443432,4299200
1993-06-01,5.70113468170166,5.755848066362905,5.70113468170166,5.723020035566158,3485600
1993-06-02,5.679250240325928,5.70113559770676,5.657364882945096,5.6901929190163445,3128800
1993-06-03,5.690191745758057,5.690191745758057,5.635478363587306,5.646421040021456,2715600
1993-06-04,5.712077617645264,5.712077617645264,5.646421553074628,5.646421553074628,6796000
1993-06-07,5.723018646240234,5.733961320516029,5.690190623412853,5.712075971964441,4056000
1993-06-08,5.79961633682251,5.832444353823392,5.723017630487118,5.723017630487118,6330400
1993-06-09,5.898103713989258,5.898103713989258,5.810562285952312,5.810562285952312,5284000
1993-06-10,5.8652753829956055,5.887160738902305,5.821504671182205,5.8652753829956055,4742800
1993-06-11,5.712077617645264,5.854332424214973,5.679249585359946,5.854332424214973,5281200
1993-06-14,5.733963966369629,5.744906645694762,5.6683078904188315,5.712078607719363,4206000
1993-06-15,5.66830587387085,5.744904601896131,5.66830587387085,5.723019251031765,5271600
1993-06-16,5.79961633682251,5.821501681489764,5.668304268818981,5.679246941152608,4702000
1993-06-17,5.876220703125,5.876220703125,5.799621923009776,5.821507288756983,4519600
1993-06-18,5.755848407745361,5.854332505976746,5.755848407745361,5.854332505976746,11522800
1993-06-21,5.733963966369629,5.788677362995293,5.712078607719363,5.77773468367016,5230000
1993-06-22,5.788678169250488,5.788678169250488,5.72302208415502,5.733964765004265,2950400
1993-06-23,5.712077617645264,5.75584832735902,5.690192262788385,5.75584832735902,5411200
1993-06-24,5.733963966369629,5.766792004345027,5.70113592839423,5.70113592839423,4093600
1993-06-25,5.723018646240234,5.766789343343411,5.701133297688647,5.733961320516029,2598000
1993-06-28,5.788678169250488,5.799620850099734,5.72302208415502,5.733964765004265,2846400
1993-06-29,5.712077617645264,5.788676359644338,5.712077617645264,5.788676359644338,2578400
1993-06-30,5.788678169250488,5.788678169250488,5.679251360758041,5.72302208415502,3814800
1993-07-01,5.70113468170166,5.7996187740919005,5.70113468170166,5.788676097159652,4516400
1993-07-02,5.657362937927246,5.7011336376404165,5.635477588070661,5.679248287783832,3642800
1993-07-06,5.602649688720703,5.6792484149336815,5.5917070135474205,5.657363064587116,3452800
1993-07-07,5.624533176422119,5.646418519521038,5.602647833323201,5.61359050487266,3623600
1993-07-08,5.635476589202881,5.646419262191624,5.613591243225394,5.635476589202881,3859200
1993-07-09,5.5917067527771,5.624534776766007,5.5807640781141306,5.624534776766007,3369200
1993-07-12,5.646422863006592,5.6573655429736585,5.624537503072458,5.624537503072458,2455600
1993-07-13,5.66830587387085,5.66830587387085,5.613592496709934,5.613592496709934,3376400
1993-07-14,5.657362937927246,5.6901909627121245,5.646420262998954,5.668305612855539,3330000
1993-07-15,5.624533176422119,5.668303862619957,5.602647833323201,5.668303862619957,4283200
1993-07-16,5.558877468109131,5.657361517740986,5.547934795927814,5.635476173378351,7324000
1993-07-19,5.66830587387085,5.66830587387085,5.558879119549019,5.569821794981202,3449200
1993-07-20,5.613594055175781,5.668307447526423,5.569823341295269,5.668307447526423,4465200
1993-07-21,5.613594055175781,5.668307447526423,5.591708698235525,5.602651376705653,3212000
1993-07-22,5.613594055175781,5.624536733645909,5.569823341295269,5.613594055175781,2453200
1993-07-23,5.70113468170166,5.712077358633909,5.61359326624367,5.61359326624367,5043200
1993-07-26,5.74490213394165,5.74490213394165,5.701131451016381,5.701131451016381,2972800
1993-07-27,5.832447052001953,5.832447052001953,5.744905632834945,5.777733665022573,3640800
1993-07-28,5.821503639221191,5.8433889912483385,5.799618287194044,5.799618287194044,4790800
1993-07-29,5.788678169250488,5.843391573496713,5.777735488401244,5.832448892647468,3480000
1993-07-30,5.74490213394165,5.7996154875982375,5.7120741217476985,5.7996154875982375,3247600
1993-08-02,5.777738571166992,5.788681257854808,5.7449105111035434,5.755853197791359,3199200
1993-08-03,5.70113468170166,5.788676097159652,5.690192004769411,5.777733420227403,3057600
1993-08-04,5.646422863006592,5.723021622776061,5.646422863006592,5.723021622776061,2533200
1993-08-05,5.602649688720703,5.6792484149336815,5.580764338374138,5.657363064587116,4148000
1993-08-06,5.66830587387085,5.679248549303033,5.613592496709934,5.624535172142117,3837200
1993-08-09,5.7209792137146,5.743110661349859,5.65458487080882,5.676716318444081,3528800
1993-08-10,5.74310827255249,5.74310827255249,5.709911114907678,5.74310827255249,2910000
1993-08-11,5.698845386505127,5.765239701687711,5.687779667308029,5.754173982490613,3005600
1993-08-12,5.7209792137146,5.732044937532229,5.643519146991191,5.7209792137146,4489600
1993-08-13,5.74310827255249,5.7763054301973025,5.720976834122616,5.754173991767428,3385600
1993-08-16,5.732044219970703,5.765241387267831,5.7209784975383275,5.743109942403079,2694000
1993-08-17,5.643521308898926,5.720981405295578,5.643521308898926,5.720981405295578,4096000
1993-08-18,5.676716327667236,5.687782051502845,5.654584879996019,5.665650603831628,4361600
1993-08-19,5.709912300109863,5.732043743133545,5.643517971038818,5.676715135574341,4112400
1993-08-20,5.732044219970703,5.754175664835455,5.665649885376448,5.709912775105951,6902000
1993-08-23,5.7209792137146,5.798439280438008,5.7209792137146,5.743110661349859,4056000
1993-08-24,5.765242576599121,5.776308301314282,5.732045402453636,5.732045402453636,3807200
1993-08-25,5.831637859344482,5.8869664917860804,5.7763092269028835,5.7763092269028835,5654400
1993-08-26,5.8648295402526855,5.9090924047074225,5.8095009596842635,5.831632391911632,4964800
1993-08-27,5.787375450134277,5.864835542201084,5.776309722696162,5.8427040873248535,3123600
1993-08-30,5.765242576599121,5.820571200174928,5.765242576599121,5.798439750744605,2287200
1993-08-31,5.787375450134277,5.798441177572393,5.720981085505586,5.776309722696162,3625600
1993-09-01,5.765242576599121,5.820571200174928,5.754176851883959,5.765242576599121,483200
1993-09-02,5.698845386505127,5.7873711400819055,5.698845386505127,5.776305420884808,5143600
1993-09-03,5.798437595367432,5.798437595367432,5.698846109950816,5.709911830552662,3395200
1993-09-07,5.754180908203125,5.820575303297776,5.7431151756873495,5.7873781057504505,2429200
1993-09-08,5.798437595367432,5.809503315969278,5.7431089923582,5.754174712960047,5325200
1993-09-09,5.74310827255249,5.820568307057052,5.732042553337553,5.78737114941224,4194400
1993-09-10,5.809503555297852,5.809503555297852,5.72097778683617,5.743109228951591,3218400
1993-09-13,5.787375450134277,5.8205726324486236,5.754178267819932,5.798441177572393,3326400
1993-09-14,5.798437595367432,5.831634757172971,5.765240433561893,5.7763061541637395,3189200
1993-09-15,5.853769302368164,5.886966481776679,5.754177764142618,5.776309217081629,4732800
1993-09-16,5.798437595367432,5.842700477774817,5.765240433561893,5.831634757172971,3574000
1993-09-17,5.754180908203125,5.7652466407189005,5.732049443171574,5.732049443171574,15637600
1993-09-20,5.732044219970703,5.798438554564958,5.6877813302412,5.776307109700206,2802400
1993-09-21,5.765242576599121,5.809505475459766,5.743111127168798,5.754176851883959,3561600
1993-09-22,5.74310827255249,5.78737114941224,5.720976834122616,5.78737114941224,3464800
1993-09-23,5.709912300109863,5.765240907669067,5.709912300109863,5.743109464645386,2700800
1993-09-24,5.798437595367432,5.809503315969278,5.698846109950816,5.720977551154508,3811200
1993-09-27,5.798437595367432,5.853766198376663,5.787371874765586,5.798437595367432,3236800
1993-09-28,5.809503555297852,5.820569276355561,5.76524067106701,5.798437834240141,2884400
1993-09-29,5.898031711578369,5.909097437116039,5.798440181739335,5.8205716328146755,5288400
1993-09-30,5.798437595367432,5.886963360182202,5.7763061541637395,5.886963360182202,6434800
1993-10-01,5.8648295402526855,5.87589525636637,5.765238095229527,5.798435243570579,6295600
1993-10-04,5.809503555297852,5.864832160586403,5.798437834240141,5.853766439528692,3619600
1993-10-05,5.8205695152282715,5.842700958251953,5.787372350692749,5.8205695152282715,4078000
1993-10-06,5.798437595367432,5.842700477774817,5.7763061541637395,5.820569036571125,4280000
1993-10-07,5.798437595367432,5.831634757172971,5.7763061541637395,5.798437595367432,2679600
1993-10-08,5.787375450134277,5.8205726324486236,5.720981085505586,5.809506905010508,3237200
1993-10-11,5.754180908203125,5.8095095707820015,5.7431151756873495,5.798443838266226,1855200
1993-10-12,5.765242576599121,5.798439750744605,5.765242576599121,5.776308301314282,2013600
1993-10-13,5.709912300109863,5.754175186157227,5.709912300109863,5.743109464645386,2660000
1993-10-14,5.732044219970703,5.743109942403079,5.665649885376448,5.7209784975383275,4581600
1993-10-15,5.776309013366699,5.798440465525192,5.698848930811973,5.754177561208206,6206800
1993-10-18,5.732044219970703,5.787372832132583,5.732044219970703,5.754175664835455,4086000
1993-10-19,5.74310827255249,5.765239710982365,5.6877796764778035,5.709911114907678,4754000
1993-10-20,5.754180908203125,5.754180908203125,5.7209837106557995,5.7431151756873495,2343200
1993-10-21,5.7209792137146,5.754176385167489,5.7209792137146,5.743110661349859,2734400
1993-10-22,5.7209792137146,5.776307832802749,5.69884776607934,5.732044937532229,4912400
1993-10-25,5.809503555297852,5.809503555297852,5.698846344720749,5.72097778683617,3580000
1993-10-26,5.8205695152282715,5.831635236740112,5.787372350692749,5.787372350692749,3069600
1993-10-27,5.809503555297852,5.831634997413272,5.798437834240141,5.820569276355561,2312800
1993-10-28,5.831637859344482,5.875900765297761,5.820572132856163,5.831637859344482,4508000
1993-10-29,5.787375450134277,5.831638359886738,5.776309722696162,5.8205726324486236,3118000
1993-11-01,5.765242576599121,5.798439750744605,5.732045402453636,5.765242576599121,2573200
1993-11-02,5.754180908203125,5.7652466407189005,5.7209837106557995,5.7652466407189005,3999600
1993-11-03,5.7209792137146,5.7652421089851185,5.665650594626451,5.7652421089851185,4596000
1993-11-04,5.7209792137146,5.776307832802749,5.7209792137146,5.7209792137146,5165200
1993-11-05,5.751861095428467,5.796622660373435,5.71828992171974,5.740670704192225,4362000
1993-11-08,5.729482173919678,5.774243753403425,5.729482173919678,5.774243753403425,2276400
1993-11-09,5.718293190002441,5.763054780530837,5.695912394738244,5.763054780530837,3146400
1993-11-10,5.751861095428467,5.774241877900951,5.71828992171974,5.71828992171974,2560000
1993-11-11,5.707103252410889,5.763055245081584,5.6735320568084715,5.751864846547445,3090400
1993-11-12,5.6735310554504395,5.729483038245808,5.6735310554504395,5.695911848568587,4112800
1993-11-15,5.617577075958252,5.695909824029383,5.595196290795071,5.695909824029383,4336000
1993-11-16,5.617577075958252,5.639957861121432,5.584005898213481,5.639957861121432,4332800
1993-11-17,5.707103252410889,5.740674448013306,5.572818470001221,5.606389665603638,6181600
1993-11-18,5.774243354797363,5.774243354797363,5.628768231517585,5.695910596108251,4735200
1993-11-19,5.751861095428467,5.751861095428467,5.71828992171974,5.751861095428467,7183600
1993-11-22,5.751861095428467,5.751861095428467,5.684718748011014,5.729480312955983,3432800
1993-11-23,5.718293190002441,5.763054780530837,5.707102792370343,5.751864382898738,2799600
1993-11-24,5.662341594696045,5.751864781963967,5.628770399470574,5.7406743835554765,3234400
1993-11-26,5.528056621551514,5.5392470195708485,5.460914233435504,5.460914233435504,4155600
1993-11-29,5.539247989654541,5.584009589570941,5.46091518980084,5.48329598975904,7000400
1993-11-30,5.617577075958252,5.662338646284613,5.539244327887121,5.550434720468711,6154000
1993-12-01,5.550439357757568,5.6399625732052705,5.550439357757568,5.628772171274308,5209200
1993-12-02,5.572816371917725,5.6287683435233244,5.572816371917725,5.584006766238844,3712800
1993-12-03,5.606388568878174,5.639959757913372,5.572817379842975,5.595198172533108,3432400
1993-12-06,5.617577075958252,5.617577075958252,5.50567315014235,5.584005898213481,3403200
1993-12-07,5.606388568878174,5.651150154258438,5.595198172533108,5.606388568878174,3850400
1993-12-08,5.572816371917725,5.595197160559964,5.528054794633245,5.595197160559964,4015200
1993-12-09,5.572816371917725,5.6287683435233244,5.572816371917725,5.6287683435233244,4290800
1993-12-10,5.628771781921387,5.65115258423519,5.57281977613688,5.584010177293782,5223200
1993-12-13,5.628771781921387,5.65115258423519,5.617581380764486,5.628771781921387,3360800
1993-12-14,5.639958381652832,5.695910349724785,5.628767988038442,5.651148775267223,4345600
1993-12-15,5.651149749755859,5.7182921230202854,5.651149749755859,5.684720936388072,5244400
1993-12-16,5.684720516204834,5.707101305638711,5.651149332054018,5.673530121487896,4136800
1993-12-17,5.729482173919678,5.729482173919678,5.673530199564993,5.68472059443593,9098800
1993-12-20,5.707103252410889,5.729484049479167,5.684722455342611,5.707103252410889,3496000
1993-12-21,5.651149749755859,5.740672914108428,5.651149749755859,5.7182921230202854,3834000
1993-12-22,5.639958381652832,5.673529562496004,5.60638720080966,5.662339168881613,5906000
1993-12-23,5.639958381652832,5.695910349724785,5.639958381652832,5.639958381652832,4066400
1993-12-27,5.751861095428467,5.751861095428467,5.695909139247256,5.707099530483498,3914400
1993-12-28,5.729482173919678,5.7518629636615515,5.707101384177804,5.7518629636615515,2878000
1993-12-29,5.6959123611450195,5.6959123611450195,5.617579578182318,5.651150770880619,3833600
1993-12-30,5.6959123611450195,5.740673951409421,5.673531566012819,5.6959123611450195,3140400
1993-12-31,5.651149749755859,5.740672914108428,5.639959354211789,5.684720936388072,3200000
1994-01-03,5.707103252410889,5.729484049479167,5.651151259740193,5.6623416582743324,6504400
1994-01-04,5.751861095428467,5.763051486664709,5.695909139247256,5.695909139247256,4686800
1994-01-05,5.785434246063232,5.796624641123316,5.7518630608829815,5.763053455943065,6709200
1994-01-06,5.751861095428467,5.807813051609678,5.751861095428467,5.807813051609678,5274800
1994-01-07,5.707103252410889,5.763055245081584,5.684722455342611,5.763055245081584,4224800
1994-01-10,5.785434246063232,5.785434246063232,5.695911085582563,5.707101480642646,4465200
1994-01-11,5.774243354797363,5.807814537092696,5.751862566600474,5.774243354797363,5502800
1994-01-12,5.807816982269287,5.807816982269287,5.785436184649752,5.79662658345952,4238400
1994-01-13,5.87495756149292,5.897338352203369,5.8190055847167965,5.8190055847167965,7874000
1994-01-14,5.796625137329102,5.8861483054731805,5.774244345293082,5.8637675134371605,6687600
1994-01-17,5.819008827209473,5.841389630391047,5.785437622437111,5.785437622437111,2997600
1994-01-18,5.807816982269287,5.8637689763181235,5.807816982269287,5.841388178698589,3915600
1994-01-19,5.863768577575684,5.863768577575684,5.830197383429258,5.830197383429258,3476400
1994-01-20,5.942101001739502,5.942101001739502,5.8637682201723145,5.8637682201723145,4532400
1994-01-21,5.919723033905029,5.94210383932622,5.897342228483838,5.897342228483838,7774000
1994-01-24,5.919723033905029,5.94210383932622,5.886151825773243,5.908532631194434,3566000
1994-01-25,5.930910110473633,5.964481299778201,5.897338921169066,5.9085293176039215,4605200
1994-01-26,5.919723033905029,5.975675047458007,5.897342228483838,5.94210383932622,4388800
1994-01-27,5.87495756149292,5.9420999336242675,5.87495756149292,5.930909538269042,4576800
1994-01-28,5.886148929595947,5.919720121209612,5.863768135186837,5.919720121209612,4446000
1994-01-31,5.953291893005371,5.953291893005371,5.874959104939511,5.897339901529757,4042400
1994-02-01,5.930910110473633,5.953290903343345,5.897338921169066,5.953290903343345,4310400
1994-02-02,6.009244441986084,6.020434841319391,5.953292445319547,5.953292445319547,4766800
1994-02-03,5.998053550720215,6.031624745966783,5.964482355473646,6.0204343475512605,6344000
1994-02-04,5.927466869354248,6.006650587074629,5.927466869354248,5.984026667725949,3924000
1994-02-07,5.91615629196167,6.006651990500281,5.893532367327017,5.91615629196167,4317600
1994-02-08,5.91615629196167,5.938780216596323,5.893532367327017,5.938780216596323,2760400
1994-02-09,5.972718238830566,5.9840302051919885,5.893534474300616,5.893534474300616,3877200
1994-02-10,5.96140193939209,5.984025855670618,5.950089981252826,5.96140193939209,4056800
1994-02-11,6.0179619789123535,6.029273937519332,5.961402185877463,5.961402185877463,3193200
1994-02-14,5.995336055755615,6.040583875044337,5.972712146111254,5.995336055755615,3799200
1994-02-15,6.029273986816406,6.051897904215342,5.995338110718002,6.00665006941747,4579600
1994-02-16,6.04058837890625,6.074524268675386,6.029276415649871,6.04058837890625,3784800
1994-02-17,6.04058837890625,6.085836231931765,6.006652489137114,6.051900342162629,4660800
1994-02-18,5.984028339385986,6.063212079226632,5.984028339385986,6.040588153557876,5896400
1994-02-22,6.029273986816406,6.029273986816406,5.995338110718002,6.00665006941747,2774400
1994-02-23,6.0179619789123535,6.04058589612631,5.995338061698398,6.0179619789123535,3095600
1994-02-24,5.904844284057617,6.006651944127577,5.904844284057617,5.995339981897581,3857200
1994-02-25,5.927466869354248,5.927466869354248,5.893530990331228,5.916154909679908,4866800
1994-02-28,5.870907306671143,5.938779067441907,5.870907306671143,5.916155147184986,3781600
1994-03-01,5.870907306671143,5.870907306671143,5.825659466157299,5.848283386414221,4125600
1994-03-02,5.96140193939209,5.972713897531354,5.836970399860187,5.848282357999451,5707600
1994-03-03,5.984028339385986,6.0066522650547425,5.9500924508828525,5.972716376551608,4846800
1994-03-04,5.904844284057617,5.97271605743759,5.893532321827622,5.97271605743759,2743200
1994-03-07,5.904844284057617,5.916156246287613,5.870908397367631,5.893532321827622,3142400
1994-03-08,5.91615629196167,5.950092178913649,5.904844329644344,5.91615629196167,3317200
1994-03-09,5.927466869354248,5.938778829028588,5.893530990331228,5.916154909679908,3190000
1994-03-10,5.870907306671143,5.927467107313447,5.848283386414221,5.927467107313447,3243200
1994-03-11,5.904844284057617,5.904844284057617,5.825660548447649,5.859596435137636,4704000
1994-03-14,5.904844284057617,5.904844284057617,5.870908397367631,5.893532321827622,2412800
1994-03-15,5.859593868255615,5.89352974007949,5.848281910980991,5.882217782804865,3816400
1994-03-16,5.870907306671143,5.9048431870565254,5.814347506028839,5.848283386414221,4597200
1994-03-17,5.938776016235352,5.95008797055199,5.85959233601888,5.882216244652158,5810000
1994-03-18,5.96140193939209,5.972713897531354,5.916154106835034,5.938778023113562,15222400
1994-03-21,5.927466869354248,5.961402748377269,5.916154909679908,5.950090788702929,3170400
1994-03-22,5.938776016235352,5.984023833501906,5.916152107602074,5.9274640619187124,2990400
1994-03-23,5.91615629196167,5.950092178913649,5.91615629196167,5.938780216596323,2469600
1994-03-24,5.927466869354248,5.972714708051609,5.893530990331228,5.927466869354248,4818000
1994-03-25,5.927466869354248,5.972714708051609,5.893530990331228,5.904842950005568,3607600
1994-03-28,5.8822197914123535,5.916155674824347,5.848283908000359,5.893531752549685,4301200
1994-03-29,5.8822197914123535,5.916155674824347,5.8256599857256965,5.85959586913769,4134400
1994-03-30,5.746474266052246,5.882217752651905,5.746474266052246,5.836969923785352,5869600
1994-03-31,5.689918518066406,5.76910227477906,5.5654869003750935,5.757790309534395,7746800
1994-04-04,5.520237445831299,5.622045103643762,5.463677635935487,5.5767972557271115,9793200
1994-04-05,5.531548023223877,5.565483900666969,5.497612145780786,5.565483900666969,12052400
1994-04-06,5.531548023223877,5.565483900666969,5.497612145780786,5.531548023223877,8064800
1994-04-07,5.542860507965088,5.565484428405762,5.486300706863403,5.531548547744752,6170400
1994-04-08,5.520237445831299,5.588109217706274,5.4976135218729745,5.542861369789624,7733600
1994-04-11,5.576797962188721,5.576797962188721,5.4976142183036885,5.520238145127983,3884800
1994-04-12,5.576797962188721,5.599421889013016,5.565485998776573,5.576797962188721,3665200
1994-04-13,5.588107109069824,5.588107109069824,5.5089234050951505,5.588107109069824,3455600
1994-04-14,5.689918518066406,5.689918518066406,5.576798865619758,5.588110830864423,5934400
1994-04-15,5.701228141784668,5.735164023581006,5.633356378191993,5.655980299389552,7315600
1994-04-18,5.6333537101745605,5.746473262587704,5.588105889209303,5.701225441622447,4478800
1994-04-19,5.712538242340088,5.735162156171138,5.644666500846938,5.655978457762464,4003600
1994-04-20,5.701228141784668,5.712540102383447,5.655980299389552,5.67860422058711,4651200
1994-04-21,5.655980110168457,5.735163831710816,5.655980110168457,5.712539911270142,3487200
1994-04-22,5.712538242340088,5.723850199255613,5.622042587015889,5.667290414677988,4935200
1994-04-25,5.757786750793457,5.757786750793457,5.655979126516166,5.67860304302223,4089200
1994-04-26,5.689918518066406,5.746478344289731,5.6786065528217415,5.735166379045065,3683200
1994-04-28,5.599420070648193,5.701227708296342,5.58810811090951,5.701227708296342,4846400
1994-04-29,5.689918518066406,5.701230483311071,5.588110830864423,5.588110830864423,5345600
1994-05-02,5.56548547744751,5.689917063325401,5.56548547744751,5.689917063325401,3930000
1994-05-03,5.542860507965088,5.588108348846436,5.49761266708374,5.576796388626099,4805200
1994-05-04,5.486300945281982,5.531548788129669,5.486300945281982,5.531548788129669,3971200
1994-05-05,5.497612953186035,5.520236874804085,5.463677070758961,5.497612953186035,5820400
1994-05-06,5.678603649139404,5.678603649139404,5.520236216693285,5.520236216693285,8401200
1994-05-09,5.6186418533325195,5.7101879527758195,5.595755328471695,5.652971640623757,2954800
1994-05-10,5.6873016357421875,5.71018816143934,5.607198795802157,5.630085321499308,4014400
1994-05-11,5.6186418533325195,5.698744690345407,5.57286880361087,5.687301427914995,2670400
1994-05-12,5.675858974456787,5.687302238518193,5.595756126026954,5.618642654149763,3447200
1994-05-13,5.675858974456787,5.7216320307024064,5.618642654149763,5.675858974456787,3215200
1994-05-16,5.630085468292236,5.675858520879978,5.618642205145301,5.675858520879978,2912400
1994-05-17,5.664413928985596,5.675857189448193,5.607197626672609,5.6415274080604005,3261200
1994-05-18,5.652969837188721,5.6758563547481895,5.630083319629252,5.6758563547481895,3508400
1994-05-19,5.698742389678955,5.733072163110756,5.641526100625954,5.641526100625954,3360800
1994-05-20,5.6873016357421875,5.71018816143934,5.641528584347884,5.698744898590763,9628400
1994-05-23,5.652969837188721,5.664413095968455,5.59575354329005,5.652969837188721,5121600
1994-05-24,5.6186418533325195,5.652971640623757,5.6186418533325195,5.652971640623757,2922800
1994-05-25,5.630085468292236,5.6415287314391716,5.59575567885143,5.618642205145301,3627200
1994-05-26,5.6186418533325195,5.652971640623757,5.607198590902107,5.641528378193344,2707200
1994-05-27,5.607198238372803,5.630084761794732,5.595754976661838,5.607198238372803,2022400
1994-05-31,5.5957560539245605,5.618642581752472,5.584312790010604,5.5957560539245605,2644000
1994-06-01,5.5614237785339355,5.584310296141071,5.527094002123232,5.584310296141071,3550000
1994-06-02,5.5728678703308105,5.5728678703308105,5.538538088788731,5.561424609816784,4206800
1994-06-03,5.6186418533325195,5.630085115762932,5.538539016319632,5.561425541180458,4008400
1994-06-06,5.5957560539245605,5.664415637408297,5.584312790010604,5.652972373494341,3757600
1994-06-07,5.6415300369262695,5.652973302721252,5.561427176361393,5.561427176361393,3900400
1994-06-08,5.6186418533325195,5.641528378193344,5.607198590902107,5.641528378193344,3442800
1994-06-09,5.652969837188721,5.6758563547481895,5.630083319629252,5.652969837188721,4344800
1994-06-10,5.6873016357421875,5.71018816143934,5.641528584347884,5.6529718471964605,2730000
1994-06-13,5.458437919616699,5.69874650727278,5.389778323143533,5.68730324119392,14051200
1994-06-14,5.38977575302124,5.492765098620372,5.378332492399114,5.458435316753994,19806400
1994-06-15,5.218127727508545,5.378333403353106,5.218127727508545,5.36689014079278,17309600
1994-06-16,5.38977575302124,5.38977575302124,5.229570104311479,5.241013364933605,17015600
1994-06-17,5.378333568572998,5.4126633573085705,5.332560516925568,5.3897768314848555,19969200
1994-06-20,5.366891384124756,5.378334649336109,5.332561588490695,5.355448118913403,4414400
1994-06-21,5.309672832489014,5.355445874148402,5.275343051244473,5.344002613733555,7069200
1994-06-22,5.332559108734131,5.366888888404093,5.298229329064169,5.3096725889541565,5062400
1994-06-23,5.321117401123047,5.378333717264155,5.321117401123047,5.355447190807712,4420000
1994-06-24,5.241015434265137,5.344004820527989,5.241015434265137,5.344004820527989,4243200
1994-06-27,5.2295708656311035,5.2410141279191365,5.218127603343071,5.2295708656311035,3950800
1994-06-28,5.183798789978027,5.2639016410372905,5.1380257322298775,5.229571847726178,6948000
1994-06-29,5.172350883483887,5.218123900151886,5.1609076293168865,5.195237391817886,5075600
1994-06-30,5.195239543914795,5.206682802822096,5.160909767192891,5.172353026100192,5448400
1994-07-01,5.2295708656311035,5.2295708656311035,5.183797816478972,5.2295708656311035,3822800
1994-07-05,5.206686019897461,5.252459083808647,5.195242753919664,5.206686019897461,3271600
1994-07-06,5.195239543914795,5.218126061729397,5.183796285007493,5.195239543914795,2750400
1994-07-07,5.2524566650390625,5.2524566650390625,5.17235384008204,5.195240361498332,3571200
1994-07-08,5.298229217529297,5.32111573682748,5.229569659634749,5.229569659634749,5039600
1994-07-11,5.355444431304932,5.355444431304932,5.275341629981995,5.309671401977539,3413600
1994-07-12,5.344003677368164,5.355446940060601,5.309673889290853,5.355446940060601,4100800
1994-07-13,5.321117401123047,5.378333717264155,5.298230874666604,5.366890454035934,2920000
1994-07-14,5.298229217529297,5.355445515774754,5.275342698231114,5.355445515774754,3407200
1994-07-15,5.309672832489014,5.309672832489014,5.241013269999932,5.28678631165932,8062800
1994-07-18,5.332559108734131,5.332559108734131,5.286786069174181,5.3096725889541565,4430000
1994-07-19,5.355444431304932,5.355444431304932,5.298228144645691,5.332557916641235,3836400
1994-07-20,5.355444431304932,5.36688768863678,5.332557916641235,5.332557916641235,3199200
1994-07-21,5.344003677368164,5.366890202753038,5.332560414675727,5.366890202753038,2850800
1994-07-22,5.298229217529297,5.3668887754238455,5.275342698231114,5.344002256125663,4082800
1994-07-25,5.332559108734131,5.3440023686241185,5.241013029614232,5.275342809284194,3755600
1994-07-26,5.332559108734131,5.355445628514106,5.3096725889541565,5.332559108734131,3734800
1994-07-27,5.355444431304932,5.378330945968628,5.321114659309387,5.332557916641235,3243600
1994-07-28,5.401216983795166,5.412660240116766,5.3440007021871665,5.3440007021871665,2764000
1994-07-29,5.4469895362854,5.481319302270392,5.389773259643747,5.401216514972077,3344800
1994-08-01,5.504209518432617,5.504209518432617,5.424106677208026,5.446993203272195,3979200
1994-08-02,5.424104690551758,5.51565076127837,5.424104690551758,5.504207502437543,2790000
1994-08-03,5.424104690551758,5.435547949392584,5.401218172870105,5.424104690551758,2435600
1994-08-04,5.435545921325684,5.4813189396105315,5.41265941218326,5.41265941218326,2792400
1994-08-05,5.412661552429199,5.458434588813379,5.378331775141064,5.412661552429199,3620000
1994-08-08,5.481321334838867,5.481321334838867,5.401218517837046,5.424105036980423,3784000
1994-08-09,5.432210922241211,5.4785410793605385,5.409045843681547,5.466958540080706,4101200
1994-08-10,5.4669575691223145,5.501705180790465,5.409044883008731,5.443792494676881,2819600
1994-08-11,5.385882377624512,5.455377634109989,5.374299834876932,5.43221254861483,3162400
1994-08-12,5.582788944244385,5.640701692628663,5.548041295213818,5.605954043598096,10418800
1994-08-15,5.548036098480225,5.594366253791124,5.5364535596525,5.594366253791124,5122400
1994-08-16,5.50170373916626,5.57119894429257,5.490121204978541,5.548033875917134,3648800
1994-08-17,5.524873733520508,5.548038822549944,5.501708644491072,5.524873733520508,5002000
1994-08-18,5.50170373916626,5.57119894429257,5.478538670790823,5.5132862733539785,4536400
1994-08-19,5.513288497924805,5.548036114508364,5.4669583424800585,5.501705959063618,6852400
1994-08-22,5.490124702453613,5.536454868719044,5.490124702453613,5.513289785586329,2192800
1994-08-23,5.4669575691223145,5.490122643567748,5.455375031899598,5.478540106345031,2920400
1994-08-24,5.548036098480225,5.55961863730795,5.455375787858426,5.466958326686151,4303600
1994-08-25,5.478541851043701,5.548037096511486,5.466959310132403,5.524872014688891,3016800
1994-08-26,5.536457061767578,5.548039607921903,5.466961784841625,5.501709423304601,3771200
1994-08-29,5.536457061767578,5.594369792539205,5.524874515613252,5.571204700230554,3661200
1994-08-30,5.524873733520508,5.559621367064662,5.501708644491072,5.536456278035226,2845600
1994-08-31,5.513288497924805,5.524871036785991,5.4669583424800585,5.501705959063618,4686800
1994-09-01,5.513288497924805,5.536453575647178,5.4669583424800585,5.513288497924805,4189200
1994-09-02,5.513288497924805,5.548036114508364,5.490123420202432,5.536453575647178,2558000
1994-09-06,5.524873733520508,5.548038822549944,5.4901260999763535,5.501708644491072,2887600
1994-09-07,5.55961799621582,5.582783071200053,5.513287846247355,5.524870383739471,4239200
1994-09-08,5.55961799621582,5.605948146184286,5.536452921231588,5.582783071200053,4933600
1994-09-09,5.50170373916626,5.559616410104852,5.478538670790823,5.50170373916626,4833200
1994-09-12,5.455377101898193,5.5017072683686665,5.455377101898193,5.5017072683686665,2533600
1994-09-13,5.4669575691223145,5.490122643567748,5.432209957454164,5.478540106345031,4172400
1994-09-14,5.4437947273254395,5.513289979163637,5.432212185352407,5.455377269298473,2736400
1994-09-15,5.513288497924805,5.513288497924805,5.385880570451753,5.443793264757685,5796800
1994-09-16,5.582788944244385,5.582788944244385,5.4090506990915515,5.455380897798974,13226000
1994-09-19,5.513288497924805,5.617531347675484,5.513288497924805,5.559618653369551,10670400
1994-09-20,5.432210922241211,5.513288697200035,5.420628382961379,5.513288697200035,6234800
1994-09-21,5.397464275360107,5.432211899450408,5.351134109906373,5.420629358086975,5590800
1994-09-22,5.362716197967529,5.409046359505045,5.35113365758315,5.409046359505045,4351200
1994-09-23,5.362716197967529,5.385881278736287,5.339551117198771,5.374298738351908,4595600
1994-09-26,5.385882377624512,5.385882377624512,5.362717292129353,5.374299834876932,3479200
1994-09-27,5.327968597412109,5.385881299557893,5.316386056982952,5.385881299557893,4669200
1994-09-28,5.374300479888916,5.374300479888916,5.32797030333815,5.339552847475841,3976000
1994-09-29,5.362716197967529,5.374298738351908,5.339551117198771,5.362716197967529,3155600
1994-09-30,5.327968597412109,5.362716218699579,5.327968597412109,5.362716218699579,3059600
1994-10-03,5.351135730743408,5.351135730743408,5.281640461512974,5.339553185871669,5212000
1994-10-04,5.270057678222656,5.3395529443091085,5.258475133874914,5.3395529443091085,4776800
1994-10-05,5.270057678222656,5.281640222570398,5.212144956483946,5.246892589527172,4490800
1994-10-06,5.293222427368164,5.304804970972909,5.223727165739699,5.246892252949187,3875200
1994-10-07,5.432210922241211,5.4785410793605385,5.2816379116033945,5.2816379116033945,7682000
1994-10-10,5.432210922241211,5.466958540080706,5.409045843681547,5.432210922241211,3562400
1994-10-11,5.4669575691223145,5.490122643567748,5.4206274202314475,5.432209957454164,3463200
1994-10-12,5.432210922241211,5.4785410793605385,5.432210922241211,5.466958540080706,2345200
1994-10-13,5.524873733520508,5.536456278035226,5.4669610109469176,5.478543555461636,4827600
1994-10-14,5.55961799621582,5.55961799621582,5.5017053087552386,5.524870383739471,3488000
1994-10-17,5.548036098480225,5.594366253791124,5.5364535596525,5.55961863730795,5569600
1994-10-18,5.536457061767578,5.548039607921903,5.524874515613252,5.548039607921903,3952400
1994-10-19,5.513288497924805,5.536453575647178,5.501705959063618,5.513288497924805,4483200
1994-10-20,5.548036098480225,5.55961863730795,5.478540865513875,5.5132884819970505,7087200
1994-10-21,5.548036098480225,5.548036098480225,5.5132884819970505,5.5364535596525,7628800
1994-10-24,5.513288497924805,5.617531347675484,5.478540881341245,5.548036114508364,4272400
1994-10-25,5.594367504119873,5.675445294034654,5.490124631372298,5.501707172788695,7399200
1994-10-26,5.675444602966309,5.6870271429723624,5.5827842829178795,5.605949362929986,8142400
1994-10-27,5.756525993347168,5.756525993347168,5.663865615184638,5.663865615184638,5974400
1994-10-28,5.802855014801025,5.837602649620193,5.744942290102412,5.744942290102412,6930400
1994-10-31,5.826019763946533,5.860767396733491,5.814437219684214,5.826019763946533,3881200
1994-11-01,5.721776008605957,5.7796887212436685,5.687028381023329,5.768106178716127,5009200
1994-11-02,5.744942665100098,5.779690302187396,5.710195028012799,5.721777573708565,4089200
1994-11-03,5.802855014801025,5.802855014801025,5.744942290102412,5.744942290102412,3884800
1994-11-04,5.698612213134766,5.814437664621244,5.687029667986118,5.791272574323949,3784000
1994-11-07,5.7337870597839355,5.745512595693514,5.6986104520552,5.722061523874357,4655600
1994-11-08,5.698610782623291,5.73378739239257,5.675159709443771,5.73378739239257,4237600
1994-11-09,5.6517109870910645,5.7337897773600215,5.616534362690083,5.722064235893028,4880800
1994-11-10,5.581353187561035,5.675157442814162,5.569627655654394,5.663431910907521,4476800
1994-11-11,5.569626808166504,5.593077868411415,5.5579012780440475,5.581352338288959,2202400
1994-11-14,5.6048078536987305,5.616533393141615,5.581356774812962,5.593082314255846,2494800
1994-11-15,5.6165313720703125,5.663433512964428,5.54617816072914,5.6165313720703125,4340000
1994-11-16,5.686885356903076,5.686885356903076,5.639983209629649,5.651708746448006,3717600
1994-11-17,5.710336208343506,5.745512817429811,5.675159599257201,5.698610671981404,6200000
1994-11-18,5.686885356903076,5.7220619673581465,5.675159820084719,5.698610893721433,9484000
1994-11-21,5.663433074951172,5.7455118151678555,5.6517075406345025,5.710335212217848,4216400
1994-11-22,5.675159931182861,5.780689764613948,5.628257782991268,5.651708857087065,5560800
1994-11-23,5.675159931182861,5.675159931182861,5.604806708895471,5.639983320039167,6130800
1994-11-25,5.698610782623291,5.7103363192130505,5.675159709443771,5.675159709443771,1811600
1994-11-28,5.698610782623291,5.72206185580281,5.651708636264251,5.698610782623291,3126400
1994-11-29,5.675159931182861,5.698611005278659,5.651708857087065,5.675159931182861,3390400
1994-11-30,5.663433074951172,5.722060746534518,5.628256472001165,5.722060746534518,3549600
1994-12-01,5.569626808166504,5.6399799889012385,5.546175747921592,5.6399799889012385,3318800
1994-12-02,5.663433074951172,5.675158609267841,5.569628800417819,5.581354334734488,3852400
1994-12-05,5.6048078536987305,5.6751610903560366,5.581356774812962,5.663435550913152,3766000
1994-12-06,5.639984130859375,5.651709669592971,5.581356437191398,5.581356437191398,6269200
1994-12-07,5.698610782623291,5.698610782623291,5.616532026494972,5.616532026494972,5093200
1994-12-08,5.710336208343506,5.7806894265161155,5.686885135619303,5.686885135619303,4719600
1994-12-09,5.780691146850586,5.780691146850586,5.686886828037595,5.733788987444091,4449600
1994-12-12,5.815868377685547,5.815868377685547,5.75724067226533,5.75724067226533,4826000
1994-12-13,5.722062110900879,5.815866407800893,5.722062110900879,5.815866407800893,3867200
1994-12-14,5.722062110900879,5.73378764801338,5.698611036675875,5.710336573788377,4312800
1994-12-15,5.686885356903076,5.757238577813217,5.675159820084719,5.7220619673581465,4653600
1994-12-16,5.792415618896484,5.792415618896484,5.710336855065967,5.733787930446115,18135600
1994-12-19,5.768965721130371,5.792416801297568,5.757240181046773,5.768965721130371,3979600
1994-12-20,5.745512008666992,5.780688612801688,5.733786473955427,5.757237543378557,3544000
1994-12-21,5.768965721130371,5.792416801297568,5.7337891008795765,5.745514640963174,4828400
1994-12-22,5.780691146850586,5.804142226553834,5.757240067147339,5.768965606998962,4172400
1994-12-23,5.768965721130371,5.804142341381166,5.768965721130371,5.78069126121397,3038000
1994-12-27,5.792415618896484,5.827592231966706,5.78069008120641,5.78069008120641,2675200
1994-12-28,5.792415618896484,5.792415618896484,5.733787930446115,5.78069008120641,2398400
1994-12-29,5.7572407722473145,5.792417396110333,5.733789689671969,5.780691854822661,2130800
1994-12-30,5.698610782623291,5.780689538751609,5.698610782623291,5.74551292898233,2857600
1995-01-03,5.686885356903076,5.7220619673581465,5.675159820084719,5.675159820084719,5018000
1995-01-04,5.710336208343506,5.7220617447056075,5.675159599257201,5.698610671981404,4128400
1995-01-05,5.722062110900879,5.757238722238384,5.698611036675875,5.698611036675875,3958400
1995-01-06,5.722062110900879,5.7455131851258825,5.710336573788377,5.722062110900879,2716400
1995-01-09,5.675159931182861,5.710336542326557,5.675159931182861,5.68688546823076,2576000
1995-01-10,5.698610782623291,5.74551292898233,5.686885246033531,5.698610782623291,4036400
1995-01-11,5.663433074951172,5.7455118151678555,5.639982006317834,5.7455118151678555,3496400
1995-01-12,5.663433074951172,5.663433074951172,5.6517075406345025,5.6517075406345025,2613600
1995-01-13,5.710336208343506,5.710336208343506,5.6634340628950985,5.686885135619303,2813600
1995-01-16,5.698610782623291,5.72206185580281,5.686885246033531,5.7103363192130505,2885600
1995-01-17,5.7572407722473145,5.768966313534987,5.675161983233606,5.686887524521278,4506800
1995-01-18,5.82759428024292,5.839319822054274,5.745515487563442,5.745515487563442,4072400
1995-01-19,5.82759428024292,5.851045363865628,5.804143196620212,5.804143196620212,3389600
1995-01-20,5.8862199783325195,5.921396591748849,5.804141213694416,5.815866751499859,9332000
1995-01-23,5.980023384094238,6.003474456188726,5.862768023621802,5.862768023621802,5814800
1995-01-24,5.86276912689209,5.944847894668579,5.86276912689209,5.9331223564147955,4864000
1995-01-25,5.8862199783325195,5.921396591748849,5.839317827110746,5.8627689027216325,4480800
1995-01-26,5.921393871307373,5.944844936144234,5.874491741633651,5.874491741633651,3414000
1995-01-27,5.86276912689209,5.944847894668579,5.851043588638306,5.921396818161011,3444000
1995-01-30,5.86276912689209,5.86276912689209,5.792415897369385,5.839318050384522,3290400
1995-01-31,5.86276912689209,5.897945741653443,5.839318050384522,5.86276912689209,4513600
1995-02-01,5.82759428024292,5.874496447488336,5.792417654808858,5.874496447488336,3741600
1995-02-02,5.792415618896484,5.827592231966706,5.757239005826263,5.815866694276632,3959200
1995-02-03,5.8862199783325195,5.897945516137963,5.804141213694416,5.815866751499859,4774800
1995-02-06,5.898088455200195,5.921823217595367,5.862486311607437,5.886221074002609,3239200
1995-02-07,5.909952163696289,5.921819537518972,5.874350042228239,5.8980847898736055,3784000
1995-02-08,5.933688163757324,5.969290292739868,5.909953411102295,5.92182078742981,2896400
1995-02-09,5.862483978271484,5.945555613591121,5.862483978271484,5.945555613591121,5255200
1995-02-10,5.87435245513916,5.898087212533661,5.850617697744658,5.862485076441909,3760400
1995-02-13,5.933688163757324,5.945555540084839,5.862483905792236,5.8743512821197506,2870000
1995-02-14,5.969290733337402,5.969290733337402,5.921821224523586,5.9574233561339485,3679200
1995-02-15,6.01676082611084,6.052362961176585,5.9692913126898475,5.981158691045096,5009600
1995-02-16,6.076095104217529,6.087962477467954,5.993023491464555,6.016758237965405,6258400
1995-02-17,6.01676082611084,6.076097717887081,6.01676082611084,6.076097717887081,11557200
1995-02-21,6.076095104217529,6.111697223968804,6.00489086471498,6.02862561121583,7666800
1995-02-22,6.087963581085205,6.09983095648693,6.064228830281754,6.087963581085205,4476400
1995-02-23,6.052363872528076,6.087966012954712,6.040496492385865,6.087966012954712,5788400
1995-02-24,6.01676082611084,6.052362961176585,5.993026069400344,6.052362961176585,4762400
1995-02-27,6.040492534637451,6.064227279370801,5.9930230451707525,6.004890417537427,3093600
1995-02-28,6.064229488372803,6.076096865062378,6.028627358304078,6.040494734993653,4476800
1995-03-01,6.034560203552246,6.087963391194301,6.0167591410048935,6.064228641131165,3096800
1995-03-02,6.01676082611084,6.052362961176585,5.993026069400344,6.040495582821337,3568000
1995-03-03,6.0048956871032715,6.0167630698841075,5.957426155979925,6.0167630698841075,4076400
1995-03-06,6.076095104217529,6.099829850718379,6.02862561121583,6.02862561121583,4969200
1995-03-07,6.076095104217529,6.123564597219229,6.016758237965405,6.076095104217529,5189600
1995-03-08,6.147302150726318,6.159169529395674,6.052363121371472,6.076097878710184,6918400
1995-03-09,6.123566627502441,6.159168759057688,6.123566627502441,6.159168759057688,4018800
1995-03-10,6.171038627624512,6.194773391576914,6.135436481695909,6.14730386367211,4524000
1995-03-13,6.1591668128967285,6.171034186331982,6.147299439461475,6.171034186331982,2709200
1995-03-14,6.147302150726318,6.206639044073098,6.147302150726318,6.182904286734386,5204400
1995-03-15,6.123566627502441,6.159168759057688,6.111699250317359,6.147301381872605,4905200
1995-03-16,6.1947712898254395,6.1947712898254395,6.123567022126297,6.123567022126297,5521600
1995-03-17,6.1947712898254395,6.206638667775296,6.171036533925725,6.1947712898254395,11745200
1995-03-20,6.182904243469238,6.230373757814491,6.159169486296611,6.206639000641864,4004800
1995-03-21,6.123566627502441,6.182903513427852,6.123566627502441,6.147301381872605,3322000
1995-03-22,6.230372905731201,6.242240282694499,6.135433890024821,6.147301266988118,6466000
1995-03-23,6.218504905700684,6.24223965724916,6.135433275281018,6.218504905700684,3927600
1995-03-24,6.254108428955078,6.265975807378143,6.218506293685884,6.218506293685884,4247600
1995-03-27,6.301575660705566,6.3253104089568115,6.277840912454321,6.301575660705566,3150000
1995-03-28,6.265976905822754,6.289711666829658,6.242242144815849,6.277844286326205,3286000
1995-03-29,6.301575660705566,6.313443034831189,6.230371415951831,6.242238790077454,5542800
1995-03-30,6.27784538269043,6.301580147842379,6.265978000114456,6.301580147842379,4169200
1995-03-31,6.325312614440918,6.360914749231393,6.230373588332987,6.265975723123461,6257600
1995-04-03,6.289707183837891,6.3253092999728215,6.265972439747936,6.313441927927845,5380400
1995-04-04,6.384651184082031,6.384651184082031,6.2897121330176144,6.2897121330176144,6851200
1995-04-05,6.455850601196289,6.467717973624959,6.360911621766932,6.384646366624271,8647200
1995-04-06,6.337178707122803,6.455852465683154,6.325311331266767,6.455852465683154,5405200
1995-04-07,6.349048614501953,6.349048614501953,6.277844330974829,6.337181233914099,4209200
1995-04-10,6.349048614501953,6.349048614501953,6.3134464727383905,6.325313853326245,3378400
1995-04-11,6.337178707122803,6.372780834690908,6.325311331266767,6.3490460829788375,3108400
1995-04-12,6.349048614501953,6.349048614501953,6.3134464727383905,6.337181233914099,2931200
1995-04-13,6.372784614562988,6.396519380352794,6.349049848773182,6.349049848773182,4563200
1995-04-17,6.384651184082031,6.4439880909972915,6.384651184082031,6.420253328231187,4663200
1995-04-18,6.455850601196289,6.467717973624959,6.384646366624271,6.408381111481611,5936400
1995-04-19,6.503323078155518,6.527057833915209,6.443986188756289,6.46772094451598,5736400
1995-04-20,6.621995449066162,6.645730199779662,6.491454320141919,6.491454320141919,7321600
1995-04-21,6.574525833129883,6.633862708880153,6.5389237076797215,6.621995333730099,12293200
1995-04-24,6.610128402709961,6.63386315460479,6.5626588989203025,6.574526274867717,6554000
1995-04-25,6.6457319259643555,6.669466682842799,6.610129790646689,6.610129790646689,8626000
1995-04-26,6.621995449066162,6.645730199779662,6.586393322995915,6.645730199779662,4416000
1995-04-27,6.610128402709961,6.621995778657375,6.5626588989203025,6.610128402709961,5223600
1995-04-28,6.598262786865234,6.621997545091368,6.5389258912998995,6.610130165978301,4662000
1995-05-01,6.728800296783447,6.740667669440914,6.621993942866249,6.621993942866249,8011200
1995-05-02,6.728800296783447,6.75253504209838,6.705065551468514,6.705065551468514,4401600
1995-05-03,6.7169342041015625,6.7288015790204705,6.633862579669211,6.7288015790204705,5314000
1995-05-04,6.740669250488281,6.776271376811283,6.669464997842279,6.716934499606281,6307200
1995-05-05,6.740669250488281,6.764404001370282,6.69319974872428,6.764404001370282,4474000
1995-05-08,6.752536773681641,6.823741027885665,6.705067270878958,6.74066939798097,3834400
1995-05-09,6.704565525054932,6.800516373356255,6.680577812979601,6.788522517318589,5293600
1995-05-10,6.7405476570129395,6.752541514053887,6.6565906577263005,6.728553799971991,6895600
1995-05-11,6.704565525054932,6.776528661280924,6.680577812979601,6.752540949205593,5848400
1995-05-12,6.704565525054932,6.716559381092598,6.668583956941936,6.6925716690172665,3897600
1995-05-15,6.764533042907715,6.764533042907715,6.704563778342931,6.7165576312558875,3592800
1995-05-16,6.836494445800781,6.848488295705695,6.7405436465614725,6.7645313463712995,4245600
1995-05-17,6.836494445800781,6.836494445800781,6.788519046181127,6.836494445800781,4221600
1995-05-18,6.776525020599365,6.836494268569271,6.752537321411403,6.800512719787328,4776000
1995-05-19,6.716558456420898,6.752540019580296,6.6925707476479666,6.716558456420898,10641600
1995-05-22,6.704565525054932,6.728553237130263,6.6925716690172665,6.728553237130263,3764400
1995-05-23,6.812510967254639,6.81251096725464,6.704566251224196,6.728553965897627,5098400
1995-05-24,6.860483646392822,6.8844713514501406,6.800514383749529,6.8125082362781875,4864400
1995-05-25,6.848486423492432,6.884467963370676,6.83649257686635,6.848486423492432,4787200
1995-05-26,6.692567348480225,6.8484873763122005,6.6805735001854565,6.836493528017433,5909200
1995-05-30,6.7405476570129395,6.740547657012939,6.6565906577263005,6.704566085890094,4518000
1995-05-31,6.848486423492432,6.848486423492432,6.704560263979456,6.728547957231618,5800000
1995-06-01,6.836494445800781,6.872475995515522,6.788519046181127,6.836494445800781,5290800
1995-06-02,6.776525020599365,6.8604819677572335,6.752537321411403,6.7885188701933465,6116800
1995-06-05,6.812510967254639,6.824504824591355,6.740547823234343,6.764535537907776,4032400
1995-06-06,6.788517475128174,6.860480557903384,6.788517475128174,6.800511322257376,5948400
1995-06-07,6.812510967254639,6.81251096725464,6.764535537907776,6.800517109917923,4362000
1995-06-08,6.824500560760498,6.848488260446827,6.788519011231005,6.788519011231005,3219600
1995-06-09,6.776525020599365,6.812506569381309,6.752537321411403,6.7885188701933465,4580000
1995-06-12,6.752536773681641,6.788518319544953,6.740542925060536,6.764530622302745,5085200
1995-06-13,6.764533042907715,6.788520748733629,6.740545337081802,6.788520748733629,4011600
1995-06-14,6.776525020599365,6.776525020599365,6.71655577262946,6.764531171005384,5014400
1995-06-15,6.848486423492432,6.860480270118512,6.752535650483781,6.764529497109862,5424800
1995-06-16,6.920449733734131,6.932443580759667,6.848486651580917,6.860480498606452,13682400
1995-06-19,6.87247896194458,6.932448237354219,6.860485106862653,6.932448237354219,3850000
1995-06-20,6.728553771972656,6.848492341883042,6.716559914981618,6.848492341883042,5069200
1995-06-21,6.644592761993408,6.716555860498752,6.5966173629898455,6.716555860498752,7168800
1995-06-22,6.620604515075684,6.632598363834879,6.572629120038903,6.620604515075684,7947600
1995-06-23,6.692567348480225,6.716555045069759,6.620604258711619,6.620604258711619,4665200
1995-06-26,6.728553771972656,6.752541485954733,6.69257220099954,6.740547628963695,4169600
1995-06-27,6.776525020599365,6.848488118163252,6.728549622223441,6.728549622223441,4983200
1995-06-28,6.920449733734131,6.920449733734131,6.800511263478773,6.800511263478773,6113600
1995-06-29,6.908458709716797,6.93244641356998,6.8484894500838385,6.920452561643389,7162400
1995-06-30,6.776525020599365,6.944438914915102,6.776525020599365,6.920451215727139,5870800
1995-07-03,6.800509929656982,6.812503774330099,6.77652224031075,6.77652224031075,1887200
1995-07-05,6.788517475128174,6.824499016515779,6.776523627998972,6.824499016515779,4565200
1995-07-06,6.9324469566345215,6.9324469566345215,6.800514575106875,6.812508427973024,4777600
1995-07-07,6.87247896194458,6.968429802600002,6.848491251780724,6.932448237354219,6235600
1995-07-10,6.800509929656982,6.896460687041913,6.788516084983867,6.884466842368798,4032000
1995-07-11,6.848486423492432,6.872474116744594,6.800511036988106,6.800511036988106,4359600
1995-07-12,6.8964643478393555,6.908458198879076,6.812507390561311,6.848488943680473,4841200
1995-07-13,6.8964643478393555,6.944439751998239,6.872476645759915,6.8844704967996355,3525200
1995-07-14,6.87247896194458,6.908460527190363,6.848491251780724,6.860485106862653,3280400
1995-07-17,6.9324469566345215,6.944440809500671,6.836496133705324,6.872477692303773,4459600
1995-07-18,6.8844685554504395,6.932443946080756,6.87247470779286,6.932443946080756,5007600
1995-07-19,6.944442272186279,6.992417693755787,6.872479139832017,6.896466850616771,6123600
1995-07-20,7.016404151916504,7.0883672714233406,6.956434885660808,6.992416445414226,8210000
1995-07-21,7.028393268585205,7.052380958921673,6.944436352407566,7.028393268585205,12093200
1995-07-24,6.980416774749756,7.0763675207944265,6.980416774749756,7.028392147772092,3559600
1995-07-25,6.944442272186279,7.004411549148164,6.944442272186279,6.992417693755787,4423600
1995-07-26,6.992413520812988,7.01640121728233,6.920450431404965,6.944438127874306,4752400
1995-07-27,6.980416774749756,7.040385991027675,6.920447558471837,7.004404461260924,3662000
1995-07-28,6.8964643478393555,6.956433603037959,6.860482794720194,6.956433603037959,4856000
1995-07-31,6.956435680389404,6.956435680389404,6.8364971341757945,6.884472552661238,4561200
1995-08-01,6.848486423492432,6.944437196501082,6.812504883614188,6.944437196501082,4934400
1995-08-02,6.836494445800781,6.944439094945005,6.80051289608604,6.884469845420436,4502800
1995-08-03,6.848486423492432,6.848486423492432,6.776523343735944,6.824498730240268,3579600
1995-08-04,6.776525020599365,6.872475817351215,6.776525020599365,6.872475817351215,3011600
1995-08-07,6.764533042907715,6.812508454559543,6.740545337081802,6.812508454559543,4039200
1995-08-08,6.752536773681641,6.776524470923849,6.716555227818328,6.776524470923849,4738000
1995-08-09,6.800509929656982,6.800509929656982,6.752534550964517,6.764528395637633,4171200
1995-08-10,6.788392066955566,6.836880581719535,6.764147809573582,6.800514195646558,3870400
1995-08-11,6.727781772613525,6.812636677853696,6.6792932553334285,6.812636677853696,3712400
1995-08-14,6.776269435882568,6.788391563674844,6.715658796921185,6.727780924713462,3004800
1995-08-15,6.752023220062256,6.764145344335258,6.691412598697244,6.752023220062256,3501600
1995-08-16,6.71565580368042,6.73990004845905,6.655045191733846,6.727777926069735,4098400
1995-08-17,6.65504789352417,6.715658530077214,6.642925766213561,6.703536402766605,5812800
1995-08-18,6.679293632507324,6.703537892516425,6.618682982484572,6.667171502502773,9405600
1995-08-21,6.66717004776001,6.739902811917392,6.66717004776001,6.715658557198265,5164800
1995-08-22,6.65504789352417,6.667170020834778,6.606559384281735,6.667170020834778,4238400
1995-08-23,6.63080358505249,6.691414221113299,6.63080358505249,6.667169966688975,3591200
1995-08-24,6.65504789352417,6.679292148145387,6.606559384281735,6.630803638902952,3958000
1995-08-25,6.739904880523682,6.776271273763918,6.642927831883053,6.655049962963132,6603200
1995-08-28,6.679293632507324,6.800514932552829,6.655049372498223,6.739904282530077,4674000
1995-08-29,6.66717004776001,6.703536429838701,6.618681538321756,6.66717004776001,4318800
1995-08-30,6.65504789352417,6.703536402766605,6.630803638902952,6.679292148145387,3348000
1995-08-31,6.66717004776001,6.679292175119574,6.630803665681319,6.655047920400446,3723200
1995-09-01,6.764145851135254,6.7762679763164995,6.6550467245040394,6.6550467245040394,4800400
1995-09-05,6.8247575759887695,6.849001830255159,6.788391194589185,6.788391194589185,4878400
1995-09-06,6.81263542175293,6.824757548837899,6.76414691341305,6.77626904049802,4526800
1995-09-07,6.9217329025268555,6.933855026699407,6.812633784973893,6.824755909146444,5422400
1995-09-08,6.909614562988281,6.945980955425062,6.8853703013637615,6.933858824612802,4388000
1995-09-11,6.933858871459961,6.945981002354122,6.90961460967164,6.921736740565801,2759600
1995-09-12,7.042954444885254,7.055076569575245,6.921733197985335,6.9580995720553105,7664800
1995-09-13,7.115687847137451,7.127809972941774,6.897489582659642,7.06719934392016,6080000
1995-09-14,7.164177417755127,7.200543800586372,7.103566779703054,7.127811034923883,6916800
1995-09-15,7.139934062957764,7.188422579514353,7.115689804679469,7.176300450375206,12804400
1995-09-18,7.042954444885254,7.091442943645221,6.9944659461252865,7.079320818955229,4212800
1995-09-19,7.103564262390137,7.103564262390137,7.030831522502183,7.042953645816842,3983600
1995-09-20,7.079319477081299,7.103563721865823,7.055075232296773,7.079319477081299,3590800
1995-09-21,7.042954444885254,7.091442943645221,7.042954444885254,7.091442943645221,3345200
1995-09-22,7.018714427947998,7.042958691947819,6.994470163948178,7.018714427947998,3956800
1995-09-25,7.0550737380981445,7.1156843372226986,7.018707378623412,7.030829498448322,2963600
1995-09-26,6.958102703094482,7.091446134686886,6.909614182515427,7.067201874397358,7002000
1995-09-27,6.982341289520264,6.9944634098145695,6.921730688048734,6.921730688048734,4892800
1995-09-28,7.0308332443237305,7.042955370607047,6.982344739190463,6.982344739190463,3526000
1995-09-29,7.00658655166626,7.042952917851379,6.982342307542847,7.042952917851379,3289200
1995-10-02,6.958102703094482,6.9944690935287746,6.921736312660191,6.9944690935287746,3713600
1995-10-03,7.018714427947998,7.018714427947998,6.945981635948537,6.958103767948447,3356400
1995-10-04,7.127810478210449,7.152054731537695,7.006589211574217,7.006589211574217,4458000
1995-10-05,7.103564262390137,7.200541248907408,7.0793200157608185,7.127808509019455,4713200
1995-10-06,7.139934062957764,7.164178321236059,7.091445546401174,7.103567675540322,2823200
1995-10-09,7.127810478210449,7.152054731537695,7.055077718228709,7.115688351546826,2630000
1995-10-10,7.152055263519287,7.188421646215147,7.067200370562278,7.079322498127565,4518400
1995-10-11,7.103564262390137,7.139930632334114,7.091442139075478,7.127808509019455,3425200
1995-10-12,7.079319477081299,7.1520522114348735,7.0671973546890365,7.127807966650349,3139600
1995-10-13,7.249029636383057,7.261151759520821,7.091442035592121,7.115686281867649,5412400
1995-10-16,7.224787712097168,7.249031966164608,7.212665585063448,7.249031966164608,3211200
1995-10-17,7.249029636383057,7.297518128934114,7.224785390107528,7.224785390107528,5904400
1995-10-18,7.249029636383057,7.273273882658585,7.212663266969764,7.224785390107528,4048800
1995-10-19,7.285398960113525,7.285398960113525,7.236910447899791,7.249032575953224,4368800
1995-10-20,7.346005439758301,7.38237180332146,7.2611505914442604,7.2732727126319805,8596800
1995-10-23,7.2732744216918945,7.33388504187266,7.273274421691895,7.321762917836508,4076800
1995-10-24,7.346005439758301,7.346005439758301,7.24902847025654,7.2853948338197005,4986800
1995-10-25,7.4187421798706055,7.442986435360379,7.3338872856564,7.346009413401286,6332400
1995-10-26,7.2732744216918945,7.40661778608958,7.224785925547282,7.394495662053426,7011200
1995-10-27,7.236912250518799,7.2611565126645905,7.152057333008528,7.249034381591694,4033600
1995-10-30,7.370253086090088,7.3944973396627525,7.249031818226764,7.249031818226764,3675200
1995-10-31,7.406620502471924,7.455109016399727,7.34600986006217,7.370254117026072,5556400
1995-11-01,7.442982196807861,7.479348559332981,7.394493713441035,7.406615834282741,3304000
1995-11-02,7.297519207000732,7.46722895600075,7.28539708207216,7.442984706143604,4236000
1995-11-03,7.3823771476745605,7.3823771476745605,7.297522237931175,7.346010757784539,3068400
1995-11-06,7.309640407562256,7.418739518122886,7.285396160771005,7.358128901144759,4249200
1995-11-07,7.236912250518799,7.285400774810382,7.236912250518799,7.285400774810382,3940400
1995-11-08,7.430862903594971,7.455107154503927,7.249031021777802,7.249031021777802,5980400
1995-11-09,7.430861949920654,7.467587791518286,7.369652213924603,7.455345844319075,4278400
1995-11-10,7.394138336181641,7.418622237957076,7.345170532630768,7.394138336181641,1953200
1995-11-13,7.479833602905273,7.504317509952426,7.394139928240238,7.394139928240238,3130400
1995-11-14,7.516554832458496,7.528796778439698,7.455345102552482,7.467587048533685,3799200
1995-11-15,7.614492416381836,7.614492416381836,7.516556822602006,7.516556822602006,3692000
1995-11-16,7.626737117767334,7.663462978687562,7.6022532104871825,7.6022532104871825,5017600
1995-11-17,7.773639678955078,7.785881631205401,7.61449429970088,7.626736251951202,9242000
1995-11-20,7.773639678955078,7.773639678955078,7.712429917703463,7.773639678955078,3666000
1995-11-21,7.810361385345459,7.847087222580626,7.749151656620182,7.749151656620182,6203200
1995-11-22,7.712426662445068,7.822604186194284,7.700184715361822,7.798120292027791,6942400
1995-11-24,7.700185775756836,7.700185775756836,7.651217980680481,7.687943826987747,1075600
1995-11-27,7.749157428741455,7.785883293332646,7.675705699559071,7.687947654422802,3514800
1995-11-28,7.749157428741455,7.761399383605185,7.687947654422802,7.712431564150263,4156800
1995-11-29,7.712426662445068,7.773636397861299,7.687942768278576,7.749152503694807,2352800
1995-11-30,7.57776403427124,7.712425430679937,7.577764034271239,7.68794154042381,4731600
1995-12-01,7.614492416381836,7.626734365604315,7.553282670269442,7.565524619491921,6937200
1995-12-04,7.700185775756836,7.700185775756836,7.602250185604126,7.614492134373214,6494800
1995-12-05,7.810361385345459,7.822603331090515,7.6756999821498475,7.6879419278949035,4480800
1995-12-06,7.883817672729492,7.920543531453387,7.8348498610976325,7.8348498610976325,5606400
1995-12-07,7.909829139709473,7.9572666911374075,7.8715730498482355,7.883814998603832,4744000
1995-12-08,8.006234169006348,8.018476117277,7.908298582841132,7.945024427653088,4320000
1995-12-11,8.238832473754883,8.287800274490426,7.993993470077175,7.993993470077175,6220400
1995-12-12,8.275556564331055,8.361250197393653,8.14089514094697,8.165379036107712,8200400
1995-12-13,8.39797592163086,8.422459816446109,8.263314500146983,8.275556447554607,9154400
1995-12-14,8.128655433654785,8.410220305603671,8.116413482700485,8.385736403695072,9574800
1995-12-15,8.055207252502441,8.116417034056411,7.95727160201609,8.104175077745618,20848400
1995-12-18,7.908296585083008,7.945022420617449,7.85932880437042,7.945022420617449,6116800
1995-12-19,8.030716896057129,8.055200789032913,7.859329645226642,7.883813538202426,6466000
1995-12-20,7.871574401855469,8.11641341902049,7.871574401855469,8.067445615587486,5391200
1995-12-21,7.9327826499938965,7.993992392663602,7.8715729073241905,7.896056804392073,6626400
1995-12-22,7.969511985778809,8.042963709150042,7.957270031883603,7.969511985778809,3251200
1995-12-26,7.981754779815674,8.030722600550739,7.981754779815674,8.018480645366973,2096800
1995-12-27,8.030716896057129,8.042958842545021,7.957265217129777,7.981749110105561,2950000
1995-12-28,8.116415977478027,8.165383796346672,7.993996430306413,7.993996430306413,5272000
1995-12-29,7.945023536682129,8.153136633944989,7.847087961499607,8.140894687047174,11046000
1996-01-02,7.896058559417725,7.908300510672635,7.84709075439808,7.8593327056529905,6857200
1996-01-03,7.9205403327941895,7.945024228722456,7.871572540937657,7.9205403327941895,5736000
1996-01-04,7.969511985778809,8.042963709150042,7.920544170197987,7.945028077988398,9088400
1996-01-05,8.16537857055664,8.189862464321427,7.945023526673553,7.945023526673553,8094000
1996-01-08,8.263314247131348,8.263314247131348,8.153136723836264,8.153136723836264,2510800
1996-01-09,8.10417366027832,8.324528835331206,8.07968975193911,8.300044926991996,5669200
1996-01-10,7.85933256149292,8.07968768003945,7.85933256149292,8.030719875917999,6454400
1996-01-11,7.908296585083008,7.969506310973743,7.8715707495485665,7.908296585083008,6128000
1996-01-12,7.798117637634277,7.9450209526289575,7.749149865969383,7.932779009712734,5131200
1996-01-15,7.712426662445068,7.822604186194284,7.687942768278576,7.785878344944545,4268800
1996-01-16,7.822603225708008,7.822603225708007,7.7369096066470435,7.761393497807319,4159200
1996-01-17,7.85933256149292,7.920542316644734,7.8103647573714685,7.822606708401832,5050400
1996-01-18,7.9327826499938965,7.945024598527837,7.822605113188425,7.8715729073241905,5744800
1996-01-19,7.945023536682129,8.006233271171206,7.908297695988684,7.908297695988684,8328000
1996-01-22,7.798117637634277,7.969504838461404,7.749149865969383,7.969504838461404,5780800
1996-01-23,7.638977527618408,7.773638990445015,7.602251674120242,7.761397039278959,7688800
1996-01-24,7.626737117767334,7.70018883960779,7.614495164127258,7.663462978687562,8006000
1996-01-25,7.712426662445068,7.724668609528314,7.6022491386958535,7.6389749799455915,7473600
1996-01-26,7.810361385345459,7.810361385345459,7.712425819385015,7.72466776513007,4985200
1996-01-29,7.761397361755371,7.871574926827608,7.724671506731292,7.810365168454143,4300000
1996-01-30,7.700185775756836,7.773637468371368,7.614492134373214,7.773637468371368,5980800
1996-01-31,7.85933256149292,7.85933256149292,7.700187198098203,7.736913051189291,5391600
1996-02-01,7.945023536682129,7.94502353668213,7.8348460146017915,7.859329908397422,6741200
1996-02-02,7.908296585083008,8.042957982042626,7.883812694726713,7.969506310973743,4894000
1996-02-05,7.908296585083008,7.969506310973743,7.85932880437042,7.883812694726713,3620800
1996-02-06,7.969511985778809,8.030721755254836,7.896060262407575,7.908302216302781,6870400
1996-02-07,7.981754779815674,7.99399673499944,7.932786959080608,7.945028914264374,6658000
1996-02-08,8.167089462280273,8.179445119560576,7.969398945795425,8.006465917636334,9658800
1996-02-09,8.167089462280273,8.303001692363607,8.142378147719667,8.167089462280273,7599200
1996-02-12,8.241218566894531,8.315352467046505,8.204151616818544,8.204151616818544,7815600
1996-02-13,8.241218566894531,8.364775067147823,8.216507266843873,8.241218566894531,7837600
1996-02-14,8.167089462280273,8.24122340596209,8.142378147719667,8.228867748681788,5184800
1996-02-15,8.17944049835205,8.265930050449429,8.142373547453174,8.142373547453174,5029200
1996-02-16,8.055888175964355,8.154733429657169,8.031176862541152,8.154733429657169,9731200
1996-02-20,7.994105815887451,8.117662319996994,7.919971913421725,8.031172767120314,4174800
1996-02-21,8.092951774597168,8.092951774597168,8.006462213647275,8.006462213647275,4352800
1996-02-22,8.25357437133789,8.302996972363866,8.080595267746977,8.130017868772953,5931600
1996-02-23,8.130022048950195,8.315356898090398,7.95704285641934,8.315356898090398,7332800
1996-02-26,7.944684028625488,8.17944141049778,7.932328376947999,8.130018803787824,5616400
1996-02-27,7.845842361450195,7.919976305022953,7.784064075139564,7.919976305022953,9168000
1996-02-28,7.734636306762695,7.919971042547744,7.722280657710359,7.882904095390734,4962400
1996-02-29,7.858195781707764,7.88290708919741,7.759350551749175,7.759350551749175,7860400
1996-03-01,7.882901668548584,7.9076129590456015,7.672855699323935,7.870546023300075,7120000
1996-03-04,7.845842361450195,7.895264990498701,7.796419732401691,7.870553675974448,5204800
1996-03-05,7.994105815887451,7.994105815887451,7.8334823605450445,7.8334823605450445,5625200
1996-03-06,8.130022048950195,8.22886730182497,7.994109826247381,8.006465482856727,7520400
1996-03-07,8.17944049835205,8.17944049835205,8.080595295955046,8.117662246853923,5944000
1996-03-08,7.833484649658203,8.154731654218319,7.808773341615117,8.105309038132146,5824400
1996-03-11,7.858195781707764,7.870551435452587,7.771706205493999,7.808773166728469,5849600
1996-03-12,7.882901668548584,7.932324249542619,7.734633925566479,7.82112344230604,8046800
1996-03-13,7.907618045806885,7.9199736990034575,7.8087728202342985,7.895262392610311,7174400
1996-03-14,8.006461143493652,8.080595042970446,7.895260294278463,7.907615944191262,7408000
1996-03-15,7.808770179748535,7.994104915027377,7.796414530729946,7.994104915027377,12756000
1996-03-18,8.055888175964355,8.055888175964355,7.845842011867125,7.88290898200193,6130800
1996-03-19,8.19179916381836,8.19179916381836,8.068242615344477,8.092953925039254,8849200
1996-03-20,7.9570417404174805,8.191799183069548,7.944686085541056,8.191799183069548,6512400
1996-03-21,7.9570417404174805,8.043531324552454,7.919974775788207,7.969397395293905,5902800
1996-03-22,8.043532371520996,8.092954997459682,7.9693984326129685,7.994109745582311,7387600
1996-03-25,8.265933990478516,8.265933990478516,8.09295480383173,8.105310460020787,6484800
1996-03-26,8.500688552856445,8.500688552856445,8.241219861562863,8.253575513529224,10648000
1996-03-27,8.31535530090332,8.475978805972774,8.204154412778314,8.475978805972774,9481600
1996-03-28,8.278286933898926,8.352420846739811,8.265931281758778,8.278286933898926,6645200
1996-03-29,8.055888175964355,8.364779593754399,8.031176862541152,8.352423937042797,12574800
1996-04-01,8.204154968261719,8.204154968261719,8.092954072607569,8.117665382752936,6012400
1996-04-02,8.278286933898926,8.302998238179221,8.142374760357301,8.20415302105804,5588400
1996-04-03,8.290643692016602,8.302999345805002,8.2288654230746,8.278288038228201,4893200
1996-04-04,8.438908576965332,8.46361987587299,8.253573835157894,8.278285134065552,7304000
1996-04-08,8.241218566894531,8.290641166995847,8.216507266843873,8.278285516970518,8327200
1996-04-09,8.241218566894531,8.327708117071834,8.241218566894531,8.26592986694519,7539600
1996-04-10,8.142377853393555,8.278290078564009,8.1176665397262,8.253578764896654,7107600
1996-04-11,8.142377853393555,8.179444823894588,7.8952647167200025,8.080599569225166,8942800
1996-04-12,8.092951774597168,8.204152638675602,8.031173516775816,8.179441335547061,4544000
1996-04-15,8.265933990478516,8.265933990478516,8.080599147642674,8.142377428587956,5197600
1996-04-16,8.265933990478516,8.340067927612852,8.216511365722292,8.265933990478516,6221600
1996-04-17,8.25357437133789,8.290641322107373,8.167084819542433,8.290641322107373,4672400
1996-04-18,8.092951774597168,8.241219593368413,8.006462213647275,8.241219593368413,8102000
1996-04-19,8.105306625366211,8.179440527427488,8.08059532467912,8.092950975022665,7586000
1996-04-22,8.105306625366211,8.228863128801672,8.055884023992027,8.191796177771034,6876800
1996-04-23,8.364773750305176,8.364773750305176,8.142372084861316,8.15472773294153,5895200
1996-04-24,8.327713012695312,8.426558271006236,8.27829038353985,8.377135641850774,7483600
1996-04-25,8.352418899536133,8.3647745487958,8.216506757679776,8.302996302497457,5784000
1996-04-26,8.340065002441406,8.38948760986328,8.290642395019532,8.352420654296875,5969600
1996-04-29,8.48833179473877,8.500687445095013,8.327708340107613,8.327708340107613,5676800
1996-04-30,8.40184211730957,8.438909067827112,8.327708216274486,8.426553417654597,7662400
1996-05-01,8.265933990478516,8.37713489618002,8.241222678100403,8.364779239990964,3837600
1996-05-02,8.167089462280273,8.327713006924212,8.167089462280273,8.204156434121181,8777600
1996-05-03,8.142377853393555,8.228867451229299,8.1176665397262,8.228867451229299,5118800
1996-05-06,8.167089462280273,8.216512091401485,8.142378147719667,8.15473380499997,6386000
1996-05-07,8.142377853393555,8.179444823894588,8.130022196559876,8.179444823894588,6063600
1996-05-08,8.265933990478516,8.278289646667572,8.105310460020787,8.105310460020787,7951200
1996-05-09,8.28239631652832,8.31981678181384,8.232502362814294,8.269922828099814,5624400
1996-05-10,8.332290649414062,8.36971111640245,8.282396693429547,8.332290649414062,4398800
1996-05-13,8.432075500488281,8.444548984956459,8.307340655806502,8.344761109211035,5936400
1996-05-14,8.457026481628418,8.519393933557831,8.432079500856654,8.444552991242535,8052000
1996-05-15,8.444550514221191,8.531864921310627,8.419603540767067,8.444550514221191,5380800
1996-05-16,8.369711875915527,8.444552816683773,8.344764895659445,8.432079326555732,5323600
1996-05-17,8.457026481628418,8.481973462400184,8.36971204892724,8.407132520084888,8323600
1996-05-20,8.706497192382812,8.806285125819866,8.457027358790182,8.469500850469814,12957200
1996-05-21,8.594230651855469,8.756385947173497,8.544336714834538,8.73143897866303,9358400
1996-05-22,8.756390571594238,8.768864062436965,8.581761699796063,8.581761699796063,8509200
1996-05-23,8.768860816955566,8.856175220538338,8.718966872051125,8.743913844503345,6124000
1996-05-24,8.681550025939941,8.793811448689166,8.63165606027362,8.768864465856005,4202400
1996-05-28,8.619178771972656,8.706493173425345,8.581758314207217,8.706493173425345,3780800
1996-05-29,8.49444580078125,8.60670719902946,8.49444580078125,8.58176022164097,3735600
1996-05-30,8.644124031066895,8.66907099796752,8.4570217793122,8.494442229663138,6015600
1996-05-31,8.457026481628418,8.644128837416657,8.457026481628418,8.644128837416657,6141600
1996-06-03,8.382182121276855,8.45702303307397,8.382182121276855,8.432076062474932,5531200
1996-06-04,8.469497680664062,8.506918141697923,8.4320772196302,8.457024193652774,5206400
1996-06-05,8.469497680664062,8.481971167675349,8.4320772196302,8.469497680664062,4041600
1996-06-06,8.419604301452637,8.506918716430663,8.369710350036621,8.49444522857666,4390000
1996-06-07,8.569287300109863,8.581760789629673,8.357237978273083,8.369711467792895,5881600
1996-06-10,8.519391059875488,8.569285004589254,8.494444087518605,8.544338032232371,3353600
1996-06-11,8.481969833374023,8.606704683864818,8.457022863275865,8.544337258619422,4917600
1996-06-12,8.394659042358398,8.506920456000636,8.394659042358398,8.48197347519125,3307600
1996-06-13,8.382182121276855,8.432076062474932,8.332288180078779,8.407129091875893,4124000
1996-06-14,8.332290649414062,8.382184605398578,8.319817160417934,8.36971111640245,3853200
1996-06-17,8.432075500488281,8.469495953892816,8.31981414027468,8.357234593679213,6210800
1996-06-18,8.419604301452637,8.419604301452637,8.357236862182617,8.382183837890624,4884400
1996-06-19,8.469497680664062,8.519391628709212,8.394656758596339,8.4320772196302,4094800
1996-06-20,8.544340133666992,8.56928711215945,8.494446176682075,8.506919665928304,6308400
1996-06-21,8.606706619262695,8.606706619262695,8.55681266784668,8.569286155700683,15453600
1996-06-24,8.581759452819824,8.68154735343401,8.581759452819824,8.606706427973371,5891600
1996-06-25,8.619178771972656,8.656599229738095,8.606705286050843,8.619178771972656,4642400
1996-06-26,8.681550025939941,8.718970500189682,8.61918256885704,8.63165606027362,6710800
1996-06-27,8.731446266174316,8.731446266174316,8.606711319514684,8.656605298178537,7088800
1996-06-28,8.66907787322998,8.731445339943864,8.656604379887202,8.706498353258311,5396000
1996-07-01,8.706497192382812,8.706497192382812,8.631656242305024,8.68155020902355,5072000
1996-07-02,8.843703269958496,8.843703269958496,8.69402140925398,8.731441874430109,5943600
1996-07-03,8.906075477600098,8.931022467733431,8.806287517066764,8.81876101213343,7226800
1996-07-05,8.78133487701416,8.831228825179013,8.768861389972946,8.8187553381378,2862400
1996-07-08,8.78133487701416,8.868649286302652,8.756387902931733,8.756387902931733,6624400
1996-07-09,8.831231117248535,8.856178097805735,8.781337156134137,8.831231117248535,5278000
1996-07-10,8.868648529052734,8.881122015028899,8.806281099171914,8.843701557100406,5688800
1996-07-11,8.91854476928711,8.98091221522618,8.868650812535853,8.906071280099296,8566800
1996-07-12,8.949725151062012,8.99338234692085,8.881120986140978,8.931014924265366,7176800
1996-07-15,8.818756103515625,8.968437961001039,8.756388662896702,8.955964472877255,6364400
1996-07-16,8.619178771972656,8.793807574878036,8.394656025380025,8.781334088956223,9800000
1996-07-17,8.49444580078125,8.69402161988918,8.469498823392758,8.669074642500687,7090800
1996-07-18,8.556811332702637,8.606705276333557,8.494443903163988,8.506917389071718,7630800
1996-07-19,8.519391059875488,8.594231976946137,8.44455014280484,8.569285004589254,7637600
1996-07-22,8.519391059875488,8.581758490767696,8.44455014280484,8.494444087518605,7565200
1996-07-23,8.444550514221191,8.54433840803769,8.407130054040005,8.531864921310627,5592400
1996-07-24,8.344761848449707,8.444549733035055,8.294867906157032,8.357235334022874,7504400
1996-07-25,8.369711875915527,8.369711875915527,8.28239744501924,8.344764895659445,5250400
1996-07-26,8.307344436645508,8.407132357806415,8.294870946500394,8.369711887371075,4300000
1996-07-29,8.244976997375488,8.294870958025264,8.2200300170506,8.257450487537932,3547200
1996-07-30,8.157659530639648,8.257447414806494,8.12023907407708,8.244973929285639,6726000
1996-07-31,8.207559585571289,8.220033080382187,8.132718616705898,8.182612595949491,9975600
1996-08-01,8.319818496704102,8.344765478703215,8.201320332208315,8.201320332208315,7030000
1996-08-02,8.457026481628418,8.469499972014301,8.307344596997828,8.382185539313122,6452800
1996-08-05,8.407135963439941,8.48197693640825,8.382188972450505,8.457029945418814,3690800
1996-08-06,8.382182121276855,8.407129091875893,8.344761665378298,8.407129091875893,3891200
1996-08-07,8.28239631652832,8.35723724709936,8.232502362814294,8.35723724709936,5681600
1996-08-08,8.244976997375488,8.269923977700376,8.207556526888157,8.2200300170506,8836000
1996-08-09,8.123068809509277,8.26160176595052,8.110474904378254,8.26160176595052,7879600
1996-08-12,8.223817825317383,8.223817825317383,8.110472709807649,8.110472709807649,9610400
1996-08-13,8.198629379272461,8.23641108148109,8.123065974855203,8.21122328000867,8582400
1996-08-14,8.148253440856934,8.17344124129235,8.097877839986102,8.17344124129235,5573600
1996-08-15,8.135658264160156,8.173439958885359,8.110470467676688,8.14825216240189,5670800
1996-08-16,8.299384117126465,8.324571929318047,8.14825724397697,8.16085115007276,10785200
1996-08-19,8.412727355957031,8.437915162411993,8.337163936592148,8.34975783981963,8542000
1996-08-20,8.43791389465332,8.500883401329837,8.40013219064741,8.412726091982714,6396000
1996-08-21,8.349761962890625,8.43791932901466,8.337168053444335,8.43791932901466,6052400
1996-08-22,8.425320625305176,8.463102332145109,8.324569407065354,8.34975721162531,6226400
1996-08-23,8.311979293823242,8.387542741948907,8.249009753718521,8.362354925907018,5995200
1996-08-26,8.223817825317383,8.299381235657206,8.173442218424167,8.299381235657206,5742000
1996-08-27,8.311979293823242,8.311979293823242,8.186040213613799,8.236415845697577,6220400
1996-08-28,8.236412048339844,8.24900595055443,8.211224243910669,8.24900595055443,2641600
1996-08-29,8.060098648071289,8.198631593585015,8.060098648071289,8.186037689447403,6397600
1996-08-30,8.211230278015137,8.211230278015137,8.085291163321653,8.085291163321653,6532400
1996-09-03,8.43791389465332,8.43791389465332,8.337162683970893,8.3623504866415,8464000
1996-09-04,8.45051097869873,8.475698790855805,8.374947542227506,8.387541448306044,9084400
1996-09-05,8.374948501586914,8.47569976175638,8.36235459406573,8.40013631662928,4938800
1996-09-06,8.463101387023926,8.500883089644569,8.387537981782641,8.400131882656188,5405200
1996-09-09,8.48829460144043,8.513482419248858,8.412731148015144,8.513482419248858,4229200
1996-09-10,8.400134086608887,8.513479224209307,8.374946278253239,8.513479224209307,4668000
1996-09-11,8.551260948181152,8.589042660765164,8.41272800203978,8.41272800203978,8315600
1996-09-12,8.563851356506348,8.576445255560033,8.488287962184234,8.538663558398977,6192800
1996-09-13,8.513477325439453,8.626822437760394,8.513477325439453,8.563852930915427,6013200
1996-09-16,8.576448440551758,8.589042344282378,8.412727692053707,8.526072825629281,6052400
1996-09-17,8.576448440551758,8.601636248012998,8.500885018168042,8.56385453682114,4699200
1996-09-18,8.639416694641113,8.677198400302808,8.601634988979418,8.601634988979418,5549600
1996-09-19,8.652009010314941,8.702384608628275,8.626821211158274,8.639415110736609,4548800
1996-09-20,8.752764701843262,8.777952513934897,8.664607359522538,8.677201265568357,12608000
1996-09-23,8.727572441101074,8.740166340727482,8.639415143716214,8.740166340727482,3786800
1996-09-24,8.689791679382324,8.790542887259221,8.652009976428488,8.714979481351548,5724000
1996-09-25,8.576448440551758,8.71498138158857,8.56385453682114,8.689793574127332,4300800
1996-09-26,8.463101387023926,8.576446494885854,8.450507486150379,8.563852594012305,6397600
1996-09-27,8.400134086608887,8.488291415853658,8.374946278253239,8.46310360749801,5042400
1996-09-30,8.387539863586426,8.450509382081819,8.387539863586426,8.43791547838274,5321200
1996-10-01,8.589044570922852,8.601638477918339,8.349760338008577,8.387542058995042,5822000
1996-10-02,8.639416694641113,8.677198400302808,8.576447185204954,8.614228890866649,4514000
1996-10-03,8.664606094360352,8.67719999856727,8.589042669118836,8.626824381739594,3058800
1996-10-04,8.853513717651367,8.853513717651367,8.70238688321066,8.70238688321066,6410400
1996-10-07,8.853513717651367,8.941671037741779,8.81573200904119,8.878701523391484,5770400
1996-10-08,8.815735816955566,8.929080991744994,8.790548000335694,8.853517541885376,4915200
1996-10-09,8.677196502685547,8.815729393149322,8.601633107887125,8.815729393149322,7828800
1996-10-10,8.652009010314941,8.677196809471608,8.614227311579942,8.677196809471608,5730800
1996-10-11,8.70238208770752,8.727569879567744,8.65200650398707,8.664600399917182,5281200
1996-10-14,8.828324317932129,8.866106019720712,8.702385311970188,8.702385311970188,7692800
1996-10-15,8.7779541015625,8.891299276475072,8.727578468268025,8.840923643180595,6395200
1996-10-16,8.803136825561523,8.828324627637523,8.714979518295529,8.777949023485524,5270000
1996-10-17,8.87869930267334,8.903887102113549,8.777948104912507,8.790542004632613,5475200
1996-10-18,9.004640579223633,9.017234482131638,8.790544229787546,8.891295453051587,8054400
1996-10-21,8.9668607711792,9.117987638109186,8.891297337714207,9.004642487911696,8729200
1996-10-22,8.866106986999512,8.97945210473104,8.828325281089002,8.97945210473104,6618000
1996-10-23,8.92907428741455,8.94166818626845,8.79054140002166,8.840916995437256,4118000
1996-10-24,8.790544509887695,8.916483542980643,8.7779506065784,8.916483542980643,3407200
1996-10-25,8.916482925415039,8.941670730289093,8.777949998607744,8.790543901044769,5402000
1996-10-28,8.891295433044434,9.117985684878429,8.891295433044434,8.979452753202098,5416000
1996-10-29,9.029829025268555,9.067610736671352,8.840920468254568,8.941671698662027,6212800
1996-10-30,8.979450225830078,9.067607521174834,8.966856326495112,9.067607521174834,4750000
1996-10-31,8.92907428741455,8.992043781684046,8.853510894291155,8.992043781684046,6814800
1996-11-01,8.891295433044434,8.979452753202098,8.840919821525768,8.9416710445631,5033200
1996-11-04,8.916482925415039,8.954264632726119,8.86610731566693,8.891295120540985,4188000
1996-11-05,8.891295433044434,8.979452753202098,8.853513724405435,8.966858850322431,5593200
1996-11-06,8.92907428741455,8.92907428741455,8.840916995437256,8.916480388560652,9011200
1996-11-07,8.996675491333008,9.034796997652215,8.920432478694591,8.920432478694591,6934800
1996-11-08,9.085630416870117,9.085630416870117,8.971265838196228,9.047508890645489,6268000
1996-11-11,9.149161338806152,9.161868507332272,9.098332664701674,9.098332664701674,4223200
1996-11-12,9.04750919342041,9.174580951754967,9.034802017586955,9.16187377592151,4078800
1996-11-13,9.17458438873291,9.225413111108162,9.022098221607155,9.022098221607155,5778800
1996-11-14,9.161874771118164,9.250825011614458,9.123753239476896,9.123753239476896,4812400
1996-11-15,9.17458438873291,9.212705930514348,9.111048485763845,9.187291569326723,8112800
1996-11-18,9.276237487792969,9.33977336099703,9.16187291602566,9.187287265307283,4400000
1996-11-19,9.352478981018066,9.365186153546624,9.28894311837528,9.301650290903838,4085200
1996-11-20,9.276237487792969,9.327066186356218,9.250823138511345,9.288944662433781,4412000
1996-11-21,9.238112449645996,9.314355468487642,9.225405279839055,9.288941128873761,3872400
1996-11-22,9.44143009185791,9.44143009185791,9.276236833184756,9.288944006928846,4394800
1996-11-25,9.644745826721191,9.695574526730262,9.479552551691711,9.492259726693979,6586000
1996-11-26,9.644745826721191,9.720988876734799,9.644745826721191,9.657453001723459,9289600
1996-11-27,9.530378341674805,9.657450052897135,9.479549657185872,9.644742881774903,6893200
1996-11-29,9.593921661376953,9.632043204402292,9.543092937343168,9.543092937343168,2128800
1996-12-02,9.644745826721191,9.644745826721191,9.504966901696246,9.568502776707586,3884400
1996-12-03,9.606626510620117,9.720991111937025,9.606626510620117,9.64474804439242,6394000
1996-12-04,9.543085098266602,9.619328121688172,9.466842074845031,9.619328121688172,6400800
1996-12-05,9.65745735168457,9.695578893862272,9.555799905877365,9.555799905877365,5216400
1996-12-06,9.644745826721191,9.657453001723459,9.568502776707586,9.568502776707586,6097600
1996-12-09,9.65745735168457,9.708286074588173,9.530385544425563,9.708286074588173,5668000
1996-12-10,9.555798530578613,9.644748782857937,9.555798530578613,9.619334425063844,4365600
1996-12-11,9.606626510620117,9.64474804439242,9.504969087227312,9.517676265151414,8256400
1996-12-12,9.606626510620117,9.708283934012924,9.543090620999614,9.657455222316521,8872000
1996-12-13,9.632040023803711,9.632040023803711,9.479553902054839,9.555796962929275,7254800
1996-12-16,9.606626510620117,9.809941357405728,9.581212154771917,9.657455222316521,9263600
1996-12-17,9.809940338134766,9.860769044549972,9.555796806058735,9.555796806058735,6235200
1996-12-18,9.88618278503418,9.898889960850418,9.720989499423068,9.784525378504265,6140000
1996-12-19,10.127619743347168,10.127619743347168,10.025962330615954,10.051376683798757,7073600
1996-12-20,10.127619743347168,10.29281303903539,10.102205390164364,10.29281303903539,16874800
1996-12-23,10.191150665283203,10.280100858122333,10.089493302038482,10.140321983660844,5388400
1996-12-24,10.191150665283203,10.229272176499974,10.127614813255253,10.216565006094383,2151200
1996-12-26,10.191150665283203,10.216565006094383,10.153029154066433,10.191150665283203,4261200
1996-12-27,10.153035163879395,10.203863875588427,10.140327985952135,10.19115669766117,2586800
1996-12-30,10.102204322814941,10.267397601049652,10.089497147566117,10.16574019905906,4198000
1996-12-31,9.962425231933594,10.140325682503835,9.962425231933594,10.10220415738164,6303200
1997-01-02,10.000547409057617,10.013254584926814,9.809939771019671,9.98784023318842,9245200
1997-01-03,10.025959968566895,10.178446051739014,10.013252794969217,10.051374315762247,7051200
1997-01-06,10.165745735168457,10.178452917337419,10.051381095647812,10.064088277816774,7102000
1997-01-07,10.191150665283203,10.191150665283203,10.064078961227302,10.127614813255253,9213200
1997-01-08,10.114912986755371,10.254691935064804,10.038669924041134,10.241984757945765,6920400
1997-01-09,10.45800495147705,10.496126476209044,10.089496879067774,10.089496879067774,10827200
1997-01-10,10.75027084350586,10.77568519538176,10.356348389429405,10.381762741305305,11054000
1997-01-13,10.483419418334961,10.788391619595615,10.39446919296727,10.775684444543087,9358800
1997-01-14,10.534247398376465,10.648611966030733,10.483418701641234,10.521540224192657,7098400
1997-01-15,10.572368621826172,10.724854707717896,10.419882535934448,10.419882535934448,9226800
1997-01-16,10.49612808227539,10.661321381391105,10.432592198000116,10.597785497115831,6857600
1997-01-17,10.45800495147705,10.546955175851704,10.419883426745058,10.48341930129838,9993600
1997-01-20,10.419881820678711,10.521539204295088,10.33093161001438,10.4707105124869,5023600
1997-01-21,10.534247398376465,10.597783269295503,10.30551826306793,10.35634695980316,7596000
1997-01-22,10.77568531036377,10.826514014657938,10.41988438030459,10.521541788892927,9370000
1997-01-23,10.45800495147705,10.877341723528986,10.419883426745058,10.864634548618321,7541200
1997-01-24,10.191150665283203,10.445294073395004,10.191150665283203,10.445294073395004,9476000
1997-01-27,10.49612808227539,10.54695678969561,10.229277368319236,10.254691722029348,10231600
1997-01-28,10.216567039489746,10.635903746334474,10.203859866555057,10.635903746334474,7806800
1997-01-29,10.49612808227539,10.5215424359855,10.140327130333853,10.216570191464182,9167600
1997-01-30,10.585074424743652,10.61048876910078,10.40717401424376,10.521538563850834,7275600
1997-01-31,10.534247398376465,10.661319140214541,10.445297179089811,10.623197617663118,7671200
1997-02-03,10.394468307495117,10.53424722116559,10.356346785584988,10.53424722116559,4998400
1997-02-04,10.508828163146973,10.508828163146973,10.381756480400334,10.432585153498989,4296400
1997-02-05,10.45800495147705,10.69944127477968,10.432590601655722,10.572369525673032,7312400
1997-02-06,10.43648910522461,10.46210012143375,10.28282300796977,10.43648910522461,6778000
1997-02-07,10.34684944152832,10.551737549281356,10.257210894386366,10.449293495404838,6350400
1997-02-10,10.25721263885498,10.462100781453831,10.25721263885498,10.385267727979263,7146400
1997-02-11,10.410879135131836,10.410879135131836,10.257213022436163,10.29562955061008,7511600
1997-02-12,10.551739692687988,10.590156220695347,10.423684599330125,10.436490108665911,6398800
1997-02-13,10.654187202453613,10.692603742847075,10.590159635131176,10.628576175524637,6218800
1997-02-14,10.64138126373291,10.73101985440214,10.590159211921922,10.628575750780163,5278800
1997-02-18,10.66698932647705,10.718211364059174,10.500517704335152,10.718211364059174,6079600
1997-02-19,10.57735824584961,10.743829985796395,10.564552727392163,10.666996875051725,6006000
1997-02-20,10.564550399780273,10.705411071777345,10.526133852871983,10.526133852871983,5407600
1997-02-21,10.628570556640625,10.679792583419616,10.53893200977739,10.551737516472139,7830400
1997-02-24,10.513323783874512,10.654184394864304,10.50051827378453,10.628573374684342,5684800
1997-02-25,10.6029691696167,10.641385724579077,10.39808087648401,10.513330541371147,7982400
1997-02-26,10.462104797363281,10.615770963297626,10.346855172912523,10.57735442181404,8542800
1997-02-27,10.231600761413574,10.487710918144828,10.231600761413574,10.474905410308265,6464400
1997-02-28,10.270018577575684,10.398073672059171,10.231602049230638,10.244407558678986,8335200
1997-03-03,10.167572021484375,10.257210565754388,10.129155502511512,10.1419610088358,7055200
1997-03-04,10.244409561157227,10.346853656768799,10.154770977497101,10.154770977497101,6320000
1997-03-05,10.372459411621094,10.398070422513985,10.29562637894242,10.308431884388865,4801200
1997-03-06,10.334052085876465,10.564551388907168,10.334052085876465,10.449301737391817,9556800
1997-03-07,10.282828330993652,10.410883478328568,10.27002281626016,10.372466934128093,5822400
1997-03-10,10.551739692687988,10.564545202023774,10.33404603397962,10.372462561986978,7036000
1997-03-11,10.526129722595215,10.628573807486651,10.462102169538065,10.615768296875222,6780800
1997-03-12,10.398075103759766,10.474908171028927,10.29563101406755,10.449297148605872,7088800
1997-03-13,10.244409561157227,10.359659168720246,10.23160404920578,10.334048144817352,5036400
1997-03-14,10.359659194946289,10.474908802801068,10.257215099075374,10.282826123043103,4931200
1997-03-17,10.334052085876465,10.436496220556776,10.27002450170127,10.346857602711504,7701600
1997-03-18,10.372459411621094,10.398070422513985,10.282820873495973,10.346848400728202,6582000
1997-03-19,10.372459411621094,10.500514466085551,10.32123738983531,10.359653906174648,7713600
1997-03-20,10.359659194946289,10.410881242881747,10.270020611059238,10.385270218914018,4506400
1997-03-21,10.6029691696167,10.615774687937492,10.410886394804802,10.436497431446389,10179200
1997-03-24,10.705411911010742,10.705411911010742,10.526134678051232,10.602967777891022,6495600
1997-03-25,10.833460807800293,10.955113145476536,10.731016733967666,10.756627752425823,10482000
1997-03-26,11.204817771911621,11.294456314086915,10.935902145385743,10.974318663460869,12832400
1997-03-27,11.076766967773438,11.396904741408507,10.884684303592396,11.192016566282062,13666400
1997-03-31,11.03835678100586,11.14080092746531,10.94871815285384,11.012745744390996,12079200
1997-04-01,10.948714256286621,11.012741825036835,10.743826036285935,10.961519770036663,9022000
1997-04-02,10.731019973754883,10.884686130896958,10.718214460659711,10.871880617801784,8843600
1997-04-03,10.474910736083984,10.705409994335222,10.321244563916492,10.69260447998793,11811200
1997-04-04,10.43648910522461,10.50051664574746,10.28282300796977,10.346850548492618,12000800
1997-04-07,10.756633758544922,10.76943927492414,10.398079299926756,10.410884816305977,9298800
1997-04-08,10.654187202453613,10.731020283240538,10.61577066206015,10.71821476977605,7289600
1997-04-09,10.615764617919922,10.743819679655989,10.602959111746316,10.654181136440743,5940800
1997-04-10,10.6029691696167,10.679802279541457,10.52613605969194,10.641385724579077,6008800
1997-04-11,10.372459411621094,10.590153004210674,10.308431884388865,10.577347498764228,6886000
1997-04-14,10.6029691696167,10.628580206258285,10.218803619992904,10.346858803200837,5986600
1997-04-15,10.705411911010742,10.705411911010742,10.474912611491371,10.654189844450881,5889200
1997-04-16,10.705411911010742,10.782245010850533,10.449301578211442,10.705411911010742,6772600
1997-04-17,10.551739692687988,10.679794786045852,10.500517655344842,10.65418376737428,6362600
1997-04-18,10.961517333984375,10.961517333984375,10.55174098505038,10.55174098505038,8392600
1997-04-21,10.93591022491455,11.294464658518306,10.78224403908437,11.217631565603217,7368600
1997-04-22,11.320069313049316,11.396902362685397,10.96151508141427,11.089570164141072,7606200
1997-04-23,11.243237495422363,11.473736669588199,11.192015456718845,11.3456815728294,6020400
1997-04-24,11.115180015563965,11.37129015417143,11.115180015563965,11.320068126449936,5952400
1997-04-25,10.807851791381836,11.166406116214409,10.78224076817951,11.115184069809755,5656200
1997-04-28,11.03835678100586,11.089578854235585,10.731024341627506,10.756635378242368,5476800
1997-04-29,11.396904945373535,11.42251596772269,11.217627788929457,11.42251596772269,7185400
1997-04-30,11.60179328918457,11.678626357324866,11.345683062050254,11.396905107477117,7660400
1997-05-01,11.448128700256348,11.52496177878156,11.243240490855788,11.422517674081279,5690800
1997-05-02,11.550575256347656,11.60179731956871,11.19202081380028,11.473742161516075,7339400
1997-05-05,11.98595905303955,12.011570076657156,11.499349604305038,11.601793698775461,8766000
1997-05-06,12.011566162109375,12.165232253735509,11.883511085754265,12.011566162109375,8804200
1997-05-07,11.883514404296875,12.088402583681304,11.832292359450769,12.011569516412143,7335600
1997-05-08,11.883514404296875,12.19084667337352,11.729848269758554,11.832292359450769,8505800
1997-05-09,11.916533470153809,12.04550028260136,11.555426395300662,11.96812019513283,8291600
1997-05-12,12.20025634765625,12.277636409057877,11.968116163451375,11.968116163451375,6925600
1997-05-13,12.303426742553711,12.303426742553711,12.174460005210381,12.25184004761638,6220000
1997-05-14,12.355019569396973,12.432399650207392,12.226052768046273,12.406606289937253,5621000
1997-05-15,12.14866828918457,12.32922174571173,12.019701534522314,12.277635043846827,5519600
1997-05-16,11.993911743164062,12.20025861186366,11.993911743164062,12.097085177513861,9724800
1997-05-19,12.20025634765625,12.20025634765625,11.968116163451375,12.019702871052457,5248800
1997-05-20,12.20025634765625,12.226049701456793,11.839149394448667,12.019702871052457,6014800
1997-05-21,12.277633666992188,12.329220363071986,12.071286882672991,12.251840318952288,7292000
1997-05-22,12.071292877197266,12.406606568230522,12.045499516348553,12.355019846533098,6615200
1997-05-23,12.355019569396973,12.380812929667112,12.122879326965714,12.174466047505994,4240200
1997-05-27,12.303426742553711,12.432393479897042,12.122873310273048,12.226046700147714,5857200
1997-05-28,12.122882843017578,12.303436417275288,12.019709372013173,12.226056314021983,5260200
1997-05-29,12.122882843017578,12.251849681773084,12.071296107515376,12.174469578519782,4895600
1997-05-30,12.22605037689209,12.303430442568622,11.942323469411471,11.993910179862494,8170600
1997-06-02,12.380809783935547,12.458189845085144,12.148669600486755,12.277636369069418,6759800
1997-06-03,12.355019569396973,12.61295317209837,12.174466047505994,12.277639488586553,7833600
1997-06-04,12.380809783935547,12.483983198801678,12.174462954203289,12.251843015352886,5021000
1997-06-05,12.40660285949707,12.40660285949707,12.174462681252843,12.380809506358823,6995800
1997-06-06,12.638749122619629,12.793509315957829,12.355022101499596,12.380815467055964,7679600
1997-06-09,12.690326690673828,12.716120037606093,12.535566609080245,12.638739996809301,6117800
1997-06-10,12.587158203125,12.81929841588755,12.535571489177766,12.638744917072232,6280000
1997-06-11,12.793499946594238,12.89667333326032,12.664533213261635,12.664533213261635,6935000
1997-06-12,13.128815650939941,13.206195703892437,12.819295439129963,12.896675492082458,7525600
1997-06-13,13.154608726501465,13.231988777833825,12.97405527339262,13.154608726501465,7596000
1997-06-16,13.283580780029297,13.438340944456822,13.180407337077613,13.180407337077613,5363600
1997-06-17,13.128815650939941,13.309369107829097,13.077228948971612,13.231989054876601,5356800
1997-06-18,13.077230453491211,13.154610515346189,13.025643745587892,13.10302380744287,5326200
1997-06-19,12.9740571975708,13.154610677457473,12.896677134762228,13.051437260379375,6025600
1997-06-20,13.103026390075684,13.128819749111265,12.922472876826609,12.94826623586219,12216600
1997-06-23,12.741918563842773,13.18040563992643,12.716125206426087,13.128818925093059,5543200
1997-06-24,12.896676063537598,12.896676063537598,12.483982429504396,12.793502655029297,7781600
1997-06-25,12.574256896972656,12.870880393003805,12.303426748422476,12.845087045522837,8845000
1997-06-26,12.62585163116455,12.870888588255589,12.53557485749943,12.57426490335591,7091400
1997-06-27,12.471085548400879,12.896675851500392,12.471085548400879,12.716122389579388,4714800
1997-06-30,12.638749122619629,12.767715950401461,12.342125418721414,12.741922584845096,7484400
1997-07-01,13.051436424255371,13.064333100563923,12.638742782381684,12.690329487615895,5499800
1997-07-02,13.025643348693848,13.1546101145225,12.819296523368005,13.1546101145225,6405400
1997-07-03,13.335165977478027,13.39964937195326,13.21909586742261,13.231992546317656,4547000
1997-07-07,13.06433391571045,13.541510968900269,13.012747207257497,13.412544197767886,6574000
1997-07-08,13.115921020507812,13.115921020507812,12.948264212969363,13.064334310495981,4001400
1997-07-09,12.780604362487793,13.115917897729652,12.548464222704967,13.115917897729652,8089000
1997-07-10,12.75482177734375,12.999858798344286,12.548474812290666,12.97406542771265,6032600
1997-07-11,12.741918563842773,12.896678708342888,12.703228527717744,12.780608599967803,4293400
1997-07-14,12.535567283630371,12.703224047711847,12.380807193709009,12.677430699391621,6151000
1997-07-15,12.845088005065918,12.857984679769798,12.380807715726185,12.535567812172763,7860000
1997-07-16,12.948264122009277,13.103024250957596,12.870884057535118,12.883780734947479,7057200
1997-07-17,12.9740571975708,13.103023968918423,12.896677134762228,13.051437260379375,6227800
1997-07-18,12.471085548400879,13.012745934163895,12.458188872549378,12.986952582460896,8236400
1997-07-21,12.651644706726074,12.845094931599562,12.496884526827284,12.793508204966631,6906800
1997-07-22,12.9740571975708,13.038540583244613,12.845090426223178,12.896677134762228,7632400
1997-07-23,12.67744255065918,13.025653078500277,12.625855805793833,12.999859706067603,6572600
1997-07-24,12.793499946594238,12.793499946594238,12.49687645992925,12.703223233261417,7297400
1997-07-25,12.961159706115723,12.999849735089203,12.767709561248324,12.819296266546298,6518200
1997-07-28,13.077230453491211,13.193300546273678,12.999850391636233,12.999850391636233,4927800
1997-07-29,12.948264122009277,13.051437541308156,12.870884057535118,13.038540863895795,3957200
1997-07-30,13.1933012008667,13.21909455609811,13.025644391862528,13.07723110232535,5448200
1997-07-31,13.25778579711914,13.45123597898372,13.154612366791365,13.206199081955253,6094800
1997-08-01,13.128815650939941,13.360955809797426,12.806398763637882,13.257782405860766,6366000
1997-08-04,13.206192970275879,13.28357300721109,13.077226242050529,13.103019587695599,4251600
1997-08-05,13.115921020507812,13.206197763028515,13.012747600484152,13.206197763028515,3620400
1997-08-06,13.386759757995605,13.502829929307705,13.077239301163337,13.077239301163337,5962000
1997-08-07,13.23199462890625,13.412548161854287,13.20620126705653,13.360961438154849,4592400
1997-08-08,12.793499946594238,13.025640066592924,12.664533213261635,13.025640066592924,8367200
1997-08-11,13.060420989990234,13.229193825844979,12.865683102465528,12.91761320580545,7991000
1997-08-12,12.98253345489502,13.177271456718445,12.90463825416565,13.086393722534181,4153600
1997-08-13,12.619019508361816,13.07340807090571,12.463229144061053,12.94358276732174,6829200
1997-08-14,12.541123390197754,12.813756507375965,12.450245684471684,12.77480891920765,6975800
1997-08-15,12.255513191223145,12.541128964747413,12.255513191223145,12.437268683465861,8612800
1997-08-18,12.91761589050293,12.943580947569266,12.17761176411231,12.294454520910827,7752800
1997-08-19,12.93059253692627,12.956557582181143,12.644977039122677,12.93059253692627,6263600
1997-08-20,13.164285659790039,13.203233250499476,12.865687464351014,12.91761758529693,5434600
1997-08-21,12.943581581115723,13.216214693656775,12.774808701923641,13.216214693656775,6575800
1997-08-22,13.034456253051758,13.060421305348674,12.606032890152646,12.722875625488767,6608400
1997-08-25,12.943581581115723,13.190249635319532,12.83972134776675,13.073406872801938,4864600
1997-08-26,12.826742172241211,13.047445225812162,12.696916846611238,12.956567497871182,4673200
1997-08-27,13.138317108154297,13.177264688514438,12.657963617045889,12.774806358126312,6275800
1997-08-28,12.85270881652832,13.125342033848618,12.696918406631008,13.0993769655324,6612600
1997-08-29,12.709896087646484,12.917616554860318,12.683931029244755,12.683931029244755,5185800
1997-09-02,13.294106483459473,13.294106483459473,12.735857871361077,12.735857871361077,7628000
1997-09-03,13.320073127746582,13.397968292236328,13.060422579447428,13.294108072916666,5648200
1997-09-04,13.346041679382324,13.449901925914483,13.138321186318008,13.268146494483206,5301200
1997-09-05,13.294106483459473,13.501826897263527,13.099368595518172,13.43691426794976,4812400
1997-09-08,13.346041679382324,13.488849518364042,13.281129025299725,13.397971802648403,4996200
1997-09-09,13.397970199584961,13.488847904427107,13.177267202111176,13.346040082532305,4729400
1997-09-10,13.073405265808105,13.359020872409673,13.047440210662508,13.242178124254487,4207600
1997-09-11,12.904630661010742,13.04743844498571,12.70989277377215,12.995508341722086,6399000
1997-09-12,13.099372863769531,13.099372863769531,12.735862021167403,12.9305999725614,4993800
1997-09-15,13.034456253051758,13.216211619130169,13.008491200754841,13.008491200754841,3788800
1997-09-16,13.423938751220703,13.540781544993418,13.1123579678268,13.1123579678268,6198000
1997-09-17,13.423938751220703,13.60569420820048,13.372008620655054,13.488851414427767,6178200
1997-09-18,13.709554672241211,13.969205328912446,13.384991351402167,13.384991351402167,8687800
1997-09-19,13.670601844787598,13.70954942839098,13.50182898250627,13.70954942839098,9635200
1997-09-22,13.333057403564453,13.722533277086296,13.13831946680353,13.696568218851507,7062200
1997-09-23,13.52779769897461,13.553762761736555,13.268147071355134,13.32007719687903,5257200
1997-09-24,13.333057403564453,13.657620631499322,13.320074874447057,13.540777869442769,5033600
1997-09-25,13.268143653869629,13.605689382833043,13.255161125832574,13.384986406203119,7023200
1997-09-26,13.346041679382324,13.359024210198845,13.190251309584088,13.294111556116246,5748200
1997-09-29,13.462885856628418,13.527798517460763,13.203235213299036,13.242182809798443,4440600
1997-09-30,13.307093620300293,13.553761697164395,13.268146029216487,13.372006272106635,5220000
1997-10-01,13.566743850708008,13.65762156071275,13.320075780695134,13.34604084069649,4924800
1997-10-02,13.488848686218262,13.55376133629631,13.359023386062168,13.501831216233871,5223800
1997-10-03,13.540778160095215,13.800428748016502,13.32007516036212,13.631655865867666,7079800
1997-10-06,13.865340232849121,13.891305289464944,13.657619779922543,13.813410119617476,5050800
1997-10-07,13.87832260131836,13.89130512947675,13.722532263417687,13.839375016843192,5076600
1997-10-08,13.55375862121582,13.813409169514973,13.372003237406412,13.735514005025227,7378800
1997-10-09,13.462885856628418,13.56674611396017,13.410955727962541,13.410955727962541,5428600
1997-10-10,13.41094970703125,13.462879812382775,13.216211811963033,13.384984654355488,6502800
1997-10-13,13.41094970703125,13.527792444072182,13.372002128017607,13.475862338720656,3190200
1997-10-14,13.41094970703125,13.5148099177343,13.203229285625152,13.488844865058537,5696400
1997-10-15,13.462885856628418,13.540781049627231,13.346043067130196,13.346043067130196,4588600
1997-10-16,13.294106483459473,13.618669630028307,13.164281224831939,13.55375700071454,5455800
1997-10-17,13.21621036529541,13.38498318921372,13.099367641044271,13.164280265628237,6881200
1997-10-20,13.50183391571045,13.52779898093297,13.099375404761387,13.203235665651468,6191200
1997-10-21,13.52779769897461,13.56674529311753,13.372007322402924,13.540780230355583,5722400
1997-10-22,13.475866317749023,13.566744028947717,13.423936197064057,13.553761498776474,3933000
1997-10-23,13.112350463867188,13.44989611937268,12.995507736961441,13.268140766408184,7015000
1997-10-24,13.008492469787598,13.281125545501709,12.813754558563232,13.26814301808675,8603000
1997-10-27,12.047785758972168,13.255160840420887,12.021820703457141,13.034457868543164,9033200
1997-10-28,12.761826515197754,12.77480904471474,11.372695856880195,11.866031978525683,16341400
1997-10-29,12.528136253356934,12.722874122580098,12.359363433363523,12.722874122580098,9437600
1997-10-30,12.606038093566895,12.800776066176065,12.359369994928613,12.411300120957726,7983400
1997-10-31,12.761826515197754,12.852704221816659,12.346385570654185,12.722878926646795,6127000
1997-11-03,12.93059253692627,13.19024298947499,12.852697401161654,12.904627491671398,6870800
1997-11-04,12.99552059173584,13.047450743950568,12.774817444823244,12.8786777492527,5495400
1997-11-05,12.85270881652832,13.060429363058072,12.748848543263446,12.995516692267524,5480200
1997-11-06,12.722878456115723,12.878668804557956,12.58007063671034,12.81375615937369,5783800
1997-11-07,12.573354721069336,12.664844828187304,12.325024430320564,12.547214690464202,6174400
1997-11-10,12.481863021850586,12.808613362736725,12.390372926402465,12.782473335465834,5442000
1997-11-11,12.508008003234863,12.690988266605071,12.455727927986233,12.547218059671337,4480400
1997-11-12,12.311957359313965,12.48186759887987,12.259677285601379,12.29888734088582,5303200
1997-11-13,12.521079063415527,12.56028912311307,12.351168804726171,12.44265894402044,5824800
1997-11-14,12.743268013000488,12.847828160799466,12.46879762502817,12.612567828251764,4677400
1997-11-17,12.952392578125,13.096162828739908,12.795552304726916,12.913182509775478,5831000
1997-11-18,13.004670143127441,13.148440365815281,12.965460082394394,13.004670143127441,5745600
1997-11-19,12.978527069091797,13.056947172228304,12.834756880008202,12.96545705190238,5970200
1997-11-20,13.109225273132324,13.266065455861725,12.860894983810775,12.978525120857825,6379400
1997-11-21,13.370623588562012,13.409833628411167,13.07001328305182,13.174573389316235,7657000
1997-11-24,13.148435592651367,13.344485825146169,13.056945484153793,13.252995716648595,5392600
1997-11-25,12.782476425170898,13.200716962599802,12.625636223635059,13.161506912215843,8502200
1997-11-26,12.795551300048828,12.952391561132163,12.730201191264104,12.74327121302105,4306800
1997-11-28,12.756339073181152,12.860899229518703,12.74326905363896,12.821689170892121,1687000
1997-12-01,12.873967170715332,12.913177223011926,12.547216734910375,12.756337013825547,6020000
1997-12-02,12.795551300048828,13.017741669916887,12.769411256534939,12.821691343562717,6232200
1997-12-03,13.0569486618042,13.213788885970015,12.769408250833536,12.769408250833536,6535400
1997-12-04,13.030807495117188,13.226857758333594,12.991597442473905,13.161507670594792,5542400
1997-12-05,13.383694648742676,13.540534820407629,13.056944291107357,13.056944291107357,8512800
1997-12-08,13.213786125183105,13.435976396328618,13.13536602948469,13.409836364429145,6511600
1997-12-09,13.043877601623535,13.26606790145079,12.991597531075946,13.226857848540098,5285800
1997-12-10,13.122297286987305,13.21378740751411,12.978527097588042,13.030807166460502,4514800
1997-12-11,13.043877601623535,13.305277954361483,12.965457495802152,13.161507760355612,5643600
1997-12-12,12.965458869934082,13.056949003088858,12.873968736779306,13.043878984066748,5222600
1997-12-15,13.135372161865234,13.226862316226484,12.991601919297555,12.991601919297555,4912200
1997-12-16,13.292208671569824,13.35755876336712,13.174578506334694,13.21378856141307,4801400
1997-12-17,13.122297286987305,13.357557596913372,13.056947200896731,13.331417562477142,4614000
1997-12-18,12.90011215209961,13.226862713196358,12.88704212965574,13.070022443869918,5826600
1997-12-19,12.599496841430664,12.79554710348612,12.390376561904844,12.717126998663938,11471600
1997-12-22,12.612565040588379,12.82168528996601,12.508004915899564,12.599495025002277,5348200
1997-12-23,12.586427688598633,12.834758037594867,12.455727504916403,12.664847798807969,5072600
1997-12-24,12.573354721069336,12.76940495060784,12.534144675161635,12.63870479758217,2933600
1997-12-26,12.69098949432373,12.769409614782992,12.612569373864469,12.612569373864469,1804800
1997-12-29,12.873967170715332,12.952387275308523,12.66484689180016,12.704056944096754,4542200
1997-12-30,13.030807495117188,13.070017547760468,12.782477161709739,13.043877512664947,5638800
1997-12-31,12.795551300048828,12.91318149586133,12.704061147750215,12.887041452347441,6946600
1998-01-02,12.939319610595703,12.97852967002175,12.743269313465465,12.76940935308283,5657200
1998-01-05,12.795551300048828,13.004671648159944,12.612570995451602,12.965461582889109,8728400
1998-01-06,12.338103294372559,12.664853911278612,12.259683146315107,12.573363738544916,9009200
1998-01-07,12.730191230773926,12.743261242304493,12.311950861795726,12.351160896387432,11663600
1998-01-08,12.455731391906738,12.756341908185705,12.442661369459827,12.677921773504236,6357600
1998-01-09,12.155116081237793,12.481866513529132,12.037485925612911,12.455726478945826,8060600
1998-01-12,12.285821914672852,12.338102007926778,11.841441122014471,11.867581168641435,8362400
1998-01-13,12.560283660888672,12.573353675103956,12.33809341922883,12.442653532951109,8917000
1998-01-14,12.71712875366211,12.756338811484294,12.49493842600306,12.586428560921492,6375000
1998-01-15,12.442660331726074,12.847830993788582,12.390380246298653,12.66485069479261,8606600
1998-01-16,12.71712875366211,12.873968984950851,12.547218503099305,12.612568599469615,8445600
1998-01-20,12.730191230773926,12.808611299957338,12.612561126998807,12.69098119618222,6348000
1998-01-21,12.769412994384766,12.95239332388465,12.651782782563412,12.860903159134708,6651400
1998-01-22,12.455731391906738,12.599501638822765,12.338101189884535,12.599501638822765,5690600
1998-01-23,12.351161003112793,12.534141166121872,12.168180840103714,12.455721096260838,5782000
1998-01-26,12.599496841430664,12.638706893841755,12.351166509493753,12.351166509493753,5868400
1998-01-27,12.625638008117676,12.756338194537113,12.586427952191844,12.625638008117676,5633600
1998-01-28,12.37730598449707,12.651776338957935,12.338095933859805,12.586426254562491,8286600
1998-01-29,12.704060554504395,12.730200596797614,12.403450068132377,12.494940216158644,7859400
1998-01-30,12.403450965881348,12.677921429826034,12.364240899603535,12.66485140773343,7292800
1998-02-02,12.65178108215332,12.71713119104874,12.586430973257901,12.704061169269655,8728600
1998-02-03,12.71712875366211,12.808618888580542,12.586428560921492,12.599498580195553,6245200
1998-02-04,12.873967170715332,12.96545729274072,12.66484689180016,12.66484689180016,5810200
1998-02-05,12.952392578125,13.056952760390388,12.834762373076437,12.965462600908173,6964400
1998-02-06,13.05185317993164,13.104481620173301,12.946596299448322,12.946596299448322,4877600
1998-02-09,13.05185317993164,13.091324510112885,12.893967859206661,13.05185317993164,4775000
1998-02-10,13.065010070800781,13.09132429048014,12.959753192083355,13.051852960961103,5364000
1998-02-11,13.196582794189453,13.249211240028693,13.025540345211922,13.078168791051162,6246200
1998-02-12,13.275531768798828,13.354474475055314,13.02554653231996,13.183431944832929,5621400
1998-02-13,13.288679122924805,13.341307555094804,13.183422258584805,13.236050690754805,4587400
1998-02-17,13.078169822692871,13.314997847651092,13.038698485199834,13.314997847651092,6091400
1998-02-18,13.4334135055542,13.486041961991239,13.104485652822706,13.117642766931965,8268600
1998-02-19,13.393941879272461,13.47288456225442,13.328156310120827,13.446570334593767,6107600
1998-02-20,13.538674354553223,13.56498859042213,13.30184623173305,13.380788939339775,7663400
1998-02-23,13.15711784362793,13.354474611282347,12.999232429504394,13.354474611282347,7695600
1998-02-24,13.20974063873291,13.301840424062721,13.104483741213127,13.196583526542938,6510400
1998-02-25,13.222904205322266,13.28868979838357,13.104490137811917,13.249218442546788,3976400
1998-02-26,13.275531768798828,13.367631592764727,13.183431944832929,13.222903297961173,4159400
1998-02-27,13.420256614685059,13.48604218632567,13.22289989976322,13.249214128419466,5570000
1998-03-02,13.36762809753418,13.499199240226446,13.275528297649593,13.44657078314954,4876200
1998-03-03,13.52551555633545,13.538672672635386,13.341315928136328,13.367630160736203,6857600
1998-03-04,13.354469299316406,13.56498310107903,13.314997961485915,13.525511763248538,7044800
1998-03-05,13.249212265014648,13.354469164836017,13.170269590148623,13.236055152536977,6907800
1998-03-06,13.20974063873291,13.24921197530283,13.091326629023154,13.24921197530283,6855600
1998-03-09,13.15711784362793,13.249217668533324,13.091332254409789,13.249217668533324,6186400
1998-03-10,13.354469299316406,13.380783524536735,13.209741060604603,13.23605528582493,5666800
1998-03-11,13.459726333618164,13.512354784580502,13.341312318952902,13.472883446358749,5641200
1998-03-12,13.446566581726074,13.472880802042564,13.301838369985383,13.40709525125134,4787800
1998-03-13,13.538674354553223,13.551831472487677,13.420260293143137,13.459731646946498,4476400
1998-03-16,13.512357711791992,13.56498617415535,13.459729249428635,13.538671942973671,4079200
1998-03-17,13.249212265014648,13.472883177135055,13.078169802804926,13.472883177135055,8225600
1998-03-18,13.60445785522461,13.617614971138753,13.24921572554273,13.301844189199304,7676600
1998-03-19,13.643928527832031,13.683399873621322,13.551828720990349,13.617614297305837,6607600
1998-03-20,14.130743980407715,14.262315153409649,13.643930640300558,13.683401992201139,13996800
1998-03-23,14.314935684204102,14.735963204327751,14.262307244188644,14.722806094323886,11944800
1998-03-24,14.393881797790527,14.472824476754642,14.301782005665725,14.44651025043327,6834400
1998-03-25,14.262310028076172,14.56492361723277,14.196524465216042,14.459666716656562,5816800
1998-03-26,14.35440731048584,14.525449744066332,14.222836207731616,14.24915042828246,5872800
1998-03-27,14.23599910736084,14.43335584175124,14.091270835474548,14.407041610499187,4927000
1998-03-30,14.301779747009277,14.38072241350611,14.038637525353174,14.262308413760863,4611400
1998-03-31,14.23599910736084,14.420198726125214,14.143899297978654,14.420198726125214,5460200
1998-04-01,14.512290000915527,14.525447108803936,14.183362303705293,14.26230495103575,6543000
1998-04-02,14.70965576171875,14.722812877784687,14.459670556465927,14.459670556465927,5598000
1998-04-03,14.564923286437988,14.722808633716449,14.472823500525552,14.709651521443243,4499400
1998-04-06,14.407035827636719,14.683335144879067,14.407035827636719,14.59123537246495,4957800
1998-04-07,14.262310028076172,14.485980941800614,14.130738902355912,14.407038266368458,4785800
1998-04-08,13.920228958129883,14.301785328437791,13.762343563519714,14.275471096002763,6489400
1998-04-09,14.051795959472656,14.117581521080673,13.92022483625662,13.92022483625662,3923800
1998-04-13,14.249150276184082,14.301778716724005,13.99916518361945,14.117579174834276,7069000
1998-04-14,14.14389419555664,14.235993971713754,14.025480197640352,14.19652263907499,4570600
1998-04-15,14.459671020507812,14.512299486460526,14.157057341279714,14.288628506161496,6696600
1998-04-16,14.801752090454102,14.94648033311632,14.420195814344618,14.499138492160373,13343800
1998-04-17,15.170141220092773,15.235926741428822,14.828056509145322,14.933313343283,8564200
1998-04-20,15.354350090026855,15.420135651680782,15.170150517395856,15.36750720235764,9191200
1998-04-21,15.433295249938965,15.459609478839116,15.235938533187827,15.42013813548889,6586800
1998-04-22,15.354350090026855,15.512235437996283,15.301721640703713,15.485921213334711,6757400
1998-04-23,15.525388717651367,15.578017153982389,15.301717863244527,15.301717863244527,6900400
1998-04-24,15.472762107849121,15.722747209931718,15.472762107849121,15.564861882300605,6812800
1998-04-27,15.64380168914795,15.709587230313415,15.380659524486083,15.380659524486083,8799600
1998-04-28,15.44645881652832,15.68328697555516,15.341201856960836,15.68328697555516,8246800
1998-04-29,15.354350090026855,15.499078325665497,15.354350090026855,15.446449876342355,6034400
1998-04-30,15.380664825439453,15.459607502045644,15.222779472227073,15.367507712671756,5509000
1998-05-01,15.920111656188965,15.972740124473885,15.538555261123278,15.57802661233697,6990000
1998-05-04,15.735898971557617,15.999041094827811,15.670113440740067,15.999041094827811,5818400
1998-05-05,15.578025817871094,15.788539680274758,15.472768886669263,15.604340050671551,4732400
1998-05-06,15.670121192932129,15.814849432329487,15.591178516897207,15.591178516897207,6039600
1998-05-07,15.420134544372559,15.630648326548293,15.367506098828624,15.617491215162309,4493400
1998-05-08,15.406974792480469,15.670116975101825,15.222775264645518,15.406974792480469,5905600
1998-05-11,15.440849304199219,15.520236704220808,15.28207450415604,15.348230670840698,5657600
1998-05-12,15.626092910766602,15.665786626882012,15.440855568894685,15.454086807599822,6134000
1998-05-13,15.586396217346191,15.771633523834176,15.533471272635339,15.586396217346191,7167400
1998-05-14,15.586396217346191,15.639321162057044,15.440852619391345,15.573164981168478,6716800
1998-05-15,15.599625587463379,15.82455657557778,15.59962558746338,15.612856822058344,7685600
1998-05-18,15.361457824707031,15.6525448808169,15.321764135237505,15.599619961524196,5775200
1998-05-19,15.308540344238281,15.44085270676411,15.162996745459871,15.374696525501196,5134800
1998-05-20,15.083605766296387,15.36146166199132,14.977755901269747,15.26884303009301,5500600
1998-05-21,14.8983793258667,15.149772937937275,14.779298141201691,15.043922996012823,6806000
1998-05-22,14.938063621520996,14.990988559064029,14.858676215206446,14.990988559064029,3497400
1998-05-26,14.72636890411377,14.99099368226496,14.72636890411377,14.99099368226496,4287400
1998-05-27,14.8983793258667,14.97776678231004,14.607291985574456,14.739604412980022,6390400
1998-05-28,15.017457962036133,15.057151683521692,14.818989354608343,14.92483927856983,5085000
1998-05-29,14.924830436706543,15.0836052285864,14.80574934279665,15.017449065303126,7007600
1998-06-01,14.95129108428955,14.964522315337595,14.792516311713024,14.924828622193463,4731600
1998-06-02,14.805752754211426,15.043914996906516,14.72636533997973,15.030683761201233,5323400
1998-06-03,14.607287406921387,14.88514341737913,14.607287406921387,14.68667483848074,4464200
1998-06-04,14.885139465332031,14.924833170572917,14.62051476372613,14.62051476372613,7548400
1998-06-05,15.202693939208984,15.215925178494633,14.885144196353444,14.938069153496034,7094800
1998-06-08,15.070372581481934,15.202684895630151,15.017447655822647,15.202684895630151,4719800
1998-06-09,14.805752754211426,15.017452525495951,14.72636533997973,14.977758818380103,5419000
1998-06-10,14.567593574523926,14.924837013681188,14.527899859062007,14.75283091334621,6212000
1998-06-11,14.408824920654297,14.76606851372837,14.263281234587083,14.76606851372837,8526400
1998-06-12,14.673440933227539,14.726365877982191,14.342660028510958,14.435278681831601,6003600
1998-06-15,14.501439094543457,14.633751495041116,14.42205165424486,14.607289014941584,5845200
1998-06-16,14.72636890411377,14.805756337559126,14.36912545360966,14.501437842685256,6156400
1998-06-17,15.03069019317627,15.13654012411413,14.805759089933314,14.898377779503942,7932600
1998-06-18,14.977749824523926,15.017443507804465,14.792512635881403,14.977749824523926,4856000
1998-06-19,14.832218170166016,15.123305413469899,14.832218170166016,15.030686745145935,8165000
1998-06-22,14.95129108428955,15.149759550010208,14.832210004857156,14.832210004857156,5644200
1998-06-23,15.202693939208984,15.215925178494633,15.043919067781214,15.057150307066863,7104600
1998-06-24,15.335006713867188,15.335006713867188,15.149769359256196,15.242388036561692,8119400
1998-06-25,15.34822940826416,15.467310498500693,15.242379550276132,15.334998176015656,6378000
1998-06-26,15.29531192779541,15.454086792097785,15.162999540876765,15.401161837330328,4093800
1998-06-29,15.136531829833984,15.308537873354826,15.136531829833984,15.28207540512085,4505200
1998-06-30,15.110076904296875,15.454089163063705,15.083614422853273,15.295314274402092,7696600
1998-07-01,15.440849304199219,15.440849304199219,15.149762170786722,15.255612037482177,5924800
1998-07-02,15.427618026733398,15.626086526219678,15.295305693742547,15.308536927041633,5185400
1998-07-06,15.52023983001709,15.54670230202053,15.374696233998174,15.387927469999893,3681000
1998-07-07,15.401163101196289,15.53347549897289,15.387931861418629,15.46731930008459,4602000
1998-07-08,15.493772506713867,15.54669743414927,15.401153883701914,15.401153883701914,3933000
1998-07-09,15.189457893371582,15.41438889005043,14.990989366890247,15.335001479457896,4539000
1998-07-10,15.176231384277344,15.321775015687152,15.057150231305682,15.136537666620123,3501600
1998-07-13,14.924830436706543,15.149761391869673,14.83221180810996,15.136530159213018,5097000
1998-07-14,15.255603790283203,15.295297468835544,14.871898230943902,14.871898230943902,5308200
1998-07-15,15.16299819946289,15.295310574676353,15.09684201185616,15.20269191202693,4996400
1998-07-16,15.110076904296875,15.14977062646228,14.845452089860853,15.136539385740479,3553800
1998-07-17,15.321768760681152,15.334999994498666,15.030681616695846,15.149762721053472,5255400
1998-07-20,14.938063621520996,15.321769418707984,14.83221374643493,15.295306949936467,4437200
1998-07-21,14.858680725097656,15.123305493131452,14.818987009892586,14.938068155507795,5052600
1998-07-22,15.202693939208984,15.242387657065928,14.818987999925207,14.91160667492474,6580800
1998-07-23,14.845450401306152,15.215925099377964,14.79252544443875,15.136537664076862,5232200
1998-07-24,14.8983793258667,14.990998025050596,14.739604412980022,14.779298141201691,4443200
1998-07-27,15.123307228088379,15.136538468007966,14.779294990179107,14.818988709937868,5454600
1998-07-28,14.739592552185059,15.043910890336095,14.43527421403402,14.97775472986848,7048000
1998-07-29,14.964531898498535,14.977763138019753,14.673444629031719,14.752832066159034,6626000
1998-07-30,15.268845558166504,15.295308028804573,14.97775838114773,15.017452087104836,6466400
1998-07-31,14.871903419494629,15.24237788190197,14.739591111492008,15.24237788190197,6531800
1998-08-03,14.501439094543457,14.739601415439243,14.408820414195095,14.739601415439243,4916200
1998-08-04,14.210349082946777,14.646979920690951,14.183886607931978,14.554361258139156,8166400
1998-08-05,14.011876106262207,14.210344606350906,13.548782939388573,14.210344606350906,8691200
1998-08-06,13.747261047363281,13.972192171333614,13.548792408565928,13.958960928747123,6186200
1998-08-07,14.17065143585205,14.316195008022333,13.667864550172894,13.77371442084219,9887800
1998-08-10,14.316198348999023,14.514666902820636,14.051573610570205,14.144192269020293,8466400
1998-08-11,14.483388900756836,14.589884407380048,14.017471059280282,14.336957579149919,9338200
1998-08-12,14.283719062805176,14.549958001534069,14.084039858758505,14.390214638296733,6537600
1998-08-13,14.523323059082031,14.536634995891456,14.257084322893542,14.297020133321816,7045400
1998-08-14,14.563265800476074,14.736321061359245,14.470082198462059,14.523329971041496,7487000
1998-08-17,14.829510688781738,14.89607043155006,14.443464180725481,14.456776129279145,6727400
1998-08-18,14.949315071105957,15.002562854084074,14.643140318981793,14.696388101959908,6616200
1998-08-19,15.069117546081543,15.082429487376668,14.882750367949793,14.922686191835167,4940000
1998-08-20,15.18893051147461,15.348673864794238,14.936003535385199,15.082434942594858,6579600
1998-08-21,15.095736503601074,15.202231999217307,14.81618582760846,15.122360377505132,8529000
1998-08-24,15.029194831848145,15.255498031264812,14.90938725568638,15.228874125451087,6788000
1998-08-25,14.989245414733887,15.26879617291276,14.909373769539922,15.08242900079351,5832200
1998-08-26,14.989245414733887,15.095740941659171,14.802878242614637,14.816190183480298,5838200
1998-08-27,14.749629020690918,15.04249169077684,14.749629020690918,14.80287677888836,10116000
1998-08-28,14.390209197998047,14.869439106534521,14.336961430382882,14.749631629400403,9069000
1998-08-31,13.937600135803223,14.72300453696119,13.844416562784481,14.47007769591032,12508200
1998-09-01,14.137285232543945,14.190533011197594,13.232072995431905,13.737926892641575,12234400
1998-09-02,13.631430625915527,14.203844216652215,13.524935074150562,14.11066060885787,8673400
1998-09-03,13.61811637878418,13.737923854257353,13.20544618548769,13.498308903311004,10650800
1998-09-04,14.070722579956055,14.163906173200797,13.498309078595495,13.737924032653403,10957200
1998-09-08,14.363588333129883,14.416836111936666,14.004165826184092,14.297028609621403,7906600
1998-09-09,14.629828453063965,14.749635965418447,14.283717861817683,14.36358953672067,7495600
1998-09-10,14.842823028564453,15.055814211037127,14.350280919096395,14.56327210156907,11874600
1998-09-11,15.029194831848145,15.109066549289322,14.616524291735397,14.86945139696579,8212600
1998-09-14,15.015869140625,15.215548251537568,14.962621377714983,15.082428844262523,6053000
1998-09-15,15.175616264343262,15.242175984800909,14.922689326604209,14.922689326604209,4965000
1998-09-16,14.8694486618042,15.135687670968107,14.629833553556683,15.122375720509911,6489800
1998-09-17,14.603201866149902,14.776257129832628,14.563266036069274,14.709697413031579,4934200
1998-09-18,14.510014533996582,14.523326473936029,14.15059215563153,14.48339065411769,11704200
1998-09-21,14.523323059082031,14.603194679938577,14.230460449274693,14.297020133321816,5271000
1998-09-22,14.283719062805176,14.576581895406958,14.163911540377173,14.576581895406958,6485400
1998-09-23,14.975939750671387,14.989251697116428,14.36359021419949,14.376902160644532,8326800
1998-09-24,14.776260375976562,15.02918735538517,14.65645285941459,14.829508161115218,7023400
1998-09-25,14.563265800476074,14.882752435952696,14.549953857331214,14.65644940249009,5446600
1998-09-28,14.49670696258545,14.696386121849713,14.376899467026892,14.576578626291155,5493600
1998-09-29,15.175616264343262,15.175616264343262,14.40352350703457,14.603202668407508,9665400
1998-09-30,15.04249382019043,15.148989351660806,14.776254991514493,15.12236546879321,11288800
1998-10-01,15.029194831848145,15.28212193707854,14.922699208593242,14.949323114406967,12706600
1998-10-02,15.548351287841797,15.668158789203591,15.042497393203108,15.042497393203108,10574200
1998-10-05,15.94770622253418,16.027577873064402,15.455164377597814,15.455164377597814,14560000
1998-10-06,16.134075164794922,16.160699051205476,15.881148243894673,16.02757961915271,12372600
1998-10-07,15.774659156799316,16.160705667809594,15.601603824277467,16.13408177049854,11068000
1998-10-08,15.268800735473633,15.601599356560678,15.122369342195334,15.601599356560678,9777800
1998-10-09,15.069117546081543,15.441851902345045,14.962622015720543,15.361980254574293,7213000
1998-10-12,15.29542350769043,15.375295170915967,15.095744349626585,15.361983227045044,5109200
1998-10-13,15.548351287841797,15.734718512182367,15.2821123959267,15.428543786480002,6489800
1998-10-14,15.761343002319336,15.841214672939197,15.614911606182924,15.681471331699473,7362000
1998-10-15,16.107444763183594,16.174004452287658,15.66815081509677,15.774646317663272,8818600
1998-10-16,16.253881454467773,16.307129223360377,16.080826205566805,16.22725757002147,10439600
1998-10-19,15.94770622253418,16.347064475185284,15.841210688493884,16.24056894114499,6970000
1998-10-20,16.307126998901367,16.386998641344967,15.947704607905173,15.96101654831244,7033000
1998-10-21,16.094139099121094,16.387001845341658,16.080827156111067,16.333754073301556,6789000
1998-10-22,15.282122611999512,16.05421591469635,15.10906721656746,16.04090396120158,9553600
1998-10-23,15.175616264343262,15.308735705258554,15.015872935244913,15.308735705258554,6039400
1998-10-26,15.162309646606445,15.375300826892401,15.135685749070701,15.202245492910063,8038000
1998-10-27,14.816194534301758,15.44185593871522,14.78957064475225,15.295424546192919,7473400
1998-10-28,15.002561569213867,15.122369070653907,14.816194344751583,14.84281823396048,5342400
1998-10-29,15.481786727905273,15.508410608778712,14.989244931746637,15.029180753056796,5686800
1998-10-30,15.255491256713867,15.654849666575487,15.175619574741544,15.6415377195801,5643600
1998-11-02,15.348675727844238,15.5350429960054,15.20224430286047,15.20224430286047,5916600
1998-11-03,15.548351287841797,15.734718512182367,15.255488506735189,15.468479620267267,4180000
1998-11-04,15.335357666015625,15.748027880986532,15.295421838760376,15.601596514383953,4903400
1998-11-05,15.521734237670898,15.521734237670898,15.042504021070425,15.322054980754036,6054800
1998-11-06,15.65484619140625,15.681470079486873,15.415231198680644,15.46847897484189,5312800
1998-11-09,15.421384811401367,15.662343949079514,15.260745386282602,15.622184092799822,3891800
1998-11-10,15.019781112670898,15.474925994873047,15.019781112670898,15.39460630977855,6633800
1998-11-11,15.046561241149902,15.287520406933442,14.93946827857944,15.233973925648211,6545800
1998-11-12,15.59541130065918,15.71589087293895,15.167039488108884,15.180426107251082,8997600
1998-11-13,15.608803749084473,15.8096031112082,15.207205024837016,15.702510118075544,6790400
1998-11-16,15.30090045928955,15.555246136215624,15.207194157264155,15.515086292490453,4750400
1998-11-17,15.113499641418457,15.515098391854732,15.100113016403915,15.247365891563883,5074400
1998-11-18,15.140263557434082,15.207196641242367,14.952850922770885,15.073330473625798,6623200
1998-11-19,14.966240882873535,15.193813418659627,14.89930778411292,15.140266939651134,6319600
1998-11-20,15.421384811401367,15.448158048921162,15.019786248604456,15.100105961163838,9908600
1998-11-23,15.434774398803711,15.52848074814597,15.193815214780756,15.461547641472928,6427800
1998-11-24,15.568634986877441,15.702501151854891,15.394608972406756,15.421382205402246,5590200
1998-11-25,15.568634986877441,15.702501151854891,15.300902656922542,15.394608972406756,5133800
1998-11-27,15.93008041381836,16.559251657053203,15.903307169425387,16.037173391390247,10369000
1998-11-30,16.06394386291504,16.22458330154419,15.729278365770977,15.90330442428589,14195800
1998-12-01,15.341068267822266,15.55525421222467,15.207202052570763,15.52848096917437,27604400
1998-12-02,15.2607421875,15.528474506578947,15.180422491776316,15.327675267269736,14909200
1998-12-03,15.113499641418457,15.207206016520255,15.006406641302117,15.207206016520255,11899000
1998-12-04,15.314291954040527,15.314291954040527,15.046559577221636,15.247358859835805,9165000
1998-12-07,15.635566711425781,15.675726557431156,15.300901328047662,15.314287943382785,7347800
1998-12-08,15.675721168518066,15.742654222183814,15.501695228987122,15.58201489338602,8273200
1998-12-09,15.836369514465332,15.849756132820755,15.622183620778566,15.622183620778566,7662600
1998-12-10,15.7962064743042,15.889912783897529,15.756046627335628,15.84975293692896,6791400
1998-12-11,15.983625411987305,16.01039865388343,15.756052855870232,15.809599339662485,6973200
1998-12-14,15.943464279174805,16.050557238228876,15.76943822071194,15.956850899056564,7032400
1998-12-15,15.849760055541992,16.02378613723291,15.7694403255308,16.010399515564377,7086200
1998-12-16,16.184417724609375,16.22457757007987,15.87652557600225,15.970231882100071,10409400
1998-12-17,16.03717041015625,16.144263367820063,15.82298449482862,16.07733026928018,7913600
1998-12-18,16.264739990234375,16.31828645933803,15.956847792888375,16.010394261992026,12923200
1998-12-21,16.023786544799805,16.425385205070477,16.010399922790782,16.26474574096221,7327800
1998-12-22,16.050548553466797,16.171028067212585,15.95684226499785,15.97022887763627,6918800
1998-12-23,16.077341079711914,16.13088759454859,15.956861421329393,16.063954451002743,5581200
1998-12-24,15.983625411987305,16.130878242416,15.956852170091178,16.090718379571808,1735400
1998-12-28,15.9568452835083,16.010391744191214,15.849752362142475,15.956845283508303,5001600
1998-12-29,16.197811126708984,16.224584368240734,15.836372366030353,15.943465332157356,5766800
1998-12-30,15.983625411987305,16.26474445189663,15.956852170091178,16.14426486336406,7133600
1998-12-31,15.662346839904785,15.930079264518541,15.648960218674096,15.903306022057166,5998600
1999-01-04,15.555246353149414,15.876525107431329,15.474926664578934,15.582019582672906,8853600
1999-01-05,15.421384811401367,15.622184092799822,15.354451717601881,15.528477761480543,6652800
1999-01-06,16.03717041015625,16.237969705775903,15.56863872037706,15.662345058332898,9965600
1999-01-07,16.010393142700195,16.050552991720345,15.79620728125939,15.943460060999943,7417200
1999-01-08,15.916682243347168,15.997001918250517,15.622176768701552,15.903295630863276,6343400
1999-01-11,15.2607421875,15.742660361842105,15.167035875822368,15.582020970394737,11454400
1999-01-12,15.153647422790527,15.50169939539879,15.10010096546618,15.27412695177031,8578400
1999-01-13,15.10011100769043,15.394616718833328,14.939471528885212,14.993018021820284,8327800
1999-01-14,14.93946361541748,15.193809322131578,14.89930376698894,15.046556544560259,8409000
1999-01-15,15.220589637756348,15.233976260129046,14.95285719030241,15.086723414029379,7125600
1999-01-19,15.220589637756348,15.274136127247136,15.12688328114747,15.207203015383651,6405000
1999-01-20,15.207199096679688,15.32767866698789,15.140266002064019,15.220585715602821,9813200
1999-01-21,15.233970642089844,15.38122343388509,15.167037554910188,15.207197407217983,8658800
1999-01-22,15.287517547607422,15.35445063669502,15.167037987249746,15.220584458519824,8598200
1999-01-25,15.421384811401367,15.461544667681057,15.126879198683632,15.2741320050425,6793000
1999-01-26,15.474932670593262,15.528479150422303,15.287519991191612,15.367839710935176,7216000
1999-01-27,15.207199096679688,15.528477950834892,15.153652620987152,15.474931475142357,7356200
1999-01-28,15.207199096679688,15.314292048064756,15.046559669602084,15.046559669602084,7877200
1999-01-29,15.046561241149902,15.207200685005596,15.006401380185979,15.113494342756441,6692800
1999-02-01,14.912692070007324,15.100104717206698,14.899305452350225,15.006398393607011,7532600
1999-02-02,14.711893081665039,14.966238821930403,14.618186756304116,14.859145878660776,9597200
1999-02-03,15.07332706451416,15.113486905716242,14.69850187996141,14.778821562365572,9163200
1999-02-04,14.952850341796875,15.11348973669532,14.83237079562304,15.11348973669532,6983400
1999-02-05,15.354449272155762,15.407995738667202,14.952850773319952,15.006397239831394,10223000
1999-02-08,15.658185958862305,15.658185958862305,15.281204697599927,15.348522779968208,9520600
1999-02-09,15.550483703613281,15.819756148697493,15.550483703613281,15.644729059392755,11292400
1999-02-10,15.631258964538574,15.792822364688844,15.415841097671548,15.415841097671548,8769400
1999-02-11,15.160033226013184,15.550478131478888,14.863833642556443,15.483160044329628,13309800
1999-02-12,14.958085060119629,15.375457370528007,14.823448830955636,15.13311215803282,10850400
1999-02-16,14.769590377807617,15.06579000252208,14.60802694614518,14.904226570859645,8921800
1999-02-17,14.78305435180664,15.052326744371426,14.756127112550162,14.836908830319599,5878200
1999-02-18,14.836906433105469,14.877297285464195,14.60802493640602,14.82344281565256,7381200
1999-02-19,14.75611400604248,14.850359259730707,14.594550714005518,14.648405144684506,5914200
1999-02-22,14.688802719116211,14.850366085412631,14.661875491400142,14.729193560690316,6622400
1999-02-23,14.594566345214844,14.796520676560068,14.540711856856117,14.675348077752933,6529400
1999-02-24,14.618128776550293,14.742667290188875,14.459931205171554,14.608031059228246,6906200
1999-02-25,14.500317573547363,14.608026524882906,14.352217765460994,14.486853954630421,6967200
1999-02-26,14.338752746582031,14.567634245823246,14.298361893774757,14.540707010618398,8317600
1999-03-01,14.042553901672363,14.284899031327303,13.961772191787382,14.284899031327303,8718200
1999-03-02,13.961775779724121,14.190657349883532,13.907921292627789,14.096411997464951,9687400
1999-03-03,14.15026569366455,14.15026569366455,13.854066031190126,13.961774999362644,11867600
1999-03-04,14.608025550842285,14.74266173103438,14.109871684131535,14.150262538189162,10177000
1999-03-05,15.011940002441406,15.106185365685434,14.823449275953354,14.91769463919738,9226200
1999-03-08,15.281210899353027,15.281210899353026,14.971547594784639,15.079256570286686,8433800
1999-03-09,15.065792083740234,15.388918991702491,15.065792083740234,15.227355537721362,9238200
1999-03-10,15.792826652526855,15.86014475420003,15.26774545947609,15.32159994081463,13499000
1999-03-11,16.102489471435547,16.452543590379797,15.940926031922816,15.940926031922816,18911600
1999-03-12,15.927462577819824,16.358298421006836,15.88707171752104,16.358298421006836,10858400
1999-03-15,15.873611450195312,15.927465941968665,15.752438843705272,15.792829712535287,8114600
1999-03-16,15.752437591552734,15.92746467590332,15.671655860314003,15.873610188410833,6496200
1999-03-17,16.021709442138672,16.062100306278516,15.7793642572996,15.7793642572996,8196600
1999-03-18,16.089017868041992,16.237117614107653,16.048627028205903,16.075554254763297,9577200
1999-03-19,15.738972663879395,16.142881286562357,15.685118180855,16.142881286562357,10061000
1999-03-22,15.887063980102539,15.967845661357298,15.590864482168424,15.752427844677943,7029000
1999-03-23,15.671659469604492,15.914004719134457,15.550486844839508,15.900541094160571,7069200
1999-03-24,15.281210899353027,15.779364911049997,15.186965545788734,15.685119557485706,8151600
1999-03-25,15.388911247253418,15.44276570481161,15.186957031410197,15.254275103357937,6058600
1999-03-26,15.415848731994629,15.550484965461832,15.321603368567589,15.44277597868807,5076400
1999-03-29,15.725502014160156,15.765892858374608,15.44276610465899,15.44276610465899,7158400
1999-03-30,15.361995697021484,15.671659063394397,15.294677573896937,15.671659063394397,5290600
1999-03-31,15.200430870056152,15.456239715522111,15.186967246610577,15.361994351403073,7513200
1999-04-01,15.106176376342773,15.160030837577507,14.958076607947255,15.146567222268823,6266600
1999-04-05,15.550483703613281,15.617801814884334,15.09272054697012,15.160038658241174,7329000
1999-04-06,15.658185958862305,15.698576808283274,15.52354979412574,15.56394064354671,6489800
1999-04-07,15.765889167785645,15.779352779372141,15.523544159228736,15.658180275093686,7466400
1999-04-08,15.994769096374512,16.075550758477412,15.712033279014356,15.819742161818226,7702200
1999-04-09,16.089017868041992,16.142872321156776,15.806281989189372,15.954381735255032,5575400
1999-04-12,16.250579833984375,16.34482511885421,15.940916755126345,16.08901648849323,6225600
1999-04-13,16.196733474731445,16.317906044367838,16.062097286246562,16.15634261818598,6449800
1999-04-14,15.981319427490234,16.21020100311562,15.981319427490234,16.169810136828787,7884000
1999-04-15,16.70834732055664,16.883374327137815,15.994775678341087,15.994775678341087,11184200
1999-04-16,17.219966888427734,17.233430506010553,16.654494949949264,16.721813037863367,11247400
1999-04-19,17.718128204345703,17.98740066945734,17.32768312993383,17.395001246211738,17344400
1999-04-20,17.394996643066406,17.637341797536372,17.31421492490975,17.637341797536372,11310000
1999-04-21,16.8968448638916,17.3680716130838,16.627572435781776,17.3680716130838,10838400
1999-04-22,17.00455665588379,17.071874774078104,16.506402581245865,16.883384043134022,9641400
1999-04-23,16.869916915893555,17.044943986848555,16.66796260325317,17.004553124320477,6708800
1999-04-26,16.73527717590332,16.869913355918634,16.533322905880354,16.869913355918634,5153600
1999-04-27,16.85645294189453,17.004552768061338,16.70835311572773,16.77567121853082,8742000
1999-04-28,17.556562423706055,17.77198036755521,16.923772213649166,17.01801756408317,11574600
1999-04-29,18.20281219482422,18.364375616671772,17.368067848611865,17.610412981383195,15275600
1999-04-30,17.893146514892578,18.148955231057332,17.704655881929074,18.148955231057332,16130200
1999-05-03,18.539403915405273,18.633649251213434,17.78544122893999,17.879686564748148,12121000
1999-05-04,18.62018394470215,18.795210981058712,18.52593861743323,18.66057479924597,14665000
1999-05-05,18.270132064819336,18.606722559749684,18.122032247049983,18.606722559749684,9550200
1999-05-06,17.745046615600586,18.2162731949223,17.583483216976,18.068173412849763,8099400
1999-05-07,17.866222381591797,17.920076857497122,17.556559145136173,17.745049810804815,7212800
1999-05-10,17.833206176757812,18.103816285661573,17.738492638641496,17.752023144086685,6602400
1999-05-11,17.670841217041016,17.887329317709206,17.603188685582207,17.873798811417444,6898000
1999-05-12,17.116092681884766,17.427294367009942,16.886074045053114,17.427294367009942,11380800
1999-05-13,17.183748245239258,17.346114370391124,17.170217734809935,17.170217734809935,9910400
1999-05-14,17.048439025878906,17.30551866198343,16.94019496857174,17.14315257602268,7627400
1999-05-17,17.102561950683594,17.1566839821731,16.953726364087455,17.021378903449335,7512200
1999-05-18,16.83194923400879,17.12962036194142,16.79135771656343,17.12962036194142,8438000
1999-05-19,17.034908294677734,17.08903032261952,16.83195068989603,16.913133731808713,6435800
1999-05-20,17.319042205810547,17.332572707533835,16.940188157558442,17.048432171344757,9082200
1999-05-21,17.914392471313477,17.968514502948864,17.237867075871126,17.3461111391419,11896600
1999-05-24,17.23786735534668,18.103819875552478,17.102562274064525,17.914392761757462,8239200
1999-05-25,17.359642028808594,17.819679307826124,17.23786745495101,17.23786745495101,8918400
1999-05-26,17.738500595092773,17.914397244777142,17.34611576118149,17.413768318752403,9048200
1999-05-27,17.061973571777344,17.72496857972111,17.02138204067875,17.72496857972111,8746600
1999-05-28,17.291982650756836,17.291982650756836,16.88606756505832,17.07549460505096,8057800
1999-06-01,17.048439025878906,17.23786612616645,16.737237361120798,17.23786612616645,6523000
1999-06-02,17.3731746673584,17.52201027587938,17.156686509509697,17.156686509509697,6827400
1999-06-03,17.30551528930664,17.589655884361715,17.075496712357296,17.42728983004453,5971600
1999-06-04,17.46788215637207,17.48141266152805,17.075497506848606,17.346107609968236,6284200
1999-06-07,17.508480072021484,17.52201058212351,17.319052930593124,17.413766501307304,4972800
1999-06-08,17.278457641601562,17.508476263298686,17.15668307717367,17.454354234664066,7050400
1999-06-09,17.346105575561523,17.42728859697601,17.08902600774899,17.25139205057796,5981800
1999-06-10,17.23786735534668,17.400233452885267,17.11609278219274,17.264928371603112,7254600
1999-06-11,17.089031219482422,17.38670238878457,17.03490918870021,17.291988834915706,5855800
1999-06-14,17.562593460083008,17.670837487571966,17.089025839818827,17.089025839818827,6270800
1999-06-15,17.779083251953125,18.063223851870184,17.494942652036066,17.53553416630993,7386600
1999-06-16,17.440820693969727,17.96851038137455,17.386698674748718,17.941449371764048,6311600
1999-06-17,17.589656829833984,17.603187335087704,17.319046724759616,17.46788228255052,3763400
1999-06-18,17.400232315063477,17.779086517879787,17.359640793333156,17.494945865767555,10389600
1999-06-21,16.940195083618164,17.2919882722556,16.75076798204416,17.1972747214686,6741000
1999-06-22,16.66958236694336,16.85900943929499,16.62899085143944,16.723704387615253,7914800
1999-06-23,16.913135528564453,16.994318579101563,16.79136095275879,16.79136095275879,8979000
1999-06-24,16.56133270263672,16.94018671871011,16.412497196322175,16.899595216987958,7235400
1999-06-25,16.493682861328125,16.628987888902596,16.426030347540888,16.507213364085572,6933800
1999-06-28,16.250144958496094,16.561346735386525,16.20955342237995,16.520755199270383,7998200
1999-06-29,16.66958236694336,16.696643377279308,16.223075696400233,16.33131973774402,8679200
1999-06-30,16.69664192199707,16.91312998581551,16.656050410031114,16.764294441940333,11209200
1999-07-01,16.98078727722168,17.048439816174756,16.66958559803754,16.696646613618768,8227400
1999-07-02,17.21080780029297,17.237868818846888,16.859014559092014,17.10256372607729,5073000
1999-07-06,17.33258056640625,17.38670259783921,17.17021447210736,17.197275487823845,7400600
1999-07-07,17.413768768310547,17.440829792037526,16.994322900542382,17.37317723272008,7080800
1999-07-08,17.23786735534668,17.67084361544958,17.224336847218463,17.454355485398132,8771200
1999-07-09,17.19727897644043,17.291992550661583,17.04844335980719,17.183748465837407,5974000
1999-07-12,17.19727897644043,17.291992550661583,17.1160959128223,17.251401018852516,4997800
1999-07-13,16.98078727722168,17.17021438629029,16.913134738268607,17.03490930838414,6182600
1999-07-14,16.98078727722168,17.0890313395466,16.940195753849835,17.00784829280291,5132600
1999-07-15,17.089031219482422,17.156683757960185,16.980787157918005,17.02137868100466,6594600
1999-07-16,17.170211791992188,17.197272803484687,16.85901015982842,17.102559263260932,6795000
1999-07-19,17.061973571777344,17.12962612360834,16.89960744738295,17.02138204067875,5783000
1999-07-20,16.872549057006836,17.10256776909113,16.72371341977582,17.075506744140036,10166800
1999-07-21,16.913135528564453,17.021379595947266,16.507220275878908,16.656055868530274,9856600
1999-07-22,16.92666244506836,16.940192950619974,16.304259189694143,16.88607092841352,8492200
1999-07-23,17.129623413085938,17.143153921311125,16.831952232131837,16.926665789708142,6163600
1999-07-26,16.886075973510742,17.45435737646543,16.845484444728264,17.11609463661145,7528600
1999-07-27,16.791358947753906,17.021377563476562,16.6966454001034,16.953725029440488,6309800
1999-07-28,17.089031219482422,17.2649278195246,16.69664649631141,16.750768527093616,6769600
1999-07-29,16.859020233154297,16.96726434380055,16.764306636338823,16.913142288477424,7377000
1999-07-30,17.183748245239258,17.30552283910316,16.980790588799426,17.061973651375357,8985600
1999-08-02,16.859020233154297,17.264935648077753,16.80489817783117,17.264935648077753,6163600
1999-08-03,17.061973571777344,17.061973571777344,16.73724132298856,16.886076937016753,5835000
1999-08-04,17.291982650756836,17.400226673609772,16.980781085054637,17.06196410219434,8378600
1999-08-05,17.79261589050293,17.79261589050293,17.31904816718156,17.40023120546522,10198800
1999-08-06,17.400232315063477,17.71143398166259,17.27845774987252,17.69790347441915,6614800
1999-08-09,17.400232315063477,17.53553738749787,17.305518764359398,17.440823836793797,5479000
1999-08-10,17.57613182067871,17.6708453870719,17.400235197377075,17.454357235316042,10843800
1999-08-11,17.828535079956055,17.869332643068084,17.515753762763843,17.5973488889879,10627600
1999-08-12,17.80133628845215,17.896530600155103,17.651745227204653,17.84213385061056,7202200
1999-08-13,17.746938705444336,17.882930572919005,17.610946837969667,17.85573219942407,6442000
1999-08-16,17.746938705444336,17.746938705444336,17.474954970495,17.69254195845447,7806800
1999-08-17,17.80133628845215,17.84213385061056,17.610947665046243,17.760538726293742,7523600
1999-08-18,17.96451759338379,17.991715954615255,17.651736439221924,17.746930703532055,7845400
1999-08-19,17.80133628845215,17.97812572447192,17.678943601976925,17.706141976749198,5937600
1999-08-20,17.96451759338379,17.978116773999524,17.692533981069122,17.896521690305125,6905800
1999-08-23,18.01891326904297,18.046111628694355,17.84212393130896,17.97811572956589,5636600
1999-08-24,17.76053237915039,17.964520117042625,17.583743006310456,17.92372256946418,6263400
1999-08-25,17.896530151367188,17.950926899547635,17.62454641046495,17.869331777276965,6964400
1999-08-26,17.474950790405273,17.828529561261725,17.40695487293288,17.76053364378933,8633800
1999-08-27,17.257360458374023,17.610939159648826,17.216562915919237,17.515744893920996,4980600
1999-08-30,16.93098258972168,17.35255725661435,16.93098258972168,17.257362976993424,4915000
1999-08-31,17.16217613220215,17.379763151310893,16.971787490481997,16.985386679176294,7733000
1999-09-01,17.039779663085938,17.23016826267349,16.998982106031463,17.189370705619016,6976400
1999-09-02,16.862995147705078,17.080582181869016,16.699804872082126,16.944590285516554,7363400
1999-09-03,17.20296859741211,17.243766151398066,16.890187350186434,16.917385719510406,6337200
1999-09-07,17.298168182373047,17.40696169295401,17.107779538856363,17.202973860614705,6534400
1999-09-08,17.665340423583984,17.69253879221152,17.243765709857193,17.243765709857193,7100200
1999-09-09,17.678937911987305,18.059715036245493,17.66533872897808,17.74693382703341,9825400
1999-09-10,17.502153396606445,17.787736319161795,17.474955023029743,17.733339572008394,5900200
1999-09-13,17.107770919799805,17.43415128710918,17.080572555857355,17.352556195281835,7168600
1999-09-14,17.230165481567383,17.46135160089386,17.039776912710284,17.053376096200076,7042600
1999-09-15,16.8085880279541,17.230162646778194,16.713393759187372,17.230162646778194,9937400
1999-09-16,16.903783798217773,16.971779710519534,16.61820096655038,16.835787885916012,6518800
1999-09-17,17.379749298095703,17.44774518736838,16.944575606750586,17.053369029586865,10120600
1999-09-20,17.01258087158203,17.40695724670264,16.930985759488113,17.40695724670264,5073400
1999-09-21,16.699804306030273,16.944589711167527,16.550213225113065,16.862994576121775,7053200
1999-09-22,16.400617599487305,16.849390717881235,16.400617599487305,16.71339886382247,9882400
1999-09-23,16.27822494506836,16.849390732614616,16.169431461726216,16.509411097170418,9489600
1999-09-24,16.27822494506836,16.33262168673943,16.0470387929663,16.155832276308445,8801600
1999-09-27,16.34621810913086,16.550205855917017,16.18302791170193,16.264623010416397,6514800
1999-09-28,16.251020431518555,16.29181797235082,15.693454040144278,16.223822070963713,11376200
1999-09-29,16.264625549316406,16.631803550847795,16.2374271788326,16.591005995122085,7655600
1999-09-30,16.53661346435547,16.59101021917243,16.251030501566433,16.359824011200352,8757800
1999-10-01,16.237430572509766,16.563811086530063,16.223831384425587,16.523013522277527,7635000
1999-10-04,15.883846282958984,16.305420970263548,15.693457714498859,16.210226686033483,12483000
1999-10-05,15.70705509185791,15.965439547914446,15.503067363392223,15.829447728937321,8474800
1999-10-06,16.1014347076416,16.1014347076416,15.58466568830851,15.693459166062846,13190600
1999-10-07,15.91104793548584,16.060638984451945,15.802254445328671,16.060638984451945,6096200
1999-10-08,15.829452514648438,15.95184518873077,15.679861468547807,15.80225414263014,6759000
1999-10-11,15.965452194213867,16.033448157562308,15.775063496838234,15.829460267516986,6009400
1999-10-12,15.951845169067383,16.128634586968385,15.897448425097844,15.979043541052153,6921200
1999-10-13,16.019840240478516,16.155832093114157,15.965443499424259,16.12863372258703,9806000
1999-10-14,16.183029174804688,16.264624279887734,15.856648754472491,15.93824385955554,8758000
1999-10-15,15.666259765625,16.169429567125107,15.666259765625,16.169429567125107,9256400
1999-10-18,15.883846282958984,15.924643833343296,15.557465879884484,15.720656081421733,6336000
1999-10-19,15.979036331176758,16.101428949883644,15.870242892326194,16.074230590171002,5789800
1999-10-20,16.645397186279297,16.672595547694787,16.006235693015302,16.074231596554025,10553800
1999-10-21,16.55021095275879,16.618206889294363,16.33262395584495,16.427818266994755,7574800
1999-10-22,16.726985931396484,16.740585106950466,16.50939912253279,16.726985931396484,5929000
1999-10-25,16.1014347076416,16.563806988097525,16.047037968764435,16.482211879781776,6792800
1999-10-26,15.67985725402832,15.965440083459885,15.598262159905016,15.88384498933658,11704800
1999-10-27,15.611868858337402,15.856654258555235,15.557472102733438,15.693463991743346,9068800
1999-10-28,15.91104793548584,16.087837356991237,15.747857700250087,15.829452817867963,9133200
1999-10-29,16.115039825439453,16.21023415352222,15.81585765146505,16.019845497356688,8455600
1999-11-01,16.264625549316406,16.31902229028402,16.006241029720243,16.11503451165547,6788600
1999-11-02,16.128633499145508,16.35981964542331,16.087835943920012,16.18303023944617,5900200
1999-11-03,15.883846282958984,16.237425052956358,15.788651998728922,16.237425052956358,7477200
1999-11-04,15.883846282958984,16.087834034880547,15.775052815267484,16.033437301034795,7272000
1999-11-05,15.367079734802246,15.883848787830996,15.244687064348069,15.883848787830996,14346600
1999-11-08,16.16942596435547,16.27821941070942,15.448669382260567,15.448669382260567,11023600
1999-11-09,16.4846248626709,16.498305049278926,16.279422063550516,16.402543743022747,6332000
1999-11-10,16.635108947753906,16.676149512592115,16.484626876680476,16.55302781807749,8894000
1999-11-11,16.812942504882812,16.82662268592828,16.498298340837,16.64878033233717,7594400
1999-11-12,17.045513153076172,17.05919334019742,16.744549036408696,16.84031034625744,6975200
1999-11-15,17.0728759765625,17.086556165646286,16.93607408572466,17.045515598394932,7169800
1999-11-16,17.332799911499023,17.332799911499023,16.85399328410955,17.12759707118925,8814000
1999-11-17,17.56536865234375,17.784251750815322,17.291764779254283,17.31912516656323,14534400
1999-11-18,17.74321174621582,17.811612716710098,17.55168902883184,17.729531552116963,9179800
1999-11-19,17.442237854003906,17.743201958151424,17.428557667451745,17.729521771599263,7535800
1999-11-22,17.411457061767578,17.52431859840838,17.332795990775505,17.442237480851436,7202600
1999-11-23,17.0728759765625,17.496961838159805,17.00447503114358,17.483281649076023,8324000
1999-11-24,17.319114685058594,17.428556168060545,16.9771100506775,17.045510977553718,9523800
1999-11-26,17.0728759765625,17.305439190986828,17.0728759765625,17.182317489232773,2495600
1999-11-29,17.37383460998535,17.401194979449894,16.977109252749464,17.045510176410826,8409600
1999-11-30,17.360157012939453,17.551679627739414,17.26439570553947,17.51063906742514,11735800
1999-12-01,18.05784034729004,18.13992143977772,17.34647087906346,17.34647087906346,12532000
1999-12-02,17.965505599975586,18.139927984441368,17.784243122001342,18.139927984441368,10940000
1999-12-03,18.06468391418457,18.194645668962877,17.866321235838736,17.94840234411977,11316400
1999-12-06,18.35880470275879,18.386165067442484,17.948399232503377,18.003119961870766,9154400
1999-12-07,18.35880470275879,18.64608853193758,18.331444338075094,18.386165067442484,15662400
1999-12-08,18.2733154296875,18.495618537104622,18.08521280033455,18.304095859945257,9909400
1999-12-09,18.851293563842773,18.947054851902934,18.358806939533384,18.468248411602136,12424000
1999-12-10,18.126239776611328,18.78288846285838,18.098879414684365,18.78288846285838,10557000
1999-12-13,18.0920467376709,18.345130189199754,17.74320198015815,18.249368883215865,12359000
1999-12-14,18.030481338500977,18.194643535816617,17.94840023984316,17.94840023984316,11598000
1999-12-15,18.18096923828125,18.440892801507243,18.18096923828125,18.22200980089588,13867400
1999-12-16,18.331430435180664,18.563993358612063,17.893664932250978,17.893664932250978,11829800
1999-12-17,18.0851993560791,18.44088406353603,18.003118269742888,18.37248315825585,21294800
1999-12-20,17.931299209594727,18.317764365170582,17.729516517745388,18.222003087682758,6932600
1999-12-21,17.674808502197266,17.948412348980504,17.64744811751894,17.729529271553915,7145200
1999-12-22,17.729516983032227,17.92103954303412,17.52431424017306,17.661116068745837,8356400
1999-12-23,18.345130920410156,18.399851668867754,17.838963997177363,18.044166803893358,7830400
1999-12-27,17.948406219482422,18.427212787837515,17.78424396747496,18.372492037168364,7026400
1999-12-28,17.661113739013672,18.07151917059416,17.620073195855625,17.852636273751234,8782600
1999-12-29,17.770557403564453,18.016800693221235,17.702156489770903,17.72951685528832,4378800
1999-12-30,17.606393814086914,17.81159653919282,17.455911815675915,17.81159653919282,5481800
1999-12-31,17.633750915527344,17.729512169529432,17.55166984066841,17.633750915527344,2758600
2000-01-03,17.14127540588379,17.674802732962373,17.04551409076712,17.401198975486178,13458200
2000-01-04,16.812942504882812,17.113906487883156,16.744541599655463,16.936064134292042,14510800
2000-01-05,17.729516983032227,17.893679177319562,17.03182765731105,17.072868205882884,17485000
2000-01-06,18.646089553833008,18.78289138474888,17.55167490650605,17.64743618814716,19461600
2000-01-07,18.591371536254883,18.878655423128578,18.38616875991653,18.81025449768246,16603800
2000-01-10,18.331430435180664,18.522952842712403,18.290389919281008,18.427191638946535,8545400
2000-01-11,18.38616371154785,18.65976733820779,18.30408262354987,18.331442986215862,8722600
2000-01-12,18.27672576904297,18.46824834446707,18.126243745495458,18.22200503320751,10314200
2000-01-13,18.70081901550293,18.823940720798852,18.194652004841913,18.276733141705865,12056000
2000-01-14,18.331430435180664,18.714475250244142,18.167268371582033,18.714475250244142,11268800
2000-01-18,18.55032730102539,18.71448948953004,18.030480370760667,18.11256146501299,11929400
2000-01-19,18.728179931640625,18.796580880989204,18.31777423554916,18.4408959443766,13088800
2000-01-20,18.317766189575195,18.659770786094523,18.098883247802824,18.646090602233752,9613400
2000-01-21,18.605045318603516,18.646085859747494,18.23568044830771,18.3861624325023,14343600
2000-01-24,18.440898895263672,18.892345233204104,18.167295054087653,18.70082254438089,12459400
2000-01-25,18.399843215942383,18.851289183322383,18.345122492623595,18.386163035112688,11921600
2000-01-26,18.27672576904297,18.509288896343666,18.098883377577728,18.39984742467275,9298000
2000-01-27,17.729516983032227,18.235683748751512,17.455913325886666,18.235683748751512,10548400
2000-01-28,17.2643985748291,17.729525002360155,17.2643985748291,17.510641977639658,10361000
2000-01-31,18.13992691040039,18.290408958676714,17.045512013845315,17.209674248328575,14612200
2000-02-01,18.208322525024414,18.263043253874976,17.811597240857843,18.235682889449695,10665400
2000-02-02,18.345130920410156,18.577694101354954,18.222009236380558,18.222009236380558,11562800
2000-02-03,18.030481338500977,18.386166099351527,17.524314563444424,18.2630444513648,11610800
2000-02-04,17.7021541595459,18.276721759778454,17.524311807092964,18.276721759778454,11436200
2000-02-07,17.674808502197266,17.78425004091056,17.401204655414027,17.401204655414027,7101200
2000-02-08,17.2780704498291,17.921039025555125,17.223349719980078,17.729516471083546,9372000
2000-02-09,16.783369064331055,17.017235682440585,16.728341624775872,16.893423943441423,12408200
2000-02-10,16.700834274291992,17.099783363216595,16.57702248807401,16.78337546510398,13475600
2000-02-11,16.26060676574707,16.879665398960793,15.999226453945722,16.728339955286327,12465800
2000-02-14,16.82464027404785,16.934695157279563,16.384420741121005,16.39817760152497,9753600
2000-02-15,17.45746421813965,17.73260155806305,17.04475820825455,17.1135425432354,10783600
2000-02-16,17.60878562927246,17.691326811909676,17.251107171177864,17.388675808906555,10264200
2000-02-17,17.14105796813965,17.388681598498007,17.01724615296047,17.388681598498007,11678400
2000-02-18,16.508235931396484,17.030996735890707,16.508235931396484,17.017239872614542,13800600
2000-02-22,16.60453224182129,16.934696926000004,16.39817931420959,16.783371445751428,10854800
2000-02-23,16.425701141357422,16.68708164528187,16.095536294294963,16.3156461923366,8881600
2000-02-24,16.026744842529297,16.16431346778706,15.737850729487997,15.999231117477745,10786400
2000-02-25,15.641552925109863,16.370666649851135,15.40768625868342,15.97171763065308,11800600
2000-02-28,16.17807388305664,16.57702298391433,15.380175681341262,15.627799261183966,11875200
2000-02-29,16.577030181884766,16.645814539485947,16.054269064115786,16.178080907797913,10469200
2000-03-01,16.74211311340332,16.78338372913069,16.109297005583638,16.590787522402962,9884600
2000-03-02,16.94845199584961,17.099777460098267,16.632044206966054,16.728342229669742,9802200
2000-03-03,16.659561157226562,16.83840037691603,16.343153307006734,16.83840037691603,10207800
2000-03-06,16.05426788330078,16.508244610077924,15.847914825674808,16.288134681943554,10497400
2000-03-07,17.60878562927246,17.828895449638367,15.847907066345215,15.875420793890953,22811600
2000-03-08,17.5262451171875,18.0490059605573,17.05851173101452,17.05851173101452,19981400
2000-03-09,17.7050838470459,17.732597574857934,17.044754379557006,17.168566154711172,10906200
2000-03-10,16.955331802368164,17.65005330826641,16.797127895084405,17.608782723757606,9430000
2000-03-13,16.700834274291992,17.15481082375792,16.370669511044046,16.838402925645305,9467400
2000-03-14,17.003488540649414,17.16857095366543,16.425700095093365,16.535755037104042,9047600
2000-03-15,17.113540649414062,17.168568111309284,16.43945424119759,16.98972886014981,11879800
2000-03-16,17.553756713867188,17.595027301752456,16.70083123090499,17.168564560271356,11600800
2000-03-17,16.975969314575195,17.54000070995411,16.948455587971345,17.457459530142565,14929200
2000-03-20,16.480724334716797,17.017242071823603,16.35691254923061,16.76961850085123,10685600
2000-03-21,16.94845199584961,17.113534320484508,16.645801067352295,16.673314788124777,10880600
2000-03-22,16.494478225708008,16.94845469063575,16.384423325119464,16.94845469063575,14253200
2000-03-23,16.618295669555664,16.742107475040765,16.35691519130934,16.425699527689954,10115600
2000-03-24,17.003488540649414,17.072272879406086,16.64580997911472,16.673323714617386,8804400
2000-03-27,16.841846466064453,17.209842702917403,16.6733248248888,17.0034896729064,9663000
2000-03-28,17.388683319091797,17.388683319091797,16.645812354510344,16.645812354510344,8269600
2000-03-29,17.718847274780273,18.03525526182992,17.113545038685295,17.209843121700406,20753600
2000-03-30,17.30613136291504,18.007731283033216,17.09977844523322,17.92519011596049,13274200
2000-03-31,17.16857147216797,17.595034385338806,17.127300867667564,17.361167626503185,12599600
2000-04-03,17.718847274780273,17.77387475078891,17.099788169683137,17.113545038685295,9955600
2000-04-04,18.15906524658203,18.241606452248313,17.595033674529105,17.595033674529105,16389200
2000-04-05,17.553756713867188,18.296627295802004,17.498729263353496,18.0490037684904,13026800
2000-04-06,17.993980407714844,18.04900787073538,17.622545032326233,17.732599958367302,8265200
2000-04-07,17.512489318847656,17.911438407808053,17.402434397755133,17.828897216988658,7825600
2000-04-10,17.223594665527344,17.526245690001467,17.196080936029695,17.38867704251323,9092400
2000-04-11,17.471220016479492,17.8151416703472,17.319894488777702,17.374921953396534,10666400
2000-04-12,17.59502601623535,17.93894755681853,17.539998569742043,17.60878287785868,8594400
2000-04-13,17.60878562927246,17.828895449638367,17.347405217587948,17.595028765499592,8909400
2000-04-14,17.33365249633789,17.993982115246002,17.168570091610864,17.567519236367847,11848200
2000-04-17,16.618295669555664,17.471221440675244,16.535754465898933,17.306139033361777,16206400
2000-04-18,16.769620895385742,16.907189565569382,16.508240422036824,16.72835029433065,12060000
2000-04-19,17.044761657714844,17.26487157419865,16.72835365276937,16.783381131890323,12100000
2000-04-20,17.388683319091797,17.388683319091797,16.962220357943185,17.044761576230012,8058000
2000-04-24,17.581268310546875,17.82889180787852,16.989723289143498,17.30613109128949,8909200
2000-04-25,17.828895568847656,17.93895047976647,17.636299474739737,17.663813202469438,11704600
2000-04-26,17.63630485534668,17.82890100821318,17.45746557054207,17.82890100821318,8418000
2000-04-27,17.76011085510254,17.815138309339883,17.306134357644456,17.52624417459383,9662200
2000-04-28,17.09978675842285,17.705088944561712,17.09978675842285,17.705088944561712,9728400
2000-05-01,17.16857147216797,17.40243823100359,17.09978713133396,17.237355813001976,8859400
2000-05-02,17.223594665527344,17.512488825252642,17.16856720653205,17.20983780077852,8087200
2000-05-03,17.05851173400879,17.26486469853309,16.94845681959583,17.25110783423147,7065200
2000-05-04,17.498729705810547,17.540000294739343,17.12729440545136,17.16856499438016,10089400
2000-05-05,17.60878562927246,17.60878562927246,17.31989149004221,17.33364835381508,7078400
2000-05-08,17.7050838470459,17.77386816657599,17.471217160643583,17.581272071891732,7376600
2000-05-09,17.484975814819336,17.801383717054463,17.33365029635906,17.718842525167037,8383600
2000-05-10,17.93895721435547,18.076525904649607,17.526251143473058,17.540008012502472,11366400
2000-05-11,18.354459762573242,18.451280575186665,18.036334235414852,18.105491958710154,10974400
2000-05-12,18.153905868530273,18.299137115478516,18.07783235822405,18.243810926164898,7968600
2000-05-15,18.506591796875,18.5619179307969,18.091645792460763,18.133140392902185,8905800
2000-05-16,18.423608779907227,18.5204295467686,18.20230416993837,18.423608779907227,8719000
2000-05-17,18.008665084838867,18.257632804905764,17.815023524786834,18.146980484876032,11096200
2000-05-18,18.02595329284668,18.2299684941277,17.911843095520005,18.036326947149103,7159000
2000-05-19,18.091655731201172,18.17464497767457,17.69054103991307,17.74586720422867,8433000
2000-05-22,18.43744468688965,18.575760100894822,18.202308483080852,18.229971565881886,9678000
2000-05-23,18.368289947509766,18.492773840226324,18.06399598753596,18.465110752955976,8577400
2000-05-24,18.354459762573242,18.465112119845728,18.160818137346396,18.32679667325512,9207800
2000-05-25,18.022489547729492,18.271457170031205,17.856511132861684,18.229962566314253,8616200
2000-05-26,18.229961395263672,18.39593979946941,18.05015145737412,18.077814524741743,5940200
2000-05-30,18.478931427001953,18.50659449800046,18.105479968522122,18.146974575019883,10202600
2000-05-31,18.43744468688965,18.561928559494305,18.21614002448137,18.36828697988706,9847400
2000-06-01,18.354459762573242,18.492775209163845,17.898018788824245,18.492775209163845,11889800
2000-06-02,17.524564743041992,18.133152626778255,17.400080857732302,17.939511027407626,18607400
2000-06-05,17.55222511291504,17.64904589761985,17.483067409554458,17.483067409554458,8654600
2000-06-06,18.216140747070312,18.257635372917854,17.427742855967043,17.48306902376376,12141000
2000-06-07,17.953332901000977,18.243795143621178,17.89800675954951,18.14697439608111,9557800
2000-06-08,17.718204498291016,17.84268837064435,17.69054141554583,17.73203603966361,10672600
2000-06-09,17.524564743041992,17.828858684910124,17.510733200229804,17.704374799600433,9388000
2000-06-12,17.870346069335938,18.077819127416465,17.67670454846078,17.67670454846078,11281200
2000-06-13,17.967174530029297,18.146984590760923,17.92567990062969,17.981006073162497,7572800
2000-06-14,18.285297393798828,18.534265134410308,18.091655817767673,18.133150441202922,11066400
2000-06-15,18.243810653686523,18.47894695475754,18.091663635346453,18.25764220080835,11316600
2000-06-16,18.67257308959961,18.67257308959961,18.28529009218569,18.28529009218569,19652200
2000-06-19,18.60341453552246,18.644909140434407,18.257626161256244,18.575751465581163,9028800
2000-06-20,18.423608779907227,18.451271856153333,18.091651864953942,18.257630322430582,8802400
2000-06-21,18.579214096069336,18.686408519478633,18.105483902292768,18.146978517806044,9380800
2000-06-22,18.299129486083984,18.755570357618957,18.14698252890566,18.672581108248963,9388800
2000-06-23,18.39594841003418,18.534263811613382,18.299127628928737,18.45127457066586,5766200
2000-06-26,18.447813034057617,18.631080904873937,18.312955544211647,18.423607843572444,6336400
2000-06-27,18.160808563232422,18.506596997414302,18.13314548849787,18.465102385312477,8157400
2000-06-28,18.174636840820312,18.285289119912065,18.05015302684209,18.16080530593384,7350000
2000-06-29,17.970626831054688,18.146978951197806,17.925674329841737,18.050158179354526,9433000
2000-06-30,17.372411727905273,17.91184170990233,17.192601733906255,17.856515557902632,19917400
2000-07-03,17.604087829589844,17.649040322574457,17.42773574172713,17.44156727803009,8588800
2000-07-05,17.026622772216797,17.469231975068897,16.943633546682026,17.469231975068897,13742200
2000-07-06,17.303253173828125,17.566052382703212,17.164937800735974,17.206432412663617,10957400
2000-07-07,17.375865936279297,17.566049543542057,17.261755771921642,17.400071122658193,9278200
2000-07-10,17.28942108154297,17.524557208251952,17.2617580078125,17.372410302734377,6433000
2000-07-11,17.8288516998291,17.87034631200869,17.289421741494476,17.289421741494476,8869800
2000-07-12,17.396617889404297,17.815021937231354,17.396617889404297,17.77352732091793,7552400
2000-07-13,17.261760711669922,17.40007610198779,17.123445321352055,17.372413023924217,7903800
2000-07-14,17.164934158325195,17.234091830195965,16.91596653959042,17.137271089576885,9968400
2000-07-17,17.427736282348633,17.690535480257065,17.20643169463627,17.690535480257065,10937800
2000-07-18,17.303253173828125,17.469231621538704,17.151106263426758,17.275590099209694,12308800
2000-07-19,17.41390609741211,17.55222147546939,17.289422257160552,17.40007455960638,8619600
2000-07-20,17.28942108154297,17.593714892578127,17.2617580078125,17.38624183959961,7792600
2000-07-21,17.068113327026367,17.42773321884378,17.01278718982369,17.41390168454311,8356400
2000-07-24,17.09579086303711,17.109622409042803,16.791496850911855,17.040464679014335,8316000
2000-07-25,16.68083953857422,17.151111963376476,16.625513370950422,17.040459628128886,11011400
2000-07-26,16.860645294189453,17.012792216450393,16.763824525477947,16.888308370964168,17256400
2000-07-27,17.815025329589844,17.925677660829532,17.040459010912024,17.040459010912024,16787800
2000-07-28,17.704364776611328,17.911837801337242,17.62137556672096,17.718196311593054,7987200
2000-07-31,17.745872497558594,17.953345675628256,17.524567774284286,17.718209407149306,11640600
2000-08-01,17.704364776611328,18.050153151154518,17.649038636684416,17.911837801337242,12354600
2000-08-02,18.340618133544922,18.39594428176074,17.98099817014208,18.022492781303946,16508800
2000-08-03,18.022489547729492,18.49276172318828,17.92566880572327,18.312951773748157,9905800
2000-08-04,18.081274032592773,18.174636893346264,17.690533170920755,17.98099540437606,8025400
2000-08-07,17.901470184326172,18.02249615621171,17.856517680482973,17.898012299415157,7346600
2000-08-08,17.880722045898438,17.967169164666075,17.787359157629385,17.898011469651966,6273800
2000-08-09,17.939504623413086,18.20230384303132,17.939504623413086,18.063988464284883,9477200
2000-08-10,18.02350616455078,18.259925612696897,18.02350616455078,18.02350616455078,7043400
2000-08-11,18.106945037841797,18.343364443097798,18.051316942487446,18.343364443097798,6114400
2000-08-14,18.37118148803711,18.468530670789765,18.14866907031675,18.287739331391975,6543400
2000-08-15,18.093036651611328,18.55196840372753,18.079129628819928,18.468526266979126,7165800
2000-08-16,18.416385650634766,18.416385650634766,18.162582336967343,18.17648936785323,7294600
2000-08-17,18.649320602416992,18.691041677590185,18.412901176435568,18.412901176435568,8351400
2000-08-18,18.45115089416504,18.62151200097003,18.301650331050457,18.510255767954526,8297800
2000-08-21,18.57977867126465,18.635406751118733,18.41289443170239,18.468522511556476,5152000
2000-08-22,18.49634552001953,18.691043893914475,18.46853146660597,18.64932281379413,6467200
2000-08-23,18.802297592163086,18.857925691548182,18.63541329400779,18.63541329400779,9290600
2000-08-24,18.454620361328125,18.551969526760903,18.357271195895347,18.551969526760903,11205000
2000-08-25,18.454620361328125,18.621504644927175,18.343364172262092,18.46852738496138,6401800
2000-08-28,18.426807403564453,18.64931979485278,18.371179305742373,18.398993354653413,5888000
2000-08-29,18.36075210571289,18.468531563254473,18.301647241899765,18.426810482915798,6416800
2000-08-30,18.10345458984375,18.32944355630041,18.06521030321262,18.315536542980002,7704000
2000-08-31,18.16604232788086,18.30163575386887,18.106937501168137,18.19037960946845,7730800
2000-09-01,18.35727310180664,18.4407152522694,18.190388800881127,18.24601690118963,8084800
2000-09-05,18.551969528198242,18.579783575466905,18.371178220951933,18.496341433660916,11928200
2000-09-06,18.468538284301758,18.704957825591766,18.468538284301758,18.593701570867058,11893200
2000-09-07,18.63540267944336,18.732751797918063,18.579774611743527,18.579774611743527,7297400
2000-09-08,18.57977867126465,18.57977867126465,18.301638271994218,18.482429531519998,9289800
2000-09-11,18.910070419311523,19.024803334155663,18.5658716747791,18.579778694760208,14298600
2000-09-12,19.080448150634766,19.233425504612157,18.857935635758558,19.080448150634766,15139400
2000-09-13,19.094341278076172,19.094341278076172,18.969178079603715,19.094341278076172,10436800
2000-09-14,18.972658157348633,19.066530572640627,18.87183222981279,19.038716523665222,8708800
2000-09-15,19.581090927124023,19.998301671309903,19.27513638138771,19.330764480612494,24841200
2000-09-18,19.946149826049805,20.192999510144197,19.803602825375577,19.831416874287623,17314600
2000-09-19,19.581090927124023,19.859231423247945,19.55327687751163,19.817510348829355,12280600
2000-09-20,19.247325897216797,19.900956184188754,19.233418869834413,19.622815636541112,17358800
2000-09-21,19.205602645874023,19.330765878178777,19.03871833613435,19.191695620062383,15926600
2000-09-22,19.247325897216797,19.302954006746326,18.885743185274862,19.20560481506965,18019600
2000-09-25,19.10477066040039,19.149968479979133,18.760571880531483,19.1082474157526,16944000
2000-09-26,19.27513313293457,19.539366559720833,19.136062908310222,19.136062908310222,11535000
2000-09-27,19.859224319458008,19.91485239878422,19.289036506364326,19.30294352619588,11929400
2000-09-28,19.83489990234375,19.9983074913727,19.70625988544862,19.87314423169095,17244400
2000-09-29,19.82793426513672,20.012202284784667,19.803596979522837,19.942667183030725,12960400
2000-10-02,20.345975875854492,20.401603971208846,19.887044089181085,19.887044089181085,12705000
2000-10-03,20.206911087036133,20.387702445695094,20.13737594909038,20.234725142214433,10045000
2000-10-04,19.859224319458008,20.09564365659441,19.74796816080558,20.067829616931306,13748600
2000-10-05,19.845321655273438,19.970484861228208,19.567181197596163,19.720158449318664,11162600
2000-10-06,19.90095329284668,20.318164053703004,19.817511140675414,20.0122094957417,10405600
2000-10-09,20.276439666748047,20.373788828385383,19.859228974016606,19.90095004328975,10663800
2000-10-10,20.7631778717041,20.8744340156918,20.359874349748697,20.401595403744086,14807800
2000-10-11,20.860538482666016,21.236028175354004,20.777096328735354,20.902259559631347,20725800
2000-10-12,20.94398307800293,21.110867405317695,20.679749559754555,20.693656587030784,19561000
2000-10-13,20.137372970581055,20.79100317059301,19.928767587598518,20.735375068464332,17011200
2000-10-16,19.53937530517578,20.13737753871497,19.455933133054035,20.13737753871497,13969400
2000-10-17,19.53937530517578,19.970493194471477,19.42811907568012,19.775794792854064,12933000
2000-10-18,19.2612247467041,19.956575820592338,19.23341070374857,19.803598584336925,12507200
2000-10-19,19.247325897216797,19.622815636541112,19.094348596010594,19.219511842452032,12546200
2000-10-20,19.678443908691406,19.678443908691406,19.20560497378292,19.20560497378292,10662800
2000-10-23,19.817514419555664,19.845328474881356,19.386396562007437,19.66453711526436,11157400
2000-10-24,19.302949905395508,20.081743273336535,19.247321807685434,20.02611517562646,12749800
2000-10-25,19.400304794311523,19.692352393365674,19.358583708732358,19.692352393365674,10830400
2000-10-26,19.52546501159668,19.789698512465865,19.483743932512073,19.622814196127432,10378000
2000-10-27,19.483747482299805,19.511561540090383,19.19169987549874,19.247327991079892,7943000
2000-10-30,19.90095329284668,19.984395445017945,19.483742531990355,19.483742531990355,10710000
2000-10-31,19.845321655273438,19.998298906995938,19.483739060292983,19.90094974680889,10070000
2000-11-01,20.485048294067383,20.485048294067383,20.0122094332403,20.0122094332403,14385000
2000-11-02,19.622812271118164,20.248628395994363,19.608905246120916,20.234721370997114,14968600
2000-11-03,19.469846725463867,19.789708493096487,19.442032658713202,19.581102992466516,10272200
2000-11-06,19.73406410217285,19.845320277519846,19.31685344462163,19.52545877339724,9351000
2000-11-07,19.803600311279297,20.10955481047041,19.720158175136266,19.78969328858879,8632600
2000-11-08,20.17909049987793,20.26253263840258,19.803600876517002,19.803600876517002,10074000
2000-11-09,20.095800399780273,20.403246581139914,19.71848008629344,20.319397622587285,10646400
2000-11-10,20.025922775268555,20.27746960705839,20.025922775268555,20.095796895210174,7998000
2000-11-13,20.109785079956055,20.38928174541757,19.746439414856084,20.039910913590674,9167400
2000-11-14,20.095800399780273,20.27747314331097,19.95605213552589,20.067850746929395,8370600
2000-11-15,20.207597732543945,20.431194941202797,20.095799128214516,20.291446685791016,8934800
2000-11-16,20.277469635009766,20.501066819131168,20.109771746918714,20.193620690964238,8971400
2000-11-17,20.193614959716797,20.34733798017139,20.081816399386184,20.277463879964756,9948000
2000-11-20,20.431196212768555,20.556969650466858,20.249523469426563,20.249523469426563,7809200
2000-11-21,20.82248878479004,21.10198527854561,20.389269219468904,20.389269219468904,12768000
2000-11-22,21.074047088623047,21.10199675319682,20.598902790868948,20.68275178459026,11543400
2000-11-24,21.115964889526367,21.17186420094801,21.004166266683075,21.0321159223939,5131800
2000-11-27,20.82248878479004,21.01813633041894,20.738639836663367,20.90633773291671,9067200
2000-11-28,20.808523178100586,21.088019795670775,20.64082520755847,20.696724531072512,10078200
2000-11-29,19.88617706298828,20.612868002746108,19.830277759929984,20.612868002746108,16306000
2000-11-30,19.676555633544922,20.12375007976185,19.355134625326503,20.01195146820762,14645600
2000-12-01,19.858238220214844,19.99798655392501,19.662590553020607,19.662590553020607,12051800
2000-12-04,20.277469635009766,20.347343755047703,19.844250090774548,19.858224914782134,8971400
2000-12-05,19.760400772094727,20.43119231174151,19.620652534668313,20.179645484373964,11625600
2000-12-06,19.285255432128906,19.676550469882248,19.15948202713676,19.48090295100558,17449000
2000-12-07,19.676555633544922,19.956052162430503,19.341159798882224,19.341159798882224,12825200
2000-12-08,19.788345336914062,19.970017998905504,19.411025192777988,19.690521595841748,10086000
2000-12-11,19.173471450805664,19.83028862149653,19.145521783967755,19.80233895465862,14654000
2000-12-12,19.355131149291992,19.536803860440582,19.21538290994692,19.49487938863706,11527800
2000-12-13,19.606678009033203,19.746426248584402,19.397055649706406,19.397055649706406,11973200
2000-12-14,19.117555618286133,19.494875794962834,19.033706690135755,19.397052045454057,14218400
2000-12-15,18.81011962890625,19.341163125116086,18.81011962890625,18.893968601992015,26030000
2000-12-18,19.31321907043457,19.42501773364982,18.796150253064035,18.838074751769753,12784200
2000-12-19,19.494890213012695,19.78836167858493,19.257318074216126,19.257318074216126,12678600
2000-12-20,19.047691345214844,19.564760002421703,19.033716516641686,19.50886068812907,11915200
2000-12-21,18.94986915588379,19.397063708235027,18.94986915588379,19.00576847492769,12695400
2000-12-22,19.411033630371094,19.438983282826634,18.92191471239918,18.977814017310255,8543200
2000-12-26,19.80232810974121,19.858227412803288,19.411032988306662,19.411032988306662,5580600
2000-12-27,19.62065887451172,19.9700295809667,19.494885420187924,19.858230954901106,10437800
2000-12-28,19.425006866455078,19.620654417628007,19.369107566119954,19.592704767460447,10854600
2000-12-29,19.438980102539062,19.676552109543493,19.229357743417506,19.4529549264805,9564000
2001-01-02,19.928112030029297,19.984011362511847,19.341169038962516,19.383093538324427,13101200
2001-01-03,19.061668395996094,20.067856170564802,19.061668395996094,19.92810786854137,20818000
2001-01-04,18.530620574951172,19.173462616012827,18.320998170257155,19.145512962053626,24566800
2001-01-05,18.61447525024414,19.01974535704375,18.516651431361474,18.530626262630427,18777800
2001-01-08,18.530620574951172,18.8240919415228,18.50267092099197,18.670368844747184,11058800
2001-01-09,18.334985733032227,18.47473409989985,18.209212202851365,18.47473409989985,11523600
2001-01-10,18.111379623413086,18.43280071240884,17.98560615380605,18.39087622253983,20620600
2001-01-11,18.279071807861328,18.53061866760254,18.195222854614258,18.25112215677897,10989200
2001-01-12,18.51664161682129,18.558566088406543,18.09739690096873,18.279069611171504,11894600
2001-01-16,18.293054580688477,18.432802896812913,18.01355794843961,18.30702941230092,15606600
2001-01-17,17.943683624267578,18.209205422445994,17.803935309436834,18.125356433547545,14723400
2001-01-18,17.6921329498291,18.027528835133918,17.664183292720367,18.01355400657955,17205000
2001-01-19,17.762001037597656,17.85982480413045,17.594303152112865,17.63622762348406,20292200
2001-01-22,17.943683624267578,18.027532613166024,17.72008632053839,17.83188497240298,13861600
2001-01-23,18.293054580688477,18.321004243913364,17.915734127152504,17.999583116827164,11131600
2001-01-24,18.251123428344727,18.446770999552097,18.111375163196605,18.390871693492848,12859800
2001-01-25,18.44676971435547,18.51664384206136,18.33497111002604,18.404845237731934,13595000
2001-01-26,18.111379623413086,18.460750372321517,18.0415054736314,18.44677554236518,11860000
2001-01-29,17.932497024536133,18.15609425280173,17.81846366637694,17.89895880502547,10545800
2001-01-30,18.33049774169922,18.435586984335444,17.932493324540722,18.223170343675452,9700400
2001-01-31,18.815710067749023,18.867136483051762,18.50267355761607,18.50267355761607,17017600
2001-02-01,18.668132781982422,18.815707776785473,18.513851848947407,18.815707776785473,9116600
2001-02-02,18.556331634521484,18.893963892986225,18.536208704833836,18.737446531266837,10397600
2001-02-05,18.961048126220703,19.02812627995148,18.614471694587433,18.614471694587433,10757400
2001-02-06,18.85819435119629,18.996825283150297,18.692732836608027,18.994588832626803,10953000
2001-02-07,18.961585998535156,19.139154398135847,18.83796188651633,18.993053642529407,11624800
2001-02-08,18.993053436279297,19.195346656087,18.88066850470368,19.049245902067106,9898800
2001-02-09,19.29874038696289,19.47630878279152,19.04924570426704,19.04924570426704,10768000
2001-02-12,19.276260375976562,19.38639710837414,19.188600282762092,19.29873701515967,8320200
2001-02-13,19.05823516845703,19.184105731615464,18.970575066992005,19.094197451563236,9300800
2001-02-14,18.864925384521484,19.094189777395837,18.768274322410594,18.869420025031637,13480200
2001-02-15,18.54351806640625,18.745811333738718,18.329987332190978,18.70085632163241,13022400
2001-02-16,18.885168075561523,19.04700269363884,18.655903509857602,18.70085680827534,13480000
2001-02-20,18.83572006225586,18.968333492489272,18.57723431018204,18.79076504914914,7721600
2001-02-21,18.772785186767578,19.150398765675536,18.76829054237306,19.06049215891632,8660400
2001-02-22,18.927873611450195,18.993057090086744,18.768287183695183,18.88067213689096,9965000
2001-02-23,18.768278121948242,18.927864472651372,18.601948951686275,18.880663020882064,10157800
2001-02-26,18.83572006225586,18.880673360504176,18.57723431018204,18.62218760843035,9690400
2001-02-27,18.498563766479492,18.90314856435633,18.40865546199855,18.858195269544993,13944600
2001-02-28,18.21759605407715,18.64690555288949,18.18388023540886,18.543511633202446,11591200
2001-03-01,18.296266555786133,18.54351305352826,18.15466044950468,18.161404985641145,12507400
2001-03-02,18.703102111816406,18.851451060529563,18.471589402332064,18.588468989161523,10093800
2001-03-05,18.846952438354492,18.970576547430994,18.62667893563738,18.644659221164734,10030200
2001-03-06,18.79076385498047,18.948103818567294,18.70085554933918,18.903148808317503,9572400
2001-03-07,18.927873611450195,18.95934126115635,18.748058715251926,18.90314878455846,10331400
2001-03-08,19.29648780822754,19.29648780822754,18.882912181758627,18.927865457728707,11167600
2001-03-09,19.327957153320312,19.440342068039932,19.16387613814998,19.240297057027625,10905800
2001-03-12,18.82671546936035,19.32795107095434,18.82446729161329,19.32795107095434,11102000
2001-03-13,18.72332763671875,18.77502373760705,18.539016443612745,18.70084928169839,11603600
2001-03-14,18.574975967407227,18.65589323186657,18.419884258050573,18.49855505922755,11598800
2001-03-15,18.6446590423584,18.82447561477102,18.30750425522817,18.82447561477102,13140200
2001-03-16,18.36368751525879,18.633412238682723,18.359192874887402,18.397403320043914,21222200
2001-03-19,18.264801025390625,18.619936134373436,18.26255284641849,18.296268671568114,11753000
2001-03-20,18.12994384765625,18.581730183988288,18.118704664921047,18.273796469402548,11128800
2001-03-21,17.938886642456055,18.260307694428807,17.88719052153407,18.07824460924187,11964800
2001-03-22,17.464618682861328,17.992829263456798,16.902693992745352,17.925397614699655,18738000
2001-03-23,17.284801483154297,17.52080879230451,17.19714138049024,17.251085663316314,17656800
2001-03-26,17.58824348449707,17.698380247881886,17.48484954327853,17.529802834292457,14797200
2001-03-27,18.12544059753418,18.22883452292649,17.772552001030345,17.824249821155433,14715800
2001-03-28,17.678152084350586,17.981591091040258,17.487098021979914,17.914159438505592,11226800
2001-03-29,17.597230911254883,17.689385653572053,17.397185891617983,17.509570811182883,9389000
2001-03-30,18.206356048583984,18.206356048583984,17.756816393063392,17.768055570394484,13186600
2001-04-02,17.891681671142578,18.273791486791,17.770305733103058,18.20635983848303,13300400
2001-04-03,17.50956916809082,17.857961357134336,17.307275988885568,17.82424725631481,14200800
2001-04-04,17.68939208984375,17.91865836949486,17.493843356159548,17.509577182029062,11742600
2001-04-05,18.190624237060547,18.20410987946021,17.824249994720766,17.959111563291014,11078400
2001-04-06,18.453596115112305,18.453596115112305,17.779286865730437,18.206349733310372,12139000
2001-04-09,18.545757293701172,18.66488501727787,18.413142215573735,18.45360084951087,11913800
2001-04-10,18.88066291809082,18.990799638286262,18.655893121446883,18.76827801976885,12221600
2001-04-11,18.417646408081055,18.70085525127853,18.34122374930361,18.667141137701403,14246800
2001-04-12,18.431129455566406,18.62443168216709,18.320992698736074,18.41989027605273,10998400
2001-04-16,19.00429344177246,19.01103626358293,18.4581025819698,18.4581025819698,11912600
2001-04-17,19.040258407592773,19.058240411521762,18.768287028885332,18.768287028885332,14030600
2001-04-18,19.13465690612793,19.197593905243266,18.815484127474896,19.03800580105887,16537800
2001-04-19,18.981815338134766,19.15039274509816,18.810991467109666,19.004293697616333,13994000
2001-04-20,19.143644332885742,19.193093965532054,18.94809569542132,18.94809569542132,12165800
2001-04-23,19.779743194580078,19.78648601447375,19.30772693859002,19.31896440012695,16205800
2001-04-24,19.66511344909668,20.004516398489677,19.599929987633267,19.779746551315636,14400800
2001-04-25,20.02474594116211,20.191076871735653,19.71231597393534,19.77974761766601,15461200
2001-04-26,19.970809936523438,20.1281499321876,19.903379979689063,20.071957444062967,13923000
2001-04-27,20.018007278442383,20.062962288554747,19.82470502210495,20.026998280464856,9939800
2001-04-30,19.914609909057617,20.20231506495796,19.903372444602198,19.982041555222136,15066600
2001-05-01,19.95955467224121,20.013498932584728,19.813453990406117,19.95955467224121,9711600
2001-05-02,19.44259262084961,19.703326477971995,19.388648335356603,19.701078299242894,16951600
2001-05-03,19.35269546508789,19.510035484312663,19.2065946311145,19.442603802522203,13183800
2001-05-04,19.678607940673828,19.73255224339336,19.354938694639717,19.354938694639717,9690000
2001-05-07,19.822460174560547,19.964064609533292,19.611175896944783,19.67860756018424,10081400
2001-05-08,19.946086883544922,20.03824339542088,19.68984925203153,19.80223423830438,11055000
2001-05-09,20.16634750366211,20.17309032354347,19.979788150942635,20.026989604969692,10886200
2001-05-10,19.899824142456055,20.18894730989911,19.88401277308995,20.170878404416428,10117200
2001-05-11,19.795909881591797,19.899813355864424,19.572291572250904,19.899813355864424,8956400
2001-05-14,20.11666488647461,20.202499504623276,19.899822528479334,19.92240995098324,9779400
2001-05-15,20.20475196838379,20.22508184985063,20.024050910405606,20.11665983641617,9016800
2001-05-16,20.216039657592773,20.328978426629604,20.11213619687595,20.20474509136555,16337000
2001-05-17,20.04212188720703,20.139249332285573,19.9382166659802,20.136990073569475,11597600
2001-05-18,20.374156951904297,20.385451520186518,20.057929719712174,20.091809977940496,14289200
2001-05-21,20.04663848876953,20.47580630530367,20.039862435995797,20.430629747963025,12277800
2001-05-22,20.060184478759766,20.107618557024576,19.98564619766302,20.057926944063055,11800600
2001-05-23,19.712337493896484,20.060189206460937,19.64683450607589,20.060189206460937,12371000
2001-05-24,19.861417770385742,19.913370377514077,19.719115500387986,19.843347148488114,8676800
2001-05-25,19.899824142456055,20.030833616238066,19.811731981229187,19.816250500082365,9276600
2001-05-29,19.832054138183594,20.152799919320344,19.832054138183594,20.080519155637283,12247200
2001-05-30,20.07373809814453,20.3289791042849,19.87496475509604,19.967575375981617,16315800
2001-05-31,20.04663848876953,20.179905455478163,19.94499425054462,19.94499425054462,11855800
2001-06-01,20.091808319091797,20.125690297831873,19.915624097614224,20.103102886441498,7832400
2001-06-04,20.51645851135254,20.520975304147516,20.263475032109728,20.283804907959535,9830600
2001-06-05,20.679101943969727,20.706206162193464,20.29059206520365,20.516469741387656,12484800
2001-06-06,20.193452835083008,20.498387175679266,20.152794808116244,20.45321235607571,15883600
2001-06-07,20.143762588500977,20.324465341243066,20.091809987012148,20.249925326488768,12797600
2001-06-08,20.191192626953125,20.22055608598276,19.965315092946884,20.103100526555398,8796400
2001-06-11,20.26122283935547,20.441925633728832,20.17087316547835,20.216048002416912,10153000
2001-06-12,20.356090545654297,20.437406621968833,20.1957176516199,20.437406621968833,10999400
2001-06-13,20.324462890625,20.491611796606527,20.216040907390873,20.41255499805506,8818600
2001-06-14,20.069229125976562,20.283813930329387,20.001466864057036,20.10311111859119,9028000
2001-06-15,20.080520629882812,20.392231123030268,20.046638642444957,20.057933212694063,22961200
2001-06-18,19.99465560913086,20.157324269538915,19.953988444028848,20.157324269538915,9187600
2001-06-19,19.965293884277344,20.080516130422858,19.892996863212787,20.051146058136208,8804800
2001-06-20,19.820701599121094,20.141519550802375,19.81392229842605,19.859109017907493,12691800
2001-06-21,19.974327087402344,19.974327087402344,19.590247842099135,19.813916435331386,14991800
2001-06-22,20.08729362487793,20.112144161534708,19.847808363625052,19.99466215925157,11417800
2001-06-25,19.999189376831055,20.13700589500824,19.88622513069878,19.88622513069878,10308200
2001-06-26,20.008222579956055,20.10763164754953,19.96755539082211,19.97207492500213,10318400
2001-06-27,19.70547866821289,19.915592184821314,19.70321890119423,19.892999685726284,11581600
2001-06-28,19.615095138549805,19.662539875193648,19.465983355340033,19.508908560667614,15586800
2001-06-29,19.73484230041504,19.861363356687722,19.55410064297734,19.615100542984614,15372000
2001-07-02,19.81391716003418,20.06243974348938,19.757435068102843,19.938178451761782,11477400
2001-07-03,19.732582092285156,19.802621055847137,19.62413744499014,19.802621055847137,6655000
2001-07-05,19.65577507019043,19.92463047618191,19.62414522521464,19.768739294731752,10128400
2001-07-06,19.61058807373047,19.836516499816316,19.497623860687543,19.791329780380888,9679400
2001-07-09,19.592510223388672,19.66706700564956,19.470508686151806,19.66706700564956,9224600
2001-07-10,19.375619888305664,19.572176491330577,19.37336012169133,19.54280642013178,10404600
2001-07-11,19.192626953125,19.375630225186644,18.98929266547531,19.316888327753414,13727600
2001-07-12,19.30558204650879,19.41176867555852,19.000579036144813,19.011876146182992,9642400
2001-07-13,19.425329208374023,19.651257662083573,19.278475368723353,19.30558568000222,9135800
2001-07-16,19.427583694458008,19.653512106797738,19.330434408204045,19.46373306780692,9728200
2001-07-17,19.27169418334961,19.5631403172242,19.192617860396066,19.47954790816598,11735400
2001-07-18,19.034473419189453,19.14743765313123,18.853729955403644,19.09095553616034,18791200
2001-07-19,19.465999603271484,19.678371212602606,19.249106735154133,19.520221958452026,11467400
2001-07-20,19.592510223388672,19.700954885134674,19.497620713436717,19.497620713436717,11197100
2001-07-23,19.20391845703125,19.7551844325574,19.045769229805206,19.655775361902574,9599700
2001-07-24,18.5125732421875,19.19487623681953,18.30923734190085,19.19487623681953,14718900
2001-07-25,19.036733627319336,19.158735209645222,18.593914026857302,18.706878263414886,11584800
2001-07-26,19.30332374572754,19.31687889863478,18.657168360462244,18.661686170199005,10422700
2001-07-27,19.30784034729004,19.40724939224793,18.91472542430624,19.2265059875421,8373800
2001-07-30,19.163249969482422,19.29428887671242,19.05028575091115,19.158732159166334,6948900
2001-07-31,18.869552612304688,19.38015164160987,18.865034799522395,19.06837084868801,11069300
2001-08-01,18.797245025634766,19.199399086195456,18.75657783855322,19.181324397782067,8070600
2001-08-02,18.855985641479492,18.932802200256184,18.702354247623155,18.761096119193912,8630400
2001-08-03,18.643617630004883,18.941843158157443,18.435763839652576,18.932807535705194,8845300
2001-08-06,18.45834732055664,18.684275692772495,18.40412499385991,18.643608516825775,8385200
2001-08-07,18.697834014892578,18.706871357324527,18.471905625184295,18.526127956079172,8982400
2001-08-08,18.63909912109375,18.95539932970635,18.521617072939193,18.865027595288826,9474300
2001-08-09,18.60729217529297,18.73906584234509,18.4482544529797,18.539132903821244,8303300
2001-08-10,18.789045333862305,18.99352139304363,18.516411743861934,18.766326156922624,8975300
2001-08-13,18.811763763427734,18.988975746894965,18.748147649678852,18.811763763427734,6982100
2001-08-14,18.698169708251953,18.948084135776327,18.548220011720012,18.839029653447444,8049700
2001-08-15,18.85719871520996,19.016234637535785,18.630003549966467,18.85719871520996,9303000
2001-08-16,18.761781692504883,18.92081765323552,18.56639366454326,18.78904400956615,7555000
2001-08-17,18.389179229736328,18.761779202595676,18.257405603554876,18.761779202595676,8613200
2001-08-20,18.516401290893555,18.570927631439737,18.33464451125813,18.366451687690162,9529300
2001-08-21,18.352821350097656,18.629999671325905,18.198328600561968,18.56184044259853,7801500
2001-08-22,18.498231887817383,18.74360310814906,18.45733668442877,18.561846263452615,9659400
2001-08-23,18.580018997192383,18.73905664141774,18.407350198710525,18.407350198710525,7192000
2001-08-24,18.948074340820312,18.948074340820312,18.50277209044801,18.69361516916701,6682200
2001-08-27,18.65273094177246,18.979892678608703,18.630011761906015,18.948085480123215,6147100
2001-08-28,18.407352447509766,18.734514056526045,18.402809306656376,18.675442825262188,6595400
2001-08-29,18.348291397094727,18.70725862407521,18.348291397094727,18.616381898275048,8114500
2001-08-30,18.2437744140625,18.748146278835573,18.2437744140625,18.534583979346277,10675800
2001-08-31,18.2437744140625,18.580022323911216,18.22559838289183,18.38917919670439,7608200
2001-09-04,18.516401290893555,18.78903472698558,18.407346876440076,18.44824206518999,9245400
2001-09-05,18.72997283935547,18.76632317000088,18.22105434342518,18.561847143364766,9563600
2001-09-06,18.584571838378906,18.85720544056021,18.448253303926084,18.716343763861307,10297800
2001-09-07,18.584571838378906,18.76178385313297,18.33465568079018,18.39372693016226,10107800
2001-09-10,18.739063262939453,18.789044757328256,18.35737520863362,18.49369199945098,10776100
2001-09-17,18.2437744140625,18.834481560215387,18.071105584664608,18.739059996611974,16657100
2001-09-18,17.939332962036133,18.289213781511958,17.730313791968552,18.243775434405727,10088000
2001-09-19,17.45313262939453,17.943875021278618,16.417123224343545,17.93933014726401,15398700
2001-09-20,16.821533203125,17.153237994755255,16.721566758148644,17.0169212182905,12957600
2001-09-21,16.280811309814453,16.835166502406967,15.908209531147115,16.13086162327444,21352100
2001-09-24,16.294437408447266,16.744282861629788,16.085418273971317,16.35805177690851,14025500
2001-09-25,16.48529052734375,16.494378547410115,16.017268760782724,16.180849655252135,15554700
2001-09-26,16.36259651184082,16.78972457031891,16.258086934419634,16.698846149364314,11499000
2001-09-27,17.457683563232422,17.51675481826107,16.58525456602008,16.676133019903617,13313100
2001-09-28,17.902973175048828,17.993849821262145,17.675778092793696,17.948411498155487,14064200
2001-10-01,17.762117385864258,18.062014922795075,17.28955104483343,17.834819766533503,10035100
2001-10-02,18.171072006225586,18.171072006225586,17.539467923831896,17.75757683095822,10912800
2001-10-03,18.10291290283203,18.19833446712226,17.72122491230936,17.993858448384803,12929300
2001-10-04,18.439165115356445,18.76178191574122,18.021125004035927,18.039301037867688,12016200
2001-10-05,18.48914337158203,18.76177863124405,18.157438612350674,18.698164257331417,11435000
2001-10-08,18.60274887084961,18.74815371113409,18.184710388372334,18.35283440994581,8799500
2001-10-09,18.657270431518555,18.74360398343199,18.34828482112273,18.72088481012443,7209300
2001-10-10,19.21162223815918,19.307045523028012,18.584564842515515,18.65726722462035,10453500
2001-10-11,19.12529182434082,19.40247024305561,18.979887036385815,19.21162537551354,10752400
2001-10-12,19.21617889404297,19.329776544066828,18.861753047281976,19.125300427351366,11408000
2001-10-15,18.92536163330078,19.17073114205802,18.816307170127207,19.061678412246334,6662000
2001-10-16,18.970794677734375,19.08439225065494,18.77540671364209,18.929899482148514,6859800
2001-10-17,18.829940795898438,19.243436061798437,18.820852778329392,18.99352164541705,8573900
2001-10-18,18.357376098632812,18.74815045569149,18.248321620674542,18.539131250747104,9571200
2001-10-19,18.420976638793945,18.584557366062693,17.99839367113662,18.30737910411963,11638600
2001-10-22,18.684537887573242,18.784504357668467,18.266499436924654,18.398273105075216,7325300
2001-10-23,18.570934295654297,18.866288735210077,18.384634309686387,18.484600747695126,9007100
2001-10-24,18.112003326416016,18.420988966173113,18.075651258980134,18.40281293245517,12944800
2001-10-25,18.430076599121094,18.443707757444614,17.85754368246603,17.85754368246603,10624700
2001-10-26,18.657270431518555,18.72088481012443,18.31193275714119,18.357372837118113,7607600
2001-10-29,18.484600067138672,18.625461703386474,18.39372164805498,18.46188089570817,7502300
2001-10-30,17.930238723754883,18.20741705165666,17.843905200867948,18.062012311341174,10704400
2001-10-31,17.925701141357422,18.35282748178328,17.880261062570565,17.930244282555222,10031200
2001-11-01,18.398258209228516,18.416432498143983,17.743935274166713,17.925692030208523,9657100
2001-11-02,18.066556930541992,18.14380418017581,17.889344997106267,18.08473295791011,6733400
2001-11-05,17.8984375,18.216511125274454,17.721225522116722,18.175615920119714,11013900
2001-11-06,17.93478012084961,17.943868132028076,17.384966711398274,17.65305697439987,11956600
2001-11-07,17.861663818359375,18.067336639039812,17.665130539624,17.825098676491432,10909200
2001-11-08,18.053625106811523,18.117612359872165,17.89365697415992,17.953072712846584,10376400
2001-11-09,18.39640998840332,18.46496873545809,18.195307003775422,18.236441903304012,7886400
2001-11-12,18.3095703125,18.378127315631442,18.007914965566133,18.007914965566133,6826800
2001-11-13,18.510679244995117,18.547244386567108,18.236447657292842,18.291293626128915,8589200
2001-11-14,17.687973022460938,18.437540577734303,17.55999684077749,18.236437640118826,17174900
2001-11-15,16.99782943725586,17.41831982115877,16.815008971511734,17.41374830699013,23268200
2001-11-16,17.15780258178711,17.18979621298818,16.878999444015935,17.05268040162328,19030100
2001-11-19,16.915557861328125,17.139514957252405,16.80129442827978,17.093810281441712,14306300
2001-11-20,17.349754333496094,17.569139853486725,17.18521475762284,17.3543258458932,14734800
2001-11-21,17.313194274902344,17.687978161426628,17.276629142791943,17.505155987917554,8165400
2001-11-23,17.569143295288086,17.66512589569793,17.098378550388617,17.253776875431374,4286300
2001-11-26,17.262922286987305,17.48230790242253,17.070958783780302,17.390896793444046,9741300
2001-11-27,17.070953369140625,17.336045326743008,16.910985286809073,17.14865339735976,17340600
2001-11-28,16.956695556640625,17.10752414996878,16.824151277575112,16.979549641827493,9617900
2001-11-29,17.116666793823242,17.22635873992963,16.96126841723749,17.070960363343875,8727500
2001-11-30,17.093809127807617,17.230924889507584,16.997826525448282,17.198931269894977,11246000
2001-12-03,17.212644577026367,17.45945402651923,16.92927173326886,17.0938113662641,14895900
2001-12-04,17.509723663330078,17.537145762880915,17.18521428930286,17.368036422740136,10647200
2001-12-05,17.770248413085938,17.802242032728266,17.59656751822651,17.75653561643815,16500300
2001-12-06,17.06181526184082,17.71083067149296,17.04810246540377,17.71083067149296,15664100
2001-12-07,17.40003776550293,17.48230758775056,17.048106135559575,17.13951724289271,9949200
2001-12-10,17.16236114501953,17.40917049040494,17.14407858383817,17.400029209814257,9827200
2001-12-11,16.82415008544922,17.390895790078076,16.796726231281326,17.21721486739165,12167800
2001-12-12,17.102947235107422,17.157794930010937,16.869850634092234,16.979544280377908,10129100
2001-12-13,16.655033111572266,17.185215235506455,16.64132206104193,17.185215235506455,15932100
2001-12-14,16.847007751464844,17.00240615383326,16.69160934909643,16.7464553312493,11362400
2001-12-17,17.125797271728516,17.14864960078494,16.70073732589948,16.819570483105437,12363700
2001-12-18,17.16236114501953,17.253772207405348,17.09837392440576,17.17607393766605,10264600
2001-12-19,17.528005599975586,17.596564340268223,17.098375825569132,17.162363053297625,13299900
2001-12-20,17.50516128540039,17.715405628095798,17.4320327425706,17.619424742542066,12066500
2001-12-21,17.59656524658203,18.039907837994157,17.59656524658203,17.642269913450356,25322600
2001-12-24,17.825092315673828,18.030766806482017,17.742822519350554,17.75653357089733,4913700
2001-12-26,18.099332809448242,18.419270871657726,17.879947157981725,17.89365995986988,9961800
2001-12-27,18.186166763305664,18.346134857570895,18.030768438795956,18.103896959534556,7395400
2001-12-28,18.18160057067871,18.32785765495648,18.126754599955042,18.259300627432385,8007800
2001-12-31,17.96221160888672,18.282149575156282,17.898224364337135,18.227303614616876,8730500
2002-01-02,18.099332809448242,18.099332809448242,17.77939649076093,17.96221699522194,11261900
2002-01-03,18.126752853393555,18.273009923579057,18.01248940834102,18.213592443965634,10128200
2002-01-04,18.282142639160156,18.314136249297007,18.09932051536016,18.145026918070652,8052100
2002-01-07,18.12217903137207,18.32328202203838,18.04905051262783,18.16788370176669,9945700
2002-01-08,18.145036697387695,18.277582721402684,18.05362558622143,18.23644780855396,8278000
2002-01-09,17.934782028198242,18.268430909713903,17.87079306678677,18.09931984126497,10036700
2002-01-10,18.003347396850586,18.177028314506316,17.852520562100352,17.934790378699294,7847500
2002-01-11,17.59656524658203,18.09932355621872,17.57371291314787,18.00334270968247,9459000
2002-01-14,17.66054916381836,17.916499783410277,17.59656194480062,17.64226660309302,10142900
2002-01-15,17.96221160888672,18.076475043731445,17.77024987523797,17.774819645482232,9488500
2002-01-16,17.59656524658203,17.829661837244533,17.578282682426188,17.825092067966214,8913000
2002-01-17,17.66054916381836,17.838799772088052,17.64226660309302,17.65140788345569,7479600
2002-01-18,17.550867080688477,17.756539901299995,17.49601936790494,17.660559019211696,10301800
2002-01-22,17.377178192138672,18.053617315233755,17.372606679737668,17.75653177592905,7158800
2002-01-23,17.779388427734375,17.902791384108774,17.596566262661803,17.596566262661803,9892700
2002-01-24,17.733688354492188,17.820529698532027,17.601142324605487,17.642277239276464,10113800
2002-01-25,17.898212432861328,18.117597872291807,17.68796827134718,17.81594267513484,8516200
2002-01-28,17.806812286376953,18.222731096548518,17.692548857829582,18.03076937347928,8097600
2002-01-29,17.345176696777344,17.77937777092725,17.345176696777344,17.596555715436658,11849500
2002-01-30,17.68341064453125,17.701693214718237,17.276633047241006,17.34519181368128,11733400
2002-01-31,17.84794807434082,17.84794807434082,17.505157771721514,17.601138638009726,11115000
2002-02-01,17.825092315673828,17.916503394202056,17.7336812371456,17.893651060450328,9518300
2002-02-04,17.528005599975586,17.916502222431884,17.48687070450424,17.870795814396395,10086100
2002-02-05,17.51887321472168,17.779393744568488,17.299485853619405,17.642276207999092,10948500
2002-02-06,17.788537979125977,17.815961842378844,17.42746670233624,17.523447608437728,10385500
2002-02-07,17.609216690063477,17.92645958169357,17.567837258715464,17.788526974609553,9027100
2002-02-08,17.604623794555664,17.636807609223958,17.46669290970779,17.494278034345548,8731100
2002-02-11,17.7011775970459,17.889683574027806,17.452900918907797,17.604626140176613,8757900
2002-02-12,17.655200958251953,17.81152311401359,17.28738288312817,17.783936232213335,7334000
2002-02-13,17.765539169311523,17.779331728758947,17.52645820020221,17.701171553375556,10065900
2002-02-14,17.931062698364258,18.114971735286723,17.779337479820242,17.92186707112948,10044600
2002-02-15,17.885089874267578,18.114975339212474,17.885089874267578,18.01382517339291,10471300
2002-02-19,17.825321197509766,18.133366913841503,17.80233299916797,17.88509191630813,9863600
2002-02-20,17.92646026611328,17.92646026611328,17.67818366854617,17.87588520876968,7279900
2002-02-21,18.000024795532227,18.271289596605857,17.958645359643498,18.137955663865938,12312000
2002-02-22,18.721860885620117,18.832204856240008,17.95404301039447,18.114963785553346,17838900
2002-02-25,18.85059356689453,18.9195598546691,18.6758802573817,18.781627279119963,11503400
2002-02-26,18.721860885620117,18.90117115329178,18.666687146424383,18.850596102638587,10048000
2002-02-27,18.813814163208008,19.098873229112982,18.657493825879644,18.813814163208008,13939600
2002-02-28,18.98853302001953,19.2184184119178,18.965544831606977,19.034511150730996,12889700
2002-03-01,19.310373306274414,19.310373306274414,19.14945423027668,19.195430608022782,12683700
2002-03-04,19.609230041503906,19.63221823625989,19.360953328810865,19.379344586170387,11899900
2002-03-05,19.540254592895508,19.724163572971285,19.39772504564248,19.540254592895508,10761400
2002-03-06,19.866695404052734,19.9908337277509,19.4850865605833,19.5632467529749,14752500
2002-03-07,19.71957015991211,19.93106431586547,19.586236201377233,19.93106431586547,11770000
2002-03-08,19.728761672973633,20.00922209489834,19.618415927636356,20.00002646996306,10804100
2002-03-11,19.995431900024414,20.128764092644754,19.852902327494558,19.885086141632538,12173400
2002-03-12,20.22992515563965,20.22992515563965,19.98164838052385,20.04141910502668,12907500
2002-03-13,19.825313568115234,20.27129174154404,19.747153385164623,20.206924119376204,14394400
2002-03-14,19.8804931640625,19.97704462570125,19.774744320682903,19.972445934830827,8734500
2002-03-15,20.050601959228516,20.220716639456246,19.912671090019916,20.000026897945258,16069300
2002-03-18,20.110368728637695,20.22531138957121,19.926459769589744,20.114965663365275,8586400
2002-03-19,20.137954711914062,20.22071357166065,20.009219487368654,20.22071357166065,8110200
2002-03-20,20.01382064819336,20.078188274057226,19.921867899179986,20.064395712482472,8208600
2002-03-21,20.01382064819336,20.087383899735816,19.86209720921228,20.078188274057226,7374000
2002-03-22,19.986236572265625,20.07359238996003,19.825315745287902,20.000029134563068,9326600
2002-03-25,19.70117950439453,19.912675420656043,19.696582567771834,19.87129597550559,9524500
2002-03-26,20.110368728637695,20.114965663365275,19.74714949915519,19.74714949915519,11368000
2002-03-27,20.206920623779297,20.298875105491632,20.036805972637286,20.036805972637286,11202200
2002-03-28,20.15175437927246,20.36324851976358,20.0965806221898,20.25290275948462,9657600
2002-04-01,20.15175437927246,20.37704108209107,20.137960063058614,20.321869078894764,8932900
2002-04-02,20.404624938964844,20.491980743913224,20.170140890803566,20.183935204974645,8986700
2002-04-03,20.087387084960938,20.413825709711816,19.954054876194764,20.40463008257509,12815300
2002-04-04,19.839109420776367,20.275890249029107,19.747154916028204,20.275890249029107,13766200
2002-04-05,19.600025177001953,20.216117977139202,19.425311822187684,19.816116210547115,11357400
2002-04-08,19.8804931640625,20.087388652177918,19.78393994853707,19.93106648643041,9313100
2002-04-09,19.641401290893555,19.728757076597542,19.526458636810865,19.632205668100653,9255600
2002-04-10,19.852901458740234,19.852901458740234,19.540257203178477,19.540257203178477,10407300
2002-04-11,19.494274139404297,19.83450340119081,19.466687272008503,19.829906466901004,8666900
2002-04-12,18.98853302001953,19.356349296279486,18.965544831606977,19.28738473104182,13028800
2002-04-15,19.126461029052734,19.448300880104593,19.126461029052734,19.356346386391763,11332300
2002-04-16,19.439115524291992,19.540265696198514,19.26440382321875,19.305783279554415,10538700
2002-04-17,19.411518096923828,19.650599053921493,19.27358549389317,19.531057698479707,9391500
2002-04-18,19.521867752075195,19.65520170504214,19.333361794182295,19.54945463148138,9623300
2002-04-19,19.549449920654297,19.609220601354895,19.337955824496472,19.521863047895714,8592400
2002-04-22,19.24140739440918,19.540259117764858,19.144855946760025,19.517270928403597,8650900
2002-04-23,19.011524200439453,19.10807741318576,18.583937163904714,18.620719674262666,19170900
2002-04-24,18.52876091003418,18.928760972219138,18.482784536499807,18.873588973200643,13102000
2002-04-25,18.639110565185547,18.735662022158365,18.39543082354281,18.436810269943532,11666000
2002-04-26,18.39083480834961,18.717271705265013,18.298880283530526,18.66669662892018,10046600
2002-04-29,18.252899169921875,18.55634779550032,18.206921042478942,18.390830044478218,10034600
2002-04-30,18.468997955322266,18.712677747978084,18.340262652408445,18.390837736806578,12714700
2002-05-01,18.70806884765625,18.70806884765625,18.248298155126015,18.34485133351073,9875800
2002-05-02,18.75864028930664,18.78162846872569,18.53335367556004,18.66208888341524,9258500
2002-05-03,18.66209602355957,18.91037266560188,18.487382636135017,18.82761378492111,11052000
2002-05-06,18.046009063720703,18.468997478889964,17.986238351529597,18.44600928308936,9591800
2002-05-07,17.977033615112305,18.179333844999192,17.94484980651867,18.156345660844597,8866500
2002-05-08,18.395421981811523,18.45979134274096,17.86208812559643,17.86208812559643,12585200
2002-05-09,18.201208114624023,18.427797366552156,18.150340635693702,18.381555166084706,8352500
2002-05-10,18.01622772216797,18.404668029953058,17.91911808622822,18.404668029953058,9037300
2002-05-13,18.50178337097168,18.543402051211398,17.886753723014323,17.95149350027019,8910800
2002-05-14,18.7653751373291,18.857859553069407,18.529535290720716,18.714507650255637,9816600
2002-05-15,18.363059997558594,18.61277214661887,18.270573820422147,18.497164866205086,9883100
2002-05-16,18.62201690673828,18.672884381345508,18.469414482916598,18.47403976098638,7911800
2002-05-17,18.589649200439453,18.66826129659453,18.37693224893249,18.626642609210393,9978700
2002-05-20,18.30756378173828,18.49715959704695,18.26594510208386,18.47403850035596,8056800
2002-05-21,18.39080810546875,18.598901582543842,18.37231051550046,18.400056900452896,9555500
2002-05-22,18.69601058959961,18.76999918269809,18.423177321793858,18.50641470953305,8328600
2002-05-23,18.91335678100586,18.97347131261264,18.635898176251004,18.843991688810252,11039400
2002-05-24,18.60352897644043,19.00584193997398,18.501793974432637,18.95959971944006,7827400
2002-05-28,18.42317771911621,18.54340852398399,18.289072839974548,18.49716631381036,8668600
2002-05-29,18.635889053344727,18.691380041519928,18.27056970613567,18.358432348442008,9989900
2002-05-30,18.196577072143555,18.635884893535003,18.090218633537425,18.42779152929418,13837500
2002-05-31,18.464794158935547,18.70063222446375,18.3029446790659,18.31219170874957,12150200
2002-06-03,18.071727752685547,18.575773713454428,18.030109068472076,18.497161623288317,10263900
2002-06-04,18.141088485717773,18.330684294991897,17.91449927572083,18.06709992024559,10105900
2002-06-05,18.29369354248047,18.3584333261371,17.900627798237384,18.025483851300944,12714700
2002-06-06,18.10409927368164,18.57577538518038,17.993115517782144,18.487914494612372,10671400
2002-06-07,18.228958129882812,18.40468171896812,18.08560620754754,18.10410379882544,10863500
2002-06-10,18.094852447509766,18.289071836414468,18.016238577695614,18.228955555265664,7657000
2002-06-11,18.048612594604492,18.37693869424458,18.002370376415634,18.372313414009167,10123900
2002-06-12,18.358434677124023,18.47404194616885,18.09947375941391,18.127220139034367,11070400
2002-06-13,18.201208114624023,18.450920230812756,18.13646832835884,18.196582836161156,9612100
2002-06-14,18.10409927368164,18.196583678899774,17.80351966464184,18.17346257759524,10659300
2002-06-17,18.51104164123535,18.58965552817676,18.19658962152478,18.24283360326312,10600800
2002-06-18,18.464794158935547,18.57577615540987,18.3538103984342,18.497164054909476,8531000
2002-06-19,18.205839157104492,18.529539986306318,18.03011731144637,18.47404896999468,8469900
2002-06-20,18.376935958862305,18.534161946940124,18.22433348630415,18.22433348630415,12189700
2002-06-21,18.150346755981445,18.48791987249857,18.03473945180322,18.03473945180322,24886600
2002-06-24,18.49716567993164,18.552656683043825,18.150343823432923,18.150343823432923,13250200
2002-06-25,18.312196731567383,18.765378927558938,18.19196590840448,18.61277643551591,13526300
2002-06-26,18.24283790588379,18.404687470071785,17.988502120433537,18.312201248809522,14191000
2002-06-27,18.612770080566406,18.612770080566406,18.173462110952624,18.376932030872684,11142300
2002-06-28,18.922605514526367,18.968849501489583,18.529541327491547,18.543413641566648,13780900
2002-07-01,18.797746658325195,19.00583837573118,18.719132781327147,18.853237665364972,10499000
2002-07-02,18.571155548095703,18.890231042948095,18.40468076329365,18.86710993706499,11871500
2002-07-03,18.455543518066406,18.668260460041196,18.321438668723967,18.566527267459737,10466200
2002-07-05,18.73761558532715,18.73761558532715,18.400042765846386,18.47403130485551,5859600
2002-07-08,18.66364288330078,18.793122495429845,18.57115669005399,18.659017603423365,9932500
2002-07-09,18.40467071533203,18.742243616205158,18.35842852881157,18.659006269247254,10620500
2002-07-10,17.678672790527344,18.62202903195602,17.433585814049177,18.612780233821088,17564900
2002-07-11,17.156116485595703,17.80351783993118,17.137620664863917,17.678661788851052,20845000
2002-07-12,16.892534255981445,17.317969940174816,16.716812470187687,17.230107283250934,16154100
2002-07-15,16.531835556030273,16.786171134856207,15.662468604890629,16.693684988730453,23645400
2002-07-16,16.27750587463379,16.619702446044293,15.963053922294478,16.18964321016927,19740700
2002-07-17,16.46710205078125,16.827796217532615,16.323748381520666,16.60120692550626,16858000
2002-07-18,16.069406509399414,16.827789728605968,15.953799268324598,16.536458987170008,15296800
2002-07-19,14.982701301574707,15.949178046381602,14.659000627251613,15.560737589999244,27638900
2002-07-22,13.997730255126953,15.121433204493863,13.757266891062102,14.982704815540687,36083000
2002-07-23,14.298309326171875,14.450910910102008,13.868250076365063,14.196575230889655,33082700
2002-07-24,15.690217018127441,15.791951968496965,14.1040853153157,14.289056749605692,39491200
2002-07-25,15.676346778869629,16.046289696229636,15.30177858277745,15.694842601717397,26839400
2002-07-26,16.22663116455078,16.27749862890782,15.606976330069912,15.722583562144505,15832500
2002-07-29,16.80004119873047,16.850906891149478,16.34223585475062,16.601196649368383,16119400
2002-07-30,16.494844436645508,16.81854514544655,16.27750396858675,16.81854514544655,17310000
2002-07-31,16.99889373779297,17.054386502497376,16.300626540186688,16.425482614730942,18178800
2002-08-01,15.560744285583496,16.550342554933184,15.49600271164002,16.300630347519473,21654000
2002-08-02,15.542244911193848,15.838199302038667,15.16767664301551,15.653226925746997,16048500
2002-08-05,15.028949737548828,15.833577361208153,14.945712336341742,15.560744049257707,12727000
2002-08-06,15.445130348205566,15.838194319127965,15.292527921171633,15.329523090401713,13252700
2002-08-07,15.861323356628418,15.907567341311575,15.26016566796852,15.606987614967805,13860900
2002-08-08,16.647445678710938,16.652069193005445,15.768829784501577,15.86594122495444,15591700
2002-08-09,16.801036834716797,16.894117730205643,16.26582479255415,16.64745486622505,12980800
2002-08-12,16.628826141357422,16.73121522887012,16.33562215689686,16.414741481439158,9439000
2002-08-13,16.214622497558594,16.70794976620187,16.196005972243096,16.335626361370192,9547400
2002-08-14,16.935993194580078,16.987187743070333,16.247197849823184,16.475245808906337,11688300
2002-08-15,17.285057067871094,17.39209948247725,17.024432675915413,17.126820069024923,11510300
2002-08-16,17.150089263916016,17.32694279195989,16.99185227048107,17.26178669619911,11337900
2002-08-19,17.294353485107422,17.350201277205706,16.963918200086077,17.010457730939763,9356000
2002-08-20,16.8382568359375,17.247811393036383,16.572977643651726,17.17800033175316,11069800
2002-08-21,16.959259033203125,17.043031588542746,16.66140184771508,16.884794736831115,11093700
2002-08-22,17.233850479125977,17.331586333400452,16.912723458993497,16.959262989319036,9142900
2002-08-23,16.824302673339844,17.150083033797365,16.689335509510407,17.12681326167466,7933400
2002-08-26,17.066307067871094,17.182657680906605,16.731218509580064,16.84756912261557,7253700
2002-08-27,17.173349380493164,17.59221047796295,16.959262925836935,17.429320347064024,12466500
2002-08-28,16.57763671875,17.052347486543674,16.438016322427075,16.91738033410466,9397500
2002-08-29,16.470598220825195,16.475253241171146,16.126201280768115,16.298399750796655,9310000
2002-08-30,16.498525619506836,16.84757763497438,16.172743383329717,16.172743383329717,9368500
2002-09-03,15.646827697753906,16.14946312608954,15.549093622922825,15.940031697616359,14548800
2002-09-04,15.739910125732422,15.842299229004606,15.130232300000738,15.679407312401642,13640900
2002-09-05,15.716645240783691,15.87022716802526,15.335015269613814,15.386209837150982,11370000
2002-09-06,15.967960357666016,16.24720114653069,15.814376681031701,16.15412029178592,10377600
2002-09-09,15.823680877685547,16.056382067063275,15.66079075526881,15.940031472374411,9958300
2002-09-10,16.191349029541016,16.21927203576543,15.907453297131678,16.005187369655467,8178000
2002-09-11,16.102922439575195,16.66140567845447,16.04242140542882,16.28908411099138,7353100
2002-09-12,15.632866859436035,16.02380495076262,15.590980571959284,16.02380495076262,9552000
2002-09-13,15.860917091369629,15.94003465939949,15.265200720205021,15.632869099021464,9357400
2002-09-16,16.00984764099121,16.04242567585579,15.684065516975682,15.744568342596933,7673900
2002-09-17,15.390859603881836,16.00984574369339,15.344320066839112,16.00984574369339,12224900
2002-09-18,15.451361656188965,15.763180444726903,15.246583442467859,15.35828081134932,10012900
2002-09-19,15.0604248046875,15.488594241724496,14.995268740387923,15.153505657416725,10140000
2002-09-20,15.297783851623535,15.39551975256996,15.125585376745759,15.167471684188476,21231700
2002-09-23,15.2279691696167,15.479285150556205,15.120926816085714,15.181427858057898,10427600
2002-09-24,14.869611740112305,15.158160822311533,14.799800647874994,15.12558278603274,13701000
2002-09-25,15.176774978637695,15.330356872042001,14.753258797825845,15.302433859806426,12000200
2002-09-26,15.893499374389648,15.963308698615263,15.125584380317816,15.521175877039662,13715800
2002-09-27,15.274508476257324,15.944687374306918,15.260546970684253,15.777143981321627,12682200
2002-09-30,14.84633731842041,15.274507588920926,14.511247888861842,15.274507588920926,19363000
2002-10-01,15.786452293395996,15.786452293395996,14.906841833200021,14.976652919876079,16805900
2002-10-02,15.195390701293945,16.065692785612956,15.009229011162748,15.404820383479722,19597200
2002-10-03,15.442051887512207,15.72594763765762,15.195389181817664,15.288468242206285,18259400
2002-10-04,15.386207580566406,15.725951198957203,15.209354130113088,15.54444450457839,15938100
2002-10-07,15.446703910827637,16.00984212378556,15.358278100292177,15.358278100292177,13892400
2002-10-08,15.21866512298584,15.684067715276722,15.088351189892796,15.684067715276722,17219700
2002-10-09,15.279168128967285,15.590987017132322,14.925461160640058,14.939422670447444,17765000
2002-10-10,15.72594928741455,15.744565811592983,15.13954120338017,15.395513972409958,16141900
2002-10-11,16.075008392333984,16.168089279928274,15.674761818437718,15.828343773903573,11921300
2002-10-14,16.256507873535156,16.284432659930985,15.930725800395017,16.056384676122047,8033300
2002-10-15,16.894107818603516,16.90341608022838,16.382165856821647,16.405435623199118,18042600
2002-10-16,16.535751342773438,16.95926757457068,16.512481571319256,16.894111504351066,13574500
2002-10-17,16.894107818603516,16.987188659482776,16.638136837712583,16.917377584980986,10699300
2002-10-18,16.75448989868164,16.98719114727444,16.568328189659546,16.777759668466995,12215000
2002-10-21,16.75448989868164,16.894110292763393,16.52178865008884,16.63813927438524,10410300
2002-10-22,16.372854232788086,16.75913724635941,16.037763984586256,16.75913724635941,13355000
2002-10-23,16.349590301513672,16.40078486050834,15.809723473208338,16.12619731483936,12338700
2002-10-24,16.13550567626953,16.549715440159318,15.972615492706582,16.52179064781859,9756800
2002-10-25,16.340280532836914,16.358897057186798,15.88883958188432,15.916764368409147,11126200
2002-10-28,16.121540069580078,16.354241287155702,15.926071898993865,16.22392917343156,8998200
2002-10-29,15.465327262878418,15.87488202356346,15.158161636207117,15.590986170430758,15179700
2002-10-30,15.860917091369629,15.91210987195802,15.497901956108663,15.56771303702757,14989100
2002-10-31,15.665449142456055,16.40078599455285,15.409478105153035,15.972614742293635,19459100
2002-11-01,16.13085174560547,16.214624343693668,15.693374003099146,15.730605282599582,12021700
2002-11-04,15.944698333740234,16.172746475274113,15.833002661643775,16.056395781207392,12400600
2002-11-05,16.559022903442383,16.684680024473977,15.963306456572646,16.06104056198378,13838300
2002-11-06,16.340280532836914,16.51247894464966,15.916764368409147,16.45197612819727,13006800
2002-11-07,16.15288734436035,16.44333899845886,15.932705300551744,16.373069388168958,10042900
2002-11-08,16.213796615600586,16.30280554470709,16.12010197139144,16.255959116140865,9743200
2002-11-11,15.867127418518066,16.32154529423065,15.740639913307037,16.232536362597738,8758800
2002-11-12,15.946764945983887,16.20442382724068,15.8249613960307,16.045143499123988,10448700
2002-11-13,15.646939277648926,16.10135514045932,15.459550077036322,15.998292688490661,12262900
2002-11-14,16.162261962890625,16.32622622449518,15.84838700865436,15.904603071622146,13057100
2002-11-15,16.326229095458984,16.391816598710776,16.031093372671233,16.045146944115395,11186000
2002-11-18,16.3824462890625,16.527671286950003,16.176317718522824,16.40118378786702,8947500
2002-11-19,16.490196228027344,16.621367668769892,16.330915855521315,16.39650157589259,9911900
2002-11-20,16.508935928344727,16.583891294509918,16.326230547932482,16.349655551859083,10245800
2002-11-21,16.330909729003906,16.58388465874151,16.209106190800092,16.574515018335358,12584600
2002-11-22,16.031089782714844,16.321541512337188,15.951448725853485,16.307487944040147,14077300
2002-11-25,16.2091121673584,16.27469967438463,15.89055142439547,15.974876432066647,9496300
2002-11-26,15.909293174743652,16.10136643593116,15.84370744464213,15.974878904845173,11773100
2002-11-27,16.377758026123047,16.410550877775115,16.04514379532272,16.185684843413917,10478900
2002-11-29,16.302806854248047,16.38713186210211,16.223167561873012,16.38713186210211,5203700
2002-12-02,16.199737548828125,16.583883851398358,15.974869764179905,16.466766032637285,11803800
2002-12-03,16.349655151367188,16.429294444120764,16.06857119482532,16.06857119482532,12990600
2002-12-04,16.288753509521484,16.476141028533025,16.007669550388872,16.354339230529366,13499200
2002-12-05,16.288753509521484,16.34965530206175,16.12010349145729,16.288753509521484,11348800
2002-12-06,16.46676254272461,16.46676254272461,16.08730024701336,16.115409160906097,12631000
2002-12-09,16.166940689086914,16.56045657741539,16.110724644204517,16.46676376497001,12036000
2002-12-10,16.41524314880371,16.433982439254617,16.045150204245246,16.068573423770328,9500900
2002-12-11,16.405864715576172,16.57451466514073,16.23253083944644,16.466766483380294,9995200
2002-12-12,16.340282440185547,16.42929136015689,16.23721816342551,16.396498506110788,9573800
2002-12-13,16.41524314880371,16.64947891820875,16.171637734173217,16.223169889374663,15616600
2002-12-16,16.799379348754883,16.89307395638103,16.537034804816873,16.583883002167944,13512600
2002-12-17,16.64011001586914,16.88839937065851,16.490199259723425,16.81812970894612,11299500
2002-12-18,16.649473190307617,16.69631961324126,16.40118214494516,16.5745178413679,12531800
2002-12-19,16.46676254272461,16.668205291266617,16.35432867422937,16.46676254272461,11564100
2002-12-20,16.72442626953125,16.771272686107242,16.452712049577027,16.701003061243256,20709100
2002-12-23,16.74785041809082,16.968032519927352,16.701003998884737,16.888391462785403,10108900
2002-12-24,16.593252182006836,16.8181199731292,16.583884328863203,16.747848565018945,4196900
2002-12-26,16.546403884887695,16.84622518949423,16.494871763081708,16.686944898037517,7451900
2002-12-27,16.22783851623535,16.640093582029497,16.20909924345484,16.560452566250035,10271000
2002-12-30,16.279382705688477,16.443346996526586,16.265329134209992,16.340284493889804,13358300
2002-12-31,16.368392944335938,16.396501876614956,16.026408976787195,16.274700077559643,11602600
2003-01-02,16.616689682006836,16.654166484015274,16.382453861452255,16.396507438820734,12798800
2003-01-03,16.630735397338867,16.69163718227396,16.490194328861193,16.51361754242803,9221900
2003-01-06,17.042985916137695,17.14604838403385,16.58856819602474,16.60730747639718,11925100
2003-01-07,16.46676254272461,16.893071241181378,16.46207683020463,16.8883855286614,14600300
2003-01-08,16.396488189697266,16.485497053665625,16.307479325728906,16.466759568197553,12677600
2003-01-09,16.7431697845459,16.794700140978577,16.443346566589263,16.443346566589263,11459700
2003-01-10,16.508935928344727,16.72443238268504,16.4433484192579,16.56046629058332,11082500
2003-01-13,16.443347930908203,16.565151514232262,16.34028542241497,16.48551043481625,10181400
2003-01-14,16.593252182006836,16.607307535874572,16.32622369050969,16.387125458400167,9594700
2003-01-15,16.36370277404785,16.588568785276326,16.27937779645265,16.583884858554903,11802500
2003-01-16,16.438661575317383,16.6026258512631,16.34496693745844,16.48082407300008,10829300
2003-01-17,16.265331268310547,16.43866522523559,16.255961623736628,16.43866522523559,10826900
2003-01-21,15.890547752380371,16.18568521102862,15.881179897761058,16.12009950623488,12169800
2003-01-22,15.689106941223145,15.97487297529824,15.642258732056074,15.815592638283105,15991200
2003-01-23,15.651632308959961,15.754696607963075,15.55793765414594,15.623523376392685,10857800
2003-01-24,15.314324378967285,15.609461764146916,15.178469075888644,15.553245715042788,12763400
2003-01-27,14.906758308410645,15.389283230101135,14.794325290923398,15.225318971393605,14653000
2003-01-28,15.300275802612305,15.431447222319964,15.014507963612138,15.10820260072185,15268600
2003-01-29,15.85775375366211,16.045142999878063,15.440814557261719,15.670366294522449,17058100
2003-01-30,15.567307472229004,16.134157548924303,15.548568183641493,16.129473620315885,16315000
2003-01-31,15.99829387664795,16.09667241009178,15.454867299003366,15.567299398060317,16386900
2003-02-03,16.223173141479492,16.24191064860943,15.942089089600946,16.00299090223625,12181700
2003-02-04,16.223173141479492,16.293442814141038,15.857764052745129,16.162271328844188,12801300
2003-02-05,15.988932609558105,16.438664815432848,15.904607597571975,16.387132665099443,12156500
2003-02-06,15.852157592773438,15.927621524637077,15.644630430746885,15.894606166896864,11956900
2003-02-07,15.729521751403809,15.98893060782928,15.592744662526567,15.965346676007771,9300500
2003-02-10,15.852157592773438,15.913472599663287,15.639914722156307,15.823857943623802,10395000
2003-02-11,15.738954544067383,15.97006375565734,15.569160315013756,15.96534624973844,9983900
2003-02-12,15.422945976257324,15.776683261037533,15.418228471574434,15.738950420377893,9607600
2003-02-13,15.625755310058594,15.72008561137949,15.243718399349344,15.422945791938963,11359900
2003-02-14,15.771965980529785,15.795549905877706,15.37578014397672,15.588022877701736,12265900
2003-02-18,15.918180465698242,16.07854146680221,15.734237334855694,15.894598335959664,12118700
2003-02-19,15.932333946228027,16.003082154905027,15.786123620458033,15.922900731790982,9364800
2003-02-20,15.86158561706543,16.102126258892174,15.776688496608585,16.036095565026066,9317900
2003-02-21,16.12099838256836,16.168162666511368,15.814425139332489,16.012519090137754,13706200
2003-02-24,16.03609275817871,16.224753392661274,15.951195652581672,16.003077417024436,12191800
2003-02-25,16.102121353149414,16.125703479602468,15.81913223731095,15.871013995028216,13866500
2003-02-26,15.960634231567383,16.102128855411422,15.861588174796731,15.993649583824267,12328300
2003-02-27,16.02665901184082,16.177586794711043,15.946479414341495,16.007792589181772,12705200
2003-02-28,16.04551887512207,16.23889513032276,15.99835283775583,16.106833824098004,12936600
2003-03-03,16.253053665161133,16.38039934264922,16.130425493803024,16.22003831905697,12094000
2003-03-04,16.14458656311035,16.385129179115484,16.116286902638343,16.36626273880081,10453100
2003-03-05,16.470008850097656,16.470008850097656,16.13985545556389,16.14457116154249,12192000
2003-03-06,16.300216674804688,16.4417112457552,16.229468489728887,16.38982948325976,12140800
2003-03-07,16.408695220947266,16.451143770380742,16.07382433052818,16.08325574222361,13199300
2003-03-10,16.2011661529541,16.451141712436726,16.2011661529541,16.408693168313324,11639200
2003-03-11,16.3049373626709,16.47944732685639,16.29550414849849,16.389834491020952,13179300
2003-03-12,16.064393997192383,16.304934620935303,15.672923771271916,16.304934620935303,18850500
2003-03-13,16.26720428466797,16.33795068337133,15.998362212150683,16.215322512764658,13468400
2003-03-14,16.220033645629883,16.413409959609385,16.0549569626721,16.295497529153568,15109200
2003-03-17,16.53133201599121,16.625662375123078,16.187027734481546,16.248342737797554,17120900
2003-03-18,16.62565803527832,16.62565803527832,16.32851811129693,16.49831235357201,12781400
2003-03-19,16.786022186279297,16.852052892956138,16.606794697298003,16.649243265761946,12074500
2003-03-20,16.786022186279297,16.927516814758498,16.6303768355109,16.682258619100367,12171300
2003-03-21,16.97939682006836,16.98411252753633,16.776587214114745,16.97939682006836,14987200
2003-03-24,16.653955459594727,16.98410888764573,16.649237953936144,16.95581105049921,12115300
2003-03-25,16.82375144958496,17.050144989998646,16.767153964082354,16.814320034669212,11220700
2003-03-26,16.913360595703125,17.035988741032806,16.852045623437764,16.861478834494054,13101600
2003-03-27,16.941650390625,17.050131366696093,16.752991656623497,16.837888716644237,10586700
2003-03-28,16.99354362487793,17.073725035458658,16.800167257149756,16.800167257149756,8197300
2003-03-31,16.484163284301758,16.814318552500364,16.44643043115839,16.719988218843408,14409200
2003-04-01,16.814319610595703,16.90864815098712,16.569061447334548,16.625658931409713,11611000
2003-04-02,16.8378963470459,16.974675205640963,16.795447797799188,16.955808783931094,9436800
2003-04-03,16.53133201599121,16.903935945001017,16.479450228508586,16.84262094168501,12929200
2003-04-04,16.753002166748047,16.776584298392642,16.602074365181053,16.630372203474042,10387200
2003-04-07,16.53133201599121,16.97939987246612,16.50774987600873,16.969966656632742,11947700
2003-04-08,16.309648513793945,16.545473378602757,16.24833354516739,16.5077405366169,12540700
2003-04-09,16.257766723632812,16.606786515309693,16.2247513865607,16.46057625090489,11925300
2003-04-10,16.356809616088867,16.41340706896375,16.18701545826363,16.26719683243692,8725400
2003-04-11,16.191740036010742,16.46058030361744,16.130425052408803,16.319083910812758,9260300
2003-04-14,16.44643211364746,16.465298542149203,16.15872537620168,16.15872537620168,8152000
2003-04-15,16.53133201599121,16.55491415597369,16.32380666526266,16.455868088526106,8858200
2003-04-16,16.361528396606445,16.58792004986558,16.262482385655748,16.58792004986558,9622300
2003-04-17,16.52189064025879,16.536041356621023,16.25776792417791,16.25776792417791,9032300
2003-04-21,16.44643211364746,16.58321102148261,16.366252491317535,16.55491137873,8200400
2003-04-22,16.705833435058594,16.776581617889804,16.271916524683526,16.3615293302955,11554900
2003-04-23,16.66811180114746,16.66811180114746,16.41813786595649,16.587930362054745,12681600
2003-04-24,16.56905746459961,16.663387781518253,16.46057822986357,16.531324618151693,8994600
2003-04-25,16.408695220947266,16.51245694240609,16.271916361750396,16.507741236558374,11468800
2003-04-28,16.70111846923828,16.790731278821255,16.422845029879337,16.451144664106067,11482100
2003-04-29,16.42756462097168,16.696404883056026,16.366249638629238,16.62565668810695,11393000
2003-04-30,16.60207176208496,16.649236017979106,16.36152937910213,16.3756800952312,20392200
2003-05-01,16.734130859375,16.870909701888685,16.503023517804365,16.658666980608967,13476700
2003-05-02,16.99825668334961,17.021838809984924,16.73413218711166,16.73413218711166,12745600
2003-05-05,16.71998405456543,17.078437074143814,16.696401926824922,17.05013924053561,12596200
2003-05-06,16.60207176208496,16.823745923828685,16.536041084152743,16.734133117949394,14761700
2003-05-07,16.70111846923828,16.790731278821255,16.55962389650686,16.606788154350298,9740600
2003-05-08,16.66811180114746,16.842621805005194,16.569065728622967,16.602081086131133,9054400
2003-05-09,16.848608016967773,16.89135899639361,16.70610354420189,16.782106896087505,8604500
2003-05-12,16.886608123779297,16.91035826557534,16.72510462273867,16.801106163697806,12257500
2003-05-13,16.877111434936523,16.938863266870726,16.777359730133625,16.905612698603093,11035700
2003-05-14,16.725099563598633,16.92460468078078,16.68234859648954,16.896103432035012,10511500
2003-05-15,16.76310920715332,16.834359644901383,16.66335750709404,16.777358932298938,8949800
2003-05-16,16.839109420776367,16.891360824843996,16.734606612641105,16.767857176680536,11237700
2003-05-19,16.644357681274414,16.767859534786407,16.634857259924246,16.706107702020365,9147100
2003-05-20,16.77735137939453,16.858104013579396,16.682349026479056,16.715599578196596,10327700
2003-05-21,17.0006103515625,17.019611188701095,16.663353646440456,16.777355045232905,14260600
2003-05-22,17.076610565185547,17.086110983018855,16.90560666822485,16.929356806798406,12442200
2003-05-23,17.090869903564453,17.247624167996083,16.96736802627141,17.02911805890771,9475200
2003-05-27,17.437620162963867,17.46612142100796,16.981610906376666,17.005361048736887,15413000
2003-05-28,17.314125061035156,17.428126513455204,17.1953724910857,17.34262451812996,11783600
2003-05-29,17.08611488342285,17.37587135141613,17.014862639417352,17.314119527412686,10919500
2003-05-30,17.290367126464844,17.32836698949302,17.07661223437011,17.08611265313205,12885000
2003-06-02,17.375869750976562,17.456620595526566,17.271366952599227,17.352117797149226,11442600
2003-06-03,17.56587028503418,17.56587028503418,17.361615831904295,17.447117780285147,11542200
2003-06-04,17.765380859375,17.798631425895213,17.518375356639158,17.561126343882282,12381100
2003-06-05,17.651365280151367,17.717866366691467,17.470861036672023,17.717866366691467,10907400
2003-06-06,17.736881256103516,17.912634525865364,17.64662996882476,17.713131108084912,12194000
2003-06-09,17.793874740600586,17.860375852828255,17.675122236759922,17.698872375124175,8042400
2003-06-10,17.83188247680664,17.87938276969155,17.684628669631383,17.860381927729577,9069100
2003-06-11,18.1453857421875,18.1453857421875,17.912630001545594,17.93163083996936,12358100
2003-06-12,18.1453857421875,18.264138264306503,17.98863154322097,18.1453857421875,10611200
2003-06-13,18.01712989807129,18.16913295693244,17.789125309779564,18.1406317038887,9909500
2003-06-16,18.197629928588867,18.197629928588867,17.92212331670982,18.01712565915152,11095400
2003-06-17,17.893630981445312,18.197638991059325,17.841381388499965,18.197638991059325,13476200
2003-06-18,17.736881256103516,17.91738564268117,17.599127860767407,17.893633682642424,12838200
2003-06-19,17.51837730407715,17.717880725376304,17.504125765398513,17.717880725376304,11749900
2003-06-20,17.523120880126953,17.670374651530054,17.47562059878122,17.565871858145943,20441200
2003-06-23,17.546876907348633,17.570628868009283,17.409125320425883,17.494627305147695,9594900
2003-06-24,17.527877807617188,17.575378104713746,17.456625549952168,17.5468768392437,13179500
2003-06-25,17.413869857788086,17.679876160986716,17.385368600010477,17.499371819101228,11589700
2003-06-26,17.432865142822266,17.480365411966712,17.247611556332156,17.31411265794203,9045000
2003-06-27,17.276113510131836,17.46611823843145,17.20011198121587,17.399617127132398,8980400
2003-06-30,17.0576114654541,17.39011887538112,17.0576114654541,17.304616918199326,13997200
2003-07-01,17.18585968017578,17.242860365298704,16.886602912247,17.07660761201555,12560800
2003-07-02,17.233373641967773,17.23812475984752,17.03387017951156,17.114621063261776,11313500
2003-07-03,17.12886619567871,17.219117469398057,17.005362545305005,17.147865224027083,6905200
2003-07-07,17.124113082885742,17.290367698692584,17.10036294120467,17.147863224566816,10999500
2003-07-08,16.934114456176758,17.105116607103493,16.867611505681772,17.02911504712935,11209500
2003-07-09,17.033859252929688,17.07661022632152,16.77260410976598,16.934107585688533,14858800
2003-07-10,16.862857818603516,17.03386173710968,16.858108515098188,17.03386173710968,13235700
2003-07-11,16.910354614257812,17.00060767042269,16.77735239930234,16.77735239930234,9433600
2003-07-14,16.767860412597656,17.029115671333873,16.744110263988944,16.919863538117642,12027200
2003-07-15,16.715604782104492,16.815358280331576,16.59685225699486,16.815358280331576,12376900
2003-07-16,16.587350845336914,16.839107415683408,16.5826015419053,16.753605457757374,13334600
2003-07-17,16.720355987548828,16.782107808302676,16.577853319056654,16.587351926539025,12737400
2003-07-18,17.043363571166992,17.04811287506663,16.70610500965906,16.86285921864413,13314700
2003-07-21,16.80586051940918,17.024364765291477,16.7583584146391,17.005363923383445,9359000
2003-07-22,16.967355728149414,17.05285766277205,16.7488497774365,16.820101993628406,9317400
2003-07-23,16.943613052368164,16.991115159827327,16.767859784819557,16.967365012107805,8493600
2003-07-24,16.74410629272461,17.067113310850807,16.725105453536067,16.976862042734865,10877900
2003-07-25,16.986358642578125,17.000610176294927,16.7061026397416,16.744104313627016,10994400
2003-07-28,16.981616973876953,17.090869117385328,16.900866098596122,16.957866823030848,14999300
2003-07-29,16.829601287841797,17.010105561345828,16.77734990772071,16.981604314365505,13576600
2003-07-30,16.77735137939453,16.97685650171895,16.77735137939453,16.948355252238557,11486200
2003-07-31,16.900859832763672,17.185865161294654,16.843857317441724,17.038611381409158,17034800
2003-08-01,16.7821044921875,16.900856994468977,16.725101986438435,16.896105879646864,13680100
2003-08-04,16.91511344909668,16.97686528223295,16.682357654672337,16.862862037367535,12784900
2003-08-05,16.791610717773438,17.024366525157518,16.77261168592143,16.95786538362498,11673200
2003-08-06,16.981616973876953,17.0718682719003,16.74411184137518,16.815364105933853,13184200
2003-08-07,17.2191219329834,17.266622234197285,16.915115656365703,16.915115656365703,14103000
2003-08-08,17.347370147705078,17.390121131843145,17.266617483435464,17.266617483435464,13370600
2003-08-11,17.466947555541992,17.591300704222853,17.01736084937543,17.457381648026495,9115700
2003-08-12,17.557817459106445,17.576949270344308,17.385634806985564,17.576949270344308,8645100
2003-08-13,17.457374572753906,17.61999128559008,17.40476301499668,17.600859478312984,8106200
2003-08-14,17.667829513549805,17.672613380476196,17.486082709581286,17.576956111565543,9590500
2003-08-15,17.615211486816406,17.667821226756434,17.53390220780037,17.667821226756434,6030300
2003-08-18,17.658246994018555,17.706076495738497,17.615203179234012,17.629551117495524,9160000
2003-08-19,17.54347038269043,17.744348937117174,17.433465199383875,17.639127619112227,9648300
2003-08-20,17.600862503051758,17.658256110236668,17.438245762269617,17.457377572834545,6918400
2003-08-21,17.720417022705078,17.763462643995382,17.553018397969552,17.68693729775797,8796900
2003-08-22,17.471723556518555,17.816088809977316,17.457375612460996,17.706083648346805,9335500
2003-08-25,17.586517333984375,17.60564914756988,17.37128899242285,17.3856369403569,7210700
2003-08-26,17.615211486816406,17.65347328172823,17.390417283988903,17.586513772250196,9078900
2003-08-27,17.81608772277832,17.81608772277832,17.720430511042697,17.744344357849215,11703600
2003-08-28,17.959566116333008,17.969132016489112,17.691728209997624,17.868692801613346,12248200
2003-08-29,18.03131103515625,18.050442837144793,17.83999666428892,17.959567689953737,8421400
2003-09-02,18.16045379638672,18.165235836165692,17.935659612072325,18.074362484288,10965000
2003-09-03,18.21306610107422,18.270459703316465,18.12697478545599,18.165236578780913,11289200
2003-09-04,18.25132942199707,18.294375083409015,18.160456058798463,18.174804004432488,10441200
2003-09-05,18.16045379638672,18.23697920441784,18.06957861999938,18.17480174023329,8708300
2003-09-08,18.399595260620117,18.41394320394896,18.126973390314625,18.222628778519685,8282000
2003-09-09,18.227420806884766,18.36612373622198,18.07915196954046,18.294380338424,9348700
2003-09-10,18.174802780151367,18.270460001790955,18.07914555851178,18.222630478716287,9128900
2003-09-11,18.174802780151367,18.342201549638336,18.146105066306564,18.222630478716287,9576100
2003-09-12,18.045665740966797,18.20828246982762,17.969140328826985,18.174802716048312,12423000
2003-09-15,17.940446853637695,18.0648018180632,17.91653299878977,18.031322056374066,7991500
2003-09-16,18.03609848022461,18.03609848022461,17.825654068791184,17.87348176359118,9303200
2003-09-17,17.6199893951416,17.95957072758331,17.605641453477954,17.95957072758331,14564500
2003-09-18,17.73478126525879,17.763477153219036,17.576946583438783,17.576946583438783,10824700
2003-09-19,17.691734313964844,17.77304175658093,17.60564300736573,17.624772989769234,16882500
2003-09-22,17.562593460083008,17.60085524091613,17.385627022138813,17.529113717663108,11773800
2003-09-23,17.725217819213867,17.7443478056704,17.57694902098876,17.600862872441862,9565900
2003-09-24,17.6486873626709,17.930875108100913,17.615207615290167,17.87826355521422,11743200
2003-09-25,17.76825523376465,17.90695623761282,17.696511888198057,17.744339568903072,11523700
2003-09-26,17.591291427612305,17.69651453028401,17.48128628595977,17.69651453028401,9112500
2003-09-29,17.706083297729492,17.729997145521768,17.509986826617407,17.591294274013077,8813300
2003-09-30,17.505207061767578,17.6821735907941,17.414333689072112,17.5865163527141,11822200
2003-10-01,17.863914489746094,17.863914489746094,17.50520133272702,17.658252133761067,13500900
2003-10-02,17.96435546875,18.016965198923288,17.70129769533627,17.86391439866955,8956800
2003-10-03,18.05523109436035,18.284807323771318,18.05523109436035,18.126974464274266,11383200
2003-10-06,18.217851638793945,18.25611343946496,18.08871464057288,18.107846453163425,7229000
2003-10-07,18.337413787841797,18.361327629662526,18.05044403697471,18.07435787879544,9107400
2003-10-08,18.193937301635742,18.346988149271183,18.083932118929646,18.30394248434184,8165400
2003-10-09,18.1508846282959,18.366112869838798,18.09827307763993,18.294369514488057,11186300
2003-10-10,18.318279266357422,18.380456705472234,18.198708250487584,18.22262208875977,8229000
2003-10-13,18.404376983642578,18.52394804135167,18.346983386804887,18.35176542632905,8759700
2003-10-14,18.52872657775879,18.533508615907955,18.270452729487197,18.390023752815633,7902900
2003-10-15,18.409162521362305,18.605259000853128,18.31828734155528,18.53351562990124,9372600
2003-10-16,18.610042572021484,18.61960847723612,18.409164036043716,18.409164036043716,8475900
2003-10-17,18.490463256835938,18.610034281989947,18.42350377467114,18.610034281989947,9626300
2003-10-20,18.471338272094727,18.55264754795275,18.33263721835294,18.490470081062465,8157800
2003-10-21,18.342199325561523,18.50481603527787,18.30393753625096,18.476120149422325,11989100
2003-10-22,17.863914489746094,18.165234052504765,17.816086798614005,18.079142748859432,21405100
2003-10-23,17.983488082885742,17.983488082885742,17.672604397584973,17.744345944419123,11554200
2003-10-24,18.103050231933594,18.103050231933594,17.753903100753963,17.753903100753963,9355400
2003-10-27,18.05044937133789,18.208282233605626,18.002619849052426,18.083929124682857,7462100
2003-10-28,18.174802780151367,18.246546152508497,17.993054241487123,18.165236875536433,12176700
2003-10-29,18.08392906188965,18.236979883652257,17.701300182973416,18.174802417151913,9407400
2003-10-30,17.361717224121094,17.906960955656487,17.275625916561868,17.84478531926003,25982900
2003-10-31,17.495637893676758,17.610425086393708,17.428676569330747,17.433460433324516,16705600
2003-11-03,17.54347038269043,17.691739190369717,17.481292905339757,17.65825760678856,11876500
2003-11-04,17.371286392211914,17.553034945048957,17.31389278455649,17.46694362131088,15295300
2003-11-05,17.23258399963379,17.395200746452158,17.18475629595601,17.333025096573035,12435800
2003-11-06,17.179962158203125,17.24213959541348,17.098654745666302,17.170398082794318,12125600
2003-11-07,17.126996994018555,17.305202009469994,17.093282581292545,17.29075350038676,13687500
2003-11-10,17.22332000732422,17.266667364748333,17.074013871872463,17.126994179534982,9488500
2003-11-11,17.362995147705078,17.47377132025263,17.319647789986696,17.396709555119664,10420300
2003-11-12,17.34854507446289,17.45932123700824,17.3003803272928,17.387075034901724,8794300
2003-11-13,17.46413230895996,17.502664096802555,17.290744775558597,17.33409211823313,9999600
2003-11-14,17.338909149169922,17.565278828774655,17.04992806493586,17.507481142090302,18263300
2003-11-17,17.146251678466797,17.223313413574413,17.03547554908064,17.107721729561334,10461200
2003-11-18,16.929519653320312,17.1944192973864,16.924702260588077,17.12217310477883,12526900
2003-11-19,17.069190979003906,17.136621608948918,16.881353103113383,16.886170495329285,14499800
2003-11-20,17.006574630737305,17.483393432766647,16.910247024709314,16.977675797740027,10228100
2003-11-21,17.02103614807129,17.194425604088963,16.934341420062452,17.165526748986792,16137500
2003-11-24,17.126996994018555,17.223322837637042,17.049935216745148,17.088465186733004,13648900
2003-11-25,17.252222061157227,17.31483533068318,17.078832599268573,17.098098503322365,9780500
2003-11-26,17.4737606048584,17.52192532684144,17.261841340021856,17.29074017321168,10033500
2003-11-28,17.43523597717285,17.546012115543476,17.401521580159915,17.54119472322915,4779200
2003-12-01,17.526744842529297,17.67605275848521,17.444867552593173,17.579725130039353,13145700
2003-12-02,17.579729080200195,17.623076430876136,17.46895292564993,17.493034378848314,10813500
2003-12-03,17.59899139404297,17.67123573892721,17.55564405219373,17.55564405219373,21433400
2003-12-04,17.830181121826172,17.863895525439222,17.45932084478541,17.49303524839846,13984700
2003-12-05,17.714584350585938,17.883158175326272,17.632707053055356,17.883158175326272,9917000
2003-12-08,18.013202667236328,18.051732625066037,17.753118562021612,17.772384459585027,12064100
2003-12-09,18.128793716430664,18.239569867431946,18.0758134187133,18.15769256172115,12453700
2003-12-10,18.201038360595703,18.239568313737216,18.099895166640227,18.215486863361658,10492600
2003-12-11,18.25883674621582,18.302184097834154,18.18659054775288,18.287735593060425,11813100
2003-12-12,18.331083297729492,18.3599803078335,18.19140829123619,18.273285602927114,7449200
2003-12-15,18.205856323242188,18.302183974779403,18.109528671704975,18.258836623452513,11926200
2003-12-16,18.528547286987305,18.605609014167356,18.234748877958207,18.278096214328016,12930300
2003-12-17,18.726028442382812,18.740476950071017,18.504474246477745,18.60561931218773,12796200
2003-12-18,18.98128318786621,19.024630520772483,18.77417946812473,18.783812412914603,14683900
2003-12-19,19.072797775268555,19.101696616256284,18.92830724492346,19.019819322736215,17423600
2003-12-22,19.01019859313965,19.034280057457615,18.88015648106508,18.95240087401898,11379300
2003-12-23,19.14504623413086,19.14504623413086,18.880146590803545,18.904228042506574,10700500
2003-12-24,19.18358039855957,19.25100920658378,19.05353833852836,19.08243534922604,4253700
2003-12-26,19.289525985717773,19.33287330944147,19.173934347318557,19.173934347318557,4619200
2003-12-29,19.544797897338867,19.554429004527705,19.3087953506938,19.313610904288222,12274700
2003-12-30,19.59296989440918,19.732644898456694,19.52072369581987,19.544806986881074,9806300
2003-12-31,19.747093200683594,19.809706449665544,19.597785249202676,19.713378798300344,11637000
2004-01-02,19.56888198852539,19.85304745876125,19.458105867897384,19.75671983816838,12180000
2004-01-05,20.02643585205078,20.050517296724905,19.73745300407192,19.79524883874911,14668100
2004-01-06,19.891582489013672,20.01199158620782,19.72782604333775,19.997543082479567,12364400
2004-01-07,19.747093200683594,19.86750230556581,19.525540888651626,19.785624996148528,13561500
2004-01-08,19.698925018310547,19.7037405728055,19.414759533395667,19.7037405728055,14608300
2004-01-09,19.405136108398438,19.549626698998846,19.275094025668803,19.48219787920516,15826200
2004-01-12,19.679662704467773,19.69411120787672,19.51590626241079,19.602600957458428,10321800
2004-01-13,19.59296989440918,19.737460454290645,19.472560788291766,19.684480153631437,9365500
2004-01-14,19.59296989440918,19.60741839920818,19.41476493179861,19.544806986881074,8539500
2004-01-15,19.400312423706055,19.62668210586827,19.37141541733433,19.592967706903295,10256500
2004-01-16,19.506282806396484,19.506282806396484,19.303996311047943,19.434036579601795,13305200
2004-01-20,19.689285278320312,19.727815212875267,19.506263036620254,19.506263036620254,10790000
2004-01-21,19.954195022583008,19.96864352579614,19.655580986630994,19.72782533999359,11511800
2004-01-22,19.88195037841797,19.987910976348136,19.72301131881981,19.9541965746971,9422700
2004-01-23,19.7663631439209,19.95420109201368,19.626688112719467,19.915669288662592,11739000
2004-01-26,20.01198959350586,20.01198959350586,19.689294127060645,19.77117142309713,9565700
2004-01-27,19.838600158691406,20.11795011744915,19.800070206933306,19.954193688559364,10386700
2004-01-28,19.65558624267578,20.016813617974396,19.462930907597542,19.93975185140259,12189400
2004-01-29,19.973464965820312,20.03126082768153,19.824156998940072,19.968647572241775,16666200
2004-01-30,19.645950317382812,19.867502633066906,19.539989715404698,19.81933972523894,11082300
2004-02-02,19.5977783203125,19.872310835397872,19.45328781299859,19.872310835397872,13964900
2004-02-03,19.462923049926758,19.650760915279584,19.448474548683215,19.650760915279584,10048500
2004-02-04,19.434024810791016,19.511086548632814,19.289534281999735,19.289534281999735,12106600
2004-02-05,19.44847869873047,19.530356006310996,19.30880369924912,19.49664160468406,9355100
2004-02-06,19.511089324951172,19.535172614257267,19.313618478801523,19.376231723862734,9928700
2004-02-09,19.738862991333008,19.82125056562934,19.48685665922923,19.535320481964074,8845600
2004-02-10,19.9133358001709,19.981183326273005,19.627405619664565,19.666176690983733,8722600
2004-02-11,20.31556510925293,20.344643397873686,19.860016346427322,19.87455456638496,14555600
2004-02-12,20.31072425842285,20.354340776893,20.136258184542253,20.2477222098091,9826100
2004-02-13,20.31072425842285,20.427035590578555,20.1701819379406,20.30103149335105,11234500
2004-02-17,20.465810775756836,20.572429373960762,20.41734878495857,20.451272548258647,8597700
2004-02-18,20.257417678833008,20.490038525488643,20.257417678833008,20.40765278444038,7767600
2004-02-19,20.330116271972656,20.538506165708498,20.286499739592912,20.305885275918687,10518900
2004-02-20,20.368879318237305,20.572423690511947,20.305879117345622,20.45126689828126,11256400
2004-02-23,20.635427474975586,20.688734915125774,20.427037626922534,20.46580684236868,9583000
2004-02-24,20.50457191467285,20.645112359390744,20.456108098644656,20.5966503920681,10385600
2004-02-25,20.669349670410156,20.717811648233585,20.494883592316288,20.572423866057346,10275000
2004-02-26,20.50457191467285,20.717807159080262,20.499724608717255,20.654805122596382,9332700
2004-02-27,20.43673324584961,20.70812521123238,20.407656789752306,20.577275612674967,13338600
2004-03-01,20.606346130371094,20.66450086929563,20.504574875076706,20.635424424186272,15990500
2004-03-02,20.37372398376465,20.538497273783893,20.359183913462036,20.451264246791016,11886600
2004-03-03,20.305871963500977,20.373719447454256,20.160482385080766,20.368872142197432,13615700
2004-03-04,20.233190536499023,20.29134529704994,20.19926677211878,20.257421532669696,8363400
2004-03-05,20.59181785583496,20.625741623988514,20.184730789285624,20.218654557439177,12789200
2004-03-08,20.625734329223633,20.71296737325414,20.548194051052743,20.596656031644777,10421600
2004-03-09,20.73236083984375,20.814748464176102,20.509432665991156,20.523970897288127,14112100
2004-03-10,20.5627384185791,21.032827535325765,20.5627384185791,20.838975857632587,18667900
2004-03-11,20.039337158203125,20.6208902601626,19.937565873754462,20.499733440950475,14986100
2004-03-12,20.368879318237305,20.397957613906808,20.044180002437912,20.087796521589198,11271700
2004-03-15,20.24772071838379,20.494881587744338,20.18472052311647,20.24772071838379,11621200
2004-03-16,20.38826560974121,20.475498651300033,20.20410676103858,20.33011086493733,9720000
2004-03-17,20.470643997192383,20.65964821943145,20.431872952268893,20.470643997192383,9077700
2004-03-18,20.577266693115234,20.6208832070614,20.33495313757114,20.40280063733057,10556900
2004-03-19,20.112022399902344,20.557878394642035,20.09748418011467,20.456107158717383,18987700
2004-03-22,19.84063720703125,20.10233634273794,19.787329767126035,19.990872306871626,12364500
2004-03-23,19.753408432006836,19.966645632548772,19.608020608086914,19.874565260057853,10905800
2004-03-24,19.433555603027344,19.84064264275387,19.341477073921393,19.724333116378627,13192300
2004-03-25,19.50624656677246,19.559555859393903,19.389935214806933,19.482015574318957,12703200
2004-03-26,19.74371910095215,19.93756893220457,19.54017465212448,19.55471288107409,11345400
2004-03-29,19.9133358001709,20.068416388034695,19.801871743187945,19.806717202749624,9621800
2004-03-30,20.136255264282227,20.189564540093002,19.995712964182122,20.06840776732511,10453100
2004-03-31,20.155637741088867,20.339796525461484,20.078097492201245,20.184716027686235,12630500
2004-04-01,20.121723175048828,20.349498568850755,20.07810664961242,20.305882043414346,11381200
2004-04-02,20.31072425842285,20.349495318710055,20.1604891728688,20.349495318710055,11270900
2004-04-05,20.475505828857422,20.514276904788296,20.330117991529942,20.339810760512663,8649100
2004-04-06,20.446422576904297,20.5481957022555,20.354344066897802,20.38342236681332,7449500
2004-04-07,20.305871963500977,20.490028891744082,20.29617920169261,20.36402668564589,10144700
2004-04-08,20.572425842285156,20.805046685854343,20.431883504908107,20.46580726238448,12242600
2004-04-12,20.89227867126465,21.018280928528092,20.645117766550843,20.693581595272196,9950600
2004-04-13,20.75172996520996,21.052198216141463,20.742037202443726,21.027967233578604,12351400
2004-04-14,20.984357833862305,20.984357833862305,20.601501894079384,20.63542749960613,11549600
2004-04-15,21.16851043701172,21.241205236552712,20.596650349986245,20.984351633891936,12009400
2004-04-16,21.255752563476562,21.275138098153484,21.10551744278993,21.19759780815214,10278000
2004-04-19,21.192745208740234,21.255747256356752,21.066742962213077,21.250899949544625,7110700
2004-04-20,20.984357833862305,21.187902223492326,20.693582247197813,21.187902223492326,10363100
2004-04-21,20.81473731994629,20.834122850434508,20.54819274620406,20.625733019450998,10862800
2004-04-22,20.984357833862305,21.10551463642353,20.645118416949668,20.688734939819952,10243300
2004-04-23,20.82442855834961,20.96012356440615,20.72750276172102,20.96012356440615,7957300
2004-04-26,20.843814849853516,21.052204691663324,20.824431167064212,20.960126190119517,9476400
2004-04-27,21.202442169189453,21.309060755683376,20.868050032512485,20.87289549157755,13363000
2004-04-28,20.897119522094727,21.226666089912744,20.897119522094727,21.168511356975927,11798800
2004-04-29,20.616046905517578,21.18790729847656,20.596661368775045,20.960131863518132,13531100
2004-04-30,20.620878219604492,21.061888710081767,20.620878219604492,20.79049877668361,13186400
2004-05-03,21.16851043701172,21.178203200197554,20.75657816949421,20.790501916291863,12381400
2004-05-04,21.090972900390625,21.270284420691013,20.960123353564143,21.149127638300467,13133700
2004-05-05,21.318754196166992,21.32359965538517,20.940743672428514,21.02313126878796,13154500
2004-05-06,21.241207122802734,21.439904163993084,21.08612474676337,21.275130872612863,11523100
2004-05-07,20.96012306213379,21.226667609945782,20.863197267827857,21.081279842839766,10017200
2004-05-10,20.378576278686523,20.766277723897513,20.155648178778495,20.65966098190594,16300500
2004-05-11,20.778532028198242,20.79804283416569,20.48587738129799,20.632204704748116,11286400
2004-05-12,20.973642349243164,20.98827452756611,20.612699778498925,20.61757841170884,13372400
2004-05-13,20.841943740844727,21.080946491252668,20.75414696401349,20.802923984838117,10251200
2004-05-14,21.105321884155273,21.246772371887037,20.841931705755165,20.87607467029014,10644700
2004-05-17,20.998027801513672,21.237030566892972,20.978516991961644,21.11996757023402,10229800
2004-05-18,20.822431564331055,21.002903738544212,20.75414560031655,20.998025106455763,11444100
2004-05-19,20.778532028198242,21.032166923816465,20.700490664981317,20.876084197382614,13681100
2004-05-20,20.841943740844727,21.007781890342272,20.73951478809265,20.7590255964225,8332400
2004-05-21,20.778532028198242,21.11020828703339,20.705369296799613,20.963880963583264,16860700
2004-05-24,20.876079559326172,20.99801927855197,20.729752268385703,20.807793614264117,11629700
2004-05-25,21.37360382080078,21.37360382080078,20.973641503767254,20.973641503767254,12634400
2004-05-26,21.241910934448242,21.37360613023588,21.110215738660603,21.354095317381372,10021700
2004-05-27,21.154117584228516,21.315079025525886,20.978523961232774,21.29069143581066,10616600
2004-05-28,21.095582962036133,21.22727815409489,21.00290939458151,21.02241834623011,10248800
2004-06-01,21.31507110595703,21.388233847919246,21.158988356987212,21.21751892268761,10000700
2004-06-02,21.354093551635742,21.456524380325256,21.319950562290362,21.388236540981122,13583600
2004-06-03,21.241910934448242,21.437015341686266,21.241910934448242,21.319952325212746,8656000
2004-06-04,21.154117584228516,21.261425211760095,21.0760761807475,21.21752680601116,10021500
2004-06-07,21.461402893066406,21.461402893066406,21.276053892552394,21.461402893066406,10918000
2004-06-08,21.407743453979492,21.578460230273095,21.324825312283508,21.456520473200392,12847800
2004-06-09,21.19312858581543,21.310189701992144,21.022411822132792,21.144351570197724,11655300
2004-06-10,21.451644897460938,21.52968627868097,21.276051324552544,21.29068536273044,9130400
2004-06-14,21.388235092163086,21.495542686067296,21.31994911809795,21.456522926881465,9361500
2004-06-15,21.500417709350586,21.67600938718809,21.42725311476193,21.466272867397063,12675200
2004-06-16,21.81745719909668,21.88086638238457,21.58333313078681,21.6564977161692,12110000
2004-06-17,21.83696746826172,21.900376649996034,21.778436917781473,21.851599640718618,9028200
2004-06-18,21.939403533935547,21.939403533935547,21.778444002589502,21.836974572110496,14795000
2004-06-21,21.81745719909668,21.949152336393364,21.778437451371385,21.89549855519997,9680900
2004-06-22,21.90036964416504,21.944268008145496,21.65649025775185,21.671122425527987,10466000
2004-06-23,22.17352867126465,22.178407304325507,21.866241771950726,21.905261533170904,14556800
2004-06-24,22.080846786499023,22.20766328847538,22.075968155277256,22.100357590080815,10005300
2004-06-25,21.583332061767578,22.085723150508365,21.583332061767578,22.085723150508365,21641100
2004-06-28,21.646747589111328,21.763808721466223,21.46139862545407,21.705278155288777,13641200
2004-06-29,21.739423751831055,21.82722054196946,21.57358557719778,21.583340982841307,10975800
2004-06-30,21.66136360168457,21.768671110147498,21.544300696029396,21.715017355916036,13683200
2004-07-01,21.74917984008789,21.768690651987313,21.558954075702104,21.719913622238757,12630400
2004-07-02,21.812591552734375,21.895509721846594,21.622365766508796,21.656508760926023,7989700
2004-07-06,21.9979305267334,21.9979305267334,21.822338846720506,21.851603196396177,11357400
2004-07-07,22.129621505737305,22.129621505737305,21.900376080380273,21.997926375092575,11595200
2004-07-08,22.105241775512695,22.20767073769635,22.05158797799175,22.188161788223223,10981200
2004-07-09,22.16864776611328,22.21742292370903,22.05646341512066,22.16864776611328,8509900
2004-07-12,22.163776397705078,22.183287211398863,22.017449016308902,22.071102823640008,7527800
2004-07-13,22.05158805847168,22.090609678866873,21.875994487999844,21.99793426075492,8682200
2004-07-14,22.17352867126465,22.18816270979389,21.924772344107662,21.924772344107662,8620600
2004-07-15,22.105241775512695,22.236936952885934,22.04671120578679,22.129629357844053,7925200
2004-07-16,22.354013442993164,22.412544048040605,22.18329654234442,22.29060420214338,11447200
2004-07-19,22.388145446777344,22.480819014272768,21.656506731008847,22.339368416000692,9938200
2004-07-20,22.388145446777344,22.500329826583428,22.310104058188177,22.310104058188177,9733100
2004-07-21,22.032081604003906,22.836885007557903,22.032081604003906,22.329615006053004,11539300
2004-07-22,22.13939094543457,22.266209386017483,21.98818677636374,22.002818957718006,11032700
2004-07-23,22.105241775512695,22.183283155364993,21.98818063606088,22.080854193181338,8865800
2004-07-26,22.110111236572266,22.217416926447942,21.99792505520964,22.080845033522998,10234400
2004-07-27,22.149150848388672,22.168661667923267,22.022334242722135,22.105252434762917,10804000
2004-07-28,22.3442440032959,22.407651343681245,21.754054105604443,22.07109825014404,14716500
2004-07-29,22.451547622680664,22.539344397195652,22.319852460908184,22.466181658868525,13430300
2004-07-30,22.5832462310791,22.602757041871936,22.427163466043094,22.500328076189554,10386000
2004-08-02,22.558853149414062,22.641771284093124,22.368627442182923,22.578363955451326,9796700
2004-08-03,22.87102699279785,22.89541457896369,22.58812764409775,22.593004417069494,13133400
2004-08-04,22.553970336914062,22.85638030687648,22.505193334886332,22.85638030687648,13385800
2004-08-05,22.354013442993164,22.59789313478761,22.23207359709594,22.558871490986395,12025800
2004-08-06,22.00768280029297,22.36374660238103,21.949152248612755,22.227174694909635,10955300
2004-08-09,22.222301483154297,22.456425588023286,22.06134011443956,22.066218746574968,11188000
2004-08-10,22.090599060058594,22.266192546123776,22.007679086904535,22.197904743257688,11748100
2004-08-11,22.144582748413086,22.262345930950246,21.83545111858197,22.154396658926522,14620400
2004-08-12,21.864900588989258,22.291795552452818,21.850178782102446,22.080801081264607,11114400
2004-08-13,22.041534423828125,22.139671642902403,21.86488967566855,21.86488967566855,10270400
2004-08-16,22.124956130981445,22.218185478212703,22.012098961655568,22.090608378221923,10626100
2004-08-17,21.76675796508789,22.061167825004986,21.688248544322516,21.967938472787427,12193200
2004-08-18,21.98756980895996,22.061171349792684,21.747133616556315,21.78638926911713,11676300
2004-08-19,22.124956130981445,22.16911779478828,21.963029406419004,21.972843317466317,12140000
2004-08-20,22.203468322753906,22.399742824608172,22.149492741153363,22.174026585932054,11687200
2004-08-23,22.075883865356445,22.35066583039726,22.00718650228449,22.301598157157617,9928700
2004-08-24,22.007192611694336,22.07588999383735,21.8403598558287,22.07588999383735,10468600
2004-08-25,22.174013137817383,22.174013137817383,22.03171617567642,22.06115602283119,11653300
2004-08-26,22.203468322753906,22.272163836859185,22.046449469995444,22.080797227048084,9745100
2004-08-27,22.296682357788086,22.36537969649209,22.25252071881248,22.262334624341626,7397200
2004-08-30,22.144582748413086,22.419364755541157,22.124954927386213,22.25253202043681,8082100
2004-08-31,22.62054443359375,22.6352662347441,22.198557527460405,22.198557527460405,12139600
2004-09-01,22.787384033203125,22.84135961946695,22.58620349373685,22.669620819366177,11611800
2004-09-02,23.05234718322754,23.057255074228078,22.792285114558204,22.9198622033926,9095600
2004-09-03,23.091604232788086,23.17992755806659,23.003280907509577,23.052348589636708,11637000
2004-09-07,23.135766983032227,23.184834667466014,22.890424817238937,23.096511338035455,14954000
2004-09-08,23.096498489379883,23.175007863886233,23.037616926452902,23.06215075502155,10237500
2004-09-09,23.297697067260742,23.33204482843468,23.111236455307516,23.165212043384443,11108200
2004-09-10,23.24371337890625,23.376198356612424,23.121042311231488,23.35166451743986,9276700
2004-09-13,23.3074951171875,23.395818406323855,23.243705659075395,23.322215041439783,9492300
2004-09-14,23.29277992248535,23.444890828808287,23.248618268950246,23.37128932079091,9744600
2004-09-15,23.273155212402344,23.43508004911024,23.23880746304576,23.33203680104049,11509200
2004-09-16,23.33203887939453,23.35166670129296,23.209367800247545,23.21427569162821,7683700
2004-09-17,23.73440170288086,23.827632928195015,23.415457995545594,23.444897858855523,18770400
2004-09-20,23.65589141845703,23.857071921592297,23.61172975329016,23.739308729022103,11671300
2004-09-21,24.283960342407227,24.347747936659772,23.793276173508254,23.79818219160016,16189600
2004-09-22,23.97483253479004,24.14657127199152,23.90122914923978,24.1416652531337,13901800
2004-09-23,23.435075759887695,23.729487392817436,23.39582199858403,23.6019084570044,17358300
2004-09-24,23.469438552856445,23.567573947124426,23.356579480185474,23.38111520056513,12711100
2004-09-27,23.53321075439453,23.68532351067211,23.381099869928388,23.381099869928388,12067500
2004-09-28,23.812902450561523,23.930667476340567,23.616629903345228,23.62644381147778,13271700
2004-09-29,23.626449584960938,24.431171530360466,23.361479616067324,23.758932697595704,16320600
2004-09-30,23.714778900146484,23.739312746766473,23.54794612259304,23.626455554864513,13737000
2004-10-01,23.989551544189453,24.023899290313963,23.729489503014793,23.773651158290846,11307500
2004-10-04,24.004270553588867,24.26433445662506,23.807997993502887,23.92085513670996,13297900
2004-10-05,24.200559616088867,24.298696891367225,24.09260842610139,24.10242234081051,10938300
2004-10-06,24.54892921447754,24.54892921447754,23.749115339396873,24.21526381841738,12856100
2004-10-07,24.40663719177246,24.75992860460749,24.205456709528903,24.205456709528903,10731300
2004-10-08,24.4556941986084,24.651968575934287,24.406626540182522,24.436066386513573,10540200
2004-10-11,24.431177139282227,24.553848241361194,24.244716540014704,24.534220415793566,7516100
2004-10-12,24.225080490112305,24.47533050160933,24.205454543020092,24.313403803368686,9854400
2004-10-13,23.788375854492188,24.023904105905515,23.641170931335374,24.01899808625222,14658700
2004-10-14,23.901235580444336,24.107323992351024,23.812912242743234,23.81782013473349,11669900
2004-10-15,24.05333709716797,24.141660393323722,23.871784486986243,24.018989356642006,11018500
2004-10-18,23.920854568481445,24.12203501408236,23.896320733029953,23.94538840393294,9196300
2004-10-19,23.704954147338867,23.96501617185216,23.665698513247683,23.79818347058794,11426100
2004-10-20,23.979740142822266,24.03371571289459,23.67551641455605,23.700050254094748,12260300
2004-10-21,23.95030975341797,24.087700806605042,23.79819689323748,23.969935709721327,11124800
2004-10-22,23.896331787109375,24.19074169234018,23.8619840272262,23.989561153676206,10012500
2004-10-25,23.95030975341797,24.08279478548238,23.808010807295517,23.847264591714946,10414500
2004-10-26,24.234888076782227,24.234888076782227,23.896316712172524,23.915944525955755,12625500
2004-10-27,24.01899528503418,24.22998966994949,23.79818699014468,24.215267869082233,13578400
2004-10-28,23.852157592773438,24.092591785737927,23.67551099364191,23.84724970290226,18310900
2004-10-29,24.151477813720703,24.16619774128386,23.709861268708586,23.709861268708586,14362400
2004-11-01,23.955202102661133,24.28886750295166,23.803089329295506,24.23979983247844,13740100
2004-11-02,23.763832092285156,24.009174152398106,23.675508800899586,23.827621552021707,12039800
2004-11-03,24.17601203918457,24.239801512670674,23.83744059710315,24.04352707354964,13050800
2004-11-04,24.6274356842041,24.63234357369325,24.264330478085718,24.27905040293037,15646000
2004-11-05,24.725570678710938,24.745198491294076,24.41643918186582,24.534204185553417,14269300
2004-11-08,24.617630004882812,24.755022879328276,24.51458675290773,24.70595332709346,10841900
2004-11-09,24.326555252075195,24.642292021087133,24.301886787920218,24.57322483810822,12219100
2004-11-10,24.5041561126709,24.5386915865784,24.124286601024156,24.326555589095893,11937600
2004-11-11,24.499229431152344,24.55349705497132,24.32656142985567,24.44496180733337,8789200
2004-11-12,24.874170303344727,24.91363835654786,24.385765377568312,24.42029898315087,11398200
2004-11-15,24.459762573242188,24.75576539049334,24.252559095614366,24.731098802712413,12708700
2004-11-16,24.375890731811523,24.627492905409827,24.370958167675774,24.420291336792374,9986000
2004-11-17,24.666963577270508,24.740965220778307,24.449894975288917,24.469627115876353,11498300
2004-11-18,24.691627502441406,24.75082768170126,24.56829269785185,24.731095543241153,9056100
2004-11-19,24.85443878173828,24.864305795286413,24.66203672240075,24.71630247400486,13992400
2004-11-22,25.11590576171875,25.145506799661543,24.814968462757836,24.854436513348226,11662200
2004-11-23,25.25896453857422,25.29349812808455,25.096161717791677,25.11589573520886,14183000
2004-11-24,25.40204429626465,25.40697686177631,25.189908222397506,25.25897543120257,9616200
2004-11-26,25.48096466064453,25.65363258875467,25.451363637851678,25.451363637851678,4497700
2004-11-29,25.342836380004883,25.545105394309704,25.071500172806687,25.495772222797253,10090700
2004-11-30,25.283634185791016,25.515504213715563,25.263900165980477,25.263900165980477,12921800
2004-12-01,25.23430061340332,25.50563679465654,25.081364785234566,25.288566344102218,13623400
2004-12-02,24.750839233398438,25.10111167218595,24.637371386051168,25.01231042088102,16075400
2004-12-03,24.800167083740234,24.884033862243964,24.469628770840597,24.518963830495817,13215900
2004-12-06,24.73603057861328,24.89883344026733,24.62749533751058,24.8050977749732,10954300
2004-12-07,24.51897430419922,24.81497726081293,24.420306024681015,24.73604301358655,12153000
2004-12-08,24.676828384399414,24.706429415546566,24.12428897656458,24.351224569539983,13562300
2004-12-09,24.824825286865234,24.824825286865234,24.34628572052899,24.617623752125496,14639300
2004-12-10,24.740968704223633,24.888970130137366,24.612699421675558,24.81496847621038,10928500
2004-12-13,24.997507095336914,25.002441543342144,24.83963863409871,24.888973704448464,11795800
2004-12-14,24.992570877075195,25.061638083531466,24.854436464162657,24.864303476790727,10524500
2004-12-15,24.918554306030273,25.002422922191453,24.824820565086938,24.9382883194728,12666200
2004-12-16,24.716297149658203,24.90376660280749,24.494295979439833,24.90376660280749,12238300
2004-12-17,24.56830406188965,24.834707814693356,24.489369825718992,24.49430427407127,31820600
2004-12-20,25.189912796020508,25.239245987855536,24.66697230564226,24.691638901559777,16321400
2004-12-21,25.50070571899414,25.525374187591634,25.091235111046725,25.273770110640637,13561400
2004-12-22,25.30337905883789,25.505648143804773,25.036975322947697,25.41684689850804,12132000
2004-12-23,25.638837814331055,25.678303970164798,25.244164964355875,25.283633002129243,12525900
2004-12-27,25.101099014282227,25.628971807544914,25.091232004452866,25.55497017479457,12167000
2004-12-28,25.184972763061523,25.357642660076927,25.160306172613673,25.170173185180857,11662100
2004-12-29,25.224441528320312,25.249108119467344,25.061638639257428,25.066573086650997,9238100
2004-12-30,25.17510986328125,25.357646802684382,25.170177297161946,25.224444934176905,6663400
2004-12-31,25.28858184814453,25.357650958718644,25.160314406674278,25.165246973602013,8497000
2005-01-03,24.71136474609375,25.17017042956688,24.602829501677306,25.17017042956688,16009200
2005-01-04,24.54364013671875,24.962977959142634,24.50910652225753,24.83471051713536,16718000
2005-01-05,24.415363311767578,24.7212331574229,24.395629287676236,24.583098752663748,12189100
2005-01-06,24.726160049438477,24.76069364270506,24.29695547459683,24.32162205808158,13098700
2005-01-07,24.563379287719727,24.79524762143502,24.430177369062225,24.726180378118073,11315300
2005-01-10,24.65709114074707,24.91362773133815,24.5732243863686,24.597890968130528,11288700
2005-01-11,24.59296417236328,24.740967472851036,24.484430802463105,24.583099042141562,9116300
2005-01-12,24.958030700683594,24.977764720742414,24.578159283280108,24.691627075708723,13301200
2005-01-13,24.938310623168945,25.160313768099154,24.86431082948607,24.958044654260696,11340600
2005-01-14,25.194826126098633,25.26389329471093,24.92349001429067,24.943224028733955,11000000
2005-01-18,25.4069766998291,25.4069766998291,25.11097384056837,25.13564043185005,13899900
2005-01-19,25.184972763061523,25.402043275659146,25.160306172613673,25.382309250524777,9321300
2005-01-20,25.02216339111328,25.125764165505892,24.83962654258582,24.987629799649078,11438300
2005-01-21,24.884048461914062,25.431655712761934,24.884048461914062,25.0616510169935,13546700
2005-01-24,25.224441528320312,25.362575944295898,25.115906268945057,25.13070584724522,12331200
2005-01-25,25.32310676574707,25.367505495371734,25.209637072461653,25.258972130833584,10339600
2005-01-26,25.505643844604492,25.624044230415695,25.313241806206136,25.406975601801687,13035500
2005-01-27,25.530315399169922,25.628983661158692,25.273778670775346,25.278713118942097,11224400
2005-01-28,25.29350471496582,25.446440566867004,25.214570506680687,25.34283788941654,11258500
2005-01-31,25.4563045501709,25.638841427688746,25.33296973765662,25.40697137794114,13606400
2005-02-01,26.280179977416992,26.285112541470056,25.619105359861894,25.64377194400669,19199400
2005-02-02,26.605792999267578,26.645259171185128,26.299923109630104,26.309790123094587,14896100
2005-02-03,26.896867752075195,26.956067960699464,26.413395304105485,26.566329333213236,14074700
2005-02-04,27.276731491088867,27.29153106848789,26.77845772333337,26.872193398700926,17048500
2005-02-07,27.331005096435547,27.340870228899565,26.941266496186945,27.192868776711904,15534600
2005-02-08,27.653242111206055,27.71273413483217,27.187232606411435,27.192189329468338,15346100
2005-02-09,27.534263610839844,27.678033173747476,27.311173235837888,27.504517597120472,12032100
2005-02-10,27.930864334106445,28.069675265896926,27.564004440029613,27.702817262977202,16030400
2005-02-11,27.81684112548828,28.19361446955819,27.742477044779562,27.930864662393084,13685900
2005-02-14,28.17377471923828,28.18368816106024,27.79699963068644,27.886235736335223,11892800
2005-02-15,28.218402862548828,28.22831819973727,28.02010179225155,28.10437932161752,13426900
2005-02-16,28.991777420043945,29.10084422019254,28.178738814608327,28.21839826574434,18826100
2005-02-17,28.818248748779297,29.2198092287474,28.763715377140198,29.100829046222,18620300
2005-02-18,29.45284080505371,29.670972593307983,28.76374080761918,28.81827422747214,23059800
2005-02-22,28.87775993347168,29.784993470896758,28.87775993347168,29.49745435264489,25657500
2005-02-23,29.457799911499023,29.51729195132698,28.93725685552967,29.001705619764422,18552400
2005-02-24,30.305530548095703,30.340233277570366,29.512320710150856,29.547023439625523,27384700
2005-02-25,31.36147689819336,31.57465181116828,30.48894847318336,30.48894847318336,37284800
2005-02-28,31.386260986328125,31.748162039171813,30.786395783930853,31.36147171451418,35559400
2005-03-01,30.786420822143555,31.29209174167792,30.731889296808465,31.217729539226003,26131100
2005-03-02,31.07394790649414,31.31686698784281,30.751706147464745,30.761621482174835,25974500
2005-03-03,31.25737190246582,31.29703323500212,30.885555420141905,31.083858300510563,20290900
2005-03-04,31.515165328979492,31.733298878651375,31.108646120608284,31.292075058249818,20804500
2005-03-07,31.232587814331055,31.530040275147748,31.024371469990694,31.520126832122934,19294800
2005-03-08,31.282163619995117,31.530041309190505,31.133437384709225,31.306952901840006,18192000
2005-03-09,30.136974334716797,31.911779757908956,30.09235626845898,31.2821682167392,68153700
2005-03-10,29.928754806518555,30.26091192831915,29.497448111554213,30.19150647064177,40001800
2005-03-11,30.265865325927734,30.533573682839666,29.829600065533104,29.928751518962336,24561500
2005-03-14,30.37989044189453,30.48895723554959,29.76515480220929,30.270825539396245,19564300
2005-03-15,29.918846130371094,30.667438056016024,29.879186670509483,30.38485754905682,17576600
2005-03-16,29.88909912109375,30.166720986779744,29.482579768204577,29.74532957427372,20973100
2005-03-17,30.48400115966797,30.55836333688043,30.062607924170084,30.18159005532957,21776500
2005-03-18,31.05908966064453,31.158239269519537,30.503842016925155,30.533588034282197,32514400
2005-03-21,30.811193466186523,31.222669392665644,30.637677971904516,31.05907112274102,17826000
2005-03-22,30.191509246826172,31.153274189512175,30.14689117833699,30.612900644990752,19678200
2005-03-23,29.789955139160156,30.191517870258906,29.551992669635652,30.191517870258906,26250300
2005-03-24,29.24957275390625,30.06757003653763,29.026482413992508,29.89405448720159,24912700
2005-03-28,29.195026397705078,29.46769140723338,28.932276720124957,29.26939044173834,20406600
2005-03-29,28.887680053710938,29.621398140546223,28.7736564886444,29.19504800698411,18928100
2005-03-30,29.368553161621094,29.408212613505803,28.446447738629296,29.076057375738287,26068500
2005-03-31,29.547033309936523,29.90397795080841,29.5172891839689,29.661058763337582,20912800
2005-04-01,30.017995834350586,30.092359917516806,29.710627946834123,29.794905476009124,18580100
2005-04-04,30.067562103271484,30.60793549908298,29.804810487296436,30.216288326920516,23274300
2005-04-05,29.775074005126953,30.260914135461242,29.670963919860515,29.99320572961673,15824800
2005-04-06,30.191509246826172,30.265871433536773,29.730456502823625,29.869267430942394,16945600
2005-04-07,30.166717529296875,30.424510582999794,29.82960368146666,30.41459524733927,16666500
2005-04-08,29.750267028808594,30.17661677915872,29.745310309198988,30.117126688063976,12590000
2005-04-11,29.88909912109375,29.958504587515247,29.428046361399936,29.740372851453806,15889100
2005-04-12,29.958494186401367,30.0278996287264,29.646167804782266,29.715573247107294,22513500
2005-04-13,29.323944091796875,30.117152284387707,29.219833979953854,29.81969968495552,23788600
2005-04-14,29.12563133239746,29.591640752899348,29.051267261894548,29.388381103502507,18504600
2005-04-15,27.856491088867188,29.44786712270572,27.811873033878136,28.976899184744948,27961700
2005-04-18,28.381994247436523,28.431569026777264,27.46484759153659,27.588786431045047,23091600
2005-04-19,29.066139221191406,29.368550313507292,28.431571032163127,28.431571032163127,23683800
2005-04-20,28.327465057373047,29.204952398192273,28.26301632174491,28.778602424456242,20656000
2005-04-21,29.388385772705078,29.39830110975793,28.451408169517883,28.53072897478354,16758300
2005-04-22,29.457799911499023,29.72055169284483,28.976918215414972,29.388394422857473,17097500
2005-04-25,29.725500106811523,29.97833647749984,29.54702781953911,29.725500106811523,14957500
2005-04-26,29.383413314819336,29.824635176030768,29.383413314819336,29.725483749755398,12968700
2005-04-27,28.94220733642578,29.472665583272722,28.80339450700051,29.373514102585297,20395700
2005-04-28,27.76231575012207,28.629888117313385,27.76231575012207,28.431585105492296,31858300
2005-04-29,28.272939682006836,28.37704978946546,27.811886848493046,28.01018983386836,26476200
2005-05-02,28.624916076660156,28.629872798282527,27.995306525845706,28.258056268434704,16498700
2005-05-03,28.01018524169922,28.505940732702744,27.83667157631083,28.42166320698756,18222700
2005-05-04,28.37209129333496,28.406794032247138,27.79701490273073,28.183703645556395,19519600
2005-05-05,28.6546688079834,28.73894823016815,28.312598178445537,28.431578444738168,18810200
2005-05-06,28.555509567260742,29.076054237128993,28.505934784966964,28.778599869896176,13544800
2005-05-09,28.758777618408203,28.778608293592978,28.55551792565746,28.629882012021724,13478600
2005-05-10,28.37209129333496,28.68937455833627,28.258067738172453,28.520817587409645,14161700
2005-05-11,28.546480178833008,28.606273285409852,28.17775190323387,28.372080925200052,14496100
2005-05-12,27.315731048583984,28.526552558136558,27.156281474557947,28.526552558136558,23809200
2005-05-13,26.75766372680664,27.405428008671937,26.697870597917813,27.400446039926738,24285100
2005-05-16,26.58326530456543,26.732750983012554,26.299245556778864,26.65800814378899,34416200
2005-05-17,26.837371826171875,26.902148784271972,26.44871387914751,26.65799065037967,27854400
2005-05-18,26.732738494873047,27.1811896183534,26.618132354724423,27.0765512129535,31672000
2005-05-19,27.320711135864258,27.345624771959947,26.66796322574111,26.797515273911845,20632000
2005-05-20,26.912134170532227,27.390484987593084,26.88722052087449,27.320726008235567,17500100
2005-05-23,27.280855178833008,27.52999540877669,26.97690379417546,27.096491940895636,17941900
2005-05-24,27.425344467163086,27.50506922837276,27.21606578099504,27.330670006434683,12908000
2005-05-25,27.74425506591797,27.89373881783912,27.310751615109915,27.435321725175715,17737900
2005-05-26,28.013324737548828,28.107997329404395,27.759200668732433,27.928616081013736,12250500
2005-05-27,28.302322387695312,28.352151561210476,28.04820025552813,28.1030113960005,10305500
2005-05-31,28.003366470336914,28.45181781173447,27.95353727632203,28.401990518508985,21371100
2005-06-01,28.47671890258789,28.606270939679142,28.068129223038305,28.12792232471208,14608600
2005-06-02,28.561431884765625,28.68600198262339,28.282394181280242,28.377068672157005,12542300
2005-06-03,28.47671890258789,28.790634111966533,28.40197609990435,28.50163253655293,23718800
2005-06-06,28.700956344604492,28.750785535607438,28.411954639944543,28.551472573174223,12117900
2005-06-07,28.626205444335938,28.975002056781296,28.61125574184449,28.71091218837011,14346800
2005-06-08,28.267438888549805,28.895273079854874,28.252491089019607,28.58135598420234,20863100
2005-06-09,29.119489669799805,29.20419827902046,28.252483321234394,28.401966977802104,17391200
2005-06-10,29.089599609375,29.169324368087302,28.685991949200627,28.99990901822514,13328600
2005-06-13,29.124488830566406,29.338749547790773,28.79562385309463,29.02483237358945,12380600
2005-06-14,29.17430305480957,29.338736420365237,28.98993992740701,29.024819386624035,10536800
2005-06-15,29.52311897277832,29.543050648527412,29.224151439698783,29.36865133690667,13406400
2005-06-16,29.956623077392578,29.996486429704373,29.458342578230678,29.523119575342715,13447800
2005-06-17,30.340301513671875,30.405078515531823,29.956625273100475,30.290474220419235,24874400
2005-06-20,30.320358276367188,30.45987806570334,30.05627030139127,30.44492836279563,13543900
2005-06-21,29.65266227722168,30.295444373748776,29.647680310155216,30.09613337768311,16595500
2005-06-22,29.732398986816406,30.12604107063054,29.448379230340237,29.822089636313027,18046100
2005-06-23,29.40850257873535,30.036334899992767,29.40850257873535,29.72241968975828,16241400
2005-06-24,28.97501564025879,29.543055180726363,28.97501564025879,29.458346496192163,21528700
2005-06-27,29.548025131225586,29.597854307974348,29.05971060382014,29.064694471889382,15478300
2005-06-28,29.443382263183594,29.79716081110467,29.318812191313768,29.572934301581295,15393200
2005-06-29,29.119489669799805,29.448354474563896,28.870349608591017,29.30385468366154,18130100
2005-06-30,28.63617706298828,29.318820723267585,28.63119319422162,29.11950778995922,20564100
2005-07-01,29.054719924926758,29.119494984095233,28.70093952884676,28.775682321165053,12158700
2005-07-05,29.966577529907227,30.01142283382475,29.129466457305796,29.179295628763345,18103100
2005-07-06,29.45335578918457,30.260569533495463,29.413492443396898,30.145965265539324,18228200
2005-07-07,29.657651901245117,29.66761773810094,29.044767190529736,29.224148452356484,16118200
2005-07-08,29.59786033630371,29.95662097802151,29.383599584616427,29.737378258039016,17006900
2005-07-11,29.88187026977539,29.89681807055835,29.259019893305425,29.592866782714847,14818500
2005-07-12,29.84200096130371,30.016400172287526,29.597844727029738,29.881864289798795,18421700
2005-07-13,29.77724266052246,29.921744465675953,29.58291356431777,29.84201965952046,11568800
2005-07-14,29.19424057006836,29.971558461566662,29.054722705230848,29.842004529256105,20490100
2005-07-15,28.979978561401367,29.3686365387268,28.840460703035983,29.194239215770068,16691600
2005-07-18,28.97501564025879,29.134465269134264,28.74580513555947,28.910238634531403,13194200
2005-07-19,29.28891372680664,29.308845393839718,28.865376256689874,29.139430025635335,19056400
2005-07-20,29.39854621887207,29.408512055854512,28.895283806387713,29.14940599667824,19289500
2005-07-21,28.845457077026367,29.423462365688824,28.82552540136475,29.27397859980511,16092700
2005-07-22,29.647687911987305,29.74734438596694,28.97501003900577,28.999923682303393,19107400
2005-07-25,29.8669376373291,30.131027640417493,29.62278121465765,29.871921507630734,16941900
2005-07-26,29.69751739501953,29.881882550793755,29.647690104739045,29.82208752151003,12079800
2005-07-27,29.69751739501953,29.84700306743956,29.32380701554803,29.797173876369786,13527500
2005-07-28,29.896820068359375,29.951631209277547,29.3835919321049,29.807129456091207,19130300
2005-07-29,29.273975372314453,29.98153267318997,29.273975372314453,29.91675758561506,17608000
2005-08-01,29.513147354125977,29.767271418178275,29.46830204286903,29.513147354125977,13034900
2005-08-02,29.802148818969727,29.802148818969727,29.533076970158294,29.57792227829353,13280500
2005-08-03,29.39854621887207,29.941671979286184,29.33376922888074,29.941671979286184,19117100
2005-08-04,29.159366607666016,29.58290414917274,29.149400772469672,29.383593147611986,15883900
2005-08-05,28.94510841369629,29.249059760789898,28.78067496987626,29.1693349730923,14007500
2005-08-08,29.323789596557617,29.62275886301392,29.11949478650048,29.224135075193672,17174700
2005-08-09,29.627744674682617,29.772246410521223,29.453347338869403,29.478260972444374,16054900
2005-08-10,29.9932804107666,30.163526147936842,29.82804105846686,29.918171266974923,19314800
2005-08-11,30.519025802612305,30.534046860987168,30.073383243186683,30.103425359936413,21222900
2005-08-12,30.569101333618164,30.71431128422232,30.35879884800192,30.5440655962978,14783200
2005-08-15,30.253660202026367,30.584138969498643,30.24865381620341,30.519044493168778,12958100
2005-08-16,29.57767105102539,30.283689535606584,29.57767105102539,30.25364550494838,16540700
2005-08-17,29.132038116455078,29.787985344697482,28.961792373023723,29.567666200195177,21657000
2005-08-18,29.096988677978516,29.31229953462645,28.93174931399544,29.117018039086464,15099500
2005-08-19,29.45250701904297,29.537630865395602,29.227181437645264,29.302290601479626,14616600
2005-08-22,29.57767105102539,29.91816242473448,29.297265828528403,29.813011182587225,15677600
2005-08-23,29.542619705200195,29.692836033544772,29.227164078603614,29.597699471284198,17219400
2005-08-24,29.482540130615234,29.848067311472708,29.41243928909526,29.617735429305753,17986500
2005-08-25,29.63275909423828,29.6427737739211,29.292267625441852,29.467519744629055,14469700
2005-08-26,29.24718475341797,29.632741091498126,29.247184753417972,29.507560536670947,13423900
2005-08-29,29.25221061706543,29.662804867648717,29.10199423324981,29.662804867648717,17740500
2005-08-30,29.34734344482422,29.602711056877705,29.137039020099657,29.257213249957204,21046300
2005-08-31,29.9932804107666,30.043351899891135,29.367377246185534,29.442484479872338,32236900
2005-09-01,30.884571075439453,31.06483152262806,30.093428426135052,30.093428426135052,32577100
2005-09-02,30.383832931518555,30.819460849515316,30.2736734011798,30.819460849515316,20465600
2005-09-06,30.574121475219727,30.59915722224194,30.16853549708172,30.353802317172143,19211100
2005-09-07,30.774402618408203,30.89457685193007,30.393854380780812,30.519034998568124,30904100
2005-09-08,30.69428062438965,30.859519921861466,30.544064296754325,30.764381449945848,15050900
2005-09-09,31.645652770996094,31.64565277099609,30.84449586825067,30.849504161388275,22617000
2005-09-12,31.3051815032959,31.57056390670171,31.220057656288784,31.47041899085439,17627200
2005-09-13,30.97970199584961,31.495447493954767,30.90960114817246,31.144941345464183,16413600
2005-09-14,31.280132293701172,31.420333969502938,30.989712353706565,31.049798513320955,14825800
2005-09-15,31.27511978149414,31.635640510766937,30.94464308302885,31.480415883417965,19230900
2005-09-16,31.89603042602539,31.99116703365222,31.48543804137566,31.54552421934497,30370600
2005-09-19,32.3616943359375,32.521925385784044,31.996169044198293,32.04624053098605,20478300
2005-09-20,32.31161880493164,32.541950671493936,32.15138777514009,32.23650967404611,17415500
2005-09-21,32.53193664550781,32.692167669103455,32.431789868129954,32.566987062537834,23095900
2005-09-22,32.536949157714844,33.02765505975315,32.0862981516117,32.7021846764448,25908200
2005-09-23,31.961118698120117,32.40175313120308,31.84595084004332,32.34667334954152,18963700
2005-09-26,32.34667205810547,32.55197011250383,31.795878083689736,31.896022963612065,17997400
2005-09-27,32.356689453125,32.381723286098214,31.92105950112829,32.20647117444764,16848300
2005-09-28,32.39673614501953,32.46183249872431,31.971122890171948,32.37170231838647,18704200
2005-09-29,32.446815490722656,32.50189526448583,32.10131578624618,32.29659723133053,16036200
2005-09-30,31.815906524658203,32.35668771458889,31.695732290194275,32.351679420179536,16028700
2005-10-03,31.290149688720703,31.991160038698577,31.24508458757104,31.820914313255926,20848600
2005-10-04,30.318744659423828,31.22004470803215,30.248643820436072,31.22004470803215,21585400
2005-10-05,29.517597198486328,30.569113878287833,29.492561450892026,30.318752582134607,27909500
2005-10-06,29.327314376831055,29.722885579296026,28.991831244938588,29.392408831565636,31794000
2005-10-07,29.84306526184082,30.0633844214119,29.442487576400318,29.5826911988833,21812100
2005-10-10,29.29226303100586,29.848065250544238,29.192118159990063,29.843056956435948,16128500
2005-10-11,29.74292755126953,29.903158653880503,29.46252216664762,29.537631331667633,16471400
2005-10-12,29.51258087158203,29.93819610528199,29.297270062674848,29.732899974708225,15687800
2005-10-13,29.122011184692383,29.45248785231029,28.701404343169216,29.292256856501858,21880200
2005-10-14,29.362377166748047,29.402435897339927,28.611293159098874,28.94177004606029,20260600
2005-10-17,29.472537994384766,29.76796445944636,29.372393073835745,29.56767461834832,14339000
2005-10-18,28.190673828125,29.33232232413879,28.190673828125,29.19211873789928,65915600
2005-10-19,28.626304626464844,28.716434829960587,27.86520810155261,28.2908214657566,30831900
2005-10-20,27.63987922668457,28.631309434291484,27.289373134676985,28.541179241772262,29629800
2005-10-21,27.725013732910156,28.175664900437344,27.569790927510553,27.67994861615744,24141600
2005-10-24,28.46607208251953,28.51113718189981,27.694960918830485,27.694960918830485,18975500
2005-10-25,28.64132308959961,28.756489018127336,28.165636403868927,28.51614248336019,22940400
2005-10-26,28.140607833862305,28.986828259989856,28.1406078338623,28.666366131991374,24879300
2005-10-27,27.840177536010742,28.541189983867124,27.67994644680447,28.31586441776291,21136600
2005-10-28,28.1956787109375,28.34589504720805,27.434580442381773,28.06548981875983,27009000
2005-10-31,28.11055564880371,28.72644398075857,28.070498849461746,28.55619828582032,25117500
2005-11-01,28.240753173828125,28.476091478371618,28.045469770761628,28.085528492448596,14677800
2005-11-02,28.731460571289062,28.79154674270532,28.12558483163237,28.290824190658274,21129000
2005-11-03,29.327314376831055,29.452494992033543,28.73646172026693,28.95678082549026,20832000
2005-11-04,28.991830825805664,29.392408406641593,28.666360466942653,29.327313952848076,24398700
2005-11-07,28.59125328063965,28.961788761944984,28.476087337693247,28.94175940401395,22196400
2005-11-08,28.87309455871582,28.978784530447157,28.561062344668446,28.591259753713913,16622400
2005-11-09,28.93852996826172,29.35625227889977,28.61139799198237,28.87310318903461,25310800
2005-11-10,28.410078048706055,28.837864101224856,28.103077788021846,28.837864101224856,26627600
2005-11-11,28.44530487060547,28.566090651708212,28.274190080830437,28.329551030442268,12735500
2005-11-14,28.510738372802734,28.681853203094803,28.264130971554575,28.596294828020852,15368800
2005-11-15,28.400005340576172,28.792561948371233,28.314446998962712,28.394971480557984,21016900
2005-11-16,28.777463912963867,28.837856793577327,28.249021887922215,28.37987344922722,21299200
2005-11-17,28.87812614440918,29.134797381574014,28.762372298640294,28.958650642329076,19446300
2005-11-18,29.31598663330078,29.386445349791835,28.76238078670876,29.240494054285488,21136400
2005-11-21,29.879650115966797,29.884683977114776,29.441798269012818,29.446830210305283,17815200
2005-11-22,30.025615692138672,30.055813113862513,29.753844656193383,29.970254712239843,17084900
2005-11-23,30.131301879882812,30.317516422267104,29.799137941385396,29.935023450751107,12535100
2005-11-25,30.2520694732666,30.327560092688035,30.176576933990148,30.292330752987027,6692600
2005-11-28,29.562578201293945,30.121215690859174,29.512249202331986,29.9702325336833,15008400
2005-11-29,29.36127281188965,29.90984654794431,29.32100960344084,29.69343660217056,18592400
2005-11-30,29.205259323120117,29.628013464147983,29.19016157803702,29.295849633330068,21287100
2005-12-01,29.869590759277344,29.894756230736824,29.376377852395095,29.376377852395095,16941100
2005-12-02,29.728666305541992,29.914878847208435,29.532387961642844,29.904813044975725,13460100
2005-12-05,29.95011329650879,30.252081655358033,29.859524900695398,29.88468845063555,19445500
2005-12-06,30.040685653686523,30.38794896277439,29.97022698803236,30.080948845405842,16009200
2005-12-07,29.703514099121094,30.176595465523082,29.4770382620673,30.131300298112322,20812200
2005-12-08,29.904802322387695,29.96519711412895,29.602836043100545,29.79911431662267,16121000
2005-12-09,29.441797256469727,29.8595194040323,29.21532150898733,29.814224254535823,15868500
2005-12-12,29.62298583984375,29.75887132496347,29.441805193017455,29.597822287752532,13390000
2005-12-13,29.72362518310547,30.116181749648064,29.648132649606566,29.718591323616273,14867100
2005-12-14,30.12625503540039,30.161484381160033,29.718598708939044,29.733698371304147,14393400
2005-12-15,29.940032958984375,30.136311228451703,29.794081761740298,30.126245430036104,14106500
2005-12-16,29.220346450805664,30.02055923441791,29.215312591367333,30.005459575957776,28802800
2005-12-19,29.039182662963867,29.487100418669122,29.003953305988574,29.300887828963155,15620600
2005-12-20,29.15492057800293,29.336101126035736,29.019035166978323,29.024067106710387,12741900
2005-12-21,28.988840103149414,29.31597188786591,28.837856940916826,29.230415466547637,15090200
2005-12-22,28.73720932006836,29.180095056882745,28.636555128849505,29.079438945808253,14013800
2005-12-23,28.73720932006836,28.923423797505645,28.5107354699703,28.56106256557973,11306000
2005-12-27,28.118181228637695,28.686886713321094,27.98229574540241,28.686886713321094,17167000
2005-12-28,28.309431076049805,28.50067754798996,28.208774937141506,28.208774937141506,14945600
2005-12-29,28.304384231567383,28.566087367150892,28.23392362752781,28.309416171928344,14151900
2005-12-30,28.26915740966797,28.53086250621091,28.07287906722463,28.233928062042523,14483800
2006-01-03,29.426698684692383,29.42669868469238,28.39497607741771,28.39497607741771,23871000
2006-01-04,29.47702980041504,29.612915263640147,29.220358538671388,29.492127545265944,19086500
2006-01-05,29.33106803894043,29.602838868147263,29.124723947103014,29.477019253127985,17158400
2006-01-06,29.909839630126953,29.975266368796063,29.572642056852313,29.572642056852313,17368600
2006-01-09,29.894744873046875,30.13128447208068,29.829318127849984,30.09605512924894,17339100
2006-01-10,30.12625503540039,30.277238220063914,29.773959657948588,29.794091261198485,17869600
2006-01-11,30.33260726928711,30.443329196874085,29.854492123627544,30.035672761549556,17324500
2006-01-12,30.01552391052246,30.69998285177151,29.99539231346108,30.448343648068462,21130200
2006-01-13,30.684886932373047,30.69495273150027,29.950098954924993,29.950098954924993,17074400
2006-01-17,30.971765518188477,31.0724216222032,30.74025782285346,30.830846204625665,18190900
2006-01-18,30.538944244384766,31.077452168864102,30.2571075497621,31.06235442588883,16182000
2006-01-19,30.95164680480957,31.05230295074769,30.408104768657502,30.538958334333948,18861600
2006-01-20,30.463455200195312,31.23347281820764,30.372864892193864,31.107653159300696,25991100
2006-01-23,30.800655364990234,31.022097291352743,30.25711347320618,30.463457653637725,19274100
2006-01-24,30.67984390258789,30.96671237247578,30.574155923124838,30.64964843408662,18075000
2006-01-25,30.302396774291992,31.027119013105217,29.97023305478761,30.871101993392916,24510000
2006-01-26,30.171550750732422,30.710058668744235,29.980304355969086,30.594304827661407,24559100
2006-01-27,30.845951080322266,30.96673688966529,30.352738199150618,30.377901749442433,21407300
2006-01-30,31.761911392211914,32.18969741593952,31.600862400701132,31.646157549554502,29442500
2006-01-31,31.580739974975586,31.933035466237346,31.354264164889027,31.580739974975586,24268400
2006-02-01,31.178091049194336,31.74679606539282,31.15795945644206,31.590779101344218,20586500
2006-02-02,31.178091049194336,31.34920574787997,30.805664262694656,31.15292751818117,21402900
2006-02-03,30.89626693725586,31.112676846750865,30.715086369320026,31.027120422922902,18829000
2006-02-06,31.188173294067383,31.510271268559347,31.027124306821406,31.052287851105707,18758800
2006-02-07,30.4735164642334,31.127778209125513,30.398025832047008,30.99692662808923,21134000
2006-02-08,30.554460525512695,30.680948606462863,30.19523483882742,30.357139428039236,21982500
2006-02-09,30.316659927368164,31.060410402380192,30.225590291909047,30.63541040666686,22554900
2006-02-10,30.068754196166992,30.605064486885787,29.648812737102613,30.3824441741074,26186400
2006-02-13,30.15477752685547,30.534242018871552,29.906861806236446,30.06876650175881,16837000
2006-02-14,30.129465103149414,30.306549601589044,29.750000802278375,29.982738443599352,21022500
2006-02-15,30.235721588134766,30.331853801668565,29.876495764023414,30.261020758047252,21669900
2006-02-16,30.483640670776367,30.483640670776367,30.1092349402842,30.306558053009937,20057500
2006-02-17,30.63541603088379,30.701190380286782,30.463392145560288,30.544344448650456,19198900
2006-02-21,30.74167251586914,31.01488732432854,30.686019363084228,30.863101962980735,17650700
2006-02-22,30.488693237304688,30.731552107368667,30.336907891056246,30.66071714440103,15694500
2006-02-23,30.271146774291992,30.63037267831878,30.169955862297602,30.36221647202522,17732100
2006-02-24,30.569643020629883,30.726488959137082,30.448215525702896,30.529167832339297,13178800
2006-02-27,30.316659927368164,30.62023245576614,30.30654258013755,30.458327879309138,12549500
2006-02-28,30.03839683532715,30.230659309426056,29.90178944031388,30.114290475908557,19191800
2006-03-01,30.529170989990234,30.630361866265787,30.119348809599213,30.14970665149851,16335400
2006-03-02,30.787212371826172,30.852986744759477,30.347034186931236,30.377392035221032,19730500
2006-03-03,30.852994918823242,31.11609055020409,30.76698388763184,30.777103173076068,18221500
2006-03-06,30.34702491760254,30.908632394060966,30.326786358257763,30.8377993664095,16294000
2006-03-07,30.2812442779541,30.367257172284308,30.078864516688924,30.30654343691024,18673700
2006-03-08,30.210418701171875,30.564585783131186,29.92708657964869,30.078871920472587,22159000
2006-03-09,29.810710906982422,30.362199034055898,29.78035500185774,30.3267825247071,21827400
2006-03-10,29.94225311279297,29.957431062068903,29.567847613531644,29.81070445221956,20252800
2006-03-13,30.175003051757812,30.336907677289354,30.078872783490766,30.1952416124631,16885300
2006-03-14,30.766971588134766,30.797327502275927,30.07381528772611,30.129470370392337,18285100
2006-03-15,30.873214721679688,30.96428630525836,30.56458345844699,30.696130229141083,17998000
2006-03-16,31.186914443969727,31.328580538402136,30.78721147175739,30.847927166561952,18976400
2006-03-17,30.88839340209961,31.267857699250843,30.85803749356285,31.267857699250843,26912700
2006-03-20,30.691076278686523,31.04018278277132,30.5241129697957,30.746731358335293,16775400
2006-03-21,30.721433639526367,30.979468541968203,30.544349122506475,30.691075797451557,20732300
2006-03-22,30.88839340209961,31.111013691663675,30.67083371732848,30.675894322121422,16100800
2006-03-23,30.989587783813477,31.040182257152626,30.82262254769448,30.918754749116488,15432300
2006-03-24,30.949100494384766,31.212195915444042,30.817553748882528,30.938983147084812,15435600
2006-03-27,31.00984001159668,31.100911647787918,30.827696739214204,30.918768375405442,11839200
2006-03-28,30.83780288696289,31.313397505529217,30.79226708826624,31.090779117487518,20224900
2006-03-29,31.00477409362793,31.116084281031643,30.837810742578323,30.837810742578323,19115600
2006-03-30,30.923824310302734,31.232455724460838,30.863110534912067,30.989598692842034,15759800
2006-03-31,30.792261123657227,30.954165725426847,30.77202256592225,30.812499681392204,19309600
2006-04-03,30.878271102905273,31.358926218303413,30.797318804631747,31.04523630375038,16697300
2006-04-04,31.242570877075195,31.374117694701457,30.57471364592923,30.686023827805514,14876800
2006-04-05,31.450000762939453,31.46012004243544,31.14136949350503,31.18184661148899,15788800
2006-04-06,31.414583206176758,31.72321446535882,31.166665691898576,31.166665691898576,15409100
2006-04-07,31.030061721801758,31.66756089870125,30.979465323600053,31.25268008372351,16137600
2006-04-10,31.338701248168945,31.419653581539492,31.1160828139139,31.318464612368206,12956600
2006-04-11,31.369064331054688,31.738409534313586,31.26787341494327,31.4702552471661,14726500
2006-04-12,31.0958309173584,31.500592410690984,30.964284155795948,31.394342880576502,14117900
2006-04-13,31.146442413330078,31.25775067168591,30.863108265580014,31.009834981203582,11561100
2006-04-17,31.39435386657715,31.465186911440473,31.17173544985589,31.338698779882904,11568200
2006-04-18,32.14820861816406,32.279755362901035,31.596720550894254,31.616959105486032,22318000
2006-04-19,32.532745361328125,32.623816960322166,31.839589087867346,31.925600081330877,20922200
2006-04-20,32.340476989746094,32.77559636939205,32.04196692190857,32.38095410880863,23154900
2006-04-21,32.88690948486328,32.88690948486328,32.43155150458915,32.482145977928305,21759600
2006-04-24,32.5883903503418,32.82112795123117,32.50237552340305,32.76547288796308,16362500
2006-04-25,32.35565185546875,32.87678406725784,31.940771099709657,32.811007793956676,21780700
2006-04-26,31.925588607788086,32.78570981364271,31.88005282465589,32.37082716174119,23214800
2006-04-27,31.5815486907959,32.07738375394942,30.863097190813335,31.116073397295413,27314900
2006-04-28,31.915475845336914,32.12797491044412,31.63214182847222,31.657439060500923,20652600
2006-05-01,32.08749008178711,32.54790847228499,32.03689562989187,32.07737273545176,19771500
2006-05-02,32.71995544433594,32.770549934986704,32.28989648363612,32.28989648363612,18963700
2006-05-03,32.26458740234375,32.770537913416426,31.976194665305183,32.68452692485125,22925000
2006-05-04,32.03185272216797,32.58840161721099,31.81935167349901,32.26459040352231,23185600
2006-05-05,32.380958557128906,32.40625772504609,31.9761969611759,32.330364081405605,14156100
2006-05-08,32.23423385620117,32.42649441980828,31.96101903837341,32.1785787714523,16579800
2006-05-09,32.35060501098633,32.46697386465232,32.092570062432316,32.17858106859839,14028800
2006-05-10,32.48281478881836,32.51840945200291,32.03533652908775,32.289585231699554,15336100
2006-05-11,32.26924133300781,32.67604076440951,32.162457355158416,32.594679326318406,18024900
2006-05-12,31.64887809753418,32.289583949171366,31.557348413048352,32.26924358822705,19198600
2006-05-15,31.52684783935547,31.770926428565875,31.196323658682356,31.277683188419157,19512200
2006-05-16,31.506498336791992,31.887871385561382,31.292930360567677,31.582773722451325,15826300
2006-05-17,30.60137176513672,31.394628357627905,30.479331543305953,31.247163655346753,26217600
2006-05-18,30.453907012939453,31.018339400925004,30.43865271264693,30.636966375503796,19108000
2006-05-19,30.738658905029297,31.038672357724455,30.255586133433628,30.458985807714875,26682500
2006-05-22,30.906471252441406,31.22682515655078,30.286105745464514,30.484419420468157,22810600
2006-05-23,30.708148956298828,31.384451237354625,30.606449117222972,31.170881381319024,19846500
2006-05-24,30.560686111450195,30.967485492044194,30.077615241580432,30.50983715875755,24564600
2006-05-25,31.28276252746582,31.49124639884836,30.774265090946084,30.906473570945153,19628300
2006-05-26,31.31327247619629,31.379375745056233,30.947153708143553,31.287846053043047,13305000
2006-05-30,30.611539840698242,31.425134797756225,30.56577500312852,31.37428584035137,17866300
2006-05-31,30.972585678100586,31.048861086469802,30.387812719974498,30.616637005317934,25875200
2006-06-01,31.074270248413086,31.094610605913758,30.514922055724238,30.71323763171087,17877100
2006-06-02,31.348861694335938,31.450559610224904,30.76917309904642,31.272586317655804,17354500
2006-06-05,30.535266876220703,31.62853700463191,30.509842395510486,31.577686103447935,20504100
2006-06-06,30.71323585510254,31.175968292778066,30.458987220340973,30.509836171388027,23934600
2006-06-07,29.90981674194336,30.69290319901284,29.899646561229826,30.66239265687224,28005800
2006-06-08,30.291194915771484,30.357300131714254,29.40132432026759,29.68608360914386,33407200
2006-06-09,29.89964485168457,30.45899312036583,29.74709602923096,30.453907060418047,21101200
2006-06-12,29.61488151550293,30.179311849268597,29.558946506088276,30.02676305798698,18915600
2006-06-13,28.806386947631836,29.645406740231355,28.80638694763184,29.365733476031515,27511500
2006-06-14,29.391143798828125,29.487759528087835,28.80128700346596,28.80637306277609,24867900
2006-06-15,30.062362670898438,30.281016685721493,29.472505824803633,29.73692467853764,24902100
2006-06-16,29.89964485168457,30.250509277067742,29.579290966697528,29.975920232793133,27767200
2006-06-19,29.182662963867188,29.90473021839549,29.091133284564116,29.884389858602923,20175700
2006-06-20,29.182662963867188,29.665735840241524,29.116557764423085,29.3199574828218,19858000
2006-06-21,29.523351669311523,29.935233209235978,29.11146818962396,29.162317139814128,22485600
2006-06-22,29.477590560913086,29.625053310992655,29.31487157203929,29.350466229620224,16676600
2006-06-23,29.543689727783203,29.925062668880734,29.49792489726098,29.56911614233351,15689000
2006-06-26,29.90981674194336,30.011516609315073,29.44708418817751,29.54369799531064,14053900
2006-06-27,30.331871032714844,30.464079504730492,29.986092641580186,29.986092641580186,26964700
2006-06-28,31.079370498657227,31.130221418801433,30.408153870867743,30.408153870867743,23103500
2006-06-29,31.714963912963867,31.801409429537387,31.084428588687974,31.130193405753364,26314500
2006-06-30,31.196327209472656,31.857375646059936,31.196327209472656,31.857375646059936,32336500
2006-07-03,31.603107452392578,31.765826430541786,31.379367402615,31.425132236454665,9459900
2006-07-05,31.806499481201172,31.994642902121715,31.33868298815272,31.47597746496378,19744700
2006-07-06,32.27433776855469,32.289592073219104,31.862454084738715,31.908218938496045,23679000
2006-07-07,31.953969955444336,32.487891724903314,31.77599667887909,32.39127793759121,18527100
2006-07-10,32.05567169189453,32.335344831456034,31.92346130171127,32.035331333441206,13220400
2006-07-11,32.533668518066406,32.681131312957135,32.137041104629354,32.137041104629354,18133600
2006-07-12,32.528587341308594,32.68113427130894,32.21331747872935,32.5438416463558,17614400
2006-07-13,32.57941818237305,32.89977004862268,32.386188687026646,32.62009889287251,21658200
2006-07-14,33.00148010253906,33.05232906365466,32.52857739306261,32.83367503928325,21485800
2006-07-17,32.5438346862793,33.00148313746058,32.32518064179976,32.798083394765854,19717700
2006-07-18,32.8540153503418,33.02182041334584,32.518407164097226,32.747231368301144,21231000
2006-07-19,32.87944030761719,32.99639252485096,32.365856901060475,32.85909994820113,24997700
2006-07-20,32.67095947265625,32.981143211474794,32.60485620420528,32.77265740558505,20779600
2006-07-21,32.50823211669922,32.94045404011021,32.49806193806136,32.8336700740576,27556600
2006-07-24,33.235389709472656,33.321833334656766,32.645530875099965,32.7218062594795,22417700
2006-07-25,33.42860412597656,33.560814481412955,33.01163658608549,33.23537659074312,18624500
2006-07-26,33.865928649902344,34.160858095508004,33.29132794065895,33.3116683037553,31014100
2006-07-27,33.79982376098633,34.39985086524985,33.78965164016145,34.272726511630694,29426300
2006-07-28,34.069332122802734,34.221882922925,33.68287294081355,33.687959002025096,20512500
2006-07-31,34.44561004638672,34.54731184600327,33.94728480661002,34.28797710638978,20170900
2006-08-01,34.669342041015625,34.70493669269889,34.176099096600346,34.19135339310373,16186600
2006-08-02,34.821903228759766,35.203276274047816,34.63884385665932,34.76596820508867,25421100
2006-08-03,34.765960693359375,35.228691204307886,34.598155658603,34.61340995639423,21876600
2006-08-04,34.92869186401367,34.99479513736379,34.54731876797461,34.88292507513456,21470400
2006-08-07,35.20327377319336,35.401587432292686,34.8219007549982,35.08631767395498,21017300
2006-08-08,35.223609924316406,35.50837107998578,35.09140340583709,35.208355624455486,23925100
2006-08-09,35.23378372192383,35.80838436137013,35.17784870008523,35.43718344865263,27660900
2006-08-10,35.42279815673828,35.489212015499064,34.93748589939235,35.18269880572653,21961000
2006-08-11,35.622039794921875,35.73953465458968,35.17248339959502,35.427911752384425,18040400
2006-08-14,35.376827239990234,35.58117070391443,35.141833620612,35.52497615389709,20026100
2006-08-15,35.09075164794922,35.71910327218929,34.82510395349231,35.708887852030664,27260300
2006-08-16,34.51858139038086,35.218456357474565,34.38575757890122,34.89150843500675,26536800
2006-08-17,34.77912902832031,34.81999850437669,34.23251245303138,34.319357166505384,28583200
2006-08-18,35.3001823425293,35.3001823425293,34.5952017961681,34.94258436195312,19556800
2006-08-21,35.673118591308594,35.77528835595796,35.40236520721377,35.40236520721377,22482400
2006-08-22,35.86722946166992,35.887664186561025,35.433002275928324,35.61180124681895,22964300
2006-08-23,35.57094192504883,35.87745898816391,35.26953841651905,35.80082972238514,17693100
2006-08-24,36.12778091430664,36.183975454502125,35.56072975235349,35.65268410017094,20503600
2006-08-25,35.979637145996094,36.38321440231466,35.933658016781436,36.12778605508979,18905200
2006-08-28,35.81105041503906,35.86213530057582,35.63225136689694,35.78550992103415,18132300
2006-08-29,35.45856475830078,35.68333905180152,35.1673727030906,35.616929085146545,21559900
2006-08-30,34.891510009765625,35.504536417678835,34.61053729924807,35.46877660884268,26310600
2006-08-31,34.569679260253906,34.87108680367373,34.533919439596794,34.763807341702375,19244400
2006-09-01,34.78933334350586,34.96302661253718,34.416410211733066,34.66161919474297,17579700
2006-09-05,34.98347091674805,35.07031562626421,34.48282960169281,34.5747839698651,17742600
2006-09-06,34.31934356689453,34.98856440763496,34.26825869083116,34.98856440763496,26709100
2006-09-07,34.57988739013672,34.758686435568926,34.150765783572545,34.22739505947975,24449300
2006-09-08,34.13032531738281,34.7075957210645,34.115000244280864,34.5798815818466,19664700
2006-09-11,33.17504119873047,33.92089164462769,33.01156718178763,33.90045690531883,35989100
2006-09-12,33.05241775512695,33.4355601737607,32.75101425661433,33.333390421135526,24824500
2006-09-13,33.38957977294922,33.588813487919616,33.05241262606046,33.11371680663813,21771300
2006-09-14,33.05753707885742,33.47643942316,32.91449782434347,33.31296543264015,21166800
2006-09-15,33.026878356933594,33.343606939052,32.90937962975891,33.154592500697824,33472700
2006-09-18,33.86979293823242,33.97196269559959,33.154592944082935,33.154592944082935,21236400
2006-09-19,33.46112060546875,34.012846888263375,33.27210218519797,33.96686774926644,19852800
2006-09-20,32.75102615356445,33.7523049036096,32.65907178378849,33.466226374318886,30411100
2006-09-21,33.093284606933594,33.38447266624414,32.84296600446247,32.84807566094888,22551700
2006-09-22,33.15969467163086,33.37935920768861,32.84807191939593,33.3487090673132,18240200
2006-09-25,33.236328125,33.435561881060806,32.628409491280735,33.00133456394179,29213400
2006-09-26,33.93621063232422,34.03327465223385,32.95025704846141,33.2363355523711,22353500
2006-09-27,34.29380798339844,34.44706654845658,33.78806095475011,34.06392403333844,23424800
2006-09-28,34.4623908996582,34.64118995677561,34.18652782687971,34.29380726115016,23398400
2006-09-29,34.278472900390625,34.5696609709805,34.120108620910926,34.31934235881315,20239000
2006-10-02,34.227394104003906,34.61564623290906,34.17630922066746,34.37554299394833,19082600
2006-10-03,33.41514587402344,33.971977927128265,33.333406913460436,33.92089302554047,22989700
2006-10-04,34.02815246582031,34.104781721877096,33.12393425989683,33.455991771125646,25624300
2006-10-05,34.39087677001953,34.595220252590565,34.19675260521731,34.36022661176859,22066100
2006-10-06,34.49303436279297,34.54412313851209,33.97196236918475,34.22739065767486,19439400
2006-10-09,33.99750518798828,34.68205109873589,33.971960801307645,34.61564114990292,19268100
2006-10-10,34.32954788208008,34.467481290127004,33.69608704917648,33.823801146799575,23040800
2006-10-11,33.9872932434082,34.25294089139004,33.84425400104584,34.15076722004047,20472800
2006-10-12,34.559452056884766,34.610536940760596,34.15587484847009,34.16609026623454,18542000
2006-10-13,34.94260025024414,35.111183902395524,34.67184681362205,34.779126256574536,20499900
2006-10-16,35.673118591308594,35.69865908370759,34.95280888869252,34.96813396363726,19607700
2006-10-17,35.45856475830078,35.67822939358891,35.23378656727281,35.67312363290354,17190600
2006-10-18,35.3359489440918,35.75485118664655,35.13160553119343,35.50453255204743,19395100
2006-10-19,35.622039794921875,35.79572920400554,35.284872498426736,35.67823044681038,23391500
2006-10-20,35.53008270263672,35.77018206189162,35.417693612438605,35.76507630144774,21210800
2006-10-23,35.71908187866211,35.71908187866211,35.10605570058871,35.17246563566363,17139900
2006-10-24,35.70377731323242,35.877470631869976,35.54541297074659,35.59138820661888,19775700
2006-10-25,36.27592468261719,36.47515842518224,35.43301059617404,35.6169192658535,25839200
2006-10-26,36.587554931640625,36.95026268797058,36.09713301191871,36.781679056886716,26369700
2006-10-27,36.505821228027344,36.84809429956364,36.41386686130576,36.505821228027344,19418100
2006-10-30,36.18907928466797,36.56711597082855,36.02049957059799,36.34744747928581,17618700
2006-10-31,36.48538589477539,36.51603994819978,35.76507994850511,36.11246267293777,20317900
2006-11-01,36.30146789550781,36.65396018843081,35.89789072329091,36.567115503878505,18329900
2006-11-02,36.36787796020508,36.45472263571622,35.97962590244354,36.12266510858567,20154500
2006-11-03,36.858299255371094,36.980903730719504,36.439397058531874,36.49559158838448,25491100
2006-11-06,37.24657440185547,37.3180940482804,36.73060789762264,36.86343176849542,17201800
2006-11-07,37.052433013916016,37.389600281127215,36.87363396199812,37.2465610395929,20127000
2006-11-08,37.86980056762695,37.90556037581534,36.8991760889345,37.05243073937326,22355800
2006-11-09,38.28025817871094,38.37774299913871,37.7877100952863,38.06989702187714,21475900
2006-11-10,38.182769775390625,38.377739397951146,37.99293587690654,38.249471557602945,18387400
2006-11-13,38.18790054321289,38.40338956965724,37.900581841287085,38.01858605911073,17385000
2006-11-14,38.19816970825195,38.30591816258363,37.839021241895374,38.18791000110949,17748400
2006-11-15,38.37773895263672,38.44443681965127,37.96728030251568,37.96728030251568,20348900
2006-11-16,37.28489685058594,38.46496260951793,37.25411381990175,38.45469898967384,22294100
2006-11-17,37.4952507019043,37.546557047868085,36.81799675768177,36.91547764068598,25813500
2006-11-20,37.16176986694336,37.58762016246782,37.095071979403684,37.22333985773575,19025000
2006-11-21,37.654300689697266,37.72613035529255,37.19253575771103,37.33619508890159,13301100
2006-11-22,37.40804672241211,37.72614856230366,37.002719748410684,37.46448098882425,11902600
2006-11-24,37.13610076904297,37.3618534026812,36.86417359548247,36.889828727277184,5568500
2006-11-27,37.182289123535156,37.546569388356865,37.01297460322484,37.089936104677214,18962300
2006-11-28,38.04939270019531,38.095567266442394,37.27465346850185,37.27465346850185,19350600
2006-11-29,39.00881576538086,39.219176906708554,38.054502700832224,38.121204484386816,24851700
2006-11-30,39.40901184082031,39.69633447831312,39.01908040649097,39.208914313765405,27330900
2006-12-01,39.60911560058594,39.76303860612143,38.89594657615915,39.39362652437597,21308400
2006-12-04,39.90155792236328,39.916953351270614,39.25509082751281,39.60910740390507,19348600
2006-12-05,40.05034637451172,40.28635871426691,39.747636171702965,40.07600150652962,20111200
2006-12-06,39.15249252319336,40.12219753353924,39.12170947982545,39.92723173483302,30695700
2006-12-07,38.84463119506836,39.35257073234303,38.624010359375525,39.14734532516957,27762300
2006-12-08,38.73688888549805,39.208913611925816,38.706105855555705,39.09603728290527,16429900
2006-12-11,38.66505813598633,38.91133019755759,38.38799913090077,38.608619973037946,18641100
2006-12-12,39.121700286865234,39.19866179162598,38.63941184382763,38.63941184382763,18619000
2006-12-13,39.69121170043945,39.71686684130461,38.9626511071979,39.224314754782945,20578400
2006-12-14,40.39411163330078,40.532639184115126,39.63476426547967,39.76816392085851,18691200
2006-12-15,39.66042709350586,40.532647046457186,39.57320196667092,40.50699190660725,37021400
2006-12-18,38.74203109741211,39.63990624643082,38.665069587468366,39.63990624643082,22530600
2006-12-19,39.50138473510742,39.66556750444241,38.42906687916897,38.6342963194442,22294200
2006-12-20,39.03447341918945,39.50136636208731,38.86002710604552,39.42953667856457,17603700
2006-12-21,38.92674255371094,39.275631388003426,38.56246219818027,39.03961501426613,17154000
2006-12-22,38.69071960449219,39.11656592951926,38.62914962180689,38.993429878573146,12005100
2006-12-26,39.01908493041992,39.12169765357755,38.68558770852093,38.74202588058496,11285700
2006-12-27,39.48598861694336,39.506511950025086,38.99857217813535,39.147363407158714,10944100
2006-12-28,39.675811767578125,39.73224993397261,39.32692306369586,39.38848912563597,10798100
2006-12-29,39.31665802001953,39.62963187162861,39.09603717240041,39.51162764756718,12633200
2007-01-03,38.023712158203125,39.131944066641914,37.71587017888252,39.12681617232315,30510700
2007-01-04,37.3105583190918,37.915982816668304,37.048890770586986,37.89032767712725,31046600
2007-01-05,37.57734680175781,37.64917648185474,37.05401571613396,37.17201994154006,24671500
2007-01-08,37.274627685546875,38.09554091565964,36.86416911327896,37.9057031409617,25981900
2007-01-09,36.987308502197266,37.37211198098545,36.6538152854529,36.8641724850236,27039900
2007-01-10,36.42293167114258,37.51064427157922,36.24335749320867,36.843649994197825,30572000
2007-01-11,36.41780471801758,37.37724559968286,36.310056294047676,36.4229326129315,29161700
2007-01-12,37.279781341552734,37.30543257083768,36.530693421006,36.53582523263313,24438700
2007-01-16,36.751304626464844,37.27463967009028,36.556338894884874,37.19767817374251,25444400
2007-01-17,37.177154541015625,37.259247846957216,36.638431899865004,36.67947463841152,31292200
2007-01-18,36.92061233520508,37.5209048501872,36.52554913454144,37.2848925087692,23581900
2007-01-19,37.726131439208984,37.77743778547639,37.04374568202486,37.197668635250395,23912600
2007-01-22,37.40290832519531,37.8390182612537,37.19767896869008,37.78771190073349,21929300
2007-01-23,38.21868133544922,38.43417426370985,37.69535031407,37.73639695892188,29016600
2007-01-24,38.42905807495117,38.47523263336072,37.83902503724805,38.22382868169464,19785400
2007-01-25,37.721012115478516,38.4495765655461,37.63892271716467,38.28539385449382,22630100
2007-01-26,37.767189025878906,38.21869048405736,37.68509571652404,37.910848402825486,20506200
2007-01-29,37.55681610107422,38.013449226765864,37.351590720772116,37.78770052554891,17370600
2007-01-30,38.16738510131836,38.26999782621791,37.62353061338655,37.68509668255646,21590500
2007-01-31,38.01858139038086,38.33668699589475,37.70047969929022,38.16737253258462,24249200
2007-02-01,38.521400451660156,38.62401316269449,37.8697976018777,38.26486475965031,25168000
2007-02-02,38.757415771484375,38.885683627261955,38.19816588479349,38.48035673327389,24299300
2007-02-05,38.82411575317383,38.9318602881403,38.511141854946416,38.81385604650181,18168800
2007-02-06,38.71638107299805,38.978048675620705,38.50089194821493,38.92161048849767,16222300
2007-02-07,38.53603744506836,39.097665191795926,38.40206964275623,38.850344251784044,18134700
2007-02-08,38.88125991821289,38.96885259078878,38.252646280017714,38.27325701434656,18742000
2007-02-09,38.75758361816406,39.02036545969047,38.597855406203905,38.88124404254955,17734200
2007-02-12,38.438114166259766,38.68028522455993,38.29899671313685,38.608149666482404,16564600
2007-02-13,38.876102447509766,38.901866845673474,38.43298153054163,38.541188857953,15839600
2007-02-14,38.95339584350586,39.159499257395495,38.639089021820695,39.107974386697,17648800
2007-02-15,38.81942367553711,38.89671293845338,38.49996715442282,38.74213834371605,17871900
2007-02-16,38.79366683959961,38.92763464578712,38.649395631903324,38.77820977178866,18329200
2007-02-20,38.577247619628906,38.66999392775819,38.2783979677574,38.59270468246807,15840500
2007-02-21,38.530879974365234,38.7833545556008,38.25779466164788,38.49996584269009,17886500
2007-02-22,38.68545150756836,38.75243342446461,38.232023359057244,38.448434034980444,17165300
2007-02-23,38.75758361816406,38.927619158627856,38.66483731710145,38.79365140573875,17687900
2007-02-26,38.85032653808594,39.211004382442994,38.77819096921453,38.912154779350764,17803600
2007-02-27,37.010860443115234,38.76273262427783,36.77899275277536,38.5875434406148,34588800
2007-02-28,36.9335823059082,37.92287374142755,36.67595408221496,37.21697492440867,55723000
2007-03-01,36.57804489135742,37.139676321796756,36.09370662588248,36.53167370969126,39472200
2007-03-02,36.073116302490234,36.71203339704421,35.71243431747573,36.55745484188143,27454600
2007-03-05,36.05767059326172,36.50078780006868,35.563020633338375,35.73305631136845,33039300
2007-03-06,36.58319854736328,36.593501944033406,36.17099192087099,36.42862007965524,26626400
2007-03-07,36.91297912597656,37.54159274933161,36.356501105521716,36.58321524669122,31564400
2007-03-08,37.02118682861328,37.19122245423212,36.686269244208404,37.17576538482968,27405800
2007-03-09,36.64504623413086,37.294266638723336,36.53168916730174,37.07270617112881,28671000
2007-03-12,36.51622772216797,36.789313024372355,36.4286311339688,36.48015992623711,20150800
2007-03-13,36.02159118652344,36.87176144093629,35.92884484026619,36.25860875338175,27378900
2007-03-14,36.59352111816406,36.59352111816406,35.88246844253867,36.11948600108047,30053700
2007-03-15,36.42347717285156,36.70686584196678,36.27405234102231,36.433780571452616,23538500
2007-03-16,35.99580764770508,36.516217643437834,35.82061845075509,36.46468886539183,46777100
2007-03-19,36.63471984863281,36.67594129351277,36.124617244296715,36.12977090768005,23184100
2007-03-20,37.09845733642578,37.09845733642578,36.59350438188752,36.6450331619522,23683300
2007-03-21,37.732242584228516,37.783767458059245,37.03149329306212,37.32518939810275,28800100
2007-03-22,38.31446075439453,38.60300303929481,37.85588293828067,37.88679705992176,27263800
2007-03-23,38.6545524597168,38.86065590756975,38.46391001360726,38.46906368085507,26377900
2007-03-26,38.88640594482422,38.99976299581459,38.391760211398385,38.87094887988823,27548800
2007-03-27,39.010066986083984,39.14403476938245,38.64423536304521,38.834881672697065,21797400
2007-03-28,38.93278503417969,39.288313324178596,38.75244602153373,39.24194211996777,24720100
2007-03-29,39.283164978027344,39.30892938236425,38.93794397405139,39.07191180063018,21695900
2007-03-30,38.876102447509766,39.33983409678982,38.6133244554971,39.28315556570586,24020300
2007-04-02,39.241939544677734,39.36560001222024,38.788511278529555,38.82457907869176,21474700
2007-04-03,39.57168960571289,39.65928224253231,38.96883668319951,39.21100779883652,22426100
2007-04-04,39.73143005371094,39.78810858465964,39.174952075902844,39.463494465390646,20873400
2007-04-05,39.78810501098633,39.834476206091104,39.6129157680358,39.72627281975175,20273100
2007-04-09,39.57168960571289,40.045724508482266,39.50985742796705,39.55622861295592,17668200
2007-04-10,39.968441009521484,40.1127121805553,39.545930895310484,39.571695289178486,18697700
2007-04-11,39.55622863769531,40.01996014334409,39.509857452677444,39.9838923557433,24990000
2007-04-12,39.875694274902344,39.92721913100078,39.3965056441073,39.659287520632205,24258000
2007-04-13,39.8859977722168,40.01996159898151,39.715962225445246,39.932368958921316,19044500
2007-04-16,40.27760314941406,40.303367549083205,39.69536466918882,40.0045178097412,20518400
2007-04-17,40.39610290527344,40.57128819590525,40.1642351645559,40.329117056777655,22772800
2007-04-18,40.29305648803711,40.396110146081575,40.06634630252949,40.27759942210422,17428800
2007-04-19,39.91176986694336,40.19516252750788,39.75204160249534,40.153941062135715,19090600
2007-04-20,41.09685516357422,41.117465893110435,40.19000271945438,40.38579875340634,41108500
2007-04-23,40.808311462402344,41.21021481713796,40.75678660085007,40.96288997815412,23617400
2007-04-24,40.49916076660156,40.885603147830764,40.44763590199003,40.70526415614284,24864200
2007-04-25,41.179298400878906,41.32356959142841,40.58160290701738,40.6228204392493,28126000
2007-04-26,41.503902435302734,41.66363065305079,40.998949459865784,41.23596691981565,25949800
2007-04-27,41.40599060058594,41.606940214067365,41.158665882635624,41.3441584383251,16462700
2007-04-30,40.90106201171875,41.67394680814568,40.90106201171875,41.37510100782641,21750000
2007-05-01,41.04533004760742,41.21536168579802,40.73102330356906,40.96288712998013,24303200
2007-05-02,41.127769470214844,41.31841577092836,40.89590564134534,41.13292313539487,17602400
2007-05-03,41.570892333984375,41.694552786604746,41.11746805364642,41.1329251188371,17854800
2007-05-04,41.503902435302734,42.12736217516755,41.33386688867756,41.73576623081404,19889200
2007-05-07,41.64817810058594,41.8027526706331,41.33387136440042,41.47814253554893,20896300
2007-05-08,41.931549072265625,41.94701006072706,41.354464631345806,41.514192798944265,17957200
2007-05-09,41.95219039916992,41.96764746781531,41.4266304097476,41.83368358549138,19709500
2007-05-10,41.08281326293945,41.94700552206141,41.04141383843786,41.94700552206141,20753700
2007-05-11,42.03500747680664,42.03500747680664,41.20703424345979,41.23808580595513,18837800
2007-05-14,42.04532241821289,42.23679176929801,41.77623409188532,42.02462270879295,17667200
2007-05-15,41.983219146728516,42.3195824824925,41.890072437564115,41.92112397266258,17169600
2007-05-16,42.14883041381836,42.169530129817495,41.55890232607783,41.83316665394895,16386200
2007-05-17,42.32994079589844,42.66112826854545,41.92113039571033,42.04532471093643,18843500
2007-05-18,43.08546829223633,43.121691803579516,42.47484056668939,42.50588816267879,25009900
2007-05-21,43.25624084472656,43.63400376383636,43.106174808384026,43.16827001016239,25096700
2007-05-22,42.83189392089844,43.54084420110673,42.81119815844027,43.15790942657303,19085700
2007-05-23,42.94575119018555,43.27176677811557,42.790509244184335,43.01302625337979,19886100
2007-05-24,42.57833480834961,43.3856038814591,42.37651754007224,43.04406848439993,21976500
2007-05-25,43.214847564697266,43.30281840375036,42.774989421364374,42.774989421364374,17840700
2007-05-29,42.75428009033203,43.100991400218575,42.386869067428385,43.090639569676746,19247900
2007-05-30,43.46839141845703,43.52013871386589,42.41273001024092,42.52657642897975,26464100
2007-05-31,43.038883209228516,43.597763498946634,43.01301153444841,43.416645983222914,21049000
2007-06-01,43.58223342895508,43.59258130776396,43.19412283054676,43.24069420728448,20384500
2007-06-04,43.58223342895508,43.69607983617861,43.36489244138206,43.447687316048615,16477200
2007-06-05,43.60294723510742,43.77888886821118,43.28728353047638,43.44252545120327,21209100
2007-06-06,43.271759033203125,43.649517920787346,42.976795045720586,43.55637119063147,21351000
2007-06-07,42.41272735595703,43.7116053141802,42.30923277161624,43.15790099701978,29228600
2007-06-08,42.785308837890625,42.80083262879821,42.03496332488199,42.314399457348166,23397000
2007-06-11,42.981971740722656,43.390782215372475,42.60938477911438,42.78533037679242,16637900
2007-06-12,42.433433532714844,43.11133224406371,42.407557908651455,42.831892086055966,21789100
2007-06-13,43.132041931152344,43.2096648732326,42.56281360267523,42.59903711590376,27139900
2007-06-14,43.86686325073242,43.97036182103026,43.183788479033716,43.183788479033716,19593300
2007-06-15,44.47229766845703,44.73621001280156,44.006564195988936,44.022087987060395,30131400
2007-06-18,44.68965530395508,44.803501745017904,44.430914828109145,44.549933236081124,17747800
2007-06-19,44.42056655883789,44.72588239780421,44.35329545102949,44.60168806490152,19530400
2007-06-20,42.85776901245117,44.472310880646596,42.83189338760149,44.44125934121377,27906400
2007-06-21,43.6236457824707,43.82028712269983,43.01301810189291,43.13721242477097,32010000
2007-06-22,42.7025260925293,43.57189424310658,42.49036095684021,43.57189424310658,39187500
2007-06-25,42.624916076660156,43.344214429880516,42.490369896412076,42.64043987667586,25748900
2007-06-26,42.34029006958008,42.99748912183363,42.205743920621764,42.76462427961822,26925200
2007-06-27,43.19929885864258,43.21999461631527,41.83832182985009,42.0815384371886,25835300
2007-06-28,43.26137924194336,43.67018940739678,43.04403832807612,43.370049698876976,19956900
2007-06-29,43.40630340576172,43.98070761238009,42.981969157888074,43.54602548200217,24724800
2007-07-02,43.89272689819336,43.985873612000226,43.53049187120316,43.72713317898846,20106800
2007-07-03,44.172183990478516,44.32225397298186,43.79959699227258,43.98589049137555,9444400
2007-07-05,44.06867599487305,44.4360869655727,43.54601917263674,44.187694392727266,17969400
2007-07-06,44.741397857666016,44.99496239160615,44.17734557529996,44.31188776584277,22993900
2007-07-09,45.248538970947266,45.48140383692194,44.63273533025575,44.777629375579245,19190300
2007-07-10,44.76207733154297,45.52277453753806,44.66893065431777,44.99494205057389,25991300
2007-07-11,45.170902252197266,45.21747363195756,44.451604212308546,44.71034462804018,20305600
2007-07-12,46.37665939331055,46.43358263235302,45.17092743623655,45.38309264243044,24762000
2007-07-13,46.74407196044922,46.987288726049826,46.25763842924801,46.41805631801958,22920700
2007-07-16,46.418025970458984,46.687118196156256,45.91607291310803,46.226560602088206,22405500
2007-07-17,46.102394104003906,46.86309203189684,46.060998612225184,46.66127469772948,23492800
2007-07-18,47.16838073730469,47.297750951094294,45.92642589531131,45.96264939724978,30708500
2007-07-19,47.75830841064453,47.99117321533415,47.1942522277209,47.37019777078476,25243200
2007-07-20,47.57720184326172,48.17230180278614,47.230486591387695,47.61342535338987,30816400
2007-07-23,48.353424072265625,48.44657080666088,47.24601509004789,47.572026686398004,24376200
2007-07-24,47.00798034667969,48.06881816099683,47.00798034667969,47.877348736286045,31844800
2007-07-25,48.01705551147461,48.21887275640856,46.23691986583554,47.21495849838195,31459600
2007-07-26,45.65733337402344,47.090753473371876,44.77761363260482,46.78544169207737,45377700
2007-07-27,44.291194915771484,45.797066453553484,44.23944760769716,45.4917545722684,41077700
2007-07-30,44.508544921875,44.75176163999422,43.61330099425465,44.503369006066706,35269100
2007-07-31,44.053157806396484,45.186442503451836,43.94448726597659,44.901826363256745,33887800
2007-08-01,44.42056655883789,45.1760922831681,43.266586154981,43.98070850425477,38860400
2007-08-02,44.07902526855469,44.524059179083515,43.21483307292602,44.3739892373409,37049400
2007-08-03,42.47483825683594,44.44126354120443,42.19022214885554,43.789240372485274,36195200
2007-08-06,43.2303352355957,43.36488131397772,41.61579413920399,42.40753892510526,40557100
2007-08-07,44.348121643066406,44.75176015329774,42.702531848657244,43.02854741661075,35922700
2007-08-08,45.4865837097168,45.48658370971679,44.16700549287608,44.35329898109046,36568900
2007-08-09,43.43433380126953,45.091697837104945,43.43433380126953,44.520194227321355,35967000
2007-08-10,43.90713119506836,44.23964257189639,42.655014944943844,42.8680321515187,32828700
2007-08-13,43.081050872802734,44.28640575804972,42.868037602987556,44.28640575804972,25349700
2007-08-14,43.19016647338867,43.59022197455064,42.5978801141292,43.29927143811018,30064000
2007-08-15,42.44202423095703,43.85000370667756,42.270571846438756,43.26290989857261,27623700
2007-08-16,41.91208267211914,42.56671654963753,40.919744585549296,42.00560179747891,49379500
2007-08-17,43.71492385864258,44.04743544398853,42.5926982490627,42.753757433381615,36057200
2007-08-20,43.917510986328125,44.15131059910062,43.01869272692096,43.564217229028586,23577200
2007-08-21,43.20054626464844,43.99025984367301,42.868034866759295,43.90193737070057,23977300
2007-08-22,43.42396926879883,43.76687004427464,43.13821531936061,43.50190252445016,22531100
2007-08-23,43.51227951049805,43.933113423003746,43.148596371770765,43.66814597786627,24174100
2007-08-24,44.52021026611328,44.6033361479579,43.50708608192817,43.51228268824634,21041800
2007-08-27,44.22406005859375,44.468245022627016,44.01623944142738,44.21886345310623,16248800
2007-08-28,43.122615814208984,44.088978365225664,43.122615814208984,44.088978365225664,25859800
2007-08-29,44.28123092651367,44.47346181447045,43.236934725040314,43.37721142608581,23581500
2007-08-30,44.36953353881836,44.81114987525404,43.82920151683462,44.12534460963018,22213100
2007-08-31,44.54098892211914,45.195618563707406,44.37473320878498,44.9618228294043,21915800
2007-09-04,45.320308685302734,45.59566931073206,44.32277054349758,44.32277054349758,20344500
2007-09-05,45.31511688232422,45.403439363265775,44.82673898842569,45.154057774272104,21354800
2007-09-06,45.45538330078125,45.84504541425701,45.21119440878743,45.54890236656935,20760100
2007-09-07,44.551395416259766,45.273569322225796,44.27083804818045,45.055359357225356,23828800
2007-09-10,44.088985443115234,44.80596256284038,43.579825020922414,44.50981940862245,27633200
2007-09-11,45.16966247558594,45.32033239856885,43.93832797911556,44.26045029347737,26432300
2007-09-12,45.53853988647461,45.91261636949235,45.06055503099655,45.08133353440835,25131900
2007-09-13,46.042510986328125,46.31787178369007,45.569718701158784,45.642455365977,22010100
2007-09-14,46.0684700012207,46.59321629731794,45.65283262806957,45.77232683685882,23683000
2007-09-17,46.375003814697266,46.62438543202782,45.8762366161868,45.98014496276631,18988600
2007-09-18,47.673866271972656,47.762188741285016,46.32303827854522,46.56203058813367,26408800
2007-09-19,47.86091232299805,48.37006872979592,47.73102491826505,47.95443141295976,27113700
2007-09-20,47.84532165527344,48.125878920177115,47.71543425284668,48.01677397780051,18608600
2007-09-21,47.959632873535156,48.525944123500366,47.8453313021376,48.250583409051586,34337700
2007-09-24,47.65829849243164,48.06873929107671,47.43489194990528,47.84014010522057,22410700
2007-09-25,47.77778244018555,47.77778244018555,46.868570607837434,47.112759562741054,25864400
2007-09-26,47.990814208984375,48.18824169676672,47.54400108476887,48.02198592709469,23346500
2007-09-27,48.302520751953125,48.47397304929,47.63230137823947,48.26615244317092,17988000
2007-09-28,48.089534759521484,48.661042788324245,47.87132476517004,48.38567802724158,20012500
2007-10-01,48.81169509887695,48.832477563547734,47.90767968687215,48.03237051104699,19306300
2007-10-02,47.923248291015625,48.52592765794122,47.43487442055179,48.48436274356392,21537300
2007-10-03,47.450462341308594,47.63230389482701,47.133536792098546,47.60632483124642,18114700
2007-10-04,47.23746109008789,47.616734141817474,46.93092864820843,47.45567102808851,28859600
2007-10-05,47.46604537963867,47.61671521900597,47.091969083809296,47.382915552188436,18990700
2007-10-08,47.11275863647461,47.185495264524484,46.84259458426776,47.07119371648926,12833200
2007-10-09,48.14664840698242,48.20379916575868,47.273805139310625,47.273805139310625,17634700
2007-10-10,48.38566207885742,48.671415999071534,47.564776566318905,47.63751320712802,18336500
2007-10-11,48.14146041870117,49.393572700514206,47.7310158223003,48.629834272011855,20884500
2007-10-12,48.5675048828125,48.75453911722144,48.21940359147928,48.37007347140125,15147900
2007-10-15,49.26369857788086,49.43515091691851,48.91560125717969,48.91560125717969,25545500
2007-10-16,49.222129821777344,49.47151538313073,49.07665656259164,49.22212982177735,21923000
2007-10-17,49.25330352783203,49.49748850951626,48.489564983751556,49.398776781209484,26558300
2007-10-18,49.383209228515625,49.48192099340424,48.91561362376578,49.16499530373214,20493000
2007-10-19,47.871299743652344,49.22732451440237,47.79856311688673,49.20134544890799,34449100
2007-10-22,47.23226547241211,47.63231700022144,46.58802098576509,47.36734554142064,25169700
2007-10-23,47.46087646484375,48.006405375184166,46.759484982870816,47.52322387180715,24110300
2007-10-24,47.86610412597656,47.975209068377445,47.01923968895124,47.21147447157125,24302700
2007-10-25,47.57514953613281,48.05313414469906,47.081579076133714,48.05313414469906,27409200
2007-10-26,47.90766906738281,48.271356172729725,47.53878931990661,48.183029726495405,20979700
2007-10-29,48.635032653808594,48.97793328828333,47.9492274210107,47.985595730179966,18246600
2007-10-30,47.35175323486328,48.41683156806083,47.1543258013075,48.28174755360207,20510200
2007-10-31,47.79336929321289,47.89208499121942,47.01924145537236,47.518008623877954,32109500
2007-11-01,45.98011779785156,47.25301212875046,45.72034312102754,46.67111938952673,35590400
2007-11-02,45.683990478515625,46.343816639646406,45.11767942779147,46.07884923246426,29025500
2007-11-05,45.5437126159668,45.86063417496591,44.946229877950536,45.211197277958725,24825900
2007-11-06,46.9568977355957,47.01924512296553,45.595680137407726,45.595680137407726,25452000
2007-11-07,45.48085021972656,46.993402279949265,45.45999094541396,46.8265002306373,27387900
2007-11-08,46.638736724853516,46.96211119878152,45.694697345112196,45.903325909605776,32706700
2007-11-09,45.298301696777344,46.41445989696545,45.1261828393653,46.388383814461605,27603900
2007-11-12,44.09349822998047,45.06361808723299,43.6762409226153,44.980165034055716,28922900
2007-11-13,45.31394958496094,45.37653934762879,43.48324379358851,43.994379594636605,25649200
2007-11-14,45.016658782958984,46.23191657880184,44.71936435016894,45.61646445732745,21304500
2007-11-15,44.06740188598633,45.204423450534726,43.733597755041764,44.69850044540524,23708600
2007-11-16,44.385562896728516,44.99058541644864,44.07262199792061,44.41685977209091,30347600
2007-11-19,43.86920928955078,44.55768084411239,43.81183632839903,44.140423668328665,20809800
2007-11-20,45.80421447753906,46.27362763017768,44.31774281023165,44.32295961727704,31842200
2007-11-21,45.39741134643555,46.221492140300924,45.235726069139545,45.87725434820793,22849000
2007-11-23,46.04936981201172,46.12238922078424,45.32960536300005,45.402624771772565,8870500
2007-11-26,44.68806076049805,46.304924902369514,44.578531677711666,45.960691210649195,22968000
2007-11-27,45.05316925048828,45.15748553172992,43.81183534815716,44.45336754520068,27941700
2007-11-28,45.85638427734375,46.03893278576092,44.86018871469063,45.313951581433436,29636000
2007-11-29,46.20582580566406,46.65959256286874,45.637317136521645,45.637317136521645,22440500
2007-11-30,46.50315475463867,46.66484008268641,45.799032500568224,46.169346497256804,28193100
2007-12-03,46.3414421081543,46.513560971542454,45.97112829796874,46.40403187100241,22244900
2007-12-04,45.96071243286133,46.33102635401368,45.746866996827684,45.99200533403305,16816600
2007-12-05,46.8995361328125,47.22812751812146,46.294517483367976,46.294517483367976,23952600
2007-12-06,47.692317962646484,47.81227672330894,46.68568863450938,46.88388361866367,21127000
2007-12-07,47.723594665527344,47.98437933583077,47.342847296010696,47.59320233037563,17055500
2007-12-10,48.000022888183594,48.27645398537364,47.76531829075078,47.85398411829135,15579000
2007-12-11,47.08729934692383,48.479889120260175,46.941260506474165,48.172164989206955,20021100
2007-12-12,47.94264602661133,48.55288111345753,47.395000684284376,47.86440984077671,25707500
2007-12-13,48.359920501708984,48.42772309832208,47.389800997119856,47.61407602192829,19434400
2007-12-14,47.556697845458984,48.448581038090005,47.556697845458984,48.06783760612184,20505100
2007-12-17,46.88386535644531,47.410651478219435,46.6282975065632,47.28025914961006,22704100
2007-12-18,47.681884765625,47.74447454082395,46.440550735293236,47.31678769178026,24583700
2007-12-19,47.687095642089844,47.98439007359283,47.17074299353397,47.49411351034753,19570400
2007-12-20,48.052188873291016,48.099132189955135,47.42630716566764,47.73403121112579,15109400
2007-12-21,48.73023986816406,49.00145426465875,48.15129738909352,48.37035563002303,34457400
2007-12-24,48.85021209716797,49.027543856390785,48.678093169032614,48.771975858991865,6336100
2007-12-26,49.44999694824219,49.54909641443393,48.8397616632129,48.86062491816163,15294100
2007-12-27,48.855403900146484,49.53866250825515,48.85540390014649,49.44999268754821,14365600
2007-12-28,49.54909896850586,49.601255118936656,48.777174412648776,49.053609570524486,17368200
2007-12-31,48.8658332824707,49.52822460077804,48.77195064105425,49.345676125595574,13990900
2008-01-02,48.77198028564453,49.31441321250145,48.391232680902206,49.10578455151637,23351900
2008-01-03,48.938865661621094,49.413491823068114,48.77196358583345,48.95451210946691,19160600
2008-01-04,48.02611541748047,49.215293114578394,47.92179914099702,48.63113390404824,24730900
2008-01-07,47.57756805419922,48.584197298173464,47.07164502774584,48.24517634422704,28937500
2008-01-08,46.967342376708984,48.01048153906334,46.774360199139785,47.91138204527644,21764500
2008-01-09,47.75489044189453,47.843560259398735,46.68045880860118,46.99861644396138,26198800
2008-01-10,47.80706024169922,48.06784498058016,46.977762702842966,47.33243010689143,27285300
2008-01-11,47.09770584106445,47.91135261453483,46.941233471124306,47.46801953871463,22727200
2008-01-14,47.37415313720703,47.59321134673972,46.98297605764479,47.37936596653469,20425900
2008-01-15,46.43009567260742,46.8838623798923,46.15366459018685,46.8838623798923,26486000
2008-01-16,45.13140869140625,46.60223453830553,44.80803814459931,46.13282118732501,35965400
2008-01-17,43.7649040222168,45.851182278070546,43.54584178111457,45.621690396563444,34096500
2008-01-18,44.37512969970703,45.10011091586457,43.18595199203163,43.81183373946318,43830600
2008-01-22,43.0034065246582,43.80141125496271,41.46477798970027,41.7255627569311,49613500
2008-01-23,43.52497482299805,43.545838081295166,40.44771784047717,41.73077838130234,47420700
2008-01-24,44.8549690246582,44.89147872399629,43.305907248404296,43.96308581574873,31180900
2008-01-25,43.780540466308594,45.37132488526356,43.603204785876315,45.2200692687728,28236100
2008-01-28,44.40121841430664,44.51074755229919,43.05035506647165,43.55106140269197,23688800
2008-01-29,44.37512969970703,45.04273795810311,44.04653839993524,44.44814910426541,22488400
2008-01-30,44.47943115234375,45.621669241114006,43.99437152361674,44.0934709681791,24131900
2008-01-31,44.69850158691406,45.06360260019926,43.34242177291286,43.926581006613645,32970800
2008-02-01,44.828887939453125,45.82508739463411,44.25516240040931,45.7416343813324,28440200
2008-02-04,44.56288146972656,45.0062145709596,44.25515351900667,44.875822248287655,18836700
2008-02-05,42.82609176635742,43.926604238581106,42.82087495475248,43.86923124871077,30599700
2008-02-06,42.47660446166992,43.326760976054324,42.29405202585805,43.12856607740401,29215900
2008-02-07,42.895652770996094,43.22042286176017,42.094208188434976,42.41373895613265,26611800
2008-02-08,42.80138397216797,43.162821492266715,42.40851849255954,42.953292437188686,24176500
2008-02-11,43.592369079589844,43.63427570414191,42.450439537377825,42.87473312076943,22697000
2008-02-12,44.199974060058594,44.5666508220943,43.63425093547697,43.791394693692204,25150600
2008-02-13,44.781429290771484,44.89143115516999,44.26284793105433,44.37284979545284,21546600
2008-02-14,44.81285095214844,45.41524140499104,44.69237046371966,44.865232209382526,21826800
2008-02-15,44.718563079833984,44.83903957180013,44.205217167622,44.62427521826174,23966100
2008-02-19,45.57763671875,46.0805040724816,45.320961718068396,45.320961718068396,22600400
2008-02-20,46.14860534667969,46.410515710731715,45.137631181581476,45.21096576380124,24723800
2008-02-21,45.530479431152344,46.09620656173586,45.142853358611845,45.94429812872176,30107300
2008-02-22,45.66145706176758,45.98622738855323,45.06430168406541,45.81336556963012,23487200
2008-02-25,46.68813705444336,46.813856898535846,45.609067702808716,45.661448972963214,23876300
2008-02-26,47.08622360229492,47.143844176002474,46.305732189937956,46.48906856244688,21329600
2008-02-27,46.824337005615234,47.23291655539868,46.68290716008835,46.8295763321711,20323100
2008-02-28,46.819068908691406,47.14383901618536,46.54144471835866,46.68287847340956,24999200
2008-02-29,45.57763671875,46.77194718341687,45.17953189838289,46.49955820237403,26540200
2008-03-03,45.96527099609375,46.31099461076351,45.352401675290274,45.48335686331333,23192300
2008-03-04,45.41000747680664,46.09097183471206,44.78665970613147,45.81858689083667,30372200
2008-03-05,45.67193603515625,45.89717913508945,45.07478065327482,45.46764624643026,30835400
2008-03-06,44.26806640625,45.60904545084858,44.23139913538778,45.53571090912414,28977000
2008-03-07,43.2099609375,44.03235913415504,42.93757597912435,43.95378923991577,30749200
2008-03-10,43.19424819946289,43.73902212829763,42.95329119186114,43.34615666007938,32432800
2008-03-11,45.40478515625,45.40478515625,43.7652275612945,43.97999200193585,34835400
2008-03-12,45.03285217285156,45.69286716799709,44.88094373765906,45.36809699657517,26617900
2008-03-13,45.598575592041016,45.83429321572,44.47236073088239,44.69760370311412,29347400
2008-03-14,45.001434326171875,46.022883003414336,44.414753754678976,45.96002308618617,35741200
2008-03-17,44.93857192993164,45.441439250713245,43.75997552285262,43.93807261718947,39028700
2008-03-18,46.342411041259766,46.342411041259766,45.11143337955077,45.36810436518237,33333800
2008-03-19,44.22616958618164,46.35811908361601,44.18426298266819,45.996681622071414,35073600
2008-03-20,44.524723052978516,44.73949128246237,43.34612744275262,44.095190590442336,44962400
2008-03-24,45.022377014160156,45.546197591388,44.54570236702841,44.61379760335184,22339200
2008-03-25,44.62950897216797,45.24761737701915,44.17378765433918,45.184761469144064,27080200
2008-03-26,45.184776306152344,45.57240251892069,44.47761913531814,44.6452416054154,23024000
2008-03-27,45.153343200683594,45.834311716183684,45.08524794770752,45.47811347670338,21760300
2008-03-28,44.63999938964844,45.614306182907065,44.524758199584674,45.07477151709459,21672600
2008-03-31,44.30473327636719,45.24760765990978,44.30473327636719,44.88617427794652,36842400
2008-04-01,45.5828742980957,45.59335294981011,44.13713208341175,44.4199957331807,23961500
2008-04-02,46.36860275268555,46.682898343717774,45.410013988627526,45.493823215517516,23236000
2008-04-03,46.2166748046875,46.81906505651805,46.043813116706986,46.096194356461936,20083800
2008-04-04,46.48384475708008,46.881949582029705,46.258601710962665,46.34765426142547,18607900
2008-04-07,46.578121185302734,47.117655698918576,46.45764469980998,46.78765019936428,19585500
2008-04-08,46.93955993652344,47.00765516949782,46.216689014217394,46.47859928995006,15832200
2008-04-09,46.9866828918457,47.22240444266689,46.67763080958295,46.997161536645955,21920900
2008-04-10,46.90813446044922,47.138612797695245,46.44193446473043,46.897655810863476,21774600
2008-04-11,46.420997619628906,47.0129136451915,46.35289836247997,46.56766679435697,17923000
2008-04-14,46.9866828918457,47.13335594402495,46.373814053288285,46.48381584509869,19611700
2008-04-15,47.56291961669922,47.6100615598823,46.960525031940435,47.175289433832205,19495700
2008-04-16,48.65770721435547,48.71532781428071,47.54197049990629,47.61530508227751,26870600
2008-04-17,48.91435623168945,49.12912455225696,48.29624788966165,48.44292098480769,22887400
2008-04-18,49.239131927490234,49.474849577505815,48.67864409625806,48.90388709365605,25910800
2008-04-21,49.37533187866211,49.48533372732606,48.914367183574235,49.23913740089214,17254200
2008-04-22,49.44340896606445,49.72627247153235,49.13959216429162,49.29150056517804,20719000
2008-04-23,49.35435104370117,49.49054544549885,48.861958665500836,49.3805396617645,23944800
2008-04-24,48.505775451660156,49.06102787577897,48.26481851141101,48.93007275631097,23534400
2008-04-25,48.43244552612305,48.924838101167715,48.03958013023,48.8253109220161,23369600
2008-04-28,48.42722702026367,49.08724228809988,48.35913176108473,48.49008694934552,17319300
2008-04-29,48.08149337768555,49.05056068888474,48.08149337768555,48.4114989171348,29445700
2008-04-30,48.75197219848633,49.50627497295055,48.280532964446195,48.322439562234905,29782600
2008-05-01,46.9866828918457,47.3690734984141,46.253337613109665,47.1962118270983,43675400
2008-05-02,46.93955993652344,47.42671320924355,46.67764966079078,47.17004225802696,27505600
2008-05-05,46.88716506958008,47.43193876453129,46.756209969729284,46.98668822789259,21273900
2008-05-06,47.1805305480957,47.34815301315832,46.62004255587682,46.766711713252256,28060600
2008-05-07,46.52574920654297,47.23814559851965,46.44717531105075,47.18052500825431,27580800
2008-05-08,47.107177734375,47.117652385946485,46.36858891093782,46.620024509419245,24332000
2008-05-09,46.733612060546875,47.13875419664942,46.286376088039354,47.02300216796954,24054700
2008-05-12,46.92829513549805,47.0756195551947,46.0916971603787,46.528411700400454,23053200
2008-05-13,47.186119079589844,47.32818078462404,46.581033121102166,46.759929950197346,21165000
2008-05-14,47.307132720947266,47.87538349343969,47.138757364013856,47.27556033437752,24178900
2008-05-15,48.038490295410156,48.038490295410156,47.33343262370617,47.52811359585115,28392900
2008-05-16,48.75932693481445,48.906651336355885,48.20159769632508,48.32787518131933,29839000
2008-05-19,49.6485481262207,49.76956289809106,48.817212852362836,48.88561634578388,25203000
2008-05-20,49.753780364990234,49.92215171592309,49.42230039686014,49.70642780423864,26901800
2008-05-21,49.28550338745117,50.57460033706997,49.17501005136216,49.79061750141102,43221500
2008-05-22,48.6751594543457,49.611725473263604,48.6225441526417,49.33286076137122,32042100
2008-05-23,47.72279357910156,48.91191837584441,47.70175067499038,48.7435470429304,25348600
2008-05-27,47.249244689941406,47.42813744736613,46.84409859812181,47.37552216661113,25885900
2008-05-28,47.580753326416016,47.65967830239019,46.765201931834646,46.89674222036125,22323600
2008-05-29,47.01247787475586,47.63334792720862,46.95986258508141,47.28608380392584,24692600
2008-05-30,46.70205307006836,47.280829386866436,46.523156236562045,47.13350494414947,27125400
2008-06-02,46.20219039916992,46.675736043337075,45.99698795574571,46.349514818624286,25959100
2008-06-03,45.097251892089844,46.4389638414434,45.044636603040324,46.133789544951256,31487200
2008-06-04,45.11830139160156,45.63394088807866,44.72368067972167,44.88153057018942,34110600
2008-06-05,46.99142837524414,46.99142837524414,45.31297784536139,45.38137731675272,30266800
2008-06-06,45.665504455566406,47.61756088989032,45.60236370316504,47.24398713699924,34325700
2008-06-09,46.865150451660156,46.89671882058193,45.860185236189785,46.09695603168114,24232600
2008-06-10,46.24427795410156,46.82305410087139,45.68128599094445,46.70729806865966,27280200
2008-06-11,46.62311553955078,47.03878311327021,46.18113831631801,46.72308739055475,24085000
2008-06-12,45.80756759643555,46.5284094891673,45.68129010188101,46.29163868509141,32263700
2008-06-13,46.49158477783203,46.51263169886626,45.41821589082476,45.52870921553716,21050700
2008-06-16,46.296905517578125,46.67574208192311,46.191674922722235,46.55998601900771,18504100
2008-06-17,46.62839889526367,46.82307593632463,46.02857555252591,46.233778063763005,22026600
2008-06-18,46.21270751953125,46.64942197996114,45.88122362133786,46.34424772947119,23499500
2008-06-19,45.139347076416016,46.407392841803244,44.986759923615345,46.32320917966905,26604200
2008-06-20,44.67632293701172,45.47608572066488,44.60265671952923,45.4076862503535,36185700
2008-06-23,46.14432144165039,46.14432144165039,44.77104081088772,44.77630354527064,23600700
2008-06-24,45.733917236328125,46.302172130449655,45.42874286567505,46.05487579610286,21586600
2008-06-25,46.091712951660156,46.565258758845545,45.22354630753539,45.907557363946594,27120500
2008-06-26,45.465576171875,46.57577224330382,45.44452924912559,46.139061642696106,26339700
2008-06-27,45.53922653198242,46.060124687900675,45.323498640712735,45.6918096571622,28283300
2008-06-30,46.370548248291016,46.407379342440244,45.676016176985385,45.676016176985385,26883800
2008-07-01,46.4863166809082,46.4863166809082,45.64446000811211,46.23376168621401,26024700
2008-07-02,45.991722106933594,47.15979582908237,45.90227171102653,46.56523551008623,34278700
2008-07-03,46.44419479370117,47.10715827938252,45.72335733466776,46.28634902092065,23120900
2008-07-07,45.74968719482422,46.765177860111606,45.44977565193047,46.22849552546085,29642900
2008-07-08,45.21824264526367,45.66547834643923,44.64998824141657,45.312951712571525,35905100
2008-07-09,44.360626220703125,45.881230970017185,44.26065837485344,45.32876440835543,29082300
2008-07-10,45.281410217285156,45.28141021728516,44.07124243698745,44.355369832611125,30952700
2008-07-11,44.97623825073242,45.58658284465381,44.36062690919867,45.39716458791871,29428400
2008-07-14,44.94466018676758,45.49713070149396,44.450071702702836,45.249834452317174,21552600
2008-07-15,43.24516677856445,45.07620451011101,43.07679544676374,45.06568305812499,34406000
2008-07-16,42.519065856933594,43.13993594977813,41.782443724990536,43.0873206566807,40408300
2008-07-17,42.266502380371094,43.03469674577128,41.6193227634325,42.776879051219886,39193400
2008-07-18,42.903167724609375,42.903167724609375,42.056048207230475,42.42435929553009,36138800
2008-07-21,43.66081619262695,43.66081619262695,42.676894248842125,43.06098930779734,24802500
2008-07-22,43.59770202636719,43.79238304707196,42.918953835266215,43.43985211614279,27909100
2008-07-23,42.613765716552734,43.67135013910293,42.40856330812655,43.660828688488955,31083500
2008-07-24,42.51380920410156,43.118891125567586,41.95081711058562,42.72427038672119,36789400
2008-07-25,42.98735427856445,43.360932140121825,42.492765643150435,42.624305899834276,27553800
2008-07-28,42.45067596435547,43.26622724156229,42.434891774290506,43.07680893220187,24017500
2008-07-29,42.56642150878906,42.724267384662596,41.9613356155502,42.529590402989626,25869900
2008-07-30,44.3974723815918,44.597416169677835,42.37175293992592,42.56643399298584,36410700
2008-07-31,42.31911087036133,43.43457314734334,42.192833409625585,43.050474019149995,40872900
2008-08-01,41.945533752441406,42.6716341097566,41.80346810830702,42.382248118798586,28766900
2008-08-04,40.303932189941406,42.161279895756614,40.061898609297344,41.89819939319265,37887200
2008-08-05,41.224708557128906,41.224708557128906,40.09872447456597,40.25131162781096,40087100
2008-08-06,41.214176177978516,41.382547472387905,40.64065882201982,41.30362255000794,30790600
2008-08-07,40.74589920043945,41.62458689299538,40.67749571795441,41.398337557529416,25346700
2008-08-08,41.41939163208008,41.48779111209682,40.15134178492887,40.46177884039779,29318400
2008-08-11,41.33477020263672,41.75255665880286,40.74245886707912,41.525151810175394,24566800
2008-08-12,40.65785598754883,41.59391974116536,40.462184698161046,41.5516109086736,25995900
2008-08-13,41.34004592895508,41.58331551734982,40.6155267733505,40.620812348140234,30654900
2008-08-14,40.959285736083984,41.329481845079954,40.67371129872072,41.03861376192533,25848500
2008-08-15,40.75832748413086,40.86938511343145,40.29294255637727,40.76890267201085,26280600
2008-08-18,40.472747802734375,41.276599240858694,40.35111498913353,40.96457673789996,22944600
2008-08-19,41.22370529174805,41.39293651213722,40.388128410646225,40.39341398627767,22132200
2008-08-20,41.67851638793945,42.12804048910295,40.9222634631793,41.535729179954004,25970200
2008-08-21,42.492942810058594,42.810250854005375,41.77899870248067,41.92707552066979,24638500
2008-08-22,42.46649932861328,42.67803531729256,41.85832327418445,42.30784330231346,19662300
2008-08-25,41.62564468383789,42.60401312552421,41.588625468253824,42.450646651021096,20634900
2008-08-26,42.28138732910156,42.307831337603254,41.68379066398204,41.68379066398204,18751700
2008-08-27,42.556396484375,42.984762045851134,42.30783729470226,42.662164463695845,20392000
2008-08-28,42.93189239501953,42.93718200618919,42.24967780661474,42.868429165357064,20287500
2008-08-29,42.31314468383789,43.10112735481623,42.31314468383789,43.10112735481623,22060400
2008-09-02,40.89054870605469,41.720840341376544,40.86939429075317,41.27132011189771,31688100
2008-09-03,41.260746002197266,41.56747900990861,40.72661208008468,40.72661208008468,27014700
2008-09-04,40.26649856567383,41.42996290335446,40.033804084221195,41.08092521596677,32200600
2008-09-05,39.99152755737305,40.3987391528747,39.499698259806884,40.19248854758509,27869100
2008-09-08,40.599666595458984,41.01217149997825,40.192455336437234,40.59438101954302,31222900
2008-09-09,38.74340057373047,40.71600109784212,38.74340057373046,40.229461969433885,38473100
2008-09-10,39.795814514160156,40.0866825464522,38.891484861202585,39.0712912558629,31399200
2008-09-11,39.95975112915039,40.060233534098025,38.93378881596058,39.430903161703554,35639900
2008-09-12,40.985721588134766,41.0914895783171,39.933315157096814,39.938600732252795,28646300
2008-09-15,38.73811721801758,41.197261302296866,38.73811721801758,39.631871657252134,40186900
2008-09-16,40.41987609863281,40.589107394782886,37.817943407278335,38.071788334107254,42584700
2008-09-17,39.81169128417969,41.842470441386915,39.56842159981477,39.980922544380995,43487000
2008-09-18,41.11793899536133,41.11793899536133,39.425626721365646,40.34582126817638,48231100
2008-09-19,42.10159683227539,43.36554344653127,41.36649830883086,42.566981699664716,58834600
2008-09-22,41.715538024902344,43.25977759329689,41.53044199087296,42.4136173780924,31995600
2008-09-23,41.086219787597656,42.572282004960435,41.02804616021127,41.55160477189704,27868200
2008-09-24,41.266021728515625,42.043429177746226,40.73188395135867,41.22371290690509,27539300
2008-09-25,42.66218185424805,42.99535879102351,41.51458226817829,41.53573667962367,36144700
2008-09-26,42.651611328125,42.852572206635806,41.572760435231075,41.79487572749962,28933600
2008-09-29,39.16651153564453,42.30787234866685,39.16651153564453,41.73671510360949,58785700
2008-09-30,41.070343017578125,41.572747069729814,39.75350841936142,39.99149247153109,42032700
2008-10-01,41.55689239501953,41.900644530908046,39.62659566406855,40.82179372209058,34337100
2008-10-02,40.985721588134766,41.995823243973895,40.42514397754604,41.12850877835994,44100200
2008-10-03,41.21840286254883,43.23331188687823,41.01215252311931,41.17080445779414,44177200
2008-10-06,40.89054870605469,40.985741557515446,38.99198532415518,40.00737304987512,65937700
2008-10-07,40.229469299316406,42.24437899339843,39.64244766588003,41.250146154005854,62791100
2008-10-08,40.7213134765625,41.985260416233494,39.134768795657465,39.5842889816222,74941800
2008-10-09,35.961669921875,41.48813081801157,35.68138108128572,41.038610750946276,68771800
2008-10-10,32.978965759277344,34.935701991978,29.88520335891891,33.77223785925716,112867200
2008-10-13,38.64822769165039,38.997265407972804,33.78282381452093,34.322249224339224,64864300
2008-10-14,38.320343017578125,40.01265980783788,36.337162115955515,39.69006205839058,64126300
2008-10-15,32.973690032958984,37.42130608295045,32.434266553147836,37.42130608295045,61247200
2008-10-16,36.72849655151367,36.850133381941006,31.291939081304502,33.481371768067426,78110100
2008-10-17,35.98283386230469,38.309766868906934,34.692442896823344,35.459275247126506,58398500
2008-10-20,39.6583137512207,39.663603361410196,36.88186151592199,37.21503836642368,44874600
2008-10-21,37.81263732910156,39.30927834837938,36.60157475424637,38.31504138599156,43789700
2008-10-22,34.14771270751953,36.680894926897714,33.79338554171745,36.353007738292796,52089300
2008-10-23,37.225624084472656,37.22562408447265,34.05253491777943,34.84051759776662,64686000
2008-10-24,36.51167297363281,37.53763956936534,33.84627808987988,33.851567700572836,54629400
2008-10-27,34.95157241821289,37.53764359270412,34.37512986941025,35.739559069499805,48774800
2008-10-28,39.58958053588867,39.9015990684075,35.464562549246516,36.421780630678505,69047100
2008-10-29,39.4785270690918,41.24487848424041,38.63765615979021,39.59487434262468,62703600
2008-10-30,39.6900520324707,40.06024409334434,37.78091004398482,39.66360801321222,56158400
2008-10-31,39.1982421875,40.91170975691232,38.738142658349815,39.330454278484126,52835800
2008-11-03,39.28812026977539,39.75879468934221,38.341481820649356,38.84388583059005,35456000
2008-11-04,40.980438232421875,41.228997485553464,39.70062679586219,39.73235639080127,48208700
2008-11-05,38.97080612182617,40.901097881537325,38.52128214347082,40.32465556168245,45390700
2008-11-06,36.99821090698242,39.071294396227536,36.70205727560187,38.66937276357982,52864400
2008-11-07,39.33320617675781,40.205504172496035,37.48755399296535,37.48755399296535,44691300
2008-11-10,39.37044143676758,40.33847973249376,38.72153994503337,39.9448828143615,37409700
2008-11-11,38.641754150390625,39.44490804012589,38.07794879578521,38.641754150390625,42007600
2008-11-12,36.66313171386719,38.41304809818013,36.54079538233442,37.95030291976514,50521000
2008-11-13,40.109779357910156,40.689536823638676,35.9238085532149,36.987587293702184,72704700
2008-11-14,39.189605712890625,41.35439510799248,38.24284336162648,39.253433892906024,53998400
2008-11-17,39.03004455566406,40.668264959004176,38.827928034989995,39.09387274755842,48660000
2008-11-18,40.5991096496582,40.95015446372537,38.843873405342876,39.093862015811325,57787000
2008-11-19,39.05130386352539,41.02461229711812,38.85450745778234,40.52995518166818,57444800
2008-11-20,36.43973159790039,40.11508399788996,36.32803534866116,38.210919616399806,76887100
2008-11-21,40.3225212097168,40.52995768468464,36.780141049656606,37.11522980352941,84550600
2008-11-24,41.91288757324219,42.67348959988384,40.05659059100851,40.85974474481753,74991100
2008-11-25,41.54586410522461,42.31710179174278,40.91291468352153,41.69479242609771,56603500
2008-11-26,43.024532318115234,43.09899650787781,40.73209035186588,41.157599427938614,46703000
2008-11-28,42.63092041015625,42.78516876590614,42.12562323277019,42.47667205440635,19591000
2008-12-01,39.52470779418945,41.47674536044002,39.52470779418945,41.42887319486152,55589900
2008-12-02,41.279930114746094,41.487366623222734,39.85446658639768,40.20551142459144,54657000
2008-12-03,41.982025146484375,42.25328984210334,40.27998090690051,40.5086934820315,57458800
2008-12-04,40.56718063354492,42.019239689338484,39.90231924605539,41.24268207570974,65355700
2008-12-05,40.74271011352539,41.47671977430462,38.65770551529623,40.248053016997275,65004800
2008-12-08,42.33838653564453,42.58305512129504,41.588424749323465,41.80117721824166,51585500
2008-12-09,41.59372329711914,42.354324823071174,41.22672260137412,42.02987216849077,47045500
2008-12-10,42.58836364746094,43.46066151999954,41.95009829711294,42.13625868613176,44060200
2008-12-11,42.561771392822266,43.57236167003991,42.23732271879238,42.72665980191081,50060100
2008-12-12,42.790470123291016,43.0830107080856,41.402239453613404,41.508619692625615,44313900
2008-12-15,42.5245361328125,43.348965942648704,41.944778904237864,43.25322573284832,43410800
2008-12-16,44.22127151489258,44.48721613745412,42.588371694684476,42.76921614818262,58471100
2008-12-17,43.11494064331055,44.27445935279622,43.11494064331054,43.91809453469561,51197300
2008-12-18,40.95547103881836,43.07239197673126,40.52995802820494,42.848995414263165,59693900
2008-12-19,39.902320861816406,41.66287664661318,39.902320861816406,40.84908692465198,68480300
2008-12-22,39.84383773803711,40.354451085794025,38.971535370375605,40.00340212658943,41021900
2008-12-23,39.94486618041992,40.61504750853423,39.636369562622235,40.157622608486996,32697800
2008-12-24,40.30656814575195,40.476772549470894,39.599154444235424,39.6895787040182,11295800
2008-12-26,41.0565299987793,41.16822624749897,40.44485658703495,40.44485658703495,17024000
2008-12-29,41.497989654541016,41.77989431246273,41.00333258323321,41.636281969635725,22839900
2008-12-30,41.801177978515625,42.125630774908174,41.26397270933537,41.49800124100051,25122300
2008-12-31,42.460731506347656,42.86496452602556,41.64162134858866,41.710765509271816,30026400
2009-01-02,43.423439025878906,43.67342762830262,41.96606358420882,42.583053017984355,35803700
2009-01-05,43.418128967285156,43.83832206772292,42.91283567554026,43.22664846435165,43340100
2009-01-06,42.7107048034668,44.00319573450451,42.35433595188582,43.68937899326045,41906100
2009-01-07,41.620338439941406,42.65220499822435,41.253333518079245,42.15222774907804,35268800
2009-01-08,42.067134857177734,42.32244357993651,41.434189168036816,41.439509198801126,30817100
2009-01-09,41.25865173339844,42.15222589578013,41.157591470547885,41.955425399174636,32862000
2009-01-12,40.71080017089844,41.2320493184678,40.42889954198953,40.71080017089844,38112100
2009-01-13,41.44481658935547,41.66820913926368,40.66825863634577,40.66825863634577,47116500
2009-01-14,39.94486618041992,41.12034047445111,39.52999337758437,40.976732218850856,48040500
2009-01-15,40.7746467590332,40.79591876577593,39.36513891965361,39.73213987688483,55562200
2009-01-16,41.54055404663086,41.72671449239941,40.700167968026115,41.285249451860665,45528100
2009-01-20,40.577842712402344,41.82246195748087,40.423594299825304,40.99803582432035,42838600
2009-01-21,42.15754699707031,42.22137111586804,40.42358674518352,40.5565590700032,43317700
2009-01-22,41.60969161987305,41.976692388313836,40.73738964635208,41.322470980663525,40204700
2009-01-23,41.50865173339844,41.912888837695455,40.306580481617324,40.63635339012204,46022800
2009-01-26,41.80649948120117,42.64156554610403,41.418222552484835,41.84905160045579,42758400
2009-01-27,41.9766960144043,42.24796065120034,41.28524246738517,41.63096721189839,38508900
2009-01-28,42.152217864990234,42.33837826793744,41.029931361232485,42.216046027997464,45324700
2009-01-29,40.95547103881836,41.487360273088726,40.7639905898416,41.26396776861345,38945300
2009-01-30,40.67888641357422,41.960737231682,40.42357782076849,41.62032847993598,51904600
2009-02-02,40.790592193603516,41.01930475760365,40.24274685746197,40.45549933356067,36113100
2009-02-03,41.55119323730469,41.8277738855273,40.779951323811595,40.8756915593489,39567300
2009-02-04,41.306522369384766,41.96074389446858,40.982069592296895,41.77990349176023,29602000
2009-02-05,42.43412780761719,42.50859198515829,40.6522994598952,41.258652938726044,39597400
2009-02-06,42.947322845458984,43.02750910700844,42.07062896365495,42.12943195022838,36404400
2009-02-09,42.487586975097656,43.032846087530885,42.070619326246664,42.974043114427865,27763200
2009-02-10,40.70212173461914,42.55173173024285,40.461567089040166,42.38066965198984,43836100
2009-02-11,39.868194580078125,41.03889902029026,39.34966150873939,40.95337002045508,47897600
2009-02-12,40.210304260253906,40.226340687047156,38.86318731145885,39.32826408066384,42857500
2009-02-13,39.8735237121582,40.40275027664311,39.793341576727386,40.087352256334306,30384300
2009-02-17,38.1041259765625,38.97547716147777,38.03998022543753,38.87390761760594,41844300
2009-02-18,38.4569206237793,38.79904468399216,38.09875605705978,38.227055638469984,34329200
2009-02-19,38.57453155517578,39.00218464688637,38.36604572785711,38.419505932956845,31232400
2009-02-20,38.0773811340332,38.606603711655914,37.53211804810837,37.92235551464049,42809100
2009-02-23,37.04567337036133,38.91666689253226,36.91737373521979,38.62265199338566,40717900
2009-02-24,38.537113189697266,38.64402953646357,37.23276638668117,37.270186088438976,48886900
2009-02-25,38.5157356262207,39.285512963256075,37.68715123714783,38.16826462182105,55505600
2009-02-26,37.92770004272461,39.28016414846684,37.88493758724576,38.36604681930173,37212400
2009-02-27,36.297271728515625,37.54281970626489,36.297271728515625,37.30760780909217,64947400
2009-03-02,34.69889831542969,36.046011277064416,34.66147454578939,35.816146294425266,54827200
2009-03-03,34.404884338378906,35.34572755401072,34.2552055701185,35.19604470730977,48931900
2009-03-04,35.11053466796875,35.57026489184092,34.634768007196364,35.04638484192516,51515300
2009-03-05,33.26091766357422,34.5225021130578,33.21280632306947,34.30867347987649,50244900
2009-03-06,34.228477478027344,34.5278350321036,33.06846287754103,33.667180024913954,47090200
2009-03-09,34.51715087890625,35.27089579720987,33.60838236247492,33.61372919919492,42726000
2009-03-10,36.0246467590332,36.07276014614888,34.92877739468566,35.06241980114548,51651700
2009-03-11,35.15864181518555,36.329350578174385,34.93412355551282,36.019299222373476,37467100
2009-03-12,35.89634323120117,36.078094906032774,35.13190867261773,35.286934319149104,40430500
2009-03-13,35.923065185546875,36.1529302107571,35.47937564441746,36.02463468551734,35225200
2009-03-16,35.80012893676758,36.47368781560046,35.58630026810478,35.83754864790037,33593400
2009-03-17,36.93341064453125,37.01359689791441,35.47403796241519,35.71459264412241,30824900
2009-03-18,36.97616958618164,37.41986322900868,35.74131540472561,36.623355853669096,41888000
2009-03-19,36.52712631225586,37.6497211822139,36.318644582625396,37.63368475354089,38598400
2009-03-20,35.32968521118164,37.120495736993234,35.105167070459586,36.69283863981189,67260000
2009-03-23,37.70318603515625,37.85821167896361,35.74131695664657,35.8108095231361,51747600
2009-03-24,37.08843231201172,37.78872116566534,36.96548360473912,37.206038260492875,32115200
2009-03-25,37.50539779663086,38.04531005110743,36.756999686550145,37.259492239444754,36739800
2009-03-26,38.0773811340332,38.2163662451238,37.32363630303152,37.783366325108936,37731700
2009-03-27,37.4091911315918,37.74062175072484,37.040336716421585,37.44661084918564,29513200
2009-03-30,36.6874885559082,36.80509445114128,36.126193253804864,36.63937927791648,32211000
2009-03-31,36.40418243408203,37.06704747757674,36.211737086222016,36.906679073321165,41127100
2009-04-01,37.00823974609375,37.14188209027827,35.548863553084786,35.837531505936255,39375500
2009-04-02,37.553524017333984,38.03463759623407,37.25950903066076,37.81011928556184,38162200
2009-04-03,37.65509033203125,37.842188908157304,37.09913736408306,37.29158277908217,26709000
2009-04-06,37.44660568237305,37.649740681505214,36.89065275594299,37.23812384476712,27193000
2009-04-07,36.730262756347656,37.0189307199668,36.36675540346884,36.90132480014706,28035500
2009-04-08,36.86391067504883,37.200687977598925,36.29192149732259,36.65542890512141,26022200
2009-04-09,37.334327697753906,37.63903619357834,37.018933686094535,37.39313066237534,26866100
2009-04-13,36.361412048339844,36.91736476351827,36.22242692837615,36.692846574246566,27909800
2009-04-14,36.19035339355469,36.31330617264409,35.46868538673699,35.94445191381748,32703100
2009-04-15,36.42557144165039,36.61801681982559,35.939115236804746,36.13155653653765,24545600
2009-04-16,36.03532409667969,36.6768057254552,35.719926039649195,36.6768057254552,27915600
2009-04-17,35.68251037597656,36.38279504229904,35.59163454935052,36.26518911210478,32604300
2009-04-20,34.90203857421875,35.50610056188179,34.84323561064328,35.29227197419292,31874800
2009-04-21,35.4045295715332,35.43125559176247,34.677514934873756,34.90203308131376,32234400
2009-04-22,34.61337661743164,35.19605543990314,34.51180710295093,35.08914316667003,31076500
2009-04-23,35.12656784057617,35.15329795188767,34.479739115573075,34.912739185411276,29213500
2009-04-24,35.586299896240234,35.81616499892326,35.23348606330964,35.39385450429897,32347600
2009-04-27,35.351070404052734,35.62904875593033,34.77373859330805,34.90203409809125,26586500
2009-04-28,35.858924865722656,36.206395874113504,34.93946462632846,34.93946462632846,27421000
2009-04-29,36.585941314697266,36.68750675587779,35.874962834223574,35.98722195033384,28974900
2009-04-30,35.63975143432617,36.746310255667645,35.39919676472927,36.69285411558412,35088500
2009-05-01,36.35606002807617,36.38278604659515,35.324341093431464,35.885636423612155,27385000
2009-05-04,36.457637786865234,36.83718571587844,36.17431660815976,36.61801026612269,27306100
2009-05-05,36.16361618041992,36.52177665457828,35.90167834930534,36.393481156666695,19910300
2009-05-06,36.660770416259766,36.67146000974154,36.05136162677716,36.372102450961556,30814800
2009-05-07,36.84787368774414,36.90667665565164,36.147588987952965,36.885293387463335,32541600
2009-05-08,37.8475227355957,38.07738778679572,37.09377777290205,37.099124609936936,35886400
2009-05-11,37.2506103515625,37.449582905480106,37.01937353049418,37.36354349215132,23715900
2009-05-12,38.08412551879883,38.28847264049228,37.40117279680766,37.51947643392756,28337300
2009-05-13,37.51948928833008,37.94969865303186,37.336652975139195,37.632422426219236,26011900
2009-05-14,37.51411819458008,37.68620113618353,35.27703585095431,37.38505291129178,21298100
2009-05-15,37.1645622253418,37.50872800353176,36.884924966325144,37.27211249248377,26714600
2009-05-18,37.91205596923828,38.05187462939276,37.37429631010015,37.50335747951473,25071900
2009-05-19,37.92279815673828,38.25083178015059,37.6808080227099,37.80986915400641,20851500
2009-05-20,37.433448791503906,38.39066029228703,37.29363013661342,38.180934361341535,28550700
2009-05-21,36.77738571166992,37.09466606946952,36.5622810101961,36.954847398094394,24029200
2009-05-22,37.01398849487305,37.47108326321261,36.77737299479065,36.90105948877359,18624200
2009-05-26,37.541011810302734,37.616297857058655,36.51927143210611,36.77739384876018,29405600
2009-05-27,36.72897720336914,37.97657913741955,36.65906583933115,37.53561649097362,23010500
2009-05-28,37.22909164428711,37.535614392327695,36.63755291756022,36.85803627984558,27800500
2009-05-29,37.29361343383789,37.777597712633764,37.078508854064324,37.53560762462513,33192400
2009-06-01,38.589630126953125,38.740202158828936,37.77761198044553,37.890541004352386,31804200
2009-06-02,39.213417053222656,39.36936778185601,38.417535386213885,38.417535386213885,28676700
2009-06-03,38.761714935302734,38.96068337170054,38.35839521467321,38.9284191069399,29755400
2009-06-04,39.245697021484375,39.28334002899743,38.75633382103458,39.0789887572579,25934100
2009-06-05,39.24032211303711,39.52533406961119,38.734826731774085,39.39089415780979,26481100
2009-06-08,39.34786605834961,39.62750332737508,38.71868835721207,38.97681475148329,23300300
2009-06-09,39.32097244262695,39.69740241633946,38.91765285531542,39.55758381062667,21944500
2009-06-10,39.708168029785156,39.858744168424934,39.170408414412464,39.77807940556298,27360200
2009-06-11,39.82110595703125,40.24055785111188,39.32098929037033,39.7942163319109,30857000
2009-06-12,39.6759147644043,39.88026610067399,39.31023796046954,39.487699667404364,21693200
2009-06-15,39.15427780151367,39.23494256750528,38.85313371811078,39.06285964802071,27871600
2009-06-16,38.51972579956055,39.4876948998075,38.492840276253126,39.4392943934047,24218800
2009-06-17,38.40678405761719,38.600377813664004,38.09488255034403,38.21319030157037,29926300
2009-06-18,38.41754150390625,38.76708191043067,38.26696949442874,38.30461249679812,20734300
2009-06-19,38.20780944824219,38.718679269717185,37.86901837885368,38.63801453401616,42763000
2009-06-22,37.01935958862305,37.73458066149578,36.9386989511239,37.6969376630698,28398500
2009-06-23,37.07853317260742,37.44958871351001,36.84192167217185,37.25599487502008,24146400
2009-06-24,36.80964660644531,37.43882851856354,36.66445330535991,37.26674559371613,20861400
2009-06-25,37.57863235473633,37.659297100231534,36.61066771713197,36.73435010448249,30901300
2009-06-26,37.13229751586914,37.53023842280873,37.03012189137641,37.46570580163758,27662000
2009-06-29,37.95507049560547,38.06262076583085,37.17531667674204,37.347399570770555,24357700
2009-06-30,37.59477615356445,38.164800024987244,37.16456682617882,37.96582749308485,27339800
2009-07-01,37.94430160522461,38.45517549223485,37.86364097818278,38.003455466907674,22548700
2009-07-02,36.83115005493164,37.492596099905974,36.567649026898486,37.41193134767305,22946200
2009-07-06,36.621429443359375,36.6483190655757,35.68572884971183,36.39019264175207,29776400
2009-07-07,35.79326248168945,36.46546169658163,35.69109099091516,36.357911463310245,25054300
2009-07-08,35.6319465637207,36.099794715349006,35.22324818410399,35.793271956331346,30050500
2009-07-09,35.47600555419922,36.01376521613274,35.33618689331793,35.92234705827139,22770900
2009-07-10,35.01890563964844,35.16947766694966,34.81993311626894,35.00814815039547,25921000
2009-07-13,35.33080291748047,35.346939151285355,34.66398218417889,35.04579099529431,31656600
2009-07-14,35.61043167114258,35.68033892310484,35.20173333765937,35.59967418451513,22878800
2009-07-15,36.80427169799805,36.84191470932455,35.970742600764886,36.137446779099314,29656700
2009-07-16,36.81503677368164,36.997877245872644,36.288034447799575,36.675218071745206,23543600
2009-07-17,36.84727478027344,36.97096125587946,36.48697694251944,36.728971150588904,25791100
2009-07-20,37.07316207885742,37.30977360194854,36.63757384915685,37.16458026056948,21275900
2009-07-21,37.89591598510742,37.917426859350265,37.28287042891551,37.33126681887709,25945600
2009-07-22,37.63779830932617,38.0303646752643,37.385050606941704,37.57864441716041,24773800
2009-07-23,38.50896453857422,38.57887180821975,37.49797798715078,37.546374380879215,27122600
2009-07-24,38.87462615966797,38.92302253464278,38.32073465347102,38.37450977103586,18187900
2009-07-27,39.12201690673828,39.14352778637465,38.58425722417143,38.939180584000326,17360300
2009-07-28,38.65953826904297,38.98757196135402,38.240086427144966,38.6541595241319,23044500
2009-07-29,38.412166595458984,38.49283135224208,37.804499752882236,38.218572820291534,24100600
2009-07-30,38.03034973144531,38.46055483849959,37.59476588100387,37.804491742533386,37842300
2009-07-31,37.85292434692383,37.912078272451005,37.33667526278187,37.83679220410424,28070600
2009-08-03,37.992713928222656,38.396033600278564,37.8044989018192,38.159418079782874,24756800
2009-08-04,37.9658317565918,37.98734263565474,37.643176776208996,37.777616693266886,18612000
2009-08-05,37.65928649902344,37.906655306868764,37.43342855744009,37.90128066738695,20348800
2009-08-06,37.49797058105469,37.65929596440003,37.32588771048543,37.64854257995538,17369900
2009-08-07,37.35818099975586,37.852919124284064,37.293648334598174,37.648571838791746,18041800
2009-08-10,37.202205657958984,37.48721756167235,37.12154090528281,37.16994139800041,16233400
2009-08-11,36.86134338378906,37.21843457128873,36.76395525336552,37.169738442156934,16947000
2009-08-12,37.391571044921875,37.629631852366245,36.87216902418535,36.91545355787348,19183400
2009-08-13,37.19678497314453,37.45107638177885,36.88297837832604,37.45107638177885,20235600
2009-08-14,36.90463638305664,37.14810882890475,36.601652853476054,37.072358818668604,19228000
2009-08-17,36.006500244140625,36.45015641030069,35.98485797654252,36.45015641030069,24332000
2009-08-18,35.974029541015625,36.147163528751776,35.849591680245204,36.087648333482484,21519700
2009-08-19,36.79100799560547,36.89380772120785,35.75761152495397,35.75761152495397,28432900
2009-08-20,37.11021041870117,37.21301011190888,36.72066215947757,36.83968838633447,17247200
2009-08-21,37.829811096191406,37.87309562472981,37.445670193052784,37.575519650828134,26166000
2009-08-24,38.57646179199219,38.76582647903697,37.835229585170524,37.89474479079039,25603700
2009-08-25,38.24101257324219,38.895675702884844,38.170678297902924,38.792875961523904,21183500
2009-08-26,38.614341735839844,38.66844535226375,37.81900577810022,37.900163266656755,18773100
2009-08-27,38.3383903503418,38.50611272271903,37.86768043477543,38.45200913109794,21395500
2009-08-28,37.93802261352539,38.522347240452994,37.84604195794617,38.522347240452994,17716500
2009-08-31,37.413204193115234,37.79193345097854,37.30499288526906,37.575514963125514,24337900
2009-09-01,37.012840270996094,37.602576540410475,36.85052533982948,37.29418147346604,24373900
2009-09-02,36.888389587402344,37.27794202820346,36.85592825994865,36.98036610041394,16315800
2009-09-03,36.93169021606445,37.14269719221726,36.69904096955738,37.04530903954358,15156000
2009-09-04,37.429447174072266,37.49437398014514,36.861348972496465,36.91004510901129,15156600
2009-09-08,38.22478103637695,38.39791504914668,37.71078646908147,37.791943940532384,21966000
2009-09-09,38.14363098144531,38.4412070586782,37.921800791536924,38.30594595590712,19652600
2009-09-10,38.22478103637695,38.43578798544505,38.08951995990558,38.322169176549956,19177600
2009-09-11,37.862300872802734,38.457449074987984,37.73785880529444,38.35464928564819,17468500
2009-09-14,37.87309265136719,38.02999595912074,37.353690733203464,37.391563660741255,17483100
2009-09-15,37.5971565246582,37.970478306057664,37.57551426349194,37.970478306057664,19475900
2009-09-16,38.05704116821289,38.07868342821071,37.42943213963221,37.7973423039171,22150400
2009-09-17,37.786529541015625,38.11656687337128,37.76489140288359,37.846044740479115,20986000
2009-09-18,37.86770248413086,38.132817254770565,37.6999800140933,38.01919428001535,43247900
2009-09-21,37.640445709228516,37.69996090284764,37.332050673129295,37.41320813059536,17984000
2009-09-22,37.78112030029297,37.94884269391919,37.710781907218774,37.88932749724408,14561800
2009-09-23,37.3320426940918,38.05703980273034,37.250885253971646,37.80275254451756,20898600
2009-09-24,37.29418182373047,37.526831025739554,36.980375155375846,37.332054757646354,21557000
2009-09-25,37.16974639892578,37.62422581413745,37.01284716483894,37.25631547909598,16454900
2009-09-28,37.651275634765625,37.79194832641672,37.137285135660264,37.22926168765327,13301600
2009-09-29,37.36992645263672,37.71619444491365,37.30499965614477,37.526829781612214,14695100
2009-09-30,37.12105941772461,37.461915929444324,36.8126642515473,37.32124734686625,27117400
2009-10-01,36.39604568481445,37.061531943256895,36.29865755255068,37.002016744215695,24927000
2009-10-02,36.02272033691406,36.325703738653296,35.97943581442581,36.23372722424521,20478900
2009-10-05,36.56377029418945,36.671977489764075,35.768434610412235,36.136344854341836,21853000
2009-10-06,37.14811325073242,37.38616999752176,36.67199150147075,36.79643353898455,21167400
2009-10-07,37.153507232666016,37.29417989185528,36.76936631489226,37.05071163327079,15302500
2009-10-08,37.359107971191406,37.49436903679624,37.16973917707253,37.31582343951622,19228800
2009-10-09,37.47814178466797,37.47814178466797,37.13187371725431,37.31041935046975,13541900
2009-10-12,37.94343566894531,38.14362354805697,37.570117904980954,37.60799084126257,16233800
2009-10-13,38.01378631591797,38.08412061228627,37.613410428721146,38.00837471532293,19333400
2009-10-14,38.86861038208008,38.890252643770154,38.278874230423014,38.32756622334618,25285700
2009-10-15,39.46379470825195,39.496256063558896,38.69010075997537,38.69010075997537,24093600
2009-10-16,39.561153411865234,39.68559126634373,39.12290480269229,39.3501465039759,23556600
2009-10-19,39.83168411254883,40.02104879797344,39.496235149910554,39.577392623046975,20404600
2009-10-20,39.50705337524414,39.78839872572246,39.14996628005608,39.701829655470526,20049600
2009-10-21,39.66395950317383,40.1995963753125,39.231126505055386,39.30687238292214,23099500
2009-10-22,40.27534103393555,40.388959847296114,39.50164748099779,39.50705495222404,26014500
2009-10-23,39.80464553833008,40.21584053311755,39.48001964890508,40.21584053311755,20672100
2009-10-26,39.62068557739258,40.53504786067385,39.56657783191154,39.934488210838886,27127700
2009-10-27,40.52963638305664,40.57832839576787,39.65855460326687,39.65855460326687,30342500
2009-10-28,39.950706481933594,40.5566775437807,39.950706481933594,40.318616746655024,26345700
2009-10-29,40.015625,40.03726726142797,39.00928254671534,39.26357395869491,30048500
2009-10-30,38.77664566040039,39.939891781068646,38.4412008217709,39.696423486718814,32175900
2009-11-02,39.03634262084961,39.41507193654242,38.500709980701224,38.98223902258491,20425900
2009-11-03,38.81452178955078,39.11750944244573,38.50071919339095,38.587284145760265,20550500
2009-11-04,38.57646179199219,39.241943996155356,38.43578911254153,38.9930641034907,22792700
2009-11-05,39.225704193115234,39.36096524205701,38.72794452369101,38.92812823430748,16235600
2009-11-06,39.269004821777344,39.32852003794321,38.68467586006231,38.8578099085881,18185000
2009-11-09,39.64448928833008,39.81863101433484,39.42681109285757,39.704350895881674,16809400
2009-11-10,39.51388168334961,39.85128307387241,39.42680874958914,39.43225184591567,15696600
2009-11-11,39.677154541015625,39.9601333660253,39.470358330559144,39.7478982093012,14397900
2009-11-12,39.127506256103516,39.75332949592862,39.02410818159691,39.55197644343316,16587600
2009-11-13,39.43770217895508,39.813197008933884,39.03500016608319,39.20914191369266,14461600
2009-11-16,40.50431442260742,40.634919674455034,39.90570252045094,40.079844240203116,21326200
2009-11-17,40.83081817626953,40.90156595473823,40.53695332813362,40.66756269521509,22920700
2009-11-18,40.96143341064453,41.03218120641813,40.65668644997658,40.9505513699918,16645700
2009-11-19,40.62403869628906,40.7600870481508,40.29752348219412,40.68933924798832,17253900
2009-11-20,40.47711181640625,40.71111519199644,40.28664491810423,40.47711181640625,19269900
2009-11-23,41.19541931152344,41.33691069138742,40.98862741161777,41.05393208352365,18947100
2009-11-24,41.34238052368164,41.35326256677185,40.70567513029847,41.19544595482898,17120900
2009-11-25,41.61446762084961,41.652560990631635,41.173672320248244,41.35869607294208,13269200
2009-11-27,40.7437629699707,41.02129862564369,40.46078006569283,40.624039752919785,12105300
2009-11-30,40.85260772705078,41.004981249645276,40.460787725026584,40.536974486323835,21436400
2009-12-01,41.38047790527344,41.489314954171576,40.972332744104484,41.35870966512035,17375700
2009-12-02,41.24441146850586,41.5219512191644,41.004965083477664,41.342366430393255,14786900
2009-12-03,40.809059143066406,41.22809035776729,40.7655268294293,41.13013538631853,17852600
2009-12-04,40.40636444091797,41.34237785724867,40.22134065724947,41.19000435261188,23700900
2009-12-07,40.1451530456543,40.66213936663555,40.04719804865857,40.24310804265002,17835600
2009-12-08,39.69889450073242,39.998202438227,39.40503380992938,39.98187730561182,18492900
2009-12-09,39.61183166503906,40.02541974453872,39.23633695129165,39.72611176229579,17228500
2009-12-10,39.39960479736328,40.03086701134456,39.29620671802395,39.90026175187711,23423700
2009-12-11,39.63359451293945,39.807736182993885,39.35605479908663,39.66624477861687,17128300
2009-12-14,37.92483901977539,38.80099071772748,37.70171773496715,38.52889402027319,91458900
2009-12-15,37.641849517822266,38.153392547784144,37.451382693431796,38.077205818027956,54419600
2009-12-16,37.239158630371094,37.8758639820632,37.233715533248954,37.864981939685535,57711800
2009-12-17,37.124874114990234,37.473157556051774,37.07589455041208,37.20106085823081,46627000
2009-12-18,37.11944580078125,37.44052219104428,36.809255607811345,37.30991273473334,62989400
2009-12-21,37.282691955566406,37.41329721240352,37.12487536728287,37.260923720782515,34470100
2009-12-22,37.31534194946289,37.66362539963741,37.27724857684587,37.34255328070343,27941800
2009-12-23,37.14664840698242,37.42962719204382,37.1139939746496,37.41330205181081,18958900
2009-12-24,37.364322662353516,37.413298077850484,37.09222594906006,37.19561987684245,8149200
2009-12-28,37.5928840637207,37.61465229967906,37.40785613400791,37.592884063720696,19694600
2009-12-29,37.46226501464844,37.76701608783302,37.440500936153136,37.70171139675088,19985700
2009-12-30,37.42417526245117,37.52757332868037,37.2173832818586,37.39152498969072,19860600
2009-12-31,37.108551025390625,37.473159624145104,37.065014554888684,37.46227343058644,18852300
2010-01-04,37.63097381591797,37.690835421073906,37.108548658811124,37.396970491726414,27809100
2010-01-05,37.77791213989258,37.794237280752185,37.44051482381559,37.65274995872433,30174700
2010-01-06,38.10442352294922,38.4200567202379,37.73437181106131,37.79423342268042,35044700
2010-01-07,37.984710693359375,38.12619802419377,37.777914491287675,38.039129216900854,27192100
2010-01-08,37.83231735229492,37.957483641302105,37.66906184925808,37.92483337106784,24891800
2010-01-11,38.25678634643555,38.37650537139891,37.9030599108606,38.060876448328344,30685000
2010-01-12,38.066322326660156,38.088090558400786,37.83231902528053,37.941160183983655,31496700
2010-01-13,37.9139518737793,38.11530491950581,37.69083474644572,38.071768452559645,24884400
2010-01-14,37.91939926147461,37.95204953944628,37.73981442889747,37.84321251162972,18630800
2010-01-15,37.60921096801758,37.92484417642917,37.35888247054632,37.90307593944906,29411900
2010-01-19,37.69627380371094,37.73981027078737,37.23371025865535,37.40785197509508,26081900
2010-01-20,37.021480560302734,37.364325098601284,36.96706204446909,37.30990243090101,34629500
2010-01-21,36.297698974609375,37.08678191432382,36.18886195279109,37.0704567762377,39114000
2010-01-22,35.97119140625,36.53715317415769,35.91677288376923,36.19975169178951,39085500
2010-01-25,35.83513259887695,36.330350558676436,35.7480638186114,36.21607044915331,29305100
2010-01-26,35.873233795166016,36.31947229003072,35.64467352625486,35.72086028255858,34083300
2010-01-27,35.66643524169922,35.9494139773836,35.37257031318117,35.73173994310303,35723500
2010-01-28,35.35080337524414,35.835135177445004,35.13856827773437,35.835135177445004,37349800
2010-01-29,35.062381744384766,35.81881025584638,34.83926045229438,35.45420166580556,40880500
2010-02-01,36.01472091674805,36.13988723091669,35.563039379002774,35.791599620319786,37703000
2010-02-02,36.439186096191406,36.526259024796445,36.17253251810355,36.314023951153864,34057900
2010-02-03,36.243282318115234,36.58612684293061,36.22151408226454,36.39565581720364,24024700
2010-02-04,35.2202033996582,36.107237295261726,35.198435161795516,36.06370081953635,33858200
2010-02-05,35.26374053955078,35.318159059299006,34.58893968463208,35.20931786793563,42297500
2010-02-08,35.24729919433594,35.87172655286118,35.24182058832727,35.554038446541846,30519400
2010-02-09,35.7128791809082,35.99222957240688,35.362323629555746,35.66358426538292,36243300
2010-02-10,35.521183013916016,35.723849715322906,35.14324265041853,35.64716592105076,21699100
2010-02-11,35.73479080200195,35.86625227303784,35.280166796263416,35.43353433351998,23555200
2010-02-12,35.493778228759766,35.6800090010954,35.20894928654515,35.395184237831785,30636200
2010-02-16,36.3044548034668,36.35922834225689,35.64716398007945,35.84435206288628,30514900
2010-02-17,36.01961898803711,36.39755921651973,35.9155463705808,36.33730708840838,21821800
2010-02-18,36.12916946411133,36.20037463184628,35.79504551428564,36.04153265604926,22536700
2010-02-19,36.07987976074219,36.28254225935397,35.838871190552105,35.92650801128758,24264600
2010-02-22,35.82244110107422,36.216817258865795,35.74027870504213,36.205860043953216,20469700
2010-02-23,35.570472717285156,35.91007109381226,35.137754747529144,35.745750511962704,33372900
2010-02-24,35.90459442138672,36.07987220510489,35.4773509058062,35.60881237780882,21469600
2010-02-25,35.680023193359375,35.696454835224806,35.25826239598694,35.38971970986304,25668800
2010-02-26,35.60332107543945,35.822419271693796,35.55950060039848,35.74573552984735,20129700
2010-03-01,35.82244110107422,35.89912488965002,35.65263770155376,35.80053085020212,18798600
2010-03-02,35.87173843383789,36.03606323690775,35.68550755738183,35.964858051019256,24823900
2010-03-03,35.83885955810547,36.134641567620484,35.81147070985441,36.02509035356778,22279800
2010-03-04,35.82244110107422,35.94841981989744,35.64716327305052,35.79505224274584,21961100
2010-03-05,36.40851974487305,36.43590441899428,36.03057530301067,36.12916932354206,26837900
2010-03-08,36.41398239135742,36.58378150492529,36.27704654391225,36.572824296917446,20297200
2010-03-09,36.57831573486328,36.80289260936506,36.27158066622855,36.32635418863448,29003100
2010-03-10,36.819332122802734,36.928879191043606,36.578323557929465,36.786468838121024,24810300
2010-03-11,36.819332122802734,37.005562974602775,36.68787480512313,36.91244754870276,19357400
2010-03-12,36.58926773071289,37.016506995106475,36.4249430079686,37.016506995106475,23361800
2010-03-15,36.315391540527344,36.52901114661685,36.09629332996224,36.51805393766566,22070000
2010-03-16,36.463294982910156,36.523547119337024,36.15108126640386,36.4523419485382,35103700
2010-03-17,36.895999908447266,37.131529764098126,36.5892649072093,36.64951702230261,38770000
2010-03-18,36.91244888305664,37.1041583488847,36.704307774293746,36.972701026453024,25925500
2010-03-19,36.720726013183594,37.18630716851731,36.38660213229614,36.720726013183594,45564200
2010-03-22,36.682411193847656,36.808389955929684,36.32637680808827,36.41949227205403,21390600
2010-03-23,36.671424865722656,36.68786068068868,36.397553121605384,36.66595043968516,24754700
2010-03-24,36.42494583129883,36.622133842295675,36.277056912527,36.463287712384236,19748800
2010-03-25,36.315391540527344,36.654989796900004,36.28252409262457,36.59473768452084,21095600
2010-03-26,36.44686508178711,36.63309592766781,36.24419841513518,36.392091549407645,30553400
2010-03-29,36.86315155029297,36.961745580425344,36.47424985774946,36.51259592736734,26122200
2010-03-30,36.726219177246094,36.863155111271695,36.58380463575262,36.80290296598419,17745900
2010-03-31,36.68787384033203,36.80289951264593,36.47972856561413,36.665963591469485,22352500
2010-04-01,37.03293991088867,37.13701251748531,36.80288863426062,36.8467049400816,19614700
2010-04-05,37.35062789916992,37.443743284482785,37.09318780416886,37.15891434488338,20901100
2010-04-06,37.19178009033203,37.438262964621295,37.13700658259561,37.24107499360957,19776800
2010-04-07,36.88502883911133,37.16437906967088,36.68236650899605,37.15342604329278,24531500
2010-04-08,37.16988754272461,37.36707560758942,36.616665239689866,36.70430623694212,24060800
2010-04-09,37.66284942626953,37.783353681527124,37.284905021861945,37.306815266358946,21099600
2010-04-12,37.63547134399414,37.821706386027444,37.56426616321987,37.68477045295559,18170300
2010-04-13,37.608089447021484,37.662862988511804,37.284918448007936,37.50401679292254,19177100
2010-04-14,37.5806999206543,37.695725609431044,37.44376397987912,37.64095206891163,18777800
2010-04-15,37.38897705078125,37.64093859010854,37.32872492409953,37.520434336745105,16712900
2010-04-16,37.20823669433594,37.62999758378607,37.087732389077736,37.3123093541414,33855100
2010-04-19,37.372535705566406,37.48756132327793,37.01102303937246,37.10961702297529,25686000
2010-04-20,37.77788162231445,37.914817539936905,37.520441428551834,37.58617217343353,22989500
2010-04-21,37.75049591064453,38.0298463759622,37.55878644580021,37.79431641088121,21119200
2010-04-22,37.553306579589844,37.646426184209254,37.367075728256566,37.53139633020603,21654700
2010-04-23,37.92576599121094,37.94219763070743,37.34515910792394,37.52043689413995,24340000
2010-04-26,37.953163146972656,38.08462047065886,37.755975071966866,37.81074860859004,18237100
2010-04-27,37.394466400146484,38.34206498787197,37.356124502316746,37.79979981029332,36374700
2010-04-28,37.898380279541016,38.09008969999859,37.580687994810205,37.72310249812953,33243500
2010-04-29,37.608089447021484,38.15583321983133,37.37803388643681,37.493059577252474,47200900
2010-04-30,37.12057876586914,37.96410433936777,37.0986727012161,37.73953165558497,43762100
2010-05-03,37.1589241027832,37.36706934690713,36.797415497068684,37.30681721612937,30734900
2010-05-04,36.40851974487305,36.841237713930134,36.1510795702104,36.780985580330274,31646100
2010-05-05,36.244197845458984,36.66596281395222,36.05796700250541,36.118219140861584,30260300
2010-05-06,34.99532699584961,36.27704877999471,32.02108003885281,36.03604033637155,58336300
2010-05-07,34.8912467956543,35.55949216571988,34.63380678954126,35.329440994748474,69004800
2010-05-10,35.729305267333984,36.014130008127644,35.34040376011183,35.833373675861125,38337600
2010-05-11,35.547332763671875,35.84512352553308,35.42049852884137,35.635568933408,29790600
2010-05-12,35.79548645019531,36.032611640939926,35.56938446739519,35.64658899631931,25390700
2010-05-13,35.70174789428711,35.99402289316112,35.47013422053784,35.77344084616154,26791600
2010-05-14,35.07307052612305,35.69622684531499,34.6925615469076,35.569388415243964,38815400
2010-05-17,34.89109420776367,35.22748726305973,34.334114921683465,35.15028271338513,31923700
2010-05-18,34.62638854980469,35.44255205301537,34.42234557033603,35.321233635113664,34457000
2010-05-19,34.438880920410156,34.70909673907238,34.19072203330631,34.4443946273834,36722500
2010-05-20,33.269779205322266,34.01425375858527,33.203602100040605,33.89844697984043,57194500
2010-05-21,33.573089599609375,33.611691866118036,32.624571957017764,32.624571957017764,52802900
2010-05-24,33.19257736206055,33.63926342053815,33.1594909083208,33.49588387911269,27847800
2010-05-25,32.92787170410156,32.96647396512718,32.23854260912206,32.53081957588587,50533800
2010-05-26,32.707298278808594,33.34147998996437,32.602518875994846,33.13192539166914,34028900
2010-05-27,33.892940521240234,33.94257231206358,33.14294995042779,33.36353615490179,31911500
2010-05-28,33.34147262573242,34.00874275413153,33.24220905744727,33.755070125698666,32078700
2010-06-01,32.674198150634766,33.56205433570261,32.61353685545641,33.29735222337782,32972000
2010-06-02,33.512428283691406,33.52897151114264,32.66317421343187,32.81758327941879,28668400
2010-06-03,33.948081970214844,34.19623877568074,33.41867559617918,33.76609806896324,32383700
2010-06-04,32.8286247253418,33.66684958059957,32.69627465031855,33.495897225055664,45019200
2010-06-07,32.701778411865234,33.313903107712896,32.64663291465941,33.07677368312928,28389500
2010-06-08,33.7716178894043,33.88190888107579,32.745895678999155,32.878245710471276,48460700
2010-06-09,33.104347229003906,33.970144598715265,32.98854041988311,33.95911718194122,31693200
2010-06-10,34.13005828857422,34.19071957925288,33.727490391129294,33.914987969742775,33020100
2010-06-11,34.113525390625,34.14661184743504,33.73853011989484,34.01426181286315,21227100
2010-06-14,33.84330749511719,34.44440267151926,33.81573474648084,34.22381857876266,24667800
2010-06-15,34.47198486328125,34.50507343290854,33.909493905282446,34.13007805846504,24532600
2010-06-16,34.47198486328125,34.53264618909806,34.13559387190281,34.17419615130142,20652700
2010-06-17,34.521602630615234,34.576750224239646,34.163152738551766,34.422339065756894,23310200
2010-06-18,34.79732894897461,34.94622427341791,34.41130637115709,34.620860883782235,32747000
2010-06-21,34.81389236450195,35.56939679262096,34.659481149482716,35.34881054468855,24877600
2010-06-22,34.15763473510742,34.8524796445204,34.07491650547809,34.81387738329362,26147000
2010-06-23,33.69441223144531,34.33410967863382,33.584121236561614,34.030805235371886,38058900
2010-06-24,33.12640380859375,33.749557993323215,33.01611071605475,33.54000132786569,34188500
2010-06-25,32.591487884521484,33.22015796205149,32.591487884521484,33.17052616918507,118023500
2010-06-28,32.244056701660156,32.751401878769414,32.244056701660156,32.70728591294769,43013000
2010-06-29,31.59333038330078,32.03450056656032,31.433405534473767,31.984868789464535,52525000
2010-06-30,31.472017288208008,31.835983062153023,31.389296933538954,31.61539895581223,43944900
2010-07-01,31.21833610534668,31.58230178003034,30.975690919780625,31.422376926573698,47746400
2010-07-02,31.1962947845459,31.42791058377679,30.84887213753288,31.350703914922075,32767900
2010-07-06,31.687088012695312,31.75877884723668,31.306579005359204,31.52716311397459,36912100
2010-07-07,32.22199630737305,32.233025824279444,31.576783242172862,31.63744453332543,41797200
2010-07-08,32.431549072265625,32.64661936725258,32.056553956613755,32.60801711449415,40430300
2010-07-09,32.415016174316406,32.54185249681565,32.150314009492014,32.403986654490495,25976500
2010-07-12,32.503257751464844,32.503257751464844,32.09517594179315,32.14480774066309,23515000
2010-07-13,32.7679557800293,32.93339649084729,32.558401192680954,32.86721936505368,30514200
2010-07-14,32.67971420288086,32.72383227660049,32.32677802778601,32.65765726968659,26061100
2010-07-15,32.68522644042969,32.806549026228836,32.31023126947351,32.73485821610522,24737300
2010-07-16,31.962820053100586,32.59700384214599,31.880101800398613,32.44810846288317,35805700
2010-07-19,32.22199630737305,32.39295066392435,32.04001243391535,32.166850826506305,20960000
2010-07-20,32.50876998901367,32.53082903134444,31.802895360091593,31.808411172507316,23807300
2010-07-21,32.0786247253418,32.60803118411925,31.7642907580152,32.60803118411925,26859700
2010-07-22,32.745906829833984,32.9720068056188,32.34885239287859,32.3764251501857,27051400
2010-07-23,32.933387756347656,32.98301953569665,32.42604044481735,32.67971304874977,19281400
2010-07-26,33.3028678894043,33.3304406332895,32.88375671281886,32.92235897499125,20236500
2010-07-27,33.53448486328125,33.58411664566068,33.30286917762208,33.4297054873327,22400800
2010-07-28,33.589637756347656,33.78816492962078,33.490374169711096,33.490374169711096,23511100
2010-07-29,33.275306701660156,34.124560971720214,33.24773394819925,33.87088617034759,33763000
2010-07-30,32.91133499145508,33.3690485071873,32.86721691088693,33.170523455628256,29354600
2010-08-02,34.15763473510742,34.21278232519244,33.42418966813313,33.4407328933259,28144000
2010-08-03,34.58778762817383,34.736683009406015,34.12455825445129,34.179703756981986,31075800
2010-08-04,34.58778762817383,34.68153540320924,34.339628659453524,34.66499217318324,21033800
2010-08-05,34.582275390625,34.582275390625,34.108016446637116,34.345145918631054,19985300
2010-08-06,34.1741943359375,34.46646932262009,33.777139936167686,34.14661947754633,23097300
2010-08-09,34.438880920410156,34.56020140681007,34.28998558814785,34.49954221544281,14731300
2010-08-10,34.152130126953125,34.28448017108776,33.88742793501784,34.1080120431309,23188500
2010-08-11,33.54118347167969,33.69114430928223,33.43565641650132,33.63004891780867,24281300
2010-08-12,33.452308654785156,33.63559477786315,33.08018536546017,33.15794234420158,16951300
2010-08-13,33.27457046508789,33.574491990053524,33.21347510421879,33.3023405058325,14651300
2010-08-16,33.2579231262207,33.463424058316704,32.908014530377834,33.10240701766876,14301100
2010-08-17,33.77999496459961,33.96883421977901,33.402316454240804,33.59671098915049,20122200
2010-08-18,33.40787887573242,33.72446208904621,33.11906571085129,33.696689921894674,20071500
2010-08-19,32.93022918701172,33.357894748771244,32.71361982479877,33.28569092179391,21174500
2010-08-20,32.708065032958984,32.808038912202676,32.51922571868968,32.78026886101701,21008800
2010-08-23,33.04686737060547,33.352342191463855,32.71362249670891,32.752500994706196,21337700
2010-08-24,32.7358283996582,33.01908837258148,32.65251826311268,32.746936841608004,25679100
2010-08-25,32.71916961669922,32.99132117113394,32.4470180622645,32.596978863436426,20944000
2010-08-26,32.4803466796875,33.04686461301403,32.39703652752478,32.96910762350787,22320900
2010-08-27,33.213478088378906,33.302343497976985,32.2415117439606,32.613637103271515,28279500
2010-08-30,32.769161224365234,33.269030632902535,32.74694433538155,33.08019131397946,16265100
2010-08-31,32.830257415771484,33.06908368141204,32.491457265968876,32.630309647447376,26985400
2010-09-01,33.82999038696289,33.85776043643508,33.1690538871613,33.34678474624608,26286200
2010-09-02,33.91330337524414,33.91330337524414,33.53006948073419,33.5967201433475,18662600
2010-09-03,34.05771255493164,34.21322654691605,33.741129289123826,33.99106400389822,21982900
2010-09-07,33.630035400390625,33.91884851390274,33.574495313403816,33.818874662351675,19435700
2010-09-08,33.74112319946289,34.02438107927147,33.674474660458316,33.69113626552975,17380600
2010-09-09,33.90774154663086,34.207663114320745,33.82998457398206,34.15767618637243,16525200
2010-09-10,33.991058349609375,34.146572315724605,33.8522059888011,34.09103221888885,14488400
2010-09-13,33.879981994628906,34.16879521014091,33.62449411430957,34.09659137658309,23141800
2010-09-14,33.88553237915039,34.0688185296015,33.741126842595435,33.79111378192582,17977500
2010-09-15,33.879981994628906,33.89664360286561,33.52452022745083,33.7466827725775,18769900
2010-09-16,33.863311767578125,33.87442020981506,33.5744986255742,33.79666111415657,16432500
2010-09-17,33.75779342651367,34.04660666092357,33.674483261159665,33.985511268432326,26447200
2010-09-20,34.18545150756836,34.335412314559626,33.852206682289285,33.90219361795304,21788100
2010-09-21,34.17990493774414,34.379852718964294,34.018835656347974,34.24100032853023,20525200
2010-09-22,34.129905700683594,34.43538042587913,34.10768881772283,34.19100106946642,18207700
2010-09-23,33.963294982910156,34.19656597797522,33.82444259478496,33.874429539258806,18097800
2010-09-24,34.296531677246094,34.50758785003964,34.07992234249008,34.16323248423996,25145300
2010-09-27,34.27431869506836,34.47982172930182,34.25765708856474,34.429834791071926,16642800
2010-09-28,34.46870803833008,34.57978822307019,34.02993410496299,34.22988182744514,18806700
2010-09-29,34.20766830444336,34.44649453879667,34.0299374489319,34.30764217550841,21158000
2010-09-30,34.31874084472656,34.679755615226476,34.14101003983343,34.40760624717313,25460200
2010-10-01,34.73529815673828,34.75751503724747,34.32429434219166,34.613107432656086,24160200
2010-10-04,34.540916442871094,34.840838084842204,34.34652396310414,34.72420259698204,16902500
2010-10-05,35.13520431518555,35.21296342552357,34.67421552827959,34.763080964232486,25185400
2010-10-06,35.51289367675781,35.51289367675781,35.09078325813405,35.09078325813405,21645200
2010-10-07,35.462890625,35.54620288550041,35.196294357605005,35.52398600020447,19468400
2010-10-08,35.75724411010742,35.84055634071575,35.34068931321986,35.44066314246265,22370500
2010-10-11,35.8516845703125,35.99608798794863,35.71838324065709,35.74615541036151,13848900
2010-10-12,35.93499755859375,36.04052673309313,35.507334053279344,35.71838816483936,20732000
2010-10-13,36.12382888793945,36.262681241796486,35.86278578469821,36.01274446239128,22560500
2010-10-14,36.26824188232422,36.35154991700005,36.02941562889775,36.129389507946925,17778100
2010-10-15,36.207149505615234,36.4626373871952,36.00164644899202,36.45708210527605,25500700
2010-10-18,36.812538146972656,36.95694579233411,36.118276325439716,36.207143872566114,22481700
2010-10-19,36.16827392578125,36.679249730176124,35.87390328445051,36.42931287290726,25367400
2010-10-20,36.66257095336914,36.87362497267927,36.2959987626634,36.36264940754724,20543900
2010-10-21,36.834754943847656,37.10135334713826,36.46263162539937,36.818093338161596,21291200
2010-10-22,36.845863342285156,36.962503063528146,36.729227858480265,36.94028617555034,13332800
2010-10-25,36.768096923828125,37.10689696308698,36.7458842789849,37.03469527375397,16516600
2010-10-26,36.951393127441406,36.97361001579596,36.55149761193573,36.634809883905774,17652900
2010-10-27,36.47373962402344,36.651470488561586,36.15160110784864,36.629253600814565,23358900
2010-10-28,36.779212951660156,37.045807103783595,36.684794366009676,36.89584842289386,20464200
2010-10-29,36.929168701171875,36.968047188496996,36.65146400958175,36.71255938072657,19265600
2010-11-01,37.18464660644531,37.329054194098006,37.00691582065592,37.056904855297155,22372700
2010-11-02,37.67897415161133,37.90669405462754,37.32906773196927,37.390163109001044,26192200
2010-11-03,37.75116729736328,37.917787529446336,37.39015043836223,37.89557488845096,26545300
2010-11-04,38.5343017578125,38.65649250098443,37.92890755974457,37.99000293133054,31221400
2010-11-05,38.878665924072266,38.878665924072266,38.54542106363931,38.56763795265994,26531700
2010-11-08,39.056392669677734,39.11193276763837,38.578740199828175,38.595401805472584,23628000
2010-11-09,39.47556686401367,39.74384387588438,39.17934708398293,39.285540689699026,33938100
2010-11-10,39.75502395629883,39.77179473575098,39.20729788952306,39.66001085999756,25482400
2010-11-11,40.146244049072266,40.185367322915184,39.53144791834768,39.68235075627978,23788900
2010-11-12,39.67677688598633,39.90593063036548,39.363790565974604,39.89475011086861,24598100
2010-11-15,39.391761779785156,39.80535170854176,39.36940499118731,39.68798176649413,18779600
2010-11-16,38.53102493286133,39.02286123851153,38.31863768169025,38.911081616719876,27543400
2010-11-17,38.57014465332031,38.776937360887146,38.31863413141305,38.47512729306974,17471800
2010-11-18,39.296730041503906,39.34144360240486,38.922263563228114,38.9278538243707,18322900
2010-11-19,39.42527770996094,39.453220485482866,38.765767657145595,39.235247221461826,24116400
2010-11-22,39.22965621948242,39.29113628755376,38.447186114671865,39.179352407369954,18907900
2010-11-23,38.553382873535156,38.64839598133736,38.184502435075736,38.452779505238894,22672000
2010-11-24,39.056392669677734,39.12346299847227,38.67075000543662,38.70428303777435,19335600
2010-11-26,38.6931037902832,38.80488339884651,38.50866359844687,38.73222707969223,7324600
2010-11-29,38.81605911254883,38.92225272408563,38.17331997609826,38.48630628700418,20021200
2010-11-30,38.87752914428711,38.98372272842337,38.18448637862361,38.31303673121581,27524300
2010-12-01,39.86680221557617,39.989762329522755,39.335838474817564,39.335838474817564,26590200
2010-12-02,39.950645446777344,40.051248804844924,39.65442136838136,39.78856202188408,21274800
2010-12-03,39.78856658935547,39.85004666323867,39.62089288528866,39.68796321973927,19457100
2010-12-06,39.85562515258789,40.01770856555769,39.71589851355723,39.794145090284914,15985400
2010-12-07,39.93947219848633,40.34188570402186,39.91711541883216,40.190982771505894,23694600
2010-12-08,40.15743637084961,40.36423333770353,39.950643668114424,40.1686168902032,22654900
2010-12-09,40.24128341674805,40.31953001559547,39.866816941675395,40.26923045810205,17971600
2010-12-10,40.34187698364258,40.34187698364258,40.02889066437944,40.34187698364258,17699500
2010-12-13,40.442474365234375,40.66044755740234,40.28039096980623,40.470421395663365,21170500
2010-12-14,40.34187698364258,40.52072691809563,40.20215033909742,40.369824018199125,20625900
2010-12-15,40.15743637084961,40.41453288243844,40.123903341026335,40.1686168902032,20979000
2010-12-16,40.36423873901367,40.425718811329084,40.000948565546075,40.19656503922268,18513900
2010-12-17,40.33629608154297,40.4592562395273,40.11832280661431,40.3027630435908,36761300
2010-12-20,40.36423873901367,40.52073191795496,40.1742082616426,40.37541499574406,16045800
2010-12-21,40.6436882019043,40.78341485041793,40.36982516477087,40.481604777934216,21772800
2010-12-22,40.68839645385742,40.80017605246341,40.60455962284376,40.766643025705285,14606600
2010-12-23,40.911964416503906,40.91196441650391,40.70517168836543,40.766651760006404,11390900
2010-12-27,40.80577850341797,40.967861954706144,40.69399460729528,40.69399460729528,9757200
2010-12-28,41.03492736816406,41.11317396213144,40.77783080739704,40.911967216466884,14423400
2010-12-29,41.00697708129883,41.18582701533799,40.990206302132435,41.02933385606857,11797700
2010-12-30,41.00139617919922,41.08523303768989,40.828136465339654,40.96227288045287,10790400
2010-12-31,40.86725616455078,41.08522941895586,40.81136208773358,40.88961294245379,15273700
2011-01-03,41.6664924621582,41.8006288642016,41.157885363892994,41.202598919280575,23320700
2011-01-04,41.86211395263672,41.890056730012475,41.59383685228633,41.755920311897206,20028500
2011-01-05,41.75031661987305,41.84533397191953,41.43733032358384,41.73355010601733,16550800
2011-01-06,42.01860427856445,42.15833094825054,41.73356067845136,41.862111090775166,22525300
2011-01-07,42.24774169921875,42.421005619605815,41.96828843988554,42.03535875720811,19297700
2011-01-10,41.99065399169922,42.06890057954279,41.683257900633556,41.99065399169922,20766400
2011-01-11,42.303646087646484,42.39865919562171,41.92917538801107,41.92917538801107,15805400
2011-01-12,42.80108642578125,42.8234432108643,42.292479159413624,42.443386392694,17363000
2011-01-13,42.87372970581055,42.935209780011746,42.465730228787464,42.840196670471514,20438100
2011-01-14,43.505279541015625,43.594706627027264,42.756346884199814,42.85135996499857,23478700
2011-01-18,43.99152755737305,44.069774121715206,43.43821134834835,43.47733463051943,23883600
2011-01-19,43.72886276245117,44.11450978302685,43.66738267905157,43.946836053006095,21844100
2011-01-20,43.454986572265625,43.68414031672277,42.90725624793991,43.58353696181065,29121600
2011-01-21,44.14244842529297,44.20951449324182,43.62825107434259,43.71208792339793,25084400
2011-01-24,43.92445755004883,44.25421458558749,43.645004314288386,44.069774426597284,24871600
2011-01-25,43.97476577758789,44.1480254366869,43.55558588174057,43.71766928649574,21626300
2011-01-26,44.52250289916992,44.63428251627498,43.868578920336255,43.99153905762325,25555400
2011-01-27,44.64545822143555,44.701352293417436,44.3436481420332,44.623101445466595,17003500
2011-01-28,44.148040771484375,44.651057674047486,44.08097469388922,44.58957759350533,26300600
2011-01-31,45.09259796142578,45.17084456737996,44.15922468745794,44.6678276261601,34514400
2011-02-01,46.89786148071289,46.92580425619059,45.2937977769325,45.34968759200745,40829600
2011-02-02,46.61839294433594,46.9369694769436,46.53455611699326,46.718992020205356,18176900
2011-02-03,46.635162353515625,46.696642413110936,46.08743207642602,46.42277514250692,19647700
2011-02-04,46.545745849609375,46.67988225373048,46.30541581582769,46.52897933210916,16558300
2011-02-07,46.90902328491211,46.94814656982223,46.59044674661019,46.64074628544395,15304300
2011-02-08,46.62248229980469,46.99892212276047,46.43145038482115,46.91464346281452,17463500
2011-02-09,46.38087844848633,46.5101019916517,45.94263034317889,46.31907439337592,15890900
2011-02-10,46.74607849121094,46.80788254594875,45.85273598714797,45.89206545047295,21050500
2011-02-11,46.532596588134766,46.86409159774891,46.201105865112496,46.201105865112496,15993500
2011-02-14,47.70685958862305,47.81922828390554,46.01006399835706,46.11119753874769,33108300
2011-02-15,46.61686706542969,47.695622014094894,46.44830972931713,47.639437664254416,25684600
2011-02-16,47.02142333984375,47.116937208116994,46.55508487249585,46.66745362498283,16673500
2011-02-17,47.12815475463867,47.178723674972936,46.661820748175664,47.178723674972936,17853500
2011-02-18,47.47649002075195,47.47649002075195,46.91463806784365,47.14499942609935,22839500
2011-02-22,48.004642486572266,48.712573012173365,47.605728029151955,47.740571326420095,32580400
2011-02-23,48.92046356201172,49.572214074047096,48.02150103385211,48.319281969437036,38624600
2011-02-24,48.302425384521484,49.178913282672916,48.01587961528301,48.99350106218971,28577100
2011-02-25,47.94845199584961,48.45411969929005,47.920361965241845,48.20128799086531,22230300
2011-02-28,48.055206298828125,48.63391323830061,48.03273170190022,48.246238229419745,24507000
2011-03-01,47.64506149291992,48.60020838232909,47.588872851644034,48.54964374909059,23001800
2011-03-02,47.80237579345703,47.937219091842465,46.94274280053925,47.527065189073184,17423600
2011-03-03,48.21815490722656,48.29119414895474,47.78553060583474,48.01588777534175,17153500
2011-03-04,47.80237579345703,48.31927867609383,47.58886926053967,48.27432948110163,20028600
2011-03-07,47.60011291503906,48.36423215116387,47.58325803707317,48.22938455425369,18062700
2011-03-08,47.53269577026367,47.819241595569366,47.055122252482285,47.53269577026367,17658200
2011-03-09,47.409088134765625,47.504606268674884,46.94836949210381,47.263009645901484,13306600
2011-03-10,45.7235107421875,47.08319573667059,45.622377218409255,47.08319573667059,25996300
2011-03-11,46.139305114746094,46.58316887586807,45.00436124792986,45.52126425331538,17607100
2011-03-14,46.285369873046875,46.43145260483175,45.768467020996916,45.8864554359263,16383200
2011-03-15,45.729148864746094,46.122443678495735,44.807711626882394,45.043688515132175,23191300
2011-03-16,44.56049346923828,45.965123870226414,44.2739519537828,45.63925287500694,33396500
2011-03-17,45.59992599487305,45.79095368273377,45.07740328445302,45.16167768404331,21941300
2011-03-18,45.42573165893555,46.25727447421351,45.42573165893555,45.94263445099433,28895900
2011-03-21,46.54383850097656,46.819149190820085,45.99322569447452,45.998845417240766,18207000
2011-03-22,46.38650894165039,46.76295311406683,46.25728535653024,46.68990959617234,16209700
2011-03-23,46.408973693847656,46.633715348023706,46.07186335587884,46.4370680080911,15390600
2011-03-24,46.482017517089844,46.89778679390158,46.38088398634207,46.51010754493667,17009000
2011-03-25,46.98206329345703,47.15623603251813,46.53258000264022,46.62809380879693,16497300
2011-03-28,46.89778137207031,47.20118192923765,46.88654193295854,47.11690328225949,14608200
2011-03-29,46.77419662475586,47.1337816973221,46.41461155218961,46.72363198326632,16277400
2011-03-30,47.470890045166016,47.67877689737929,46.92027730279443,47.083214951298025,15770400
2011-03-31,47.26860809326172,47.723711136581635,47.25737293915325,47.656287352158884,15317800
2011-04-01,47.57762908935547,47.667523183271875,47.291083359727395,47.60010368448225,15531500
2011-04-04,47.68437957763672,47.718089325075496,47.23489627436413,47.34164952337423,13096100
2011-04-05,47.9934196472168,48.28558522672434,47.51022635437884,47.57765016963272,17122600
2011-04-06,47.858551025390625,48.25746541011093,47.73494290600876,48.16757132384526,13339700
2011-04-07,48.1844482421875,48.20130312316177,47.70687470601657,47.847337762925214,16006700
2011-04-08,48.29119110107422,48.4428935837092,47.95970038654671,48.319285423515296,15943200
2011-04-11,47.847320556640625,48.40355286172736,47.63381404349908,48.29117988465529,13026500
2011-04-12,46.73484802246094,47.33602947158601,46.448302311467735,47.3304097515221,20728800
2011-04-13,46.7236328125,47.16749229542626,46.38651805021799,46.959609716823586,14489400
2011-04-14,46.88093185424805,47.10566922307024,46.28536582441571,46.28536582441571,15717500
2011-04-15,47.35853576660156,47.459669362497586,46.836012902237655,47.083229311448676,17022500
2011-04-18,46.68990707397461,47.19557480419493,46.3190869295405,46.69552679503016,15107300
2011-04-19,47.08320236206055,47.18995133408821,46.61686414309543,46.61686414309543,12770800
2011-04-20,48.12263488769531,48.139489765423995,47.68439092038365,47.78552447334722,15447600
2011-04-21,48.52153396606445,48.56086343046953,48.07205069864344,48.19003909185867,12797200
2011-04-25,48.442893981933594,48.60021190107661,48.25748174011856,48.48222346171935,9852800
2011-04-26,49.11711883544922,49.150832882702666,48.46537250530866,48.560886351577096,17908800
2011-04-27,49.31936264038086,49.386786416398465,48.48220444946535,49.150809630222035,17755800
2011-04-28,49.07215881347656,49.16205720421376,48.61705999849531,48.89798603966224,18705300
2011-04-29,49.4317512512207,49.44298640748579,48.897989166912275,49.12273087153732,17352300
2011-05-02,48.86428451538086,49.516030811617526,48.5833584269048,49.499175932163666,18651200
2011-05-03,48.10578918457031,48.75753553839703,47.77991386436081,48.65078224363371,18417100
2011-05-04,47.650672912597656,48.094536564408735,47.14500947645521,47.86417944363579,22867000
2011-05-05,46.42021942138672,47.18995401146095,45.841508190360194,46.92588285353229,27491200
2011-05-06,46.459556579589844,47.25176589782431,45.98759853517186,46.78542757526382,26314700
2011-05-09,46.73484802246094,47.03824860705543,46.16176088706497,46.63933421432668,18254600
2011-05-10,46.82475280761719,47.06073395171628,46.352799092601856,46.67867434530754,17695700
2011-05-11,45.8359489440918,46.7230596864202,45.45172238819073,46.621352530125684,24192000
2011-05-12,45.7963981628418,46.101515332562414,44.875382125704974,45.553431297394575,21853600
2011-05-13,45.694679260253906,46.203210619711264,45.327403258832376,45.9319944694544,17628500
2011-05-16,45.33869171142578,45.92068072390022,45.270889844901845,45.327392837305794,16435100
2011-05-17,45.43475341796875,45.649466522336965,44.97706924550969,45.197433942622425,18067800
2011-05-18,46.18626403808594,46.48573387170724,45.446064690010395,45.70033039114835,17957000
2011-05-19,46.51962661743164,46.66088626027998,45.960235327902645,46.485721371734556,15229100
2011-05-20,46.0902099609375,46.47443647750376,45.71163503883789,46.321877914131974,19003400
2011-05-23,45.581668853759766,45.7737842448287,45.24264651111793,45.327403174504134,16288500
2011-05-24,45.931976318359375,46.40095926852338,45.73421372217614,45.79636829681963,15687300
2011-05-25,46.31057357788086,46.632645480045234,45.677728651302004,45.751186444838176,19347200
2011-05-26,46.55354309082031,46.65525024005491,45.87549830319207,46.10716195311866,16873700
2011-05-27,46.68913650512695,46.971655796286655,46.417920399718916,46.75129109405427,11949100
2011-05-31,47.16376876831055,47.321978873606334,46.73998985302452,47.05641006361609,23630700
2011-06-01,46.35010528564453,47.265469164524184,46.197546794615306,47.20896617936156,19550200
2011-06-02,45.95461654663086,46.514003872184084,45.57038990735378,46.203230740818476,18152600
2011-06-03,45.869850158691406,46.2145241730835,45.30481135619996,45.33871230486018,17281200
2011-06-06,45.36695861816406,45.87549432018492,45.248301006176405,45.72858304828928,15954300
2011-06-07,45.203086853027344,45.81897684216674,45.18613638520183,45.547760735153865,16188100
2011-06-08,45.632530212402344,46.25972356366315,45.49691780987322,45.54777353854752,23567300
2011-06-09,45.869850158691406,46.15236955993712,45.745540932398654,45.903751107351624,17665100
2011-06-10,45.07878112792969,45.73987528918519,45.0448801896815,45.73987528918519,18965900
2011-06-13,44.76803970336914,45.542140336981,44.54767053798553,45.20311781554546,17854200
2011-06-14,45.41780471801758,45.66642310122349,45.16919064571442,45.231345241515896,16443400
2011-06-15,44.44594192504883,45.14093704492057,44.2820802005426,44.937522787664754,21713900
2011-06-16,44.762359619140625,44.92622133424652,44.259475598358165,44.406382533913096,19037500
2011-06-17,44.649349212646484,45.174835294115525,44.46288974701747,45.11833229510969,25441200
2011-06-20,45.03923797607422,45.17484606821094,44.42334781148797,44.44029828414212,15836400
2011-06-21,45.525169372558594,45.83594239206385,45.208749069719275,45.33305827752138,17897300
2011-06-22,45.10139083862305,45.581672892496,44.96013115743081,45.293506246714244,18599700
2011-06-23,44.32164764404297,44.49680830358997,43.637951170274086,44.49115670818079,30032800
2011-06-24,43.38365173339844,44.428972009311614,43.38365173339844,44.38377220935471,36292700
2011-06-27,44.02781295776367,44.34423755031393,43.34976826540444,43.440172212630934,20606900
2011-06-28,44.99401092529297,45.01096570021521,44.2877128517463,44.395071538413816,18421500
2011-06-29,45.3443489074707,45.485608561388055,44.762359823075606,45.11833259902243,18899900
2011-06-30,45.98283386230469,45.999788639304306,45.3556407512763,45.42344692656921,19942100
2011-07-01,46.33882141113281,46.38402122735155,45.53646324288478,45.875489885393755,18050100
2011-07-05,46.10716247558594,46.400985048216974,45.91505136424567,45.93765343220988,18859600
2011-07-06,46.0902099609375,46.14106568933041,45.683381377408104,45.9941544095218,15042600
2011-07-07,46.53658676147461,46.67219483975425,46.259719010973626,46.48573103780532,18379200
2011-07-08,46.57048416137695,46.63263875729939,46.02804757861062,46.09585376804494,18336500
2011-07-11,46.27667999267578,46.395337626983945,45.835950404987145,45.93765756452329,20717000
2011-07-12,46.27102279663086,46.9038677472432,46.05065802946033,46.0563096240016,22639600
2011-07-13,46.604400634765625,47.15813622700296,46.378384259791616,46.48573869695383,19015100
2011-07-14,46.468772888183594,46.96035801820737,46.38401623667572,46.926457081965175,19413200
2011-07-15,46.898197174072266,46.949048571654664,46.4800698761993,46.5704737977575,22705100
2011-07-18,46.700469970703125,46.81347603607738,46.3783979423909,46.497055604305395,17343500
2011-07-19,47.25417709350586,47.3276348713033,46.78519832655715,46.84170132500733,16424900
2011-07-20,47.06772232055664,47.4010930622687,46.994264535438276,47.37283940477658,12808400
2011-07-21,48.03959274291992,48.163901957961336,47.32199542550388,47.38415003302459,21359700
2011-07-22,48.15260696411133,48.25996571501726,47.768380409762834,48.14130377406654,13152600
2011-07-25,47.78532028198242,48.101740558570974,47.57625442157758,47.57625442157758,14007600
2011-07-26,47.67232894897461,48.08480489210237,47.48586509533392,47.841838016089916,16226700
2011-07-27,47.07337951660156,47.604517350806,47.03382697432488,47.34460002857296,19820600
2011-07-28,46.028045654296875,46.58743268330957,45.852885060876325,46.18625577879319,24556600
2011-07-29,45.084434509277344,45.70032457002578,45.06748403948101,45.649473160636774,26609000
2011-08-01,44.97708511352539,45.869847402433926,44.49115142770953,45.66643310088759,22864500
2011-08-02,43.98261260986328,44.982733574611544,43.97131373207725,44.581556594204656,28410500
2011-08-03,43.91481399536133,44.12952717653088,43.20286393646736,44.03912321479244,28373000
2011-08-04,41.72243881225586,43.58141590730099,41.535979392293775,43.32715031859724,42624200
2011-08-05,42.27618408203125,42.824272164542656,40.7223280716091,42.38354278587633,47167500
2011-08-08,39.66006088256836,41.49643634039724,39.496199170561496,41.10090673216956,58857600
2011-08-09,40.47936248779297,40.6093232546557,37.87453435595002,39.99908056929549,61753300
2011-08-10,38.69343948364258,40.376998905982816,38.36924061412727,40.23480634322395,47758300
2011-08-11,40.712581634521484,41.17897313580432,39.03470654207993,39.1370853759895,50328600
2011-08-12,40.95145034790039,41.57709663811895,40.72394142253769,41.15620794678964,31129000
2011-08-15,42.25393295288086,42.30512018104578,41.37802644285056,41.54297029922363,23388200
2011-08-16,41.804595947265625,42.28236067519352,41.42352108007969,41.719279577458266,26341400
2011-08-17,42.18000030517578,42.51557264179089,41.804609888583684,42.25393886933531,18269400
2011-08-18,40.34854507446289,41.40076870361227,39.93334106631428,41.184637666397116,35457700
2011-08-19,39.70014572143555,40.94006443209917,39.62620284799001,39.85371170432077,34935300
2011-08-22,39.916290283203125,41.04245711724985,39.5750290526766,41.03676820058568,27202900
2011-08-23,41.89561462402344,41.97524210413076,40.109672220463345,40.155174877488164,38059600
2011-08-24,41.82735824584961,42.009364524165406,41.105017709860206,41.4974705103485,22752900
2011-08-25,40.82062530517578,42.04348180229863,40.53624027511796,41.88422687976564,30924500
2011-08-26,41.31544876098633,41.52020628983927,39.93333761091412,40.31441243541308,26974400
2011-08-29,42.15724563598633,42.21412178386182,41.508848003587424,41.70791669083763,18967100
2011-08-30,42.03780746459961,42.316503646910434,41.50316208927611,41.85579683523651,22437000
2011-08-31,42.100364685058594,42.583822785105475,41.713600808644216,42.293748792951725,29189000
2011-09-01,41.79890441894531,42.57812085006058,41.776153099127654,42.17429468688087,23393500
2011-09-02,41.03107452392578,41.343899813584706,40.66706200834348,41.01401211528466,21071800
2011-09-06,40.46799850463867,40.56468839218798,39.762724708143686,39.893539417328746,25416300
2011-09-07,41.889923095703125,41.88992309570313,40.80925892527783,41.087955088279976,23108400
2011-09-08,41.417842864990234,42.28237159860284,41.258587914538325,41.74204168251645,22434800
2011-09-09,40.38835525512695,41.27563498612514,40.14946857885255,41.04812613886731,27969100
2011-09-12,40.86043930053711,40.888879539475624,39.73996591992174,40.0072842048362,26205800
2011-09-13,40.75238037109375,40.94007555400928,40.274611209069825,40.8149454320656,22825400
2011-09-14,41.31544876098633,41.95247266623664,40.473671666253416,40.928685021971916,26042800
2011-09-15,42.094669342041016,42.12310523870704,41.3382041929183,41.764781697245596,21858300
2011-09-16,42.401824951171875,42.515577268314594,41.844428182677994,42.384758198165,34652600
2011-09-19,41.918357849121094,42.145866774443874,41.235835412524594,41.46903325430769,19822500
2011-09-20,42.094669342041016,42.64637694193697,41.77047061232711,42.01504188838292,20420000
2011-09-21,40.934391021728516,42.253937680995584,40.85476354275852,42.02073982160333,23806200
2011-09-22,39.38164520263672,40.07554550163795,38.77306129667813,39.77978692371172,43223000
2011-09-23,39.42144775390625,39.8764654947621,38.63654670726921,38.937994116353636,26583200
2011-09-26,40.79220199584961,40.88889189446244,39.52953137838435,39.81960541359536,30342400
2011-09-27,41.46903610229492,42.282373297733955,41.19033558843247,41.70791853757235,26689900
2011-09-28,40.99126052856445,42.253930832392804,40.87181932946873,41.196018109691835,26026500
2011-09-29,42.02073669433594,42.11174200031294,41.332525340529195,41.588474509060646,27713900
2011-09-30,41.309783935546875,42.424573165276946,41.309783935546875,41.38372684925527,30917000
2011-10-03,40.46799850463867,41.57709860152079,40.46799850463867,40.979892526035044,31004200
2011-10-04,41.423526763916016,41.605533019438916,39.36457747257397,39.95609888786624,36500000
2011-10-05,42.0605583190918,42.08899856738638,41.070899297531646,41.332533092225816,28239800
2011-10-06,42.02642822265625,42.08899328956077,41.30977658135035,41.69085589959755,24869800
2011-10-07,41.838714599609375,42.38473321086809,41.53726723145958,42.356297318032745,23573900
2011-10-10,43.38578414916992,43.39147306540577,42.458690413823334,42.50419306496678,20465800
2011-10-11,43.38010025024414,43.60760919290325,43.06159033414468,43.101404073657115,17862100
2011-10-12,43.88631820678711,44.17070335533486,43.40285998275755,43.64743138408353,22239000
2011-10-13,43.436981201171875,43.67586364078028,43.13552935381208,43.35166480434824,19540300
2011-10-14,44.4266471862793,44.49490118246577,43.83512557078186,43.85218798498526,17870600
2011-10-17,44.06261444091797,44.64275795590807,43.86354580044936,44.29012331832678,18836200
2011-10-18,44.87028884887695,45.22292799885118,43.80668682027383,44.11951222261976,23878500
2011-10-19,44.60863494873047,45.06933729808756,44.31856100980845,44.68826240814105,20910900
2011-10-20,44.76789474487305,44.99540365627727,44.26737861128101,44.546074749581116,22227600
2011-10-21,45.57553482055664,45.59260156423604,45.035205100375755,45.26839852488306,27855300
2011-10-24,45.59831619262695,45.78601144247425,45.2456813661695,45.45612361050747,19861100
2011-10-25,45.18309020996094,45.78029610662086,44.96127025700572,45.40491016291616,23433400
2011-10-26,46.11018371582031,46.22393598004586,45.092084895329975,45.59260527241213,27170500
2011-10-27,46.57088088989258,46.75288709619883,45.89404761548166,46.58794763307744,35489500
2011-10-28,46.34339141845703,46.63346105613274,45.751869971253555,46.06469093451843,21753400
2011-10-31,44.41525650024414,45.86562203913037,44.36406927244355,45.83718179743784,30616900
2011-11-01,43.19240188598633,43.85786184772317,42.91370141842428,43.12414791322945,35835000
2011-11-02,44.00575256347656,44.13087836418754,43.51092092024872,44.00575256347656,21761300
2011-11-03,44.853206634521484,44.93283409462809,44.04555420237091,44.472131741243956,24480600
2011-11-04,44.65983581542969,44.71102739176106,44.01143811104842,44.40389095189008,18192800
2011-11-07,45.13191604614258,45.21154352971695,44.432331106257394,44.83046852412925,17998100
2011-11-08,45.63541793823242,45.70407424686749,44.988875263731074,45.34361553084888,19023800
2011-11-09,44.27939224243164,45.154794963884434,44.0734146179454,44.5711946046584,24130100
2011-11-10,45.02892303466797,45.21201378674047,44.42243573690804,44.93165702752305,18668800
2011-11-11,45.61250686645508,45.74410096506263,45.3950836970978,45.56101029705041,15134500
2011-11-14,45.177677154541016,45.629683318767334,44.85154667721659,45.50380763186544,13589900
2011-11-15,45.25206756591797,45.68690976608718,44.914495744169386,45.12047339871121,19475000
2011-11-16,44.77144241333008,45.62968092604567,44.66273080484686,44.7657196009818,20376800
2011-11-17,44.548282623291016,45.44657172649212,44.113440731514835,44.69704512722958,25964300
2011-11-18,44.571197509765625,45.01748093683164,44.11919126908323,44.75428825843957,23104500
2011-11-21,44.0047721862793,44.24507803549353,43.51843330757528,43.787348866794055,20204200
2011-11-22,43.50125503540039,44.1134650887961,43.41543029861591,43.70150984441254,18925100
2011-11-23,42.6716194152832,43.095015854484515,42.64300971909353,42.92908922008326,23331800
2011-11-25,42.28256607055664,43.026370417005104,42.28256607055664,42.63158353439577,10254500
2011-11-28,43.39256286621094,43.77591294702657,43.10076474163423,43.39256286621094,20148600
2011-11-29,44.01618576049805,44.34231616932793,43.56417969120292,43.71866504367431,19768400
2011-11-30,46.02447509765625,46.075967316532605,44.840106046002006,44.86871137919095,33953000
2011-12-01,45.652565002441406,45.972972630609945,45.412259281315,45.8871479115715,17261100
2011-12-02,45.652565002441406,46.19611428097397,45.57246309539927,46.156063327452905,19461300
2011-12-05,46.03019332885742,46.447871351542574,45.658293442559085,46.27622189230713,18295000
2011-12-06,46.241905212402344,46.71107557005441,45.93866154242613,46.133193570249304,20122700
2011-12-07,46.39066696166992,46.83695041978168,45.97298884317441,46.121751450954356,19643400
2011-12-08,45.69833755493164,46.25905088934288,45.515246862948686,46.20183586657816,18443600
2011-12-09,46.5394287109375,46.77401608569835,45.96726949276382,46.1331961898616,21842300
2011-12-12,45.80133056640625,46.39637209631368,45.3207147273557,46.19039886840839,17846500
2011-12-13,46.07596969604492,46.808332614955326,45.85282800560276,46.12174346978365,21873600
2011-12-14,45.452308654785156,45.86998224623869,45.00602536957118,45.5381290056137,23934400
2011-12-15,45.78990936279297,46.11603999831626,45.6468695337875,45.73269430423661,17954200
2011-12-16,45.86428451538086,46.29340392425128,45.70407626927741,46.1961335406671,33465700
2011-12-19,45.50381088256836,46.03591900097645,45.41798614761982,45.91004330508225,16048400
2011-12-20,46.917049407958984,46.917049407958984,46.12174855379839,46.150358256845585,21163300
2011-12-21,47.557861328125,47.683732651065505,46.91704162710234,46.92848288728708,19160300
2011-12-22,48.2273063659668,48.53627290183312,47.66086989949299,47.80962816973208,19841300
2011-12-23,48.759395599365234,48.765118412206284,48.18151372878035,48.221564688213334,10243800
2011-12-27,48.79372787475586,48.9939826888658,48.60491432206896,48.616359948719555,10147100
2011-12-28,48.16436004638672,48.88528183693807,48.06709403324078,48.71935515056834,12767500
2011-12-29,48.787994384765625,48.82232689197661,48.11284661263751,48.11284661263751,10865900
2011-12-30,48.4962043762207,48.79944798726519,48.38749275519445,48.725068879063045,9768900
2012-01-03,49.20569610595703,49.589041760522974,49.14848105329817,49.188532026682246,20906800
2012-01-04,49.21711349487305,49.29149695595152,48.69072828139831,49.08551937411765,16130900
2012-01-05,49.06837463378906,49.177081914363264,48.58775863176118,48.99971395771985,17452800
2012-01-06,48.70219039916992,49.20568890015452,48.69646758517349,49.15991511863918,15942100
2012-01-09,48.91960144042969,48.99970336257594,48.61635782584352,48.63352189984238,11664200
2012-01-10,49.04545211791992,49.32580870241782,48.85091585963812,49.24570682113271,13080800
2012-01-11,48.679290771484375,48.86238148441203,48.33027341789931,48.69073203125557,14831400
2012-01-12,48.48474884033203,48.587737627299674,48.02702429342969,48.2844940782356,17357200
2012-01-13,48.56486511230469,48.587752001204485,47.95837783475703,48.15291420779146,15551600
2012-01-17,49.02832794189453,49.280075045657235,48.862401234170996,49.0626561003102,15627900
2012-01-18,49.463165283203125,49.49177499171754,48.610649225262996,48.805185639658006,16754200
2012-01-19,49.79500961303711,49.915162509471855,49.07408786920079,49.400218406731625,16383500
2012-01-20,50.0582160949707,50.0582160949707,49.617655353261256,49.823633051138906,19220300
2012-01-23,50.0467529296875,50.31566838231028,49.79500155017219,50.063917002794966,15348400
2012-01-24,49.8808479309082,49.903734826727565,49.58332701571456,49.82363287397431,12363800
2012-01-25,49.903717041015625,49.995260226438,49.096970620516835,49.64624282873352,18202300
2012-01-26,49.646244049072266,50.18407500929171,49.497485823450894,50.14402404620479,15658200
2012-01-27,49.108421325683594,49.491766911913075,49.07408880802554,49.34300430933599,15976700
2012-01-30,48.91387939453125,48.919602207696414,48.39893534035212,48.78800369626219,17867000
2012-01-31,47.9125862121582,48.82803960105559,47.752382414754415,48.58773390494992,27225800
2012-02-01,48.044193267822266,48.38176499192433,47.706617178493346,48.19295583423299,22266100
2012-02-02,47.79243850708008,48.25588588018804,47.59790655079208,48.22155773854347,18020500
2012-02-03,48.58775329589844,48.633527074917744,48.08997763605391,48.198684904689976,16145400
2012-02-06,49.0626335144043,49.11984854050112,48.341711962949574,48.55913517343487,15000900
2012-02-07,49.400238037109375,49.45745746643969,48.59921840923991,48.7594223348138,15818400
2012-02-08,49.08382034301758,49.60158304065811,48.7444008123607,49.377219936534104,14762600
2012-02-09,48.83068084716797,49.29666937331172,48.709870307536754,49.08956433705237,17073400
2012-02-10,48.209346771240234,48.381931291763024,47.9504634067786,48.33590699730963,15328900
2012-02-13,48.56605529785156,48.669607832374275,48.26115183206832,48.52003097381455,11473700
2012-02-14,48.70985412597656,48.732866276707384,48.23811600879206,48.566031475748126,12961900
2012-02-15,48.39345932006836,48.85368928516963,48.27264878963727,48.81917324479506,13911600
2012-02-16,49.13560104370117,49.256411613795656,48.37046304398128,48.583317881667085,14769600
2012-02-17,49.256404876708984,49.54405030591142,48.85369864235301,49.51528400734281,16597200
2012-02-21,49.80293273925781,49.92374330083995,49.49802926634271,49.49802926634271,15481300
2012-02-22,50.004276275634766,50.19412329679381,49.84894968776319,49.95825195733187,11983200
2012-02-23,50.06181716918945,50.148111690602164,49.745409776171755,49.80869213259963,12404600
2012-02-24,50.24588394165039,50.32067453619511,50.056041360321586,50.263146348243374,10767100
2012-02-27,50.18259811401367,50.527771576550826,49.92371472527177,50.13657381524373,13323500
2012-02-28,50.130836486816406,50.30342547050423,49.79141704511592,50.182614937570825,14317600
2012-02-29,49.76264190673828,50.332178429087406,49.59580708925836,50.309166276077825,18293200
2012-03-01,49.95249938964844,50.153850284457,49.71087831587817,49.74539435809668,12638500
2012-03-02,49.664852142333984,49.906473207065815,49.38871064755464,49.85469914567477,11343400
2012-03-05,50.0560302734375,50.102050180134334,49.42321156789223,49.57278394561418,12803100
2012-03-06,49.39445877075195,49.7511405770191,49.141329463780444,49.61306765187849,16507900
2012-03-07,49.37721252441406,49.5440473902277,49.00902674783247,49.48076504839768,14767700
2012-03-08,48.80192184448242,49.17010762215508,48.686861045759294,48.89972023155657,19032000
2012-03-09,48.49702453613281,48.974512646519315,48.35320181139828,48.9342424591585,17042500
2012-03-12,49.21611404418945,49.33117041195162,48.399198032249366,48.61205714064037,19014000
2012-03-13,49.969749450683594,50.01001962323035,49.25063609154886,49.411716781735905,16853300
2012-03-14,49.48650360107422,49.95249204813959,49.325422908901366,49.81441912131742,16187300
2012-03-15,49.52677917480469,49.590061509218934,49.04353704559062,49.41172277902614,14523600
2012-03-16,49.72814178466797,49.987020907907514,49.42898808893434,49.59006882242746,30991300
2012-03-19,50.04452896118164,50.15383558165703,49.4922505019864,49.52101678814909,10770400
2012-03-20,49.82018280029297,50.10782820259157,49.65910207726504,49.739642438779,13613800
2012-03-21,49.48076248168945,49.814427806887885,49.34268953079309,49.814427806887885,14212400
2012-03-22,49.08955383300781,49.4404814921834,48.95723504794182,49.1758483111709,13884400
2012-03-23,49.21611404418945,49.46348918508528,48.911206330293446,49.106807422432034,12557700
2012-03-26,50.06754684448242,50.1941114954981,49.515268322057246,49.57855064756509,17336800
2012-03-27,49.83167266845703,50.194104161402116,49.78564836769988,50.13082184514075,12509200
2012-03-28,49.39445877075195,49.7511405770191,48.98024877356935,49.6821041144488,16155300
2012-03-29,49.52103042602539,49.549792330989945,48.847941279995275,49.08380821283376,13199700
2012-03-30,49.89496994018555,49.91222796086266,49.52677981288626,49.75114724904934,12968300
2012-04-02,50.0905647277832,50.435738295141334,49.653342534932214,49.820177376797986,13853300
2012-04-03,49.37721252441406,49.923737052087176,48.89972008664959,49.90647902961002,17714900
2012-04-04,48.888206481933594,49.10681537171718,48.606310873781304,49.07229933362498,17112800
2012-04-05,48.79615783691406,49.118319229931544,48.525770501008765,48.64658102339032,11954700
2012-04-09,48.25539016723633,48.53153167926374,48.14033376421183,48.31292275786902,11027000
2012-04-10,47.27164840698242,48.18060900944515,47.10481353267312,48.18060900944515,19993700
2012-04-11,47.57655334472656,47.950493289240534,47.26014599869246,47.81242470895513,15856200
2012-04-12,48.09431838989258,48.16910901597328,47.38095890243541,47.54779379022611,15266200
2012-04-13,47.720367431640625,48.14608575996384,47.6685933693182,47.73187570490354,13856500
2012-04-16,48.330169677734375,48.548778548913575,47.8239110868276,47.88719341069095,17526100
2012-04-17,49.15858840942383,49.24488289198458,48.652334175050946,48.698358484299305,14208000
2012-04-18,49.33116912841797,49.50375806468976,48.91120505768673,48.93421720846423,12997500
2012-04-19,49.060787200927734,49.42897287533804,48.88820263492759,49.19310598506868,15973800
2012-04-20,49.07229995727539,49.42897739308053,48.91696900564683,49.21612263664711,17216600
2012-04-23,49.29667282104492,49.43474139183398,48.548792983456096,48.62933334884311,15197200
2012-04-24,49.653343200683594,49.69936751404711,49.267899451784324,49.267899451784324,11632500
2012-04-25,49.96402359008789,50.15387067772488,49.313946325626766,49.84896714316238,18476800
2012-04-26,49.5152702331543,49.590056443859325,48.986003844042486,49.060790054747514,17262400
2012-04-27,49.52103042602539,49.87195814608285,49.451993953694,49.762651495504876,11372900
2012-04-30,49.67061233520508,49.93525000170057,49.400229309213735,49.45200338149259,11735400
2012-05-01,50.07331466674805,50.34945180887749,49.5497979015665,49.739644929980955,13816900
2012-05-02,49.590065002441406,49.84894849485963,49.377210216345176,49.7971700407278,11108700
2012-05-03,49.27366256713867,49.69937657052682,49.07806139426028,49.68211854715068,9998600
2012-05-04,48.652347564697266,49.07806156960641,48.55454917246911,48.96300515394045,15055500
2012-05-07,48.60056686401367,48.77890560070218,48.38195355930356,48.49126021165862,12018100
2012-05-08,48.335933685302734,48.47400664489793,47.70311464908061,48.18060709215904,19602400
2012-05-09,47.92747497558594,48.36469721100803,47.6800997568877,47.77214839134307,17424000
2012-05-10,47.98539733886719,48.41983782166679,47.81741757455228,48.29240565897222,13234600
2012-05-11,48.13600540161133,48.53569206655151,47.81162458331621,47.89851356517589,12061700
2012-05-14,47.568328857421875,47.76527304970362,47.47564611797899,47.65521340145426,12675900
2012-05-15,47.37718200683594,47.921682144442855,47.22657473953588,47.498824808339336,15757400
2012-05-16,47.597293853759766,48.16496464355015,47.3771789537038,47.475651060095416,15034500
2012-05-17,47.44668960571289,47.85216557254595,47.31345926269255,47.585709305861855,17698200
2012-05-18,47.19182205200195,47.91588952077734,46.93694888879874,47.71315151339166,21747200
2012-05-21,47.521995544433594,47.574126279691114,46.9601184945319,47.16285649723947,13730400
2012-05-22,47.469852447509766,47.98538803357779,47.220773108898314,47.57991209600392,13790000
2012-05-23,47.521995544433594,47.5451662332226,46.31714624354717,47.37718205402005,17582200
2012-05-24,47.8521728515625,47.95064497000722,47.3308433725063,47.66681175004888,14113600
2012-05-25,47.545169830322266,48.05491176417472,47.313467344259394,47.99698724749833,12756500
2012-05-29,47.45828628540039,47.8695561461079,47.104940948008704,47.8695561461079,15931100
2012-05-30,46.21867370605469,47.139685375331254,46.1028202631741,46.96591184004583,19593100
2012-05-31,45.546730041503906,46.421404619442974,45.41929790282661,46.27079737637088,38954600
2012-06-01,45.135459899902344,45.506182018309055,44.87479742955133,45.106499858394585,22870900
2012-06-04,45.08333206176758,45.3266176389284,44.718399276669814,45.233934893711016,17711200
2012-06-05,44.950096130371094,45.34978268554216,44.67784612434767,44.94430235467638,17715600
2012-06-06,46.444580078125,46.47933389957665,45.228147714392996,45.396131883670556,23880900
2012-06-07,46.73999786376953,47.05279549513048,46.543049242828275,46.907982022427625,18409400
2012-06-08,46.826881408691406,46.87322277960906,46.02751264746554,46.3866516430428,18150000
2012-06-11,46.49671173095703,47.4119340150641,46.43878722093843,47.27870808395701,18031800
2012-06-12,47.07017517089844,47.21498865211145,46.69945301254165,46.7689606551356,14162100
2012-06-13,46.705238342285156,47.290285993354765,46.50250036994114,46.88481004866673,15098100
2012-06-14,47.574119567871094,47.78844509441434,46.76316767145099,46.838469084873886,16942300
2012-06-15,48.20551681518555,48.338742755448415,47.626262836477444,47.82900084515386,27342800
2012-06-18,48.14179611206055,48.18234371176438,47.70156187287826,47.79424462611955,13885100
2012-06-19,48.93538284301758,49.02226741282006,48.25765226305529,48.50094231657493,21053300
2012-06-20,49.219215393066406,49.46250102381883,48.69209210707865,48.88904077437169,23274300
2012-06-21,47.56254196166992,49.45091106710198,47.527788139029546,49.25975620386614,33751900
2012-06-22,47.56254196166992,48.205514196658186,47.56254196166992,47.892716534824146,84747800
2012-06-25,47.058589935302734,47.16864960063947,46.21287969368841,47.047006800752165,28761600
2012-06-26,47.73052978515625,48.06070438354862,47.04121612105261,47.214994086251636,22853700
2012-06-27,48.19391632080078,48.46037696849663,47.91008318486244,47.96800768330921,15301400
2012-06-28,48.13600540161133,48.344537190331664,47.5104100354503,47.881136652675394,19140300
2012-06-29,49.56676483154297,49.6420662609212,48.92379253503269,49.109153639112215,24906300
2012-07-02,49.43352127075195,49.508827099385556,48.97012084393074,49.49145019104123,14447800
2012-07-03,49.97801971435547,49.97801971435547,49.595714484857325,49.636262076157976,9787700
2012-07-05,49.56676483154297,49.83901491989419,49.32347921106808,49.427745108322654,10797100
2012-07-06,49.120731353759766,49.259751049130585,48.773175486298086,48.80793372465811,13259400
2012-07-09,48.45460510253906,48.97593466300121,48.089672200536576,48.95855332818752,22361600
2012-07-10,48.14179611206055,48.883240460563194,47.979605713245206,48.70367315035434,14106100
2012-07-11,48.877445220947266,49.05122316839577,48.2170960916138,48.356120217315315,18337600
2012-07-12,48.726844787597656,48.97592416758818,48.26343985108045,48.315575005633214,15566400
2012-07-13,49.50883865356445,49.56676316801578,48.80794186418185,48.91799711583223,13642000
2012-07-16,49.26555633544922,49.479877495185676,49.03964762043338,49.138119743520804,11269200
2012-07-17,49.65943908691406,49.71156981693302,48.71525239590942,49.34084767227632,14059400
2012-07-18,49.9374885559082,49.943282333530846,49.27713932636547,49.43353596731719,14203500
2012-07-19,49.9374885559082,50.035960678705855,49.595730805249005,49.82742887786526,14902300
2012-07-20,49.7868766784668,49.90273012344044,49.39298380427049,49.74053971983439,16838300
2012-07-23,49.35821533203125,49.5030287807531,48.84847358349842,49.120723574192404,13597800
2012-07-24,48.99330520629883,49.38719810971115,48.36770981511032,49.35823364148011,13948300
2012-07-25,49.375606536865234,49.55517827044223,49.03964259725318,49.31768202447398,16566000
2012-07-26,50.117069244384766,50.22133517259234,49.387212166290425,49.56098576706395,19149300
2012-07-27,50.655757904052734,50.88746037590263,49.526214430400465,50.157599136350434,24079300
2012-07-30,50.71947479248047,50.8758758348832,50.44143536943087,50.55728439247538,11183500
2012-07-31,50.30821990966797,50.77741875642936,50.27346607633685,50.60943452973186,12212200
2012-08-01,50.34296798706055,50.655761262535506,49.92011061644721,50.40668186217036,14312300
2012-08-02,49.746337890625,50.25029052198723,49.52622293521508,49.87377449299415,14530100
2012-08-03,50.71366500854492,50.91060915226727,50.279224718075454,50.43562127812819,13982500
2012-08-06,50.655757904052734,50.90483728790389,50.60942094516841,50.713686836533014,9626400
2012-08-07,50.92801284790039,50.97435423057399,50.788993119237105,50.904842156563596,12399800
2012-08-08,51.13651657104492,51.263953093741996,50.78896523055159,50.829512813286556,12864500
2012-08-09,51.42222213745117,51.585471029127305,51.01994245803376,51.212335153373616,12213700
2012-08-10,51.56216049194336,51.59130874975199,50.81006605045753,51.113233730522055,11149000
2012-08-13,51.387229919433594,51.44553085677007,51.17151155840458,51.36390865488372,8716300
2012-08-14,51.42222213745117,51.67875166200762,51.24731928277153,51.404732296790954,8675700
2012-08-15,51.305599212646484,51.696220320931886,51.253129712164416,51.41637408887618,8510100
2012-08-16,51.69623565673828,51.812841994749405,51.282293164971975,51.41638934166553,11311300
2012-08-17,51.538822174072266,51.83616277309798,51.39889901785655,51.824499915368456,11177700
2012-08-20,51.27647399902344,51.433891480966224,51.089908261664675,51.34643781856224,8813700
2012-08-21,50.99077224731445,51.5446422171208,50.8741703842373,51.3872248090831,10767100
2012-08-22,51.14820098876953,51.25314446802272,50.7342540525486,50.83919753180179,10160400
2012-08-23,50.90333557128906,51.183186363140685,50.710942877973345,51.183186363140685,9666300
2012-08-24,51.33476638793945,51.48052097229127,50.681784248735646,50.815880423493155,9762300
2012-08-27,51.154014587402344,51.422202420206276,51.07822382424333,51.34641165704726,8252100
2012-08-28,51.363922119140625,51.5388294250757,50.96746941402167,51.05492306698921,9646800
2012-08-29,51.247310638427734,51.41638648308608,51.15402557320517,51.346422684169156,8377300
2012-08-30,50.83919143676758,51.14819485668936,50.7342479700959,50.94413490343925,8915800
2012-08-31,50.89748764038086,51.2181449626424,50.80420259880074,51.07822184834783,14178800
2012-09-04,50.79256820678711,50.99079234174956,50.44275358354892,50.9150015456894,10602900
2012-09-05,50.91499710083008,51.10156280783374,50.757579644499835,51.02576757031276,10113100
2012-09-06,51.88279342651367,52.03437941874112,51.21815296961619,51.24147423365705,15713500
2012-09-07,52.42500686645508,52.471649400126964,52.046044064505466,52.046044064505466,15623900
2012-09-10,52.16848373413086,52.471651317924994,52.12184119875423,52.366707837366064,10750700
2012-09-11,52.25010681152344,52.44249948900061,52.209295704412874,52.32589759670674,9349400
2012-09-12,52.20928955078125,52.413345062283106,52.1276673461805,52.25592763335557,9982900
2012-09-13,53.18876647949219,53.38115915608804,52.13933166134644,52.30257608904088,19870900
2012-09-14,53.81260299682617,53.87090395034996,53.20043186463222,53.34618647248053,21388800
2012-09-17,53.5852165222168,53.92919519976545,53.37532956883643,53.59104350286632,11893700
2012-09-18,53.43362045288086,53.765940658493676,53.28786589869846,53.30535573350819,10950100
2012-09-19,52.80398941040039,53.491951471002366,52.8039894104004,53.334538421103275,16302100
2012-09-20,53.35784149169922,53.456957999273676,52.52412500988779,52.553277708835104,12238400
2012-09-21,53.591041564941406,53.77178026430792,53.42779715112133,53.65517393438167,19599100
2012-09-24,53.567726135253906,53.760123264536716,53.229578861817735,53.2354058428914,11023700
2012-09-25,53.486087799072266,53.969993966969774,53.3694859396618,53.70180613186504,14035800
2012-09-26,53.18876647949219,53.661009923619254,53.11297124657902,53.474444227957456,11616500
2012-09-27,53.52109146118164,53.783447964705324,53.165449877601354,53.53858130167289,10632700
2012-09-28,53.3170280456543,53.43363438825649,53.01386045104291,53.33452233310249,12507600
2012-10-01,53.52109146118164,53.929202566235695,53.40448511111089,53.51526003165874,10343500
2012-10-02,53.47443771362305,53.74262559046102,53.217908245309985,53.70764591680979,9507800
2012-10-03,53.46279525756836,53.52692764911852,53.153796160869334,53.43364700109532,10328100
2012-10-04,53.76596450805664,53.952530242244094,53.58523020408448,53.68434227735451,11507100
2012-10-05,53.958343505859375,54.220699952203965,53.771777834484524,53.98166032271432,9890100
2012-10-08,54.034156799316406,54.14493174188646,53.66102530106587,53.725157694335024,8765200
2012-10-09,53.713478088378906,54.43059260407302,53.70181967872722,54.12159359541871,13799200
2012-10-10,53.07216262817383,53.64934958117938,52.86227565470322,53.521089273460454,15332500
2012-10-11,53.15378189086914,53.567724385513515,53.15378189086914,53.386990120435875,9789900
2012-10-12,53.07216262817383,53.47444673533871,52.76899502653698,53.35201340882706,9943700
2012-10-15,53.35200881958008,53.45695229728833,52.78648032571212,53.258723751360804,10651100
2012-10-16,53.85923385620117,53.91753924997078,53.521086591953456,53.57355610865366,9069300
2012-10-17,54.448081970214844,54.535535610113,53.99332838043667,53.999159809250386,10759100
2012-10-18,54.50056457519531,54.55303409860783,54.20322393162488,54.20322393162488,11815500
2012-10-19,53.72513198852539,54.611317760838425,53.49192380168211,54.55301682614665,15928100
2012-10-22,53.74845504760742,53.78926614806267,53.10130442033396,53.44528306016014,11445400
2012-10-23,52.57658767700195,53.27620782058016,52.47747563880905,53.130453253328334,14085500
2012-10-24,52.40166473388672,52.83310132644339,52.33753238764384,52.73981629624463,11332500
2012-10-25,52.722347259521484,52.93806564088213,52.28508351617084,52.838949145184266,10387200
2012-10-26,52.833126068115234,53.09548255427903,52.47748450806743,52.798141941370154,11583000
2012-10-31,53.15378189086914,53.29370949745539,52.53578386338275,53.07215967773233,14848500
2012-11-01,53.404476165771484,53.44528726944096,52.58824964430526,52.61740233895918,15771900
2012-11-02,52.62904739379883,53.602691102419676,52.50661411385681,53.49774765560144,12742400
2012-11-05,52.83894348144531,52.94388694652378,52.29673631988593,52.49496484195697,11222600
2012-11-06,53.410316467285156,53.66684598901109,52.89726187191072,52.97305266329455,12026500
2012-11-07,51.73244094848633,52.940976916791634,51.45083803136563,52.940976916791634,19423500
2012-11-08,51.08123016357422,51.87909974487042,51.057762884603655,51.78523062898814,13743000
2012-11-09,51.163368225097656,51.59750173716379,50.8113679592082,50.8113679592082,13407000
2012-11-12,51.227901458740234,51.44497044989475,51.01083246758573,51.19856623866422,9004300
2012-11-13,50.72922134399414,51.620955414304085,50.71162200672668,50.893487793057155,12260300
2012-11-14,50.49456024169922,51.10469605053756,50.38309178860667,50.893495021480994,14524100
2012-11-15,50.535606384277344,50.78200599303434,50.083873768222844,50.50627117926747,13783600
2012-11-16,50.71751022338867,50.870045347366364,49.90204104185468,50.53564434829075,17405200
2012-11-19,51.43323516845703,51.74416881079658,51.09296630570099,51.2748366156161,12911000
2012-11-20,51.33351135253906,51.55644384765066,50.90524123127572,51.339379292810335,10288100
2012-11-21,51.6327018737793,51.638565336787025,51.3217682491835,51.51536547473544,13905300
2012-11-23,52.26630401611328,52.26630401611328,51.63270532265816,51.77350453498971,11931000
2012-11-26,51.99057388305664,51.996437346495746,51.64443707531863,51.81457150950494,16423600
2012-11-27,51.24549865722656,51.94363568731761,51.180964756499186,51.861502445651126,11841600
2012-11-28,51.68550491333008,51.73830741700665,50.617768195982364,50.764435352079175,15959900
2012-11-29,51.69723892211914,52.031639846885405,51.40976808390204,51.84390607291007,11579100
2012-11-30,51.70896530151367,51.86150037677758,51.521231545775706,51.66789868231867,15522100
2012-12-03,51.39804458618164,51.96711393492057,51.31591132718086,51.9495145902671,10937300
2012-12-04,51.151649475097656,51.60925038153656,51.151649475097656,51.263113493379365,11980000
2012-12-05,51.46843719482422,51.78523429353033,51.098833119790235,51.19856570552831,12717800
2012-12-06,51.62682342529297,51.66202209987784,51.18095415154279,51.48602425102846,12077000
2012-12-07,51.97883987426758,52.00230715664713,51.491903835726426,51.72657218359548,10603100
2012-12-10,51.86737823486328,52.18417537156718,51.76764116123627,51.96711083256365,11549400
2012-12-11,52.20763397216797,52.50096825256704,51.86150166974149,51.984701530398,12634600
2012-12-12,52.47749710083008,53.017235538642005,52.1607000401896,52.266296076452704,14729500
2012-12-13,51.96710968017578,52.477508537045644,51.785239356484254,52.307378568706724,12290300
2012-12-14,51.673763275146484,51.89082775858256,51.57989416539266,51.62682872026957,13363600
2012-12-17,52.137245178222656,52.178311805190795,51.68550780564652,51.838042909782445,15672500
2012-12-18,52.54204177856445,52.647642312424594,51.95537314065846,52.06684161415708,15396600
2012-12-19,51.884986877441406,52.57138825652975,51.84978370799992,52.530321622120894,15092500
2012-12-20,52.148983001708984,52.17831822855179,51.61511678540215,51.849780696435765,15789000
2012-12-21,51.17509078979492,51.978823700554614,51.046023014831306,51.42735840197152,33057000
2012-12-24,50.993228912353516,51.22789722579259,50.92283155146985,51.116428769825724,6385200
2012-12-26,51.08123016357422,51.439098335005276,50.78789589033079,51.16336340200832,10737800
2012-12-27,50.958030700683594,51.18096313874232,50.306828250964394,51.06949915767588,14258500
2012-12-28,49.92549133300781,50.62362832055139,49.907891993141284,50.512159866829116,13358700
2012-12-31,50.77616500854492,50.840698907393104,49.69082460569422,49.89029424102291,19810800
2013-01-02,52.043365478515625,52.049233417155925,51.18096201134766,51.50363149767776,16143700
2013-01-03,51.94950866699219,52.14897385155769,51.720708260731094,51.89670616312541,13268200
2013-01-04,52.1900520324707,52.266317359469184,51.843919614638274,51.92018494163676,11427900
2013-01-07,51.58576583862305,51.914298794696705,51.37456480231116,51.80869827654077,11799800
2013-01-08,51.90842819213867,51.90842819213868,51.21029128058118,51.52122485351597,14226400
2013-01-09,51.70896530151367,51.94363361516757,51.480164926580706,51.86150037677758,10892200
2013-01-10,52.27217102050781,52.49510795163214,51.84390545184739,52.06683790704554,13099600
2013-01-11,52.57137680053711,52.6300427689189,52.131375323783985,52.1959092317819,11645600
2013-01-14,52.55377197265625,52.65350455608899,52.40123689004228,52.48337013238995,9606700
2013-01-15,52.52443313598633,52.57136769293128,52.213499529096005,52.319100044259294,9195400
2013-01-16,52.489234924316406,52.49510286296828,52.254566613424686,52.30736910944005,9645000
2013-01-17,52.917518615722656,53.3516567064669,52.56551826652168,52.65938741346982,13400300
2013-01-18,53.2695198059082,53.28711915077824,52.70045045016659,52.8529810896582,17196000
2013-01-22,53.339935302734375,53.35167118725191,52.92340092093203,52.958599622627624,11897500
2013-01-23,53.2108268737793,53.316427374310756,53.04656042315816,53.09349497359994,10906800
2013-01-24,53.59217071533203,53.80923968841563,53.24017048335451,53.316435782906474,11100000
2013-01-25,53.81513595581055,53.85620259656027,53.46313106260928,53.72126679070937,11090600
2013-01-28,53.45136642456055,53.779899346311545,53.251896810693616,53.779899346311545,11617500
2013-01-29,53.83272171020508,53.932454315992196,53.504184191248974,53.510052131567925,11700600
2013-01-30,53.1932258605957,53.80922950694405,53.02309147754783,53.48656007772826,15645400
2013-01-31,52.782562255859375,53.51002989566737,52.64762654015761,53.204964264756,15991500
2013-02-01,52.82362747192383,53.093494420263895,52.42469274917656,53.05829574576194,15699200
2013-02-04,52.30149841308594,52.577233328150605,52.11962813187331,52.454033478511704,13347300
2013-02-05,52.64764404296875,52.911647624260226,52.459910251705026,52.72977729690122,11679700
2013-02-06,52.67697525024414,52.73564121630527,52.30737563572536,52.430575507231616,11768700
2013-02-07,52.10427474975586,52.67697968019341,51.72640841504857,52.67107425181679,13463300
2013-02-08,52.316829681396484,52.42901030770989,52.02162130016957,52.251883477164775,11412300
2013-02-11,52.12197494506836,52.257772740414346,51.93894724677341,52.16330392547435,8764700
2013-02-12,52.2282600402832,52.32272887318547,51.909434486020864,52.10427307549038,9752100
2013-02-13,52.352237701416016,52.4112784592267,52.098358388761106,52.22825075865725,8940300
2013-02-14,52.263694763183594,52.434916180998144,51.99210356736416,52.15741955573053,13238900
2013-02-15,52.169219970703125,52.31682414569843,51.83858806016065,52.29320693715655,15696900
2013-02-19,52.736019134521484,52.78915897954108,52.181025998539994,52.275494832120636,12158900
2013-02-20,52.52935028076172,53.031203343283984,52.48802131101329,52.6297199923622,13936400
2013-02-21,52.30499267578125,52.558871936900296,52.16919941083395,52.42307867195299,10939800
2013-02-22,52.66515350341797,52.712387907646644,52.19282297469339,52.558878346163816,10260200
2013-02-25,51.779541015625,53.24968179155355,51.779541015625,53.06664955774436,15302900
2013-02-26,52.25776290893555,52.535259369963875,51.81495055738485,52.25185748298255,15073200
2013-02-27,52.85999298095703,52.93084458855795,52.13968406950378,52.251864655408376,11195200
2013-02-28,52.87180709838867,53.025312167552386,52.56478795101911,52.942654205842366,14552000
2013-03-01,52.80095672607422,52.94856087609629,52.49984299876328,52.58840638968075,11301600
2013-03-04,52.517555236816406,52.69468202020541,52.22825236150083,52.62383040594557,10994000
2013-03-05,52.9072380065918,53.2260635480156,52.718304852917136,52.8304854613408,13072600
2013-03-06,52.87771987915039,53.10798203905474,52.576610595904455,52.90133708843828,13234400
2013-03-07,52.3758659362793,52.99580528515905,52.35815415565794,52.91904822977045,12905300
2013-03-08,52.52935028076172,52.68285981319295,52.16329047404719,52.55296747840651,11896300
2013-03-11,52.64155197143555,52.87181411023951,52.275492017800744,52.5529885708521,12454800
2013-03-12,52.64155197143555,53.084364469831115,52.5529885708521,52.81276884016943,11470000
2013-03-13,52.70058822631836,52.84228695241082,52.446708902120335,52.55888499570461,10539900
2013-03-14,53.03712463378906,53.084359043207854,52.78915074112223,52.78915074112223,13775500
2013-03-15,52.76553726196289,52.9072359957028,52.423094526280046,52.66516300873065,29240100
2013-03-18,52.411285400390625,52.77734535453027,52.28139751781367,52.39357362115385,11553700
2013-03-19,52.29910659790039,52.600215838428824,51.96847021929841,52.48213431326333,11987900
2013-03-20,52.32861328125,52.671055935658494,52.13377925779455,52.51754638290288,11319000
2013-03-21,52.0570182800293,52.3345147373945,51.89760781756425,52.027500159694355,13447500
2013-03-22,52.718292236328125,52.718292236328125,52.14558748441531,52.192821887660216,10786600
2013-03-25,52.558876037597656,53.07844545225036,52.3463302369458,52.842277946001,12900800
2013-03-26,53.21424865722656,53.314622906663075,52.759629839097045,52.789152472082144,12329600
2013-03-27,53.479949951171875,53.57441428821103,52.82458700253679,52.87772234752338,12350800
2013-03-28,53.202449798583984,53.71611395501662,53.131598172155414,53.51536993239667,17485200
2013-04-01,53.592098236083984,53.72199057350847,53.12567321281601,53.21423207513274,9414200
2013-04-02,53.479949951171875,53.68068948270651,53.30282312550531,53.48585087537775,9991800
2013-04-03,53.09615707397461,53.62753283537481,53.054828098339065,53.52125768309477,12197100
2013-04-04,53.00169372558594,53.33233006922433,52.676967313458746,53.19653227557483,11582000
2013-04-05,52.5529899597168,52.67107149393426,52.19283542447521,52.31682238676008,12771600
2013-04-08,52.3109130859375,52.61202683177788,52.04522740135693,52.61202683177788,11013900
2013-04-09,52.411285400390625,52.74782271945451,52.30501022044826,52.36405549059977,10753400
2013-04-10,52.358131408691406,52.641533289075426,52.074729528307394,52.222333642054885,14823700
2013-04-11,52.67697525024414,52.70649338060082,52.092464016730716,52.51756022913579,14979900
2013-04-12,52.54117965698242,52.65926569696544,52.19874140233627,52.47623346112223,11505100
2013-04-15,51.06513977050781,52.352248373041185,50.935247374134036,52.12789164581867,19626200
2013-04-16,51.135982513427734,51.50204243011253,50.828963356331776,51.47842522537275,14578800
2013-04-17,50.82307434082031,51.00019666108465,50.19722952989062,50.89982689581596,17341200
2013-04-18,51.141883850097656,51.41347492609979,50.645931599274,50.94113987812686,14730400
2013-04-19,51.631927490234375,51.6555446936892,51.02970456795964,51.525652326948126,18393300
2013-04-22,52.009796142578125,52.14559394259551,51.53746556519322,51.72639869705142,11262000
2013-04-23,52.72419357299805,52.83636964135233,51.921226798203975,52.18691241293602,15567700
2013-04-24,52.80095672607422,53.07254782157228,52.75372231698208,52.81276307608667,13028800
2013-04-25,51.997989654541016,52.48803651242658,51.750015764233076,52.48213108517511,16328700
2013-04-26,51.956661224365234,52.12197715299209,51.720493681532055,51.844480628002195,10791800
2013-04-29,52.080650329589844,52.446710261380595,51.96256880553936,52.11017296286317,11093000
2013-04-30,52.54117965698242,52.54117965698243,51.81496965530468,52.110177998479465,14572600
2013-05-01,51.667381286621094,52.45263229620507,51.6496695013368,52.26369907896726,11616500
2013-05-02,52.32861328125,52.45260020691091,51.80314295151166,51.944846156141665,11330100
2013-05-03,53.14931106567383,53.24968533134682,52.49985357563812,52.54708799424634,13036600
2013-05-06,53.479949951171875,53.65707227231615,53.09617816524251,53.28511134384311,10613400
2013-05-07,53.81648635864258,53.81648635864258,53.22016419433395,53.503566209452785,11088900
2013-05-08,54.14120864868164,54.229772053049196,53.74563054763136,53.757441403958694,13638300
2013-05-09,54.11740493774414,54.43248962345593,53.91527685094072,54.182800385987825,13771900
2013-05-10,53.58832550048828,54.069869910499754,53.38025103540204,54.02231327253944,10975400
2013-05-13,53.564544677734375,53.58832526445136,53.166230055511825,53.386197080881644,9810100
2013-05-14,54.16497802734375,54.21253918849176,53.516969679827504,53.59425770061352,9890300
2013-05-15,54.24225616455078,54.28981732100961,53.74882390725544,53.88555656247266,10399400
2013-05-16,53.92124557495117,54.2720035670196,53.80234717447424,53.98069931087287,10469600
2013-05-17,54.55140686035156,54.622744069446576,53.82016871735255,54.14119976532659,12721300
2013-05-20,55.003231048583984,55.10429966666619,54.37306143399574,54.46223749198229,12417700
2013-05-21,55.169677734375,55.5442116169356,54.9199839436533,55.09238972518538,12519900
2013-05-22,54.807044982910156,55.58583978950518,54.58113171515352,55.18752523465752,19253300
2013-05-23,54.569244384765625,54.908109755022345,54.31360878715565,54.43250716645601,15357300
2013-05-24,54.414669036865234,54.55734798912944,54.09958427176082,54.32549299081932,12771900
2013-05-28,54.92000198364258,55.395604608623536,54.551414258180976,55.252925635402356,15197800
2013-05-29,54.74164581298828,54.94377394870086,54.45033709643959,54.55140569997794,11563200
2013-05-30,54.74760818481445,55.09836621840038,54.45630389418747,54.67627095035776,9734700
2013-05-31,53.78450012207031,54.91405280165161,53.778553842750654,54.66435896272956,17917400
2013-06-03,54.3730583190918,54.40278518194524,53.790449906897,53.82017223406798,14177500
2013-06-04,53.974754333496094,54.3909032808975,53.63588889470257,54.20660939500307,12481300
2013-06-05,53.29701232910156,54.17092947188034,53.27323174625996,53.90934759630509,12888000
2013-06-06,53.6418342590332,53.641834259033196,52.91059593745537,53.17811960825908,15393300
2013-06-07,54.36711120605469,54.39683806845248,53.796390826339696,54.03419211847488,12504700
2013-06-10,54.170928955078125,54.65841955947426,54.02230371549781,54.652473279899986,10372300
2013-06-11,53.77854537963867,54.123356955001626,53.64181272657915,53.730984223930385,10739400
2013-06-12,53.350521087646484,54.28983380229761,53.26134502613454,54.176877155336946,10864500
2013-06-13,54.29576110839844,54.52166978769088,53.27321896985558,53.2851069905841,13501300
2013-06-14,53.84989929199219,54.27794071881055,53.677493465319095,54.194710945338365,12158400
2013-06-17,54.40279006958008,54.55735707039364,53.96285604537355,54.08175897178729,12026400
2013-06-18,54.652469635009766,54.72975312159167,54.25415510806274,54.3136042927936,10678200
2013-06-19,54.09959030151367,54.85460456606521,54.09959030151367,54.56924662973181,14189500
2013-06-20,52.9403190612793,53.814231774080454,52.785747521953745,53.647772209737376,21077700
2013-06-21,53.195960998535156,53.58832937021969,52.8214223986505,53.362420582624566,25493800
2013-06-24,52.60144805908203,53.207837055522894,52.327973620245245,52.880859706271835,17653000
2013-06-25,52.97598648071289,53.279183272195596,52.60145246936334,53.25540268701236,15790100
2013-06-26,53.38620376586914,53.48726787030919,52.75008773250576,53.16029043161056,14446000
2013-06-27,53.528865814208984,53.90339977798769,53.52291953474772,53.64776418934062,12348000
2013-06-28,53.71316146850586,53.950962762474184,53.243505160231074,53.415910984966054,22984200
2013-07-01,53.683433532714844,54.176865836718456,53.48130086647175,53.73693643703446,13182200
2013-07-02,53.88555908203125,54.15902894093399,53.57642062195738,53.72504584107942,12320700
2013-07-03,53.91529083251953,54.02230118142502,53.58831350650772,53.879617692429605,5674000
2013-07-05,54.43846893310547,54.462249522867275,53.843967796111556,54.15905267300894,8917900
2013-07-08,54.84272003173828,55.009179594472236,54.63464557832084,54.67031418871157,12086700
2013-07-09,55.490718841552734,55.55017256761177,54.84271495578809,55.07456997323438,12940000
2013-07-10,55.18156814575195,55.52043344532547,54.91998632303503,55.45503798964624,12430000
2013-07-11,55.44910430908203,55.77013538198602,55.31237162391038,55.764193637888134,16184700
2013-07-12,55.52638244628906,55.556104768530545,55.122121671214856,55.437206408201185,11370300
2013-07-15,55.437225341796875,55.58585061080973,55.34210299250068,55.40155672865243,8256200
2013-07-16,55.466957092285156,55.568021195545974,55.151867684268595,55.40156160530848,11413500
2013-07-17,55.56205749511719,55.728517033168266,55.37181737510421,55.62150668218083,9393300
2013-07-18,56.10900115966797,56.382471067648794,55.710686589501286,55.7641940365424,10555400
2013-07-19,56.57865524291992,56.62621640825703,56.126837779264505,56.29329732226201,14431700
2013-07-22,56.37653350830078,56.596495985568154,56.34680664266216,56.40031409367509,9530400
2013-07-23,56.59648132324219,56.76888712077903,56.38246064600209,56.39435320344971,7377400
2013-07-24,56.471649169921875,56.661889310010224,56.132783778649426,56.661889310010224,8222800
2013-07-25,56.45976638793945,56.661894571190174,56.132788990700774,56.293306816866355,10059800
2013-07-26,56.35273742675781,56.39435230579867,55.78795888471003,56.34084486949949,9721000
2013-07-29,55.90092468261719,56.1922288837532,55.651235367357735,56.18628713982968,8844700
2013-07-30,55.770145416259766,56.079288520907106,55.56207094333367,56.013893038604145,10470700
2013-07-31,55.734474182128906,56.239799174243586,55.514507157844186,55.84148455398592,14400800
2013-08-01,55.128089904785156,55.34805241256306,54.24822626662302,55.10430931611229,23117700
2013-08-02,54.66434860229492,55.009160166569245,54.301702739123876,54.967545290583125,14408600
2013-08-05,54.45036697387695,54.551435632872646,54.10555969812809,54.34930285056581,12625900
2013-08-06,54.37898635864258,54.640568149827516,54.26602976050709,54.29575661338936,11689200
2013-08-07,54.301727294921875,54.42657651501965,54.17688261050746,54.206609479232334,8163800
2013-08-08,54.563297271728516,54.67625390531634,54.266046792335196,54.65247332268299,11529500
2013-08-09,54.30588912963867,54.68899908807806,54.132291716122246,54.59321931495274,9467800
2013-08-12,53.80904006958008,54.13228994274191,53.68931992412643,54.13228994274191,10133700
2013-08-13,53.51572036743164,53.826995473330705,53.36008053096679,53.7850929674014,10892700
2013-08-14,53.2463493347168,53.563616421338985,53.216421579622654,53.4798068327944,9797300
2013-08-15,52.773468017578125,53.19848063577781,52.71360335462198,53.07277306422854,11273400
2013-08-16,52.623817443847656,52.971007839880016,52.4681775350542,52.68367754198891,11872500
2013-08-19,52.03117370605469,52.599855876347505,51.947368681722075,52.5699235532153,11745600
2013-08-20,51.97731018066406,52.59986516205998,51.97731018066407,52.15689045006559,16498800
2013-08-21,51.73188018798828,52.28858772538134,51.71392261694856,52.049142788442936,12766900
2013-08-22,52.06709671020508,52.33048198894543,51.749829592783605,51.82765181105164,10199900
2013-08-23,52.3903694152832,52.49213663328355,51.93542889318624,52.168886535772145,9206400
2013-08-26,52.132930755615234,52.49808313726145,51.971308102163526,52.378362991521726,10654700
2013-08-27,51.97134017944336,52.37240793894874,51.827675002477804,51.851619959811,13960200
2013-08-28,53.18050003051758,53.27029242674012,52.24667007067753,52.24667007067753,17738800
2013-08-29,52.240684509277344,53.054794347145034,52.216744132014604,53.054794347145034,11407800
2013-08-30,52.17485427856445,52.40831183327635,51.95336691538782,52.312532032865185,12480400
2013-09-03,52.16887283325195,52.67769052147327,51.97731777767336,52.4981056587915,10546700
2013-09-04,52.53402328491211,52.665718236710156,52.0192182371739,52.08506571307292,9822300
2013-09-05,52.28857421875,52.85725636796179,52.27660403015963,52.71358670269059,11740100
2013-09-06,52.22871780395508,52.51605258761394,51.95934515498795,52.37238291226878,12950600
2013-09-09,52.70161056518555,52.79140295408658,52.26462337495022,52.2825809393243,9297000
2013-09-10,52.56991195678711,52.91710673359507,52.24666211979661,52.91710673359507,11823100
2013-09-11,53.18050003051758,53.18648740814068,52.6058350885367,52.6058350885367,11201200
2013-09-12,52.66571044921875,53.156570472499894,52.59387560421471,53.03085835198485,10917200
2013-09-13,52.91712951660156,53.20445978405822,52.76747700358347,52.76747700358347,8254200
2013-09-16,53.078765869140625,53.38405835296543,52.97101584938089,53.204473464354734,9421300
2013-09-17,53.24038314819336,53.48581091153706,53.06678567312949,53.1027008172694,8941200
2013-09-18,53.62348175048828,53.79707918834873,52.8991642410212,53.2224141701029,15134700
2013-09-19,53.443904876708984,53.719264953434596,53.26432460077433,53.65940486145638,11757500
2013-09-20,53.07276153564453,53.72524420343307,53.03085445386535,53.59354928078874,20651100
2013-09-23,52.52803039550781,53.22242022596002,52.462182926515545,52.85128036137017,12227700
2013-09-24,52.2945442199707,52.719556562686904,52.246654347459966,52.43222189465207,12129200
2013-09-25,52.16287612915039,52.43823618688434,52.037168574556546,52.43224880798979,13577400
2013-09-26,52.1209602355957,52.348430337863434,51.96532039350157,52.318502585134695,9787100
2013-09-27,52.01920700073242,52.085054462408024,51.84560956240872,51.98927467559566,10867100
2013-09-30,51.50440979003906,51.89949005232449,51.24700728315904,51.516379981670376,17486100
2013-10-01,51.48046875,51.683993992417356,51.34877379689106,51.47448137021342,11885100
2013-10-02,51.52835464477539,51.54631221570521,51.04946477382969,51.33081223048287,11841400
2013-10-03,51.18114471435547,51.51038197500288,51.08536494142861,51.50439459743722,13923400
2013-10-04,51.67201232910156,51.73187241258099,51.288902314395266,51.66602495064413,11325500
2013-10-07,51.42060852050781,51.65406609422285,51.04348123448151,51.22306609135428,10985800
2013-10-08,51.18714904785156,51.4505343765859,51.16320409668799,51.396661661742215,15335700
2013-10-09,50.977638244628906,51.23503620295673,50.78009581578733,51.09137105790495,13575100
2013-10-10,51.50440979003906,51.504409790039055,50.75614721969394,51.19313000323741,17532400
2013-10-11,52.049129486083984,52.049129486083984,51.18114694942663,51.42059182516936,12661800
2013-10-14,52.438236236572266,52.52204127304757,51.785753514438504,51.785753514438504,9742100
2013-10-15,51.95335006713867,52.42625240248602,51.86355767513055,52.36040495281546,12018000
2013-10-16,52.26463317871094,52.59387047742924,51.91145550102354,52.36640034097117,11668100
2013-10-17,52.36640930175781,52.37837949329066,52.08506184689726,52.15689213015885,10438200
2013-10-18,52.40831756591797,52.522050382556486,52.25866503668009,52.49212261692856,12425100
2013-10-21,52.216766357421875,52.46818152897269,51.983304192944004,52.378389091409375,10730900
2013-10-22,52.66571044921875,52.7674730543672,52.15688828941265,52.25266808275137,12710600
2013-10-23,52.444217681884766,52.46816262774455,52.049132925745454,52.39034041194238,11449100
2013-10-24,52.929100036621094,53.1146722594971,52.659727338329745,52.665714717656655,12288900
2013-10-25,52.65973663330078,53.066791725766706,52.569944195676975,52.81537655404651,11382000
2013-10-28,52.81536102294922,52.953038762057645,52.44422118785845,52.575916115375556,9921900
2013-10-29,53.234375,53.29423507255732,52.94105744754759,52.947040257881774,10340000
2013-10-30,53.16255187988281,53.563624045103445,53.09072160380827,53.25833167069126,14305900
2013-10-31,53.64741897583008,54.44955402115218,53.395999355820365,53.54565182550263,19185200
2013-11-01,53.767147064208984,53.89884198770086,52.83929978835738,53.719257170751646,19023500
2013-11-04,55.131980895996094,55.23374350140244,53.874900790947045,53.874900790947045,20591600
2013-11-05,55.066131591796875,55.82038145646547,54.61717410018992,54.67703418566449,21122500
2013-11-06,55.802425384521484,55.83834052336336,55.14395529257304,55.32353555381431,13464600
2013-11-07,55.422733306884766,56.03747259926511,55.302198534864644,55.83255796910272,16572100
2013-11-08,55.88679885864258,55.94103812373079,55.13344507837357,55.326303462198176,12330100
2013-11-11,56.025413513183594,56.18814050505033,55.748179873154754,55.959118012512945,7924700
2013-11-12,55.85062026977539,56.242365053566736,55.74816528576846,55.85062026977539,10727300
2013-11-13,55.802425384521484,55.892828768110306,55.489032199268266,55.579435582857094,9280000
2013-11-14,56.182106018066406,56.302640770290125,55.85665666933509,55.85665666933509,7909200
2013-11-15,57.4176025390625,57.42965877298417,56.67027696962902,56.742600578841035,18374500
2013-11-18,57.526100158691406,57.8575777035274,57.2910541171194,57.845526064672974,14243700
2013-11-19,57.50801086425781,57.73100522999413,57.35131659460067,57.495959227402025,12697300
2013-11-20,57.062034606933594,57.827440100847426,56.87520432218998,57.7069053232271,10455400
2013-11-21,57.06807327270508,57.48994967045546,57.03190915424942,57.164500193001786,9128400
2013-11-22,57.260929107666016,57.29708862636957,56.826996490792695,57.230793110007944,8534700
2013-11-25,57.30912780761719,57.70690081931148,57.152433528561865,57.38145142740888,10515100
2013-11-26,56.81492233276367,57.14037169277024,56.74260331816636,57.10421218547158,11857900
2013-11-27,56.53166198730469,56.90532246980257,56.33880362914598,56.869162964555926,8828100
2013-11-29,56.33880615234375,56.78479026341479,56.230323033639316,56.441261153868446,6770500
2013-12-02,56.362918853759766,56.67631662604783,56.0013099302871,56.21224808580391,9310500
2013-12-03,56.887245178222656,56.94148903654526,56.188135323942355,56.41112508008487,12599500
2013-12-04,57.05601501464844,57.19463416792235,56.60400263386629,56.766729665888185,13074000
2013-12-05,56.73054885864258,57.043946592057225,56.60398598103117,56.69438935021256,10586000
2013-12-06,57.64663314819336,57.68279265885583,57.00778600514747,57.23680850096089,12063400
2013-12-09,57.761138916015625,58.00824116338719,57.616496277467675,57.82743441662231,15516700
2013-12-10,57.68281173706055,57.84553878507588,57.48995328622961,57.797323022841105,9868100
2013-12-11,56.80888748168945,57.580320804220925,56.74862011551142,57.48388933985184,12811800
2013-12-12,57.47185516357422,57.785248321759795,56.82095637568104,56.95354738041188,15562600
2013-12-13,57.44172286987305,57.809359916435,57.049982546450934,57.33323973157433,10629500
2013-12-16,58.592857360839844,59.593309012178736,57.935930327554765,58.026333720883045,23226000
2013-12-17,58.30958557128906,58.53860347687077,57.87565303599168,58.47230797297218,14920900
2013-12-18,59.99106216430664,60.23815978596116,58.46627501694443,58.71940075564596,21331300
2013-12-19,59.92476272583008,60.027217718353526,59.665608887143506,59.96695034616948,12905900
2013-12-20,59.47275161743164,60.02721880856425,59.424535879566406,59.90065594524741,23331000
2013-12-23,59.37029266357422,59.84038458114463,59.297969061599716,59.66560599161874,10127600
2013-12-24,59.79822540283203,59.93081643712602,59.26183774453925,59.26183774453925,4168300
2013-12-26,60.81072998046875,60.88907713365264,59.89464902919073,59.918756906656725,9531200
2013-12-27,61.1783561706543,61.31697069376533,60.86495841751285,61.01562917626368,10209000
2013-12-30,60.45515060424805,61.202481086392055,60.45515060424805,61.19042484739506,9007900
2013-12-31,60.991539001464844,61.1060502827382,60.52747495301828,60.563634474217025,8509600
2014-01-02,60.117652893066406,60.72636424993016,59.900686559889394,60.62993272491451,11028100
2014-01-03,59.972984313964844,60.37075268767162,59.74998995721154,60.12967857730977,9295600
2014-01-06,60.06340408325195,60.35268941620418,59.59933548940104,60.232154627158664,11848500
2014-01-07,60.913169860839844,61.00357322932541,59.9187420037113,60.03325324366677,11187000
2014-01-08,60.71428298950195,60.98549309325989,60.35870223328731,60.98549309325989,11180400
2014-01-09,60.1236572265625,60.50334586035436,59.68369661442679,60.38883461922868,11674300
2014-01-10,60.581695556640625,60.64799105713717,59.73794300142382,60.26227428957904,10535400
2014-01-13,59.394432067871094,60.328588282668136,59.22567690699245,60.21408159970688,12110900
2014-01-14,59.73793029785156,59.82832905375349,59.45466860107728,59.545071955084794,9265000
2014-01-15,59.53302764892578,59.876556784491655,59.442624276807074,59.7620501380407,9425500
2014-01-16,59.629459381103516,59.689726763392166,59.21360662653073,59.53905600861727,9421700
2014-01-17,59.76204299926758,60.47320445978098,59.46672504574941,59.77409463499409,15998000
2014-01-21,59.3642692565918,59.59931523402323,59.08703565752154,59.40645687823062,13847300
2014-01-22,58.99061965942383,59.63549038688873,58.966511783860724,59.59330275418008,11642800
2014-01-23,58.442195892333984,58.6953217555384,57.863620520106046,58.61094646780359,15393200
2014-01-24,57.16449737548828,58.00825472750995,57.1464176162055,57.96606708981425,14584300
2014-01-27,57.20667266845703,57.604445679272644,57.104217655891794,57.3031041612996,12474600
2014-01-28,57.64663314819336,57.80935554428115,57.11626913524155,57.465826398667666,10773600
2014-01-29,57.32118225097656,57.978104533977,57.04394861427033,57.212699123734424,13191500
2014-01-30,56.646183013916016,57.224758235409794,56.08568754963969,56.65221113235754,14628400
2014-01-31,55.543270111083984,56.21827216018456,55.26603187165299,55.95911827401728,17361400
2014-02-03,54.2716064453125,55.633666726121945,54.02450420614492,55.39862072199525,20377900
2014-02-04,54.2535285949707,54.6271937582124,53.873839911593066,54.46447135050969,17414400
2014-02-05,53.988372802734375,54.60913588541343,53.86783338010666,54.42832905052627,16393600
2014-02-06,54.504249572753906,54.734889488493295,54.170424376985196,54.32823307231883,13646100
2014-02-07,54.97767639160156,55.008021192840104,54.473905458175544,54.69847921457192,12573800
2014-02-10,54.33429718017578,54.94731950234328,54.23718734644959,54.89876227014391,12237700
2014-02-11,55.135498046875,55.23261255541053,54.26149062342835,54.35860050128925,13422800
2014-02-12,55.281166076660156,55.75458769711516,55.01410582689607,55.23867963971354,10752400
2014-02-13,55.49359893798828,55.62712906449836,54.86843937357688,54.98375705773836,9775300
2014-02-14,57.120208740234375,57.31443304420447,55.59675910650705,55.72421837186186,18260400
2014-02-18,57.0959358215332,57.49045528072188,56.665000748801106,57.0959358215332,12979300
2014-02-19,57.02309036254883,57.83640776323774,56.93205134401888,56.93205134401888,12227800
2014-02-20,57.88497543334961,58.12775236744504,56.901712179839635,56.962406413363496,14424300
2014-02-21,57.67861557006836,58.0124408356919,57.62399214333379,57.95174659576226,11282200
2014-02-24,58.53440856933594,59.02603783970741,57.90924921795671,58.03063767486951,16012500
2014-02-25,58.45549392700195,58.85608411535453,58.243061841059905,58.59509480100511,10663000
2014-02-26,58.13990020751953,58.789338300061324,57.98209147894971,58.607250949352014,9087600
2014-02-27,58.17023849487305,58.297702404492895,57.757515856763725,58.01243441465707,9101200
2014-02-28,58.43123245239258,58.77112852027351,58.13382744483609,58.243078925463266,12651400
2014-03-03,57.96388244628906,58.595112716568224,57.557225953053724,58.12169117152725,11896700
2014-03-04,58.58295440673828,58.78932031645992,58.18843965200597,58.625440824817396,12566100
2014-03-05,56.932064056396484,57.836420677549405,56.6892824812037,57.78179262356117,19829600
2014-03-06,56.907798767089844,57.0170502699863,56.61038906823731,56.85317070030438,12610400
2014-03-07,57.65434265136719,57.69682908658824,57.04739093068127,57.278035548173364,12659100
2014-03-10,57.96388244628906,57.99423188099111,57.454045284144506,57.75145029539549,9964500
2014-03-11,57.059513092041016,58.018492964250086,56.762103516282785,57.878896709294025,12143600
2014-03-12,57.1808967590332,57.33870543596135,56.78031120150443,56.83493461043792,9705400
2014-03-13,56.834957122802734,57.399422392061396,56.646803576607844,57.32052033768025,9872500
2014-03-14,56.73176956176758,57.18698328398481,56.622518083208504,56.79853461147998,11723300
2014-03-17,57.24766159057617,57.37512084164826,56.90169944318848,57.02308788306508,8676100
2014-03-18,57.484397888183594,57.81215237860937,57.09594915079175,57.30231514728541,8757300
2014-03-19,56.889591217041016,57.842505306986176,56.525416451926084,57.44798573189466,9914700
2014-03-20,57.405487060546875,57.50259691472257,56.45257317366321,56.71356256335356,10405000
2014-03-21,57.24160385131836,58.26128272342541,57.24160385131836,57.721096170472535,24479800
2014-03-24,57.44190216064453,57.72109935606584,57.34479230734183,57.51473802362667,9539800
2014-03-25,57.605777740478516,58.158101280491366,57.53901269499619,57.7210953939427,9796600
2014-03-26,57.47831344604492,58.0124338063232,57.30230156077844,58.00029218140426,11033300
2014-03-27,58.41301727294922,58.5708259763132,57.08986267706569,57.42368788982163,15427500
2014-03-28,59.29917526245117,59.46305480364249,58.55262731467544,58.55262731467544,12321800
2014-03-31,59.28704071044922,59.997173069752,59.068537733636994,59.778670092939784,12375200
2014-04-01,59.317386627197266,59.43877510459058,59.04425560705194,59.26882938397051,9475300
2014-04-02,59.45091247558594,59.51767752777606,58.98356174092869,59.19599389304562,9551000
2014-04-03,59.43879318237305,59.80903417090382,59.21421933715233,59.37809892521677,10113000
2014-04-04,59.09282302856445,59.91220696878587,59.04426577697408,59.663359158065376,12496100
2014-04-07,58.740779876708984,59.1959936136713,58.72257206813827,59.02604789277981,10120700
2014-04-08,59.14744186401367,59.40843128267318,58.72257752232332,58.880386262382885,10243000
2014-04-09,59.0745964050293,59.35379356675415,58.649727534921375,59.32951494869031,10463900
2014-04-10,58.740779876708984,59.34773152599207,58.41302543041529,58.86217298496976,13443400
2014-04-11,58.704349517822266,59.14135533647364,58.43728937738589,58.576890259161026,13352500
2014-04-14,59.39628982543945,59.51767830518507,58.7165022991124,59.171716044169,9610200
2014-04-15,59.893978118896484,59.906115112193675,58.91678576958973,59.22633235140481,12961600
2014-04-16,60.65874481201172,60.75585466074396,60.07000101496742,60.11855825467016,12508100
2014-04-17,60.9500846862793,61.28390995209888,60.507012566926406,60.507012566926406,15435700
2014-04-21,61.25962829589844,61.25962829589843,60.62839804404108,60.71337090191866,8002100
2014-04-22,60.91974639892578,61.21715144804413,60.828702713901016,61.016856267124474,8212100
2014-04-23,60.99863052368164,61.271756867787204,60.89544987196823,61.053253940233624,8686000
2014-04-24,60.70124435424805,61.059343655412206,60.61020066780274,60.98651241079536,9057800
2014-04-25,60.94401550292969,61.04112535595782,60.65267668249842,60.68909229854978,10391500
2014-04-28,61.40528869628906,61.58130520575275,60.883309980134136,61.13216234441233,12710800
2014-04-29,61.575233459472656,62.255020868744076,61.441708007014284,61.648069313182305,10094600
2014-04-30,62.15791702270508,62.15791702270508,61.12609650033107,61.38101506689148,13966700
2014-05-01,61.550960540771484,62.145770482371155,61.4234966368986,61.884781123721886,11161700
2014-05-02,61.915130615234375,62.46138795139526,61.289971242445304,61.47205393405029,11168100
2014-05-05,62.461387634277344,62.594913088507234,61.65414094330873,61.72090598576015,7614200
2014-05-06,62.315711975097656,62.698094399568404,62.15790791264471,62.27322555356453,9669800
2014-05-07,62.58278274536133,62.78914407619708,62.38855840959156,62.58885355823104,11007400
2014-05-08,62.10328674316406,62.69203052864311,62.012243078178194,62.5706374317709,8922500
2014-05-09,62.29884338378906,62.439392118857945,61.87720650280938,62.15218728006193,8948800
2014-05-12,62.46995162963867,62.54327735516294,62.042198028254035,62.53105795494682,8830500
2014-05-13,62.54938888549805,62.76326335342099,62.292739523990505,62.43939563597856,7528800
2014-05-14,62.50661087036133,62.74492878873308,62.39661762633486,62.54938576180975,6999200
2014-05-15,61.58388900756836,62.58604758673017,61.30890823310953,62.3293982422868,13658700
2014-05-16,61.55942916870117,61.718309290086864,61.30277989254041,61.46776738089741,10369200
2014-05-19,61.63885498046875,61.78551100423905,61.36386969102465,61.36386969102465,5851400
2014-05-20,61.51667022705078,61.76721220115053,61.3822335250571,61.52889428838479,6134100
2014-05-21,62.34773254394531,62.4638378222088,61.547228982310486,61.62666673674076,7747900
2014-05-22,62.02385330200195,62.31105809771281,62.00552187455024,62.21328426848665,5304300
2014-05-23,61.91386413574219,62.28661872541631,61.883308646576864,62.05441285894435,5410900
2014-05-27,61.93830108642578,62.26828075386337,61.67553975839839,62.091069191973965,8359700
2014-05-28,61.75499725341797,62.37218190269223,61.74888988396305,61.858883141634564,7586700
2014-05-29,61.883304595947266,62.115515109332755,61.73053648434641,62.04829676725935,6113700
2014-05-30,61.43110275268555,61.809969288990246,61.333333600740104,61.59609489837955,11499000
2014-06-02,61.070560455322266,61.64496518408248,60.90556834163697,61.43109083496372,7761300
2014-06-03,61.345550537109375,61.52887410006174,60.856690810644324,60.856690810644324,9384200
2014-06-04,61.13166427612305,61.38831348469544,61.08277738055374,61.23554543262459,7148800
2014-06-05,61.44332504272461,61.6144245502905,61.08278994140056,61.168339695183505,12296100
2014-06-06,62.0849494934082,62.1032809178716,61.47387714669727,61.479989175555744,9340900
2014-06-09,62.03609085083008,62.30496429775931,61.8344404277473,61.99331595355626,6404800
2014-06-10,61.99940872192383,62.164400890226865,61.71831596115822,62.01163278141212,7917500
2014-06-11,62.29884338378906,62.531053931979955,61.71832633753879,61.83443161163424,10270300
2014-06-12,62.121620178222656,62.90989944309413,62.06662123991054,62.61047528329965,11421000
2014-06-13,62.7265739440918,62.7326859726211,62.10327757323221,62.286601132217214,8240300
2014-06-16,62.891578674316406,63.0932337121097,62.4332743132115,62.67770423822339,8977600
2014-06-17,62.58600997924805,62.6898911283232,61.99326923365002,62.68378376339687,9355400
2014-06-18,62.775474548339844,62.90990657054086,62.366052465535205,62.67770071897969,9575100
2014-06-19,62.7143440246582,62.84266863910754,62.1338272456572,62.7021246308536,11105600
2014-06-20,63.44765853881836,63.58820260246992,62.90380438897396,63.111566800324326,17674400
2014-06-23,63.78373336791992,63.924282066697536,63.47819717781511,63.618745876592726,8553700
2014-06-24,62.775474548339844,63.838739301011124,62.61659440668599,63.66152773188045,9708400
2014-06-25,62.41493606567383,62.70825287606492,62.042181519730754,62.537148683771136,10714800
2014-06-26,62.34773254394531,62.56160700749886,61.62666673674076,62.29273825136597,8424200
2014-06-27,61.846649169921875,62.201072350315464,61.51056208129761,62.12774196957817,15147400
2014-06-30,61.52275085449219,61.883281223891096,61.42497706218067,61.84661838282979,9454800
2014-07-01,61.93830108642578,62.078845132747055,61.58998999226042,61.809976437218815,8399600
2014-07-02,62.066627502441406,62.109402386728036,61.74275985539794,61.80997819672161,6954400
2014-07-03,62.68990707397461,63.10543643807889,62.13383368704625,62.29882116212491,6922600
2014-07-07,62.7265739440918,62.72657394409179,62.34159540264565,62.531030990159955,7979600
2014-07-08,62.83655548095703,63.08098529351944,62.43324559091241,62.531019380781736,9613600
2014-07-09,63.27653503417969,63.36208477848462,62.824338200440565,62.91599997279911,7655300
2014-07-10,62.67770767211914,62.98324392959503,62.35383998513282,62.86713865987793,8533700
2014-07-11,62.17051315307617,62.63492954583205,61.91386382896624,62.57382322991727,7680800
2014-07-14,62.744930267333984,62.989360222276574,62.42717458938815,62.433281958229344,8253100
2014-07-15,62.56773376464844,62.69605847298351,62.17053557478383,62.65328357020515,8755800
2014-07-16,63.410980224609375,63.42320428326278,62.65936379135834,62.671583187899365,8870200
2014-07-17,62.518829345703125,63.48432506653954,62.50660994637571,63.17267676938582,8145700
2014-07-18,62.775474548339844,62.91601860040407,62.24383984094781,62.7510310909998,8208300
2014-07-21,62.98935317993164,63.05657152657854,62.36605663140825,62.54938024264762,6632400
2014-07-22,63.27043533325195,63.66763331611839,63.24599187838654,63.33154163935934,7426300
2014-07-23,63.70430374145508,63.82651636820025,63.264330825791866,63.33154916913557,7007200
2014-07-24,63.722633361816406,63.99150672756486,63.520978337505056,63.80818313053405,7943000
2014-07-25,63.050437927246094,63.54540498130971,62.91600127994202,63.50874213644915,7775500
2014-07-28,63.777610778808594,63.86926788427409,62.8365589784365,63.11765164679006,9197800
2014-07-29,63.27653503417969,64.01593191687886,63.25819895001885,63.679840305601324,8055400
2014-07-30,63.0932502746582,63.64321658477784,62.677720691691626,63.38656719409344,11072100
2014-07-31,60.459503173828125,62.317163780917895,60.45339114459577,62.317163780917895,18291800
2014-08-01,60.37393569946289,60.832239853065765,59.99506925412458,60.263942516113765,14915000
2014-08-04,61.186676025390625,61.36999960511745,60.07452447492488,60.33728578607344,12148200
2014-08-05,60.00730895996094,60.826148415881036,59.750659665971625,60.78948556305757,13069400
2014-08-06,60.48393630981445,60.89335361839996,60.007296015366194,60.007296015366194,9911300
2014-08-07,60.05008316040039,61.00946664932462,59.65899719434927,60.96669176747879,10017100
2014-08-08,60.94834899902344,60.97890447841811,60.08062746470915,60.380051581908276,11199300
2014-08-11,60.75145721435547,61.17603119262743,60.63454315786563,61.089885475610544,8589600
2014-08-12,60.60377502441406,60.72684368813476,60.19150556377609,60.43148358979458,9583700
2014-08-13,60.97297286987305,61.10834605543186,60.597626347991266,60.806836038698805,7645800
2014-08-14,60.97297286987305,61.089886929144676,60.67146285314,60.97912747683198,6547300
2014-08-15,60.93606948852539,61.182202186464686,60.38842670027061,61.0652880986606,9226900
2014-08-18,61.23756408691406,61.243718693818,60.97912693202328,61.08988638334641,7135400
2014-08-19,61.21909713745117,61.502147989196395,61.18217888992452,61.225251743568606,8888100
2014-08-20,61.34834289550781,61.47141159947075,60.94222790890772,61.2560472357744,6751800
2014-08-21,61.08989334106445,61.57600406087011,61.07758882044473,61.40986721225835,6826200
2014-08-22,60.60993576049805,60.90529588870687,60.35149858243407,60.8499138107846,8095000
2014-08-25,60.76374816894531,60.85604847217026,60.609915895099874,60.80066641239991,7569800
2014-08-26,61.3114013671875,61.7236708061991,60.92989557155018,60.99143224747726,8536500
2014-08-27,61.24372863769531,61.50832044245066,60.97298222503673,61.397560973143996,5848700
2014-08-28,61.268333435058594,61.37293828119913,60.92375055620051,60.94220968262653,6072700
2014-08-29,61.20064926147461,61.32986784615533,60.74530691146779,61.151421792665815,8873700
2014-09-02,60.60377502441406,61.28063624381466,60.18535095694268,61.182186007427596,8957100
2014-09-03,60.98528289794922,61.280638311666365,60.83145058404956,60.83145058404956,8475100
2014-09-04,60.52378463745117,61.19449125803612,60.283806608563935,60.9175949768861,9662900
2014-09-05,61.07759475708008,61.10220849530203,60.36996504061831,60.75762085478528,9476900
2014-09-08,60.16075134277344,60.86838106781872,59.96384612919994,60.86838106781872,10080100
2014-09-09,59.92690658569336,60.320716872978764,59.66231485880577,60.111507211741056,9756400
2014-09-10,59.57001495361328,60.01305270348974,58.96699500096174,59.90844787215473,12113700
2014-09-11,59.70539474487305,59.760776817046285,58.960846936069096,59.26851155266194,10181100
2014-09-12,58.93622970581055,59.434644852843796,58.84392938739238,59.39772660331221,10257500
2014-09-15,59.250057220458984,59.31774381715279,58.702414534183546,58.905474324264965,10689400
2014-09-16,59.9515266418457,60.33303245179443,59.08391018029101,59.21313344891401,11574100
2014-09-17,59.736167907714844,60.25919685923631,59.563876459645634,60.24689233919845,8774200
2014-09-18,59.44696807861328,59.8838513478798,59.366976954242894,59.779246486489996,8636600
2014-09-19,59.76078414916992,60.03152585266841,59.60695182199963,59.73617041347187,18178100
2014-09-22,59.403900146484375,59.68695110383208,59.237758581451374,59.62541910346792,8816900
2014-09-23,59.09008026123047,59.7854054728285,59.09008026123047,59.24391260792516,10300700
2014-09-24,58.960872650146484,59.22546452359399,58.357847673013254,58.99164100306029,12200000
2014-09-25,57.99477767944336,59.00391720195884,57.964009341300255,58.86239411351481,12854200
2014-09-26,58.72087097167969,58.92393075245944,57.717885976436456,58.044009730336846,11256800
2014-09-29,58.105533599853516,58.32089787002419,57.7178779135463,58.277825015990054,14015000
2014-09-30,57.8717155456543,58.33936237700702,57.60712379086208,57.90863379692176,15576500
2014-10-01,57.13945770263672,58.173210725973526,57.053312008574345,57.908619038613864,14028600
2014-10-02,57.41022872924805,57.77942539066062,56.64721697512644,56.85027678200994,13756500
2014-10-03,57.79173278808594,57.90864686961181,56.96719369304585,57.594827579226326,11563000
2014-10-06,58.16093444824219,58.65935446849701,57.785587822773046,57.84711982557499,10595400
2014-10-07,57.45330810546875,58.573207432262144,57.42869436597331,58.007100813048496,10787900
2014-10-08,58.216285705566406,58.351658856791445,56.86871349330236,57.484042584624625,15583700
2014-10-09,56.4995231628418,58.142450889834315,56.38260912042284,57.871709252332565,17915600
2014-10-10,56.3641471862793,57.39174570334526,55.93341867451174,56.88102609498906,18173100
2014-10-13,55.896522521972656,56.93643074892676,55.84729973603052,56.191882710580124,14451100
2014-10-14,55.71805953979492,56.75181275764024,55.416544859256085,56.296465780961256,23120500
2014-10-15,55.5150032043457,55.75498122555036,53.47826498016641,54.764300801771384,24703500
2014-10-16,55.74882888793945,56.16109835708778,54.25973323560128,54.50586587353402,25212600
2014-10-17,56.12417984008789,56.76412281786224,55.68729663974561,56.07495237381535,18189200
2014-10-20,56.46875,56.542591182782324,55.767275194627715,55.767275194627715,10821700
2014-10-21,57.625587463378906,57.85941089750485,56.83181213637032,57.13947677344699,15757000
2014-10-22,57.305625915527344,58.20400628532524,57.21333026026005,57.81635044943017,12733600
2014-10-23,57.90862274169922,58.44396075582435,57.76094507023276,58.03168668548984,11345100
2014-10-24,58.14244842529297,58.16706215394779,57.360982492504576,57.95785250226492,9734100
2014-10-27,57.66250228881836,57.74864800651023,57.08409130323909,57.74864800651023,11387700
2014-10-28,58.51780700683594,58.57933898899668,57.79787295691769,58.11169216890359,12564100
2014-10-29,58.20399475097656,59.05930677521214,57.60712928863601,58.71471918366857,12409100
2014-10-30,58.11784362792969,58.25321680904037,57.360991307486415,57.76095624406177,9767900
2014-10-31,59.50849533081055,59.61925479127483,58.03170408948342,58.45012819628294,17493700
2014-11-03,58.61625289916992,59.74845621910165,58.33320206918699,59.41617793314205,13410000
2014-11-04,58.16093444824219,58.388608022659376,57.773278605458124,58.14862992551816,13498500
2014-11-05,58.49934387207031,58.93007241226246,58.24090674795503,58.6777898943182,12480000
2014-11-06,59.231597900390625,59.33004814415866,58.01324385845598,58.56704115024446,14731400
2014-11-07,59.863765716552734,60.21704023987275,59.324567188294516,59.37415007526761,13233500
2014-11-10,59.67168045043945,60.179893582755476,59.54152882577791,60.03734859176376,9087600
2014-11-11,59.752201080322266,59.81417731418229,59.256381752474944,59.36174182288535,7990000
2014-11-12,59.113834381103516,59.74600428429685,58.946498070542766,59.43611837486428,11592800
2014-11-13,58.667625427246094,59.00849722291056,58.15321348297806,58.85355420802156,12355400
2014-11-14,58.9340934753418,58.94649155830029,58.6613971205368,58.7977476621809,9352500
2014-11-17,58.94649887084961,58.965091269110594,58.37630992458841,58.78535687178143,8704400
2014-11-18,58.797767639160156,59.34316526255627,58.58704271361939,58.92791918354497,9263200
2014-11-19,59.25638961791992,59.33695825978395,58.33912515819361,58.92791127922575,8333200
2014-11-20,59.38655471801758,59.43613761441293,59.03948390022065,59.10765920064294,8422400
2014-11-21,60.00010299682617,60.24181360665697,59.560065611532075,60.24181360665697,12374900
2014-11-24,59.32455825805664,59.99391294598109,59.033264751544124,59.7088137530445,10172400
2014-11-25,58.74197006225586,59.51668480717584,58.48786608473355,59.50429145178989,13747400
2014-11-26,58.5560417175293,58.95888960455665,58.4816673993095,58.6552027466721,9822100
2014-11-28,56.1141471862793,56.92604684469856,55.847645085872976,56.709127630061836,19556700
2014-12-01,57.23593521118164,57.5582192538441,55.95300754060539,56.00259042847414,27584200
2014-12-02,58.37630844116211,58.67379626274584,57.02520570288652,57.217333451346164,20885300
2014-12-03,58.84735107421875,59.08286746671505,58.25856954994847,58.67381566615952,16220400
2014-12-04,58.487857818603516,58.63660170463068,57.68215270636417,58.33910920409347,12868600
2014-12-05,58.14698028564453,58.624202410671515,57.85568683218739,58.22754890380985,11831900
2014-12-08,56.83308410644531,57.719358155747294,56.62856296313299,57.57681325975642,15735900
2014-12-09,56.63474655151367,57.05619157335779,56.25049105380653,56.54178456238045,15883800
2014-12-10,54.95518493652344,56.23191853767222,54.66389132495801,56.22571949337701,22279400
2014-12-11,55.283653259277344,56.733922007916306,55.06673403341892,55.07293307658187,21522200
2014-12-12,53.672245025634766,55.15969851557176,53.672245025634766,54.97996409905796,24568300
2014-12-15,53.858177185058594,54.91178748707016,53.610267487972294,54.2486317662427,21373600
2014-12-16,53.554500579833984,55.28366029199185,53.41814998381062,53.535903447979365,26372400
2014-12-17,55.17210388183594,55.71750629300123,54.01313321508036,54.06891042795754,23323000
2014-12-18,56.4984016418457,56.4984016418457,54.787830086768906,56.008781334366034,22882700
2014-12-19,58.03542709350586,58.03542709350585,55.53774766305664,55.90960977249744,38469000
2014-12-22,57.84330749511719,58.0540276529869,57.297905244661095,57.613990209949606,17871800
2014-12-23,58.62422180175781,58.989889681884236,57.669777236003,57.961066057326725,13706500
2014-12-24,58.12220001220703,58.41349352160425,57.626385397654985,58.394901123725056,6875700
2014-12-26,57.76893615722656,58.525058604633365,57.40327301902921,58.252357465310475,10585000
2014-12-29,57.682159423828125,58.17177969785669,57.57060031419524,57.843301410738604,9892100
2014-12-30,57.65118408203125,57.880501403294,57.335103795474765,57.49624109621485,8743400
2014-12-31,57.29790496826172,57.719350010452075,57.05619432787882,57.279312569537474,11337200
2015-01-02,57.53342056274414,57.66977112296567,56.901250643259566,57.173951763702625,10220400
2015-01-05,55.959190368652344,57.26690910423085,55.46957013191357,57.08097569284238,18502400
2015-01-06,55.661685943603516,56.65332428747087,55.17206581165157,55.928187921033505,16670700
2015-01-07,56.225711822509766,56.69673982649126,55.77947526384148,56.18232797533283,13590700
2015-01-08,57.16156005859375,57.186346771637375,56.399238599192586,56.55418156237718,15487500
2015-01-09,57.08098220825195,57.50242722415227,56.6285514392388,57.204939406154175,14488400
2015-01-12,55.984004974365234,56.60997127956402,55.667919935586376,56.547995026280034,15176300
2015-01-13,55.77946853637695,56.66574250337208,55.227871948018176,56.3248660820339,17469000
2015-01-14,55.618324279785156,55.71129100262217,54.08129274568439,55.128703952761875,23272100
2015-01-15,55.13492202758789,56.18853736930503,54.85602649128706,56.045987714616125,18759600
2015-01-16,56.4736213684082,56.51700521544782,55.14730978350031,55.14730978350031,17713100
2015-01-20,56.45500946044922,56.88265350396005,56.01497206180744,56.48599994100174,16761000
2015-01-21,56.938438415527344,57.0128080071882,56.40543427570065,56.857865053249824,14276400
2015-01-22,57.5582160949707,57.62019233716308,56.59756779129415,57.21114062742184,13559000
2015-01-23,56.3310661315918,57.31650588549319,56.269089888918224,57.192548671661825,14706300
2015-01-26,56.87026596069336,56.981825082206406,56.07075971126389,56.15752739149804,10672500
2015-01-27,56.368247985839844,56.77110063489235,56.15132878357588,56.5479823901397,12301500
2015-01-28,54.50893020629883,56.355852328345314,54.42836157117152,56.32486184565124,17829700
2015-01-29,54.27961349487305,54.70105849338467,53.318965346822246,54.676267054827115,22683000
2015-01-30,54.180450439453125,54.80022224881356,53.4553185573375,54.01931317352764,22679900
2015-02-02,55.51918029785156,55.525374613721965,54.23005332399887,54.446972591597785,20306300
2015-02-03,57.17396926879883,57.223552165602825,56.28149604026814,56.33727798129395,21900900
2015-02-04,56.684326171875,57.18633979826203,56.09554487496388,56.79588528090361,19632200
2015-02-05,57.242130279541016,57.35368940525712,56.83307857575395,57.260722679079684,12809000
2015-02-06,57.1359748840332,57.623034891284384,56.798778394995765,57.51063606160523,12331200
2015-02-09,57.173439025878906,57.62928004301765,56.97361941547947,57.07353160271684,11360700
2015-02-10,56.82999038696289,57.28582655007461,56.386640862754156,57.28582655007461,12952900
2015-02-11,56.573974609375,56.71759717333065,56.06818231262758,56.2118001125084,12240600
2015-02-12,57.67926025390625,57.86034759593506,56.836266304856906,57.11102017056646,14843000
2015-02-13,58.303680419921875,58.353631755809694,57.62304165912494,57.8853040378206,12061000
2015-02-17,58.103843688964844,58.11633032824403,57.62927040708917,57.916510751255515,11758700
2015-02-18,56.82999038696289,57.44193573877097,56.44283788392915,57.44193573877097,19177900
2015-02-19,55.849639892578125,56.461585408961334,55.312623757912895,55.97452537149186,19350600
2015-02-20,56.14937973022461,56.161871139405086,55.48123226137091,55.82467455268312,15959900
2015-02-23,55.58113479614258,55.918331324124104,55.412534150113856,55.737244035166846,12771800
2015-02-24,55.8371467590332,56.06194442538479,55.656059485356906,55.78094972448306,9990700
2015-02-25,55.949562072753906,56.01200482867242,55.624856883531486,55.93082972238604,9925700
2015-02-26,55.3563232421875,55.68727398375244,55.00039445694742,55.656050238139834,13984000
2015-02-27,55.28762435913086,55.74970616956231,55.16273416436979,55.50617624487048,13090600
2015-03-02,54.97543716430664,55.275164273394005,54.544574085407504,55.16276541646712,13793700
2015-03-03,54.713157653808594,54.96292857863048,54.40718017197425,54.90673154976806,13493800
2015-03-04,54.43840789794922,54.92546790665106,54.28229867648963,54.92546790665106,13467600
2015-03-05,54.16367721557617,54.444676792344985,54.02630027992174,54.369742619057824,12527600
2015-03-06,53.47053527832031,54.07623989300252,53.2769613448315,53.95760010993322,16070500
2015-03-09,53.17704772949219,53.93885673189782,53.152069682254655,53.77650657096691,14503800
2015-03-10,52.615055084228516,53.408087859419865,52.60256367821418,52.964738227421485,17195500
2015-03-11,52.465187072753906,53.03342694750995,52.45270043074935,53.03342694750995,13004700
2015-03-12,52.59006881713867,52.90228722164405,52.49015664094105,52.72119997534196,10792900
2015-03-13,52.37152099609375,52.5650948975718,51.628439610561664,52.39025333958193,16799900
2015-03-16,52.927276611328125,52.989719352799646,51.99686213632208,52.27161591568771,13516200
2015-03-17,52.50263977050781,52.983453941476164,52.46517032830156,52.789880085694286,12979700
2015-03-18,53.74528503417969,53.93261801413805,52.09677196121812,52.165460402931146,18745700
2015-03-19,52.70872116088867,53.38935509700656,52.658765065373004,53.19578118197771,12738500
2015-03-20,52.78989028930664,53.32690634534571,52.69622381179751,52.87106536230792,36083500
2015-03-23,53.34566879272461,53.56422085419863,53.083406318955774,53.089647260656726,17450700
2015-03-24,52.777400970458984,53.56419274292323,52.76491432953263,53.264465719939324,10174300
2015-03-25,52.989723205566406,53.433072895547696,52.93352139930267,53.108367757841734,11934700
2015-03-26,52.65251922607422,53.43306535120226,52.50889664285745,53.26446948436781,14400700
2015-03-27,52.1904296875,52.483915750251334,52.03432048510672,52.47767004821467,11579300
2015-03-30,53.47053527832031,53.58917982546555,52.60881398683767,52.621300629869616,15653200
2015-03-31,53.07712173461914,53.28942793480203,52.73992533073384,52.983455272860866,13354000
2015-04-01,52.739933013916016,53.701566284182206,52.61504755609436,53.51423333337489,14522300
2015-04-02,52.64002990722656,53.03966912184221,52.35903045802558,52.508893972487634,11297400
2015-04-06,53.1583137512207,53.47677791715775,52.57758721995936,53.17080515761272,10916400
2015-04-07,53.54545211791992,53.807714413486984,52.92726106006203,53.083370249910196,11836100
2015-04-08,52.490142822265625,53.63910872568491,52.465164784791995,53.576666014037606,16257100
2015-04-09,52.85859298706055,52.90854909042395,52.33406342989724,52.45270798436628,13281800
2015-04-10,53.426815032958984,53.72654681530888,52.93350935280345,53.30817527175959,13372400
2015-04-13,53.28944778442383,53.85768770376492,53.22700504135059,53.6516223639549,9880500
2015-04-14,54.09497833251953,54.62575362064149,53.408098550573825,53.451808952222834,15693800
2015-04-15,55.00040054321289,55.28139522852201,54.41342836208024,54.41342836208024,15332800
2015-04-16,54.781837463378906,55.05034545296034,54.39468496833206,54.87549916340501,9570800
2015-04-17,54.282310485839844,54.55081859572844,53.801496075334235,54.41344168870501,14430100
2015-04-20,54.47587203979492,55.01288813735163,54.375964616382795,54.40718360191613,11593600
2015-04-21,54.251068115234375,54.713154782873076,54.1324283613918,54.56328651895388,10100500
2015-04-22,54.613243103027344,54.8255540968041,53.91387215727573,54.350980784898546,8663600
2015-04-23,54.663211822509766,55.187736579969574,54.519589226114306,54.55081297961468,9866100
2015-04-24,54.30728530883789,54.55081535168752,54.11371136813077,54.444662207691756,8405700
2015-04-27,54.33225631713867,54.700671803512954,54.17614709123591,54.58203203139819,10534600
2015-04-28,54.825557708740234,54.86302239549117,54.350984365569545,54.46338318989747,9633800
2015-04-29,54.86927032470703,54.99415579499505,54.301030477523284,54.63822696419133,12534100
2015-04-30,54.557071685791016,55.36883706543498,54.46340516704212,55.36883706543498,13947700
2015-05-01,55.481231689453125,55.54367444248165,54.76312811943342,54.856794631014544,12257100
2015-05-04,55.643577575683594,56.124391936002475,55.54366537588565,55.837151507697236,10343700
2015-05-05,55.33135223388672,56.25551614700089,55.27515043745292,56.1805867705229,11895000
2015-05-06,55.069091796875,56.174343014913525,54.81931608378155,55.98076910020195,11273500
2015-05-07,54.70066833496094,55.01288676696879,54.276051076867255,54.95044403338226,9992500
2015-05-08,55.568634033203125,55.61859012465814,54.83804406095514,55.243928966895716,11390300
2015-05-11,54.63683319091797,55.763820778023,54.55498670151735,55.73863613432752,11997800
2015-05-12,54.78794479370117,55.064971114073714,54.410184686317045,54.70609829153673,9788900
2015-05-13,54.498321533203125,55.234959171743654,54.397587759163585,54.95163552508045,8629400
2015-05-14,54.7564582824707,54.989407827309535,54.61794514582083,54.73127363912713,8791300
2015-05-15,54.995704650878906,55.16569979091473,54.52350340063642,54.64942661612213,8422200
2015-05-18,54.6809196472168,55.064977159541634,54.63684770990809,54.970535921457,6395400
2015-05-19,54.76904296875,54.90755609216376,54.277954479176934,54.441652243527656,9777100
2015-05-20,54.85718536376953,55.0271804847417,54.71867704748718,55.02088312380374,7276600
2015-05-21,54.907554626464844,55.05236510711706,54.75015422741978,54.95162654605831,8357400
2015-05-22,54.473148345947266,54.838318561039905,54.460558422849246,54.76906197529886,7598400
2015-05-26,53.73649215698242,54.37868843779202,53.53501985002775,54.17091877026664,11289000
2015-05-27,53.58540344238281,54.07649202155626,53.37133635710106,53.705029307789665,10778300
2015-05-28,53.58540344238281,53.87501966078049,53.402818364886016,53.585403442382805,8038900
2015-05-29,53.642066955566406,53.881318693798896,53.44059458854332,53.57910774152421,14631300
2015-06-01,53.597991943359375,53.81205902296953,53.390227029315206,53.67354587795352,9077500
2015-06-02,53.604270935058594,53.887589686602496,53.45946528106174,53.591681018680774,9328300
2015-06-03,53.484642028808594,54.04498694312574,53.427980203159365,53.660934472276914,8179500
2015-06-04,53.0250358581543,53.44686768454104,52.74800967797055,53.32724186973843,12607300
2015-06-05,53.06281661987305,53.51613049378876,52.87393904139384,52.968375428894184,11388500
2015-06-08,53.42170333862305,53.6483603351319,52.84247092686923,52.999871352029274,12244700
2015-06-09,53.251705169677734,53.78686557590456,53.19503852713564,53.69872173504268,8105500
2015-06-10,53.648345947265625,54.12684445639872,53.516130202007496,54.04499318304001,10147000
2015-06-11,53.57280731201172,53.956864740205795,53.44688889113622,53.7050278984548,7759300
2015-06-12,52.89913558959961,53.314675039807824,52.79840180994551,53.251715827089015,8347300
2015-06-15,52.710243225097656,52.87394097521623,52.37655516778269,52.59061739191731,9563900
2015-06-16,53.31465148925781,53.35872339904121,52.50876239408834,52.76689649325455,9100100
2015-06-17,53.34613800048828,53.59797476144436,53.14466570963642,53.53501557120534,9090200
2015-06-18,53.81834030151367,54.12054634261667,53.33984179904244,53.39021107371908,10247800
2015-06-19,53.648345947265625,53.81834105079642,53.46576092662959,53.46576092662959,16129600
2015-06-22,53.623172760009766,53.893901668628025,53.49725434815548,53.76168589513718,9465100
2015-06-23,53.560218811035156,53.69243459750302,53.258007868051465,53.654660030935055,10223900
2015-06-24,53.31465148925781,53.73018595243298,53.30206157366737,53.446867218608,11800100
2015-06-25,52.84246826171875,53.421700644258536,52.84246826171875,53.421700644258536,10259400
2015-06-26,52.79838180541992,52.94948481939038,52.56542752279521,52.77949452910838,19023300
2015-06-29,52.14359664916992,52.540243869567874,52.13100673255275,52.288407109398044,11739200
2015-06-30,52.38283920288086,53.45316455986258,52.13100246333495,52.722824565441314,14981100
2015-07-01,51.86028289794922,52.59061821919681,51.69658514525559,52.433217827158764,13529100
2015-07-02,52.345069885253906,52.433213713601745,51.97360729485637,52.124710314384316,9188000
2015-07-06,51.96101760864258,52.29470567735624,51.70288345875194,51.8917610505912,11694400
2015-07-07,52.175079345703125,52.401736275678545,51.306226179637925,51.74695012280272,15641500
2015-07-08,51.60844421386719,52.24434317845537,51.57066965476579,51.78473189431246,10057000
2015-07-09,51.37548828125,52.35137265760498,51.36289836310376,52.17508498268434,11980500
2015-07-10,51.765838623046875,51.93582892280646,51.451037857694836,51.683987349829124,8628700
2015-07-13,51.89177703857422,52.01140291269797,51.67141737846231,51.69660202582943,8026700
2015-07-14,52.326175689697266,52.4583914147375,51.791015430207445,51.86656452824315,9310200
2015-07-15,52.10585021972656,52.52138494107233,51.879193170454,52.01140898194951,9289200
2015-07-16,52.20029067993164,52.55916353535397,52.131034093492175,52.37028106261345,8267600
2015-07-17,52.01139450073242,52.15620019532309,51.495121321905714,51.94843529423737,12156000
2015-07-20,51.47624206542969,51.885484176667525,51.37550347654886,51.721786371476334,12957100
2015-07-21,51.413265228271484,51.898056311537395,51.26845475725621,51.5832555343968,8677100
2015-07-22,51.49512481689453,51.92325417498952,51.362909033237536,51.84770023997986,13181500
2015-07-23,51.085872650146484,51.60844312290468,50.978841532635705,51.45734008621423,10496100
2015-07-24,50.33034896850586,51.098463620803976,50.19183586025819,51.098463620803976,14888500
2015-07-27,49.90224075317383,50.44999125307106,49.719655652047884,49.883353467450554,14996100
2015-07-28,51.92953872680664,52.04915975671322,50.09739588349583,50.17924235695598,19777300
2015-07-29,52.345069885253906,52.3828444392663,51.57066270712958,51.74065300366372,13913800
2015-07-30,52.26323318481445,52.45840815499358,51.891765721513046,52.37026431017208,11139900
2015-07-31,49.8707275390625,51.419546444580305,49.6944399113011,51.419546444580305,26232700
2015-08-03,49.146705627441406,49.694460818558824,48.87597671277137,49.5496503185578,15767700
2015-08-04,48.58634948730469,49.49297723825482,48.435246463305845,49.0333660024319,18874400
2015-08-05,48.58634948730469,49.2537303833001,48.41635918574081,49.02707344556257,16544400
2015-08-06,49.16558837890625,49.27262430533961,48.42266307594481,48.44155035605682,13005200
2015-08-07,48.372291564941406,49.09003699700828,48.24007580676898,48.82560548066343,12187600
2015-08-10,49.58112716674805,49.58112716674805,48.53598618048376,48.53598618048376,14876000
2015-08-11,49.24430847167969,49.61289525539348,48.507139752674696,48.939274811547484,14486400
2015-08-12,50.070457458496094,50.12129802496239,48.90750495480173,49.21254350517624,16492400
2015-08-13,49.981502532958984,50.38821747884847,49.740012200545195,49.7717887753653,13154100
2015-08-14,49.79721450805664,50.38186670061848,49.72730991455195,49.97515171027763,9129300
2015-08-17,50.05774688720703,50.31830116441107,49.21889690078244,49.52393546331114,9365400
2015-08-18,49.504878997802734,49.994206210858735,49.30152154130327,49.90523762666674,9815300
2015-08-19,48.44358444213867,49.30149815324827,48.252934795926805,49.25701388225509,17010100
2015-08-20,47.38868713378906,48.4118306971711,47.38868713378906,48.29744182522701,17811200
2015-08-21,45.83808135986328,47.59204236487266,45.79995335380568,47.09000260861033,25488800
2015-08-24,43.67106246948242,45.36147065996232,42.29204436832844,43.20715062959185,35531200
2015-08-25,43.66469192504883,45.399588695871124,43.34058937147082,45.31697156252229,30409700
2015-08-26,46.07320785522461,46.23208098575987,43.9443088757368,44.884835093388546,34436000
2015-08-27,47.566612243652344,47.592032525243106,46.39730838101507,46.89934803348095,24571000
2015-08-28,47.7064094543457,48.28470980716344,47.28698703389898,47.477631825585036,18997300
2015-08-31,47.81446075439453,48.01146675274082,46.58160843599581,47.20438845439417,19570100
2015-09-01,45.806304931640625,46.61337835029579,45.44407436603579,46.581606631319886,24092900
2015-09-02,46.53711700439453,46.5434684384066,45.7554591112709,46.4290795966915,16936900
2015-09-03,46.89299011230469,47.60474342670496,46.60701559071921,46.7976652717762,13451900
2015-09-04,46.047786712646484,46.47992181356976,45.91433386729971,46.34646896822298,14902500
2015-09-08,46.70869445800781,46.84850357090865,46.371884239704485,46.84850357090865,13626900
2015-09-09,45.75545883178711,47.458578882240545,45.660133989536305,47.26157776376567,17246200
2015-09-10,46.085914611816406,46.37824543252077,45.62836407808682,46.27020802120695,12353900
2015-09-11,46.19395065307617,46.21301465202994,45.76181556590669,46.00965724915153,12172300
2015-09-14,46.06685256958008,46.12404941899087,45.60294573349266,45.95246371918178,10738500
2015-09-15,46.30198287963867,46.58795255873361,46.01601320054373,46.035077199360344,11979800
2015-09-16,47.21709060668945,47.471283705971956,46.62608243885474,46.71505099328812,15214200
2015-09-17,47.31877899169922,47.960627883091426,46.93112811309416,47.28700727036571,15603000
2015-09-18,46.18759536743164,46.74682702531079,45.831721116819736,46.55618218323571,23180200
2015-09-21,46.6387939453125,46.77860307033529,46.21937141866709,46.454500539457264,10853000
2015-09-22,46.2257194519043,46.72140278711874,45.76816411219169,45.97787778429707,14245200
2015-09-23,45.94611358642578,46.51805300619812,45.93975730332821,46.30834414821252,13784800
2015-09-24,46.219383239746094,46.486288993004585,45.577534296356106,45.7554714651951,14584200
2015-09-25,46.53711700439453,46.727761841637744,46.23843475944829,46.57524500215859,15175300
2015-09-28,46.136756896972656,46.683280862881304,46.00966032982224,46.14946946274165,14571900
2015-09-29,46.37189483642578,46.51170398127524,45.844434825738695,46.16853740257847,13754400
2015-09-30,47.24887466430664,47.24887466430664,46.600674334308884,46.64515862314771,18176500
2015-10-01,47.06459045410156,48.03054212747638,46.581619465838955,47.789051784920275,14397800
2015-10-02,48.221160888671875,48.23387345160962,46.41000854381762,46.63878619247522,18811300
2015-10-05,48.81217575073242,49.02824571472909,48.16397555558812,48.710499475292636,18486700
2015-10-06,49.4985237121582,49.924302637726534,48.462672404785046,48.907515334718475,18757900
2015-10-07,50.33100509643555,50.388201943792616,49.26973376321626,50.18484453354447,18666300
2015-10-08,50.85847091674805,50.909311487284626,49.91158832051661,50.40091547876613,14344700
2015-10-09,50.36915588378906,50.94745175547807,49.96244091843586,50.87119572973986,17384700
2015-10-12,50.394561767578125,50.578850342708,50.0259749204715,50.578850342708,9931800
2015-10-13,50.30558395385742,50.55342561795911,49.879800333611215,50.025965728338576,12326600
2015-10-14,50.94108581542969,51.14444324020806,50.06410298172889,50.18484811933661,14486000
2015-10-15,51.77992630004883,51.81169801309074,50.77584707821124,50.96014046817555,13640900
2015-10-16,52.41543197631836,52.42813969505918,51.760870523207096,52.275622828050395,14304400
2015-10-19,51.46852493286133,52.21840611238526,51.32236440502421,52.11672985585795,14155800
2015-10-20,51.36686325073242,51.5130238200399,50.96649984692645,51.1889261150068,12340100
2015-10-21,50.97285079956055,51.57021527710607,50.90930252179295,51.3859218776841,10274900
2015-10-22,52.67599105834961,52.72047535471586,51.258845010949884,51.27155273201539,14823500
2015-10-23,52.73317337036133,52.74588108791962,52.040483977062735,52.370942814658335,13215700
2015-10-26,51.614688873291016,52.574283668762085,51.582912316772855,52.44082601012326,12576400
2015-10-27,51.53208923339844,51.57657836697293,50.66782381452425,51.20163523633685,13579400
2015-10-28,52.288330078125,52.478979796495004,51.430416042307456,51.67190148360889,12473000
2015-10-29,52.25654602050781,52.885682185123024,51.97692779249101,51.97692779249101,10341200
2015-10-30,52.58064270019531,53.305103688026605,51.64011661176496,52.40906187609738,18758600
2015-11-02,54.19480514526367,54.60787628202925,52.16758231224814,52.30104001745618,21266500
2015-11-03,55.19255828857422,55.567501626824004,54.38548442581966,54.43632502226474,20115900
2015-11-04,54.6396484375,55.33868923258176,54.46170646106588,55.14168325649261,14245400
2015-11-05,53.89611053466797,54.79851345496423,53.699109436160654,54.366378415860595,12291100
2015-11-06,53.68006134033203,53.68006134033203,52.885695580822976,53.33689475041326,12491700
2015-11-09,52.5325927734375,53.59029700116666,52.436441845116036,53.564655123384895,13551200
2015-11-10,52.789024353027344,52.95569416912482,52.47491980363151,52.51979188211663,14238000
2015-11-11,52.321075439453125,52.923642675632486,52.18004750416968,52.83389851512301,9598000
2015-11-12,50.9044075012207,52.10313548359991,50.846712016821726,51.64800286737092,16050600
2015-11-13,50.06462860107422,51.01335868866539,49.962065961995954,50.82104701569627,17527300
2015-11-16,51.85953903198242,51.917229619245035,49.94285290099269,49.962083096746895,14548100
2015-11-17,51.25694274902344,51.84669129848275,51.04540091366682,51.737716979912996,10011700
2015-11-18,51.75693893432617,51.859506434798945,51.01975091941287,51.21206253745551,10884600
2015-11-19,51.47490310668945,51.78259591649885,51.30823331514076,51.60951932231719,9453300
2015-11-20,51.14799880981445,51.88518737983604,51.05825462466657,51.64800352440732,10144400
2015-11-23,51.462059020996094,51.73770303470413,50.679999033699445,51.02615697352027,11868400
2015-11-24,52.48772430419922,52.78901027540598,51.41078981706041,51.506945642654465,15055500
2015-11-25,52.083885192871094,52.67363385759724,51.98772934976177,52.11593877080398,8980400
2015-11-27,52.07106399536133,52.09029418484792,51.57746630865641,51.654391957291864,4156600
2015-11-30,52.346710205078125,52.981330936823646,52.083884563136365,52.19285890168765,17729200
2015-12-01,52.4941520690918,52.64799850273297,52.09671015060467,52.41081960309657,13917000
2015-12-02,50.99412155151367,52.333876714404994,50.910784222260304,52.12233488109952,16300000
2015-12-03,50.26335144042969,51.186434745213624,50.013344311914985,51.103102296168025,14870300
2015-12-04,50.551822662353516,50.628748321968764,49.378732029342345,49.58386223095989,20156400
2015-12-07,49.231300354003906,49.68002116958217,48.55821423994644,49.57104681304032,17676100
2015-12-08,47.84025955200195,48.94283636905294,47.30179453382753,48.25052001080831,24217600
2015-12-09,48.48128128051758,49.48129520441745,47.904356001781885,47.974865070171674,22036300
2015-12-10,48.51974868774414,49.68001588071171,48.41076945211399,48.590262649926764,20142400
2015-12-11,47.65434265136719,48.42358440739297,47.65434265136719,47.96204033191524,20473100
2015-12-14,48.73767852783203,48.859476213711815,47.49407446561266,47.62869553457857,21976500
2015-12-15,50.917213439941406,51.026187794962574,49.57104612130163,49.63514839539114,24366800
2015-12-16,50.73771286010742,51.03258716224189,50.000524659426816,50.66719890843517,17233900
2015-12-17,49.974891662597656,50.78900565275434,49.968479968390604,50.65438452785465,17362900
2015-12-18,49.538978576660156,50.50052708906641,49.39795067899705,49.724878542607996,28836000
2015-12-21,49.52616882324219,50.064633737699744,49.1351386345906,49.86591524174843,14460500
2015-12-22,49.77617645263672,49.936434583591314,49.49412057713581,49.80822514441362,13855800
2015-12-23,51.40439987182617,51.423630065113294,50.205667286464866,50.43643938729047,15184200
2015-12-24,50.85309982299805,51.45566693386403,50.7184836102294,51.45566693386403,5848300
2015-12-28,50.474884033203125,50.55180967305231,49.94283091898398,50.07744712070366,9715800
2015-12-29,50.74412155151367,51.33387012089729,50.53898651100958,51.27617466808338,8839000
2015-12-30,50.07106018066406,50.63516714635868,49.98131600181926,50.20567644893127,9314600
2015-12-31,49.968475341796875,50.282584749893076,49.63514063423898,49.68642440176766,10285500
2016-01-04,49.65438461303711,49.96208241296527,49.01335201298651,49.68002650392201,20400100
2016-01-05,50.07745361328125,50.090272109573775,49.30821178712223,49.48129327655091,11993500
2016-01-06,49.66078567504883,49.76976001995806,49.096673977750065,49.12872755716552,18826900
2016-01-07,48.86589431762695,49.994107642870446,48.654352485135675,48.75691510984494,21263800
2016-01-08,47.87871170043945,49.135134622265035,47.75691397896252,48.94282294526874,19033600
2016-01-11,47.237674713134766,48.15435115522457,46.51330503868681,48.083837206549305,21353000
2016-01-12,48.205631256103516,48.346659157054184,46.8915178595942,47.513320027955565,21864100
2016-01-13,48.49410629272461,49.397959512865036,48.038973835676664,48.622310827696886,26052700
2016-01-14,50.71848678588867,51.23130978701852,48.590259349011205,48.85308009781879,33806700
2016-01-15,49.73130416870117,50.10951100867979,48.91078332407162,48.93001351719732,28342100
2016-01-19,48.974876403808594,50.15437367385943,48.19922778565121,49.95565519461348,22684500
2016-01-20,46.9107666015625,48.538990018058314,45.8658852077745,48.122317843365686,33300800
2016-01-21,47.50048828125,48.07100658690259,46.545351607505125,46.89792129782432,22265600
2016-01-22,49.0838508605957,49.212055384811705,47.897941894185884,48.987695022089156,22530300
2016-01-25,47.42360305786133,48.93643578656863,47.372319266192186,48.558228827064696,17086600
2016-01-26,49.16718292236328,49.21205499455195,47.59665550507091,47.92999019980256,18724700
2016-01-27,48.26332092285156,49.660771488148534,47.897932719070106,48.71845325453105,18106100
2016-01-28,49.353092193603516,49.78258769760685,48.474880773946374,49.583864291348895,16157700
2016-01-29,49.90437698364258,49.904376983642585,48.87872600623974,49.18642374480541,25161900
2016-02-01,48.90435791015625,49.22487408084227,48.359481398127734,49.141541637111814,16754200
2016-02-02,47.814605712890625,48.47487321163445,47.14793630195203,47.55819665823235,21404200
2016-02-03,50.308231353759766,50.340280043455174,47.60307349642992,48.417182596901036,25873700
2016-02-04,51.17362594604492,51.28260029791242,49.71847942380533,50.37233531639004,23658700
2016-02-05,51.33388137817383,51.346699875672094,50.36592097895235,50.89797910288843,26719900
2016-02-08,52.026187896728516,52.42362482386496,50.5838651085854,50.83386733394178,26601200
2016-02-09,51.79979705810547,52.18143654198355,50.90067512193741,51.73511298533882,18418100
2016-02-10,51.32759475708008,52.68598004684575,51.28231541192385,51.59927082801752,16610900
2016-02-11,51.48930740356445,51.845077211952876,50.182671346996834,50.674274255760935,19331600
2016-02-12,52.4142951965332,52.44016980872828,51.62513679735521,51.799789195902555,16767200
2016-02-16,52.53719711303711,52.94471114142961,51.92915607870248,52.84768258179019,15912200
2016-02-17,53.0417366027832,53.546279161343655,52.49838459666495,52.81533993356726,17006700
2016-02-18,53.33280944824219,53.727388557027524,52.95117011011541,53.623895067141625,14873700
2016-02-19,53.365177154541016,53.3975216601813,52.336687018218534,53.164655037791555,13615900
2016-02-22,53.29402542114258,53.973220587390976,53.17112221665904,53.36517938846684,14595200
2016-02-23,52.54367446899414,53.2810837309553,52.31727281929242,53.03527735358275,11041600
2016-02-24,52.731258392333984,52.89297104126605,51.53458577725237,51.689833473483596,13777500
2016-02-25,53.04821014404297,53.08701959427471,51.760974113810875,52.757124462072134,13706400
2016-02-26,52.88003921508789,53.74035174086539,52.84122975635704,53.61744854144612,14343300
2016-02-29,51.845088958740234,53.30050315632451,51.78040487030796,52.96413800034934,18903600
2016-03-01,52.57600402832031,52.89295936845717,51.95502818567212,52.110270912564836,15730600
2016-03-02,53.494544982910156,53.50748475911936,51.94857237617968,52.362556383458546,14094400
2016-03-03,53.30049514770508,53.507487160634696,52.74420318762944,53.46867770042254,13216200
2016-03-04,53.229331970214844,53.66919053846549,52.88650197078439,53.46866844862761,18402700
2016-03-07,54.63300704956055,54.63300704956055,53.177593040633454,53.24227712068109,18945600
2016-03-08,53.44926452636719,54.471289682209644,53.35224088220626,54.3354516453058,14003900
2016-03-09,53.30049514770508,54.238426626743916,53.19699667370084,53.830912489279655,14139300
2016-03-10,53.15818405151367,53.468674519978826,52.34962077799654,53.31342681820696,15898300
2016-03-11,53.16464614868164,54.0314234820352,53.04821285695438,53.830901398812955,15370200
2016-03-14,53.30696105957031,53.45573393600485,52.40783417273678,52.70538979576284,13344600
2016-03-15,53.5721549987793,53.591559723002774,52.73124742519466,52.782996646508835,9213000
2016-03-16,53.6045036315918,53.7920908720205,53.00293245886449,53.701527260194794,11492100
2016-03-17,54.40012741088867,54.77530189460324,53.50747547539887,54.12845137857584,13673900
2016-03-18,54.464820861816406,54.723562099833785,53.85031473971893,54.71709221173673,19637000
2016-03-21,54.08964920043945,54.42600934257085,54.01202535144985,54.23195218763606,8385400
2016-03-22,54.41307067871094,54.89173870948466,53.695066165011305,53.74034550663749,13005100
2016-03-23,54.1737174987793,54.52948716981684,54.02493974496089,54.244871432986805,12748900
2016-03-24,54.32250213623047,54.35484169719224,53.64330720002959,53.649777086252826,9368300
2016-03-28,54.47774887084961,54.56830754433327,54.14138385355806,54.35484569894567,7490400
2016-03-29,54.67825698852539,54.730006198759995,53.79207520487026,54.121965316194164,9977900
2016-03-30,54.67180252075195,55.01463743392734,54.33544242952717,55.001697660181556,10807000
2016-03-31,54.07023239135742,55.04697805464701,54.07023239135742,54.38072281120526,13896900
2016-04-01,53.66272735595703,53.940873322619,53.2940226964357,53.300492584519546,12235300
2016-04-04,53.7921028137207,54.270770916376904,53.5462964064841,53.72741380018759,8050200
2016-04-05,53.17757034301758,53.772671521576974,53.03526246660623,53.4363114878494,10446800
2016-04-06,53.88911819458008,53.98614676491187,53.23580268684071,53.48807400865652,9320200
2016-04-07,53.28108215332031,53.79855963784045,53.07409017249664,53.53335347572798,8267100
2016-04-08,53.82442092895508,53.97966364237546,53.59155439128606,53.88264003091077,9376200
2016-04-11,53.895591735839844,54.49069310277224,53.86971711965864,53.90206162365475,9925000
2016-04-12,54.56184387207031,54.74296123966639,53.92793308548403,54.13492506774785,9986100
2016-04-13,54.87232971191406,54.92407893691034,54.361317219000725,54.65886786011272,9235700
2016-04-14,55.26045227050781,55.56447287136191,54.827063511242095,54.982306288351815,10625800
2016-04-15,54.9628791809082,55.40920753534752,54.83997602589983,55.17634099695108,11280200
2016-04-18,55.48683166503906,55.53858088625376,54.24487996635049,54.962884371703,9097000
2016-04-19,55.764991760253906,55.82967583570479,55.12461102365649,55.53212514056783,10354500
2016-04-20,56.146636962890625,56.56062097353214,55.60974975265661,55.77793229919182,15247100
2016-04-21,56.140167236328125,56.819357442423716,55.99785930693323,56.01079414820608,12075300
2016-04-22,56.61884307861328,56.68999705305524,56.15957965681115,56.43125577645533,9150800
2016-04-25,56.48946762084961,56.53474696828272,55.8555518217074,56.334219913868615,8076400
2016-04-26,56.68354034423828,56.88406747114711,56.314835543251746,56.761164225791426,9425900
2016-04-27,57.220401763916016,57.38858429668291,56.489462384514106,56.890506586009714,10463500
2016-04-28,56.942256927490234,57.4273948723707,56.59942690272059,56.83229351106948,11276200
2016-04-29,57.18159484863281,58.0742469128307,56.75467107766089,57.362712229622666,17885900
2016-05-02,57.65379333496094,57.88019499747519,56.974603152653756,57.07809668444786,10273700
2016-05-03,56.99400329589844,57.33036341601516,56.50886537539203,57.18159055070362,10137400
2016-05-04,56.88405227661133,57.401529876831816,56.66412047183124,57.11691892398827,10601100
2016-05-05,56.948734283447266,57.550305611391664,56.677058183105665,57.41446756122087,8721100
2016-05-06,57.25276184082031,57.36272528500847,56.57356657244942,56.57356657244942,7968400
2016-05-09,57.291561126708984,57.41446432783303,56.42478363583909,57.31096585634357,11159500
2016-05-10,58.2100830078125,58.21655289551171,57.45326900458965,57.505018236026686,12509100
2016-05-11,57.929595947265625,58.49708732175032,57.87089251708821,58.157900335432736,11660200
2016-05-12,58.490570068359375,58.6601660701175,58.15138304139766,58.575370557515704,10720500
2016-05-13,57.83176040649414,58.48404732300382,57.73391637370684,58.23617510973543,9721100
2016-05-16,58.42533493041992,58.4905626223141,58.053531612413806,58.18398699620217,8638700
2016-05-17,58.399253845214844,58.647126088221285,58.15791084214626,58.22965783314015,9835600
2016-05-18,58.28185272216797,58.705840342172586,57.82525373235114,58.57538490981228,9680300
2016-05-19,58.77756118774414,58.81017751683482,57.69476276181333,57.79913103366102,14397900
2016-05-20,58.53622055053711,58.96673226046656,58.30139688631263,58.96020799852873,13191900
2016-05-23,58.44490051269531,58.640588557473066,57.936117568137604,58.05352939969352,11766100
2016-05-24,58.490570068359375,58.96674173525754,58.41229881874373,58.63407399472744,10056600
2016-05-25,58.87542724609375,58.94717921572039,58.438391164761946,58.60798718174809,9578400
2016-05-26,58.57534408569336,59.005850693685154,58.229627975429665,58.86887109220812,7867900
2016-05-27,58.712337493896484,58.7384295636306,58.262257999951565,58.31444213941979,7505900
2016-05-31,58.066585540771484,58.836284386451716,57.87742669342848,58.70582897934176,13178800
2016-06-01,58.210079193115234,58.34705883935297,57.48604036546301,57.68172841811915,7994800
2016-06-02,57.74697494506836,57.74697494506836,57.14687202013736,57.53824327654647,9837500
2016-06-03,57.642601013183594,57.94265242054549,57.4208208567959,57.688260901770086,9367100
2016-06-06,58.27530288696289,58.37967116829998,57.85132042955328,57.96873225778072,8573000
2016-06-07,59.168941497802734,59.305921143587796,58.51665462650972,58.54274669854791,12889100
2016-06-08,59.22111511230469,59.553782750950575,59.05151916248775,59.377662540145636,9983000
2016-06-09,59.14284896850586,59.37767263848013,58.77756991590314,58.82322979747848,8974300
2016-06-10,58.69276809692383,59.3059143011406,58.56230775178482,58.96672735688579,10353800
2016-06-13,59.09065246582031,59.63857590667817,58.510117674403055,58.65362155121232,11370000
2016-06-14,58.98630905151367,59.273316901835706,58.6079814263718,58.99935260082172,10161000
2016-06-15,58.81019592285156,59.29288688983372,58.705827618339384,58.855855811936976,10655800
2016-06-16,59.50160217285156,59.612489733510806,58.12527663874141,58.51012345863643,12824800
2016-06-17,59.17546463012695,59.74295101232249,58.82975339119086,59.67772332174935,17483200
2016-06-20,59.4364013671875,59.742972118844676,59.40378502210104,59.54728897799258,9388500
2016-06-21,59.70381546020508,59.77556741288209,58.86888907620392,59.17546469645049,8557500
2016-06-22,59.46900939941406,59.964748952894276,59.36464605879234,59.9060405303434,8785400
2016-06-23,59.879947662353516,60.05606295993921,59.48205220039737,59.96474317947925,9464500
2016-06-24,58.30793380737305,59.22766085469136,58.15138632275358,58.627553039966266,20010500
2016-06-27,57.96222686767578,58.11877436409733,57.47301158687269,57.98831894650524,14169400
2016-06-28,59.299407958984375,59.3124515080685,58.39272453617382,58.529709172606374,13254300
2016-06-29,60.31043243408203,60.46697986097495,59.43637057599748,59.625534331079876,13920600
2016-06-30,61.1453742980957,61.204082708522186,60.20608452026007,60.22565233155082,14073700
2016-07-01,61.21059799194336,61.301922732918754,60.70833928762527,60.897503078656584,9946300
2016-07-05,60.67572021484375,61.05404777983183,60.173461533193404,60.74095288067553,10744100
2016-07-06,61.373661041259766,61.393233825060065,60.297391830244834,60.89097021513676,13144400
2016-07-07,60.63656997680664,61.63456781414482,60.23867469862504,61.53672381554152,12240700
2016-07-08,61.01491928100586,61.171466748850506,60.61049959780672,60.917075247395104,9807600
2016-07-11,61.24321746826172,61.58240944770338,61.08667000358705,61.15189769915532,8335700
2016-07-12,61.93466567993164,61.93466567993164,61.3736983076452,61.75202606598838,9870800
2016-07-13,61.88899230957031,61.915084388249824,61.38673348051649,61.7389690778571,9458200
2016-07-14,61.93466567993164,62.31299343827482,61.71941469295922,61.99989837910244,9293500
2016-07-15,62.0455436706543,62.32602729074268,61.73244370866176,62.25427531979762,10334500
2016-07-18,61.8498649597168,62.065120905222834,61.57590556173955,61.91509267687007,9865900
2016-07-19,61.62154769897461,61.92812335543588,61.44542743921608,61.81071150778166,5901800
2016-07-20,61.26929473876953,61.588913853420046,61.184499252673305,61.47802630008968,7383800
2016-07-21,61.21712875366211,61.484568789686655,60.96273724339968,61.243220828631905,6854600
2016-07-22,61.321510314941406,61.50414990267318,61.13234646291763,61.38673802819482,7139700
2016-07-25,60.140846252441406,61.067097371988325,59.853843419285965,60.96925334808257,10845900
2016-07-26,59.70381546020508,60.02995888999014,59.429856173558534,59.76904315085133,12143500
2016-07-27,59.299407958984375,59.88646222230376,59.11676343592577,59.690779126715434,10037900
2016-07-28,58.83626937866211,59.18198557477327,58.45142254226503,59.05804948604373,12439200
2016-07-29,58.02091979980469,58.06006039923457,56.17495159022758,57.146857711887776,23928100
2016-08-01,56.005348205566406,57.49908565901935,55.829227972761025,57.453425779505665,22908400
2016-08-02,56.775062561035156,56.95770212955976,55.82272411333183,56.390210633168294,18919200
2016-08-03,57.068580627441406,57.068580627441406,56.488045672970244,56.75548569605801,14632900
2016-08-04,57.06205749511719,57.17294506848458,56.76852541810753,57.0751010428147,13451400
2016-08-05,57.114234924316406,57.29035516047314,56.8467999039483,57.2251274708629,9617300
2016-08-08,57.78609848022461,57.98178655573964,57.42081938092135,57.43386790678475,10492700
2016-08-09,57.85784912109375,57.89698972123531,57.51866210471125,57.80566994849562,9654600
2016-08-10,56.84476089477539,57.83810973236087,56.58162016878903,57.74601123111442,12714800
2016-08-11,57.0486946105957,57.41050873012938,56.746084521552376,57.028959933765584,11616000
2016-08-12,57.79206848144531,57.87759211514959,57.167113562337946,57.20658292005218,9986900
2016-08-15,57.7657470703125,58.2196647063035,57.65391389068898,58.167035556248194,6432600
2016-08-16,57.838104248046875,58.00914645656826,57.4762901757414,57.77890022528452,6817900
2016-08-17,57.963111877441406,58.009161135350574,57.667081650738574,57.83811888354823,7104600
2016-08-18,58.48939514160156,58.50912982143274,57.96969349041157,58.14073072827701,10342700
2016-08-19,57.75916290283203,58.37753775007202,57.7525830053852,58.305173935130455,8615300
2016-08-22,57.884159088134766,57.95652291338727,57.13421128005603,57.43682135884289,8235400
2016-08-23,57.70655059814453,57.90390240820963,57.60129228424903,57.78548931457351,6514800
2016-08-24,57.903892517089844,57.99599603551165,57.46313469567595,57.56181309334862,7985400
2016-08-25,57.535491943359375,57.91046579646451,57.39076431251332,57.9038858989739,6935300
2016-08-26,57.41050338745117,57.96309938222973,57.232886293517254,57.64732952535746,6474400
2016-08-29,57.78548812866211,57.83811728452977,57.259211626963115,57.259211626963115,7027200
2016-08-30,57.57497024536133,58.055202457045205,57.47629686261094,57.805221522424226,6441100
2016-08-31,57.32500076293945,57.371050023753206,56.71978047253218,57.32500076293945,12491400
2016-09-01,57.12763214111328,57.12763214111329,56.63424515455557,57.04869343541891,8434700
2016-09-02,57.50918960571289,57.61444791198823,57.18684482598117,57.50918960571289,7099600
2016-09-06,58.265724182128906,58.31177344175987,57.667083806926414,57.7854918868407,9851200
2016-09-07,58.04861831665039,58.33149370417849,57.871001221687,58.31833892710372,7470400
2016-09-08,58.581485748291016,58.79199733638054,57.9170565094179,58.25256107821413,9579500
2016-09-09,57.12763214111328,58.3249227133923,57.10132258520981,58.3249227133923,12820200
2016-09-12,57.423675537109375,57.69997108444286,56.989492517877316,57.08817093306576,10889000
2016-09-13,56.055335998535156,56.88422748854975,55.96981739980818,56.8776475904964,13214300
2016-09-14,55.6540412902832,56.463198014262446,55.43694984982644,55.943496544225546,13957000
2016-09-15,55.969818115234375,56.34479200520209,55.60141910441241,55.70009750050743,9062600
2016-09-16,55.27907943725586,55.95008857712033,54.96988944329794,55.59484932995541,21538400
2016-09-19,55.14751052856445,55.66721210145027,55.134350731331246,55.64089752597594,7929100
2016-09-20,54.29888153076172,55.22644642887193,54.298881530761726,55.081723799607396,17522000
2016-09-21,54.798858642578125,55.00937025602243,54.14758410370968,54.4830887129153,15055900
2016-09-22,54.95673370361328,55.621162933115265,54.85147540155701,55.44354080314333,10738500
2016-09-23,54.89751052856445,55.46326120906632,54.33175984806258,54.39096888248249,12667100
2016-09-26,54.64097213745117,55.588276924249826,54.55545351825129,54.943582273457885,10860300
2016-09-27,54.759376525878906,54.82516045472249,54.13442167337678,54.33177345990753,9595000
2016-09-28,57.1671257019043,57.38421725341761,54.82517794002135,54.90412169120627,28117900
2016-09-29,56.87765121459961,57.36445830274115,56.36452955155962,57.213155770814986,19082900
2016-09-30,57.417076110839844,57.76573537613717,57.00263293078678,57.1276208631254,15961500
2016-10-03,57.26579284667969,57.36446624246617,56.93028824402766,57.19342901044116,7111200
2016-10-04,56.73952102661133,57.56183292554772,56.621107912404746,57.48288917641216,8222000
2016-10-05,57.23289489746094,57.34472808523115,57.03553807987275,57.121061709690736,8796200
2016-10-06,57.25921630859375,57.542091770770234,56.86450764529918,57.3973640897972,7718300
2016-10-07,57.061851501464844,57.49603448377085,56.851339909162846,57.1999992633825,6614900
2016-10-10,58.180213928222656,58.33151650919743,57.56841366573072,57.58814834855408,10060000
2016-10-11,57.71969985961914,58.01573507490345,57.43024956206457,57.94337124576677,9309000
2016-10-12,57.31840133666992,57.70653499044152,57.01579129455529,57.37761037697023,8172600
2016-10-13,56.94344711303711,57.147383856623875,56.20007903710427,56.80529933002267,9890300
2016-10-14,56.93027877807617,57.58812807523122,56.89080942632426,57.357881825025316,7991700
2016-10-17,56.93027877807617,57.094741102364935,56.62108880537461,56.89080942632426,7263100
2016-10-18,57.08159637451172,57.44999549108508,56.82503548241219,57.3447371666375,5429300
2016-10-19,57.34473419189453,57.7920720096049,57.15395725297467,57.3578939912644,9373400
2016-10-20,57.37104415893555,57.5618210825167,56.96975563329803,57.094748622297665,6866900
2016-10-21,56.9829216003418,57.11448948374783,56.37769628729218,56.85134869794274,10736200
2016-10-24,57.17369842529297,57.443414091410524,56.62110227435586,57.06186020373884,8354900
2016-10-25,57.0486946105957,57.66049468728975,56.96975088428315,57.01580013655079,6835900
2016-10-26,57.29209518432617,57.52892134234616,56.5421473569269,56.73950416160756,8488100
2016-10-27,57.18027877807617,57.66709103403347,57.10134004824034,57.41710500557067,9071100
2016-10-28,55.772464752197266,56.81186788618768,55.35144158736429,56.101389413410025,19072200
2016-10-31,54.81200408935547,55.52248254587373,54.594912613365125,55.18039809540557,16663800
2016-11-01,55.02910232543945,55.20671945189258,54.77911634577409,54.93042391341326,13050600
2016-11-02,54.89751052856445,55.180385868815385,54.562011069817906,54.798837169515934,11226100
2016-11-03,55.03569793701172,55.1804206277761,54.634409294134144,55.04885272017432,8836500
2016-11-04,54.97646713256836,55.47643401800253,54.44361079273224,55.01593648544748,13877100
2016-11-07,56.21321105957031,56.226370853954165,55.522472424147765,55.581676441902125,13576200
2016-11-08,56.618064880371094,56.96317842484215,56.07385204187518,56.23313755321604,9735200
2016-11-09,57.2419319152832,57.547221611219165,55.523017201841256,55.781849880209464,15901300
2016-11-10,57.772857666015625,58.39670814938502,56.85035066913177,57.01626926660633,14106100
2016-11-11,56.85699462890625,57.560493059724585,56.339329316043994,57.42775511832738,13812200
2016-11-14,56.59817123413086,56.84373266832301,55.967682365484606,56.61144756216047,12607500
2016-11-15,57.6202278137207,57.77950829786969,56.923367467486514,56.923367467486514,12883500
2016-11-16,56.910072326660156,57.59365605874362,56.79724890870007,57.56710847861775,8201200
2016-11-17,56.56498718261719,57.66004619857395,56.425611063758986,57.368032823921936,8200500
2016-11-18,56.59817123413086,56.84373266832301,56.29951967812696,56.551714212898354,8457800
2016-11-21,57.40121078491211,57.53394873383605,57.16892570358898,57.36803009525738,8861500
2016-11-22,57.52729415893555,57.898950183025164,57.056085967412336,57.53393232034674,9390200
2016-11-23,57.68658447265625,57.792774819695445,57.28174263557957,57.43438999358981,5996300
2016-11-25,57.81930923461914,57.83258049325849,57.43437690944527,57.54720032989624,5042300
2016-11-28,57.3879280090332,57.825950494022116,57.32156157960264,57.70648889567351,7449600
2016-11-29,57.00963592529297,57.129097528112865,56.46542308209882,56.691069963295185,9181100
2016-11-30,57.93878936767578,58.529459303204064,57.87241786292751,58.13788869161588,22696200
2016-12-01,57.898956298828125,58.735187504793515,57.89895629882813,58.39007902646167,13005600
2016-12-02,57.7662467956543,58.39673573855465,57.474228305837975,57.865799013858606,9706600
2016-12-05,58.05824279785156,58.283889679174756,57.686581664739556,57.99850946469095,11741100
2016-12-06,58.1113395690918,58.317082114199934,57.54057907467398,57.918873349956975,11293600
2016-12-07,58.44982147216797,58.50291665507698,57.872422750762,58.157803029603755,11182600
2016-12-08,58.61572265625,58.967469277205176,58.17106202460605,58.43653279661704,9086700
2016-12-09,59.06700134277344,59.06700134277344,58.52278872395034,58.828078235638216,8021700
2016-12-12,60.381103515625,60.72621200072352,59.823614346239125,59.823614346239125,15545400
2016-12-13,61.44298553466797,61.86773680343684,60.507202072782626,60.985048516006245,18829300
2016-12-14,60.115631103515625,61.237237447432925,59.84352215668176,61.23060434880337,16325400
2016-12-15,60.32136917114258,60.38110250345564,59.57141888020259,59.79706575832407,11155100
2016-12-16,60.513851165771484,60.83905030703549,60.155466268620444,60.739498102809854,20560400
2016-12-19,60.009437561035156,60.75275470602804,59.86342838403354,60.64656437241457,9674400
2016-12-20,60.016082763671875,60.29482482695781,59.92316874257656,60.06917793670759,7221000
2016-12-21,59.916534423828125,60.32801444610044,59.850167984993156,60.18200524260269,7308000
2016-12-22,60.308101654052734,60.328011078248295,59.743974296861545,59.743974296861545,8003100
2016-12-23,60.20191955566406,60.367838197939655,60.075819767235366,60.32138118063989,4266500
2016-12-27,60.22845458984375,60.467377789985626,60.115631151841775,60.281549759527294,4960600
2016-12-28,59.9298095703125,60.46738429676204,59.903261982614,60.18200405829638,6745900
2016-12-29,59.962989807128906,60.12890843142281,59.750614170570095,59.797071182835005,6684700
2016-12-30,59.90326690673828,60.19528026855647,59.73734826755986,59.75061953078272,9117800
2017-01-03,60.32136917114258,60.6200206424055,59.83025150554622,60.35455491836474,10360600
2017-01-04,59.657684326171875,60.493915388625254,59.564770326280744,60.47400596913904,9434200
2017-01-05,58.76838684082031,59.92981737076985,58.69538223100581,59.856812760955336,14443200
2017-01-06,58.73518753051758,59.05375348740767,58.28388871192652,58.927653724387866,16518100
2017-01-09,57.7662467956543,58.54938314825941,57.44104760872731,58.54938314825941,13762300
2017-01-10,57.02955627441406,57.945425362542025,57.016285010862276,57.852511327374046,13283100
2017-01-11,57.61356735229492,57.70648135404162,56.983078759951816,57.00962634094135,11183700
2017-01-12,57.30165100097656,57.99187305367418,57.12246112295201,57.91886845729231,10407000
2017-01-13,57.30827713012695,57.52729087328526,57.188815548716356,57.25518196873707,8415600
2017-01-17,57.97860336303711,57.99851278741986,57.241924280268464,57.460938075347684,13237300
2017-01-18,57.261837005615234,58.01179245682793,57.109194700925144,57.77950232314644,11831700
2017-01-19,56.23312759399414,57.14235817555589,56.14020853045142,57.05608233643516,16382900
2017-01-20,57.00300216674805,57.04945917902063,56.445518019477106,56.70435066834356,18739700
2017-01-23,56.39241027832031,56.9963513032852,56.24640111130386,56.8636184587794,11433900
2017-01-24,56.4720573425293,56.724256877800315,56.299505628688834,56.399057810325594,11858100
2017-01-25,56.637962341308594,56.996347070982296,56.57823408474618,56.637962341308594,9578500
2017-01-26,56.810546875,56.963194266628555,56.49198589059295,56.87028022422354,8779400
2017-01-27,56.75081253051758,56.910093005716384,56.43888467998679,56.61144148178925,10947900
2017-01-30,56.31943130493164,56.7109969186837,55.868132339586026,56.691087489297765,12789200
2017-01-31,55.67565155029297,56.45878763681334,55.171257529288035,56.4388782126243,19128100
2017-02-01,55.04515838623047,55.85484199423905,54.779687603753786,55.74865165587477,15111800
2017-02-02,55.38361740112305,55.43671255947602,54.78631459166757,55.22433698949712,12200100
2017-02-03,55.443359375,55.562820968226,55.01860816873728,55.54954464484879,12746300
2017-02-06,55.29071044921875,55.51636236924824,55.038516010064505,55.44999594456909,9938200
2017-02-07,54.932334899902344,55.496462262944746,54.719959267222855,55.23762961884895,11705200
2017-02-08,54.5706672668457,54.99930242031391,54.36304344176317,54.91223255150269,14006300
2017-02-09,54.811763763427734,54.95241428767382,54.570660988358654,54.570660988358654,9603000
2017-02-10,55.267208099365234,55.43464390386005,55.00600865313214,55.0930785417,8739800
2017-02-13,55.588680267333984,55.70923423615855,55.1533462071489,55.434637097828016,9071600
2017-02-14,55.4681282043457,55.65565547124172,54.95912197296023,55.52840774569645,11370500
2017-02-15,55.69586181640625,55.70925443569405,55.22703838554978,55.34759239808585,11768500
2017-02-16,55.11985778808594,55.86996677099693,55.03278791704505,55.66904691188901,10615000
2017-02-17,54.75820541381836,55.046195193950545,54.54388779439918,54.97921678622228,15646000
2017-02-21,54.84528350830078,55.01941821315616,54.45013737737333,54.99932672985291,16419600
2017-02-22,54.20231246948242,54.71801243847487,54.162129516238366,54.684528347349705,12917400
2017-02-23,54.77159118652344,55.06627979255795,54.26928384972886,54.53048325608328,13847000
2017-02-24,54.30276870727539,54.784984529596976,54.08845113176958,54.65103285132206,11338700
2017-02-27,54.61085510253906,54.72471020761304,54.12194037231767,54.33625796822996,13465900
2017-02-28,54.46351623535156,54.91224294820141,54.282687821574854,54.60416169267457,16834200
2017-03-01,55.6020622253418,55.809686032251975,54.71800165997465,54.71800165997465,17482100
2017-03-02,55.78961181640625,56.42586582634033,55.448041346256844,55.45474020912826,14170300
2017-03-03,55.22701644897461,55.99052318852041,55.09306987035531,55.78960332059145,12190400
2017-03-06,55.47483825683594,55.521720083016774,55.139966609905485,55.21363878100905,9617200
2017-03-07,55.267208099365234,55.782913238661,55.0127075160378,55.66235925503533,12711500
2017-03-08,54.269290924072266,55.17344322621756,54.2558983082951,55.15335174768424,16817700
2017-03-09,54.697906494140625,54.73139568614247,53.78705565680988,54.00807206066219,14721800
2017-03-10,54.657737731933594,55.23371723761119,54.35635536465945,55.21362576109086,11355200
2017-03-13,54.53049087524414,54.878760205534235,54.28268915803195,54.58407155832495,9571400
2017-03-14,54.242488861083984,54.403230874084755,53.87413324485877,54.24918772239252,11335700
2017-03-15,54.9189338684082,54.9591168190506,54.282679971143544,54.483599834089816,11970300
2017-03-16,54.9658088684082,55.05287362058756,54.69791064128151,54.939018534722166,9923800
2017-03-17,54.9189338684082,55.093068504082424,54.79837990674672,54.939025343729405,18834100
2017-03-20,54.9189338684082,54.94572420541457,54.54387936978772,54.73140661909796,7700300
2017-03-21,54.80508804321289,55.1533522637645,54.65104485679081,55.02610452861776,13387700
2017-03-22,54.75820541381836,54.97921678622228,54.53718893167934,54.89215200980468,11168400
2017-03-23,54.82518005371094,55.06628802017575,54.55728174544612,54.671136865794715,8928000
2017-03-24,54.40324020385742,54.939031676542385,54.34965952366846,54.939031676542385,9128500
2017-03-27,54.41664123535156,54.53719522955469,54.10855994121816,54.128651421962736,8481200
2017-03-28,54.811763763427734,54.93231770582902,54.22239177265115,54.46349965745373,11028600
2017-03-29,54.932334899902344,55.10646956226105,54.61755988874348,54.711323527766986,8495500
2017-03-30,56.057498931884766,56.17135914940357,54.878754681176034,54.93902911127305,44704900
2017-03-31,54.92562484741211,55.79628768136093,54.82516237548975,55.76280359720919,21750400
2017-04-03,54.9658088684082,55.12654576079074,54.48359308152689,54.932319673867234,11438700
2017-04-04,55.166744232177734,55.20022832330712,54.47021075402984,54.985910723087365,9270900
2017-04-05,55.27389907836914,55.95703992472105,55.23371612613709,55.48821667316425,13809100
2017-04-06,55.59537887573242,55.72932545837757,55.22701810885637,55.421244230506055,9554900
2017-04-07,55.427947998046875,55.82979289128102,55.37436731635297,55.74942186874017,8909600
2017-04-10,55.67575454711914,55.90346990923936,55.53510907775172,55.66906079362699,8885300
2017-04-11,55.48151779174805,55.7025342484158,55.20022690675338,55.64225982008888,8576500
2017-04-12,55.56858444213867,55.823084974302915,55.38775094818616,55.494912294192716,9516100
2017-04-13,54.711334228515625,55.40786790444728,54.63096318946101,55.40116904042537,8667900
2017-04-17,54.63766098022461,54.898860464851175,54.5438973247041,54.81848942737531,9577200
2017-04-18,54.28268051147461,54.79838045221108,54.26928278797091,54.463508900899654,8821400
2017-04-19,53.90761947631836,54.59076028441116,53.78037176479851,54.363044978468814,10764400
2017-04-20,54.25590515136719,54.74481488979255,54.048281257620836,54.215717079496656,11649100
2017-04-21,54.04158401489258,54.24920278549952,53.89423968359652,54.20232096279036,9816700
2017-04-24,54.3228874206543,54.517113619243034,54.121962357359294,54.43674257197771,8729700
2017-04-25,54.738094329833984,54.872040877844626,54.436706932210114,54.537169398084735,10733800
2017-04-26,54.5171012878418,55.13996271148529,54.51040242465076,54.59746720719227,9445900
2017-04-27,54.42333221435547,54.45012255471226,54.20901460123611,54.296079375094465,12385300
2017-04-28,54.68454360961914,55.24712555098923,54.62426405319459,55.22703406875974,12072200
2017-05-01,54.95912551879883,55.059588021041826,54.57067834505312,54.59076982355469,8664100
2017-05-02,54.95242691040039,55.31408371094434,54.851964417033884,55.01270134057949,9102900
2017-05-03,55.38776397705078,55.635570815681895,54.85867131332114,54.89885427265873,10289000
2017-05-04,54.677833557128906,55.160049470907154,54.51709662244783,55.11316765205288,16164500
2017-05-05,54.932334899902344,55.07967922114931,54.657742845543524,54.67113546123184,10213000
2017-05-08,55.51502227783203,55.54851148705793,54.91895114370966,54.91895114370966,8097100
2017-05-09,55.12656021118164,55.588684646369074,55.02610282069309,55.56189430566045,8647100
2017-05-10,55.376708984375,55.68769951416428,55.2009299343246,55.518682585497025,9520300
2017-05-11,55.84996032714844,55.917566074287706,55.50516431135391,55.836436082927854,10047300
2017-05-12,55.809391021728516,55.917559172202225,55.60656864735785,55.70121771326756,7480200
2017-05-15,55.9784049987793,56.23530885585957,55.876993816936285,56.11361646924534,10881500
2017-05-16,55.809391021728516,56.26911726671309,55.74178012494679,56.0460136865028,9574200
2017-05-17,55.43077850341797,56.140651513618636,55.41049730163844,55.80937984925189,11151100
2017-05-18,55.268524169921875,55.53895223109673,55.04542063260366,55.28204325188681,9905800
2017-05-19,55.39023208618164,55.49840024621989,55.227977267130434,55.43755662332107,13028500
2017-05-22,55.63361358642578,55.66065691432458,55.390228793323935,55.511921189874855,9218700
2017-05-23,55.82969284057617,56.03927225561451,55.599827054220995,55.65391372842094,6857200
2017-05-24,55.63361358642578,55.80263051730276,55.44431544912155,55.72150053360635,8136000
2017-05-25,55.268524169921875,55.91754842194977,55.11302635840081,55.6606446007261,12370900
2017-05-26,55.13331985473633,55.30233677009973,54.646550313211826,55.173882263867725,8227100
2017-05-30,54.82909393310547,54.991348750170154,54.788531518336214,54.95078633540089,8973600
2017-05-31,54.423439025878906,54.72766736717692,54.40315782419053,54.72091040527159,13572300
2017-06-01,54.55864715576172,54.693863755432936,54.21385643206833,54.33554879277949,9884100
2017-06-02,53.74740219116211,54.54516258094798,53.58514732689744,54.48431378310552,21687300
2017-06-05,54.166561126708984,54.349097187234605,53.67979142132246,53.70683475584268,11527100
2017-06-06,54.9034538269043,54.977821681841554,54.234148290455934,54.288234940953366,12208600
2017-06-07,54.70063400268555,55.031905694627234,54.315270504852194,54.79528305752603,13096500
2017-06-08,54.504573822021484,54.815564310777894,54.41668172959933,54.7006340523653,11720700
2017-06-09,55.52544403076172,55.532206152690684,54.55190995048855,54.862900505380175,13553900
2017-06-12,56.06631088256836,56.580123928323935,55.525454501984726,55.525454501984726,18172900
2017-06-13,56.08658981323242,56.29616920214065,55.82292375686771,56.012221934976886,12175500
2017-06-14,55.48487854003906,55.99192933886651,55.14008255259991,55.98516721731233,13714000
2017-06-15,55.61333084106445,55.707979907097446,55.153604595481134,55.28881607324618,11862600
2017-06-16,56.44490051269531,56.47870596669001,55.572772411110776,55.8499626915006,39726100
2017-06-19,55.951358795166016,56.444885279170244,55.809385211083146,56.444885279170244,10445700
2017-06-20,55.64713668823242,55.75531000763606,55.03867981954416,55.48488186711474,13232600
2017-06-21,55.05895233154297,55.86346934609581,54.85612996868836,55.46459189926522,11422300
2017-06-22,54.815582275390625,55.15361619890736,54.69388985660507,55.06572407768047,8139900
2017-06-23,55.173885345458984,55.227971999313006,54.59922883272489,54.66007244982025,10611200
2017-06-26,54.92374038696289,55.268536370021515,54.70064195838368,55.14684397352949,7718700
2017-06-27,54.83584213256836,55.255005891383476,54.83584213256836,55.06570263521817,9221600
2017-06-28,55.119789123535156,55.27528693687628,54.88992862153716,55.03866431482354,9189700
2017-06-29,54.55864715576172,55.329363720937096,54.362592112713735,55.01161631717795,20525100
2017-06-30,54.57894515991211,54.92373595717478,54.55865879714345,54.815567812343446,14000600
2017-07-03,55.505157470703125,55.76882346264267,54.572185895992966,54.61951042895681,8422300
2017-07-05,54.66007995605469,55.22121746137749,54.436976346759415,55.22121746137749,9830800
2017-07-06,54.166561126708984,54.81558568122813,54.14627475732733,54.66684992036129,9822400
2017-07-07,54.234153747558594,54.49105762629104,53.95696350435821,54.22062950457996,10777800
2017-07-10,54.1935920715332,54.36260900515253,54.05837542984526,54.085418758182854,6338300
2017-07-11,54.49105453491211,54.59246571954894,54.11245828078752,54.3085185289555,9681100
2017-07-12,54.73442459106445,55.11302074334514,54.592451033959186,54.889922386743,7974000
2017-07-13,54.74121856689453,54.82234341360185,54.57896371549116,54.74121856689453,5582300
2017-07-14,54.950775146484375,55.03866723790495,54.60597921718909,54.761477038788634,7497200
2017-07-17,54.666839599609375,55.05219801728904,54.64655839204534,54.761488673566646,7914700
2017-07-18,54.49105453491211,54.81556929415255,54.36260518182676,54.775001725505554,8046100
2017-07-19,54.66007995605469,54.67360420036902,54.267959398745646,54.38289484346583,9393200
2017-07-20,54.666839599609375,55.0927604324171,54.592471733216136,54.741207466002614,9681000
2017-07-21,54.166561126708984,54.65332567410685,54.085431123148346,54.524876282621655,12268600
2017-07-24,53.997520446777344,54.23414307245396,53.92315259899521,54.125969781866715,9403000
2017-07-25,54.267948150634766,54.79528525184647,54.267948150634766,54.605981976598066,11465300
2017-07-26,54.3355598449707,54.69387488050766,54.22062442237512,54.47753343501439,10465100
2017-07-27,54.64655685424805,54.68035714657437,54.01781364751796,54.247674204092114,11149700
2017-07-28,53.81499481201172,54.031336297525804,52.915823417411204,53.84880026455587,22800800
2017-07-31,54.11246109008789,54.34908376120025,53.81498964183956,53.97048748742047,12820200
2017-08-01,54.200355529785156,54.45050247839156,54.06514402988272,54.1935985653817,10421200
2017-08-02,54.49105453491211,54.51809786134774,53.95020348016086,54.01780921725638,10410100
2017-08-03,54.416683197021484,54.63978675735868,54.288233852149865,54.315272018869415,10136700
2017-08-04,54.227394104003906,54.46401678706835,54.11922594516915,54.38289195743919,8292200
2017-08-07,54.1935920715332,54.200349035127,53.99076968799503,54.200349035127,7893800
2017-08-08,54.05836868286133,54.23414771612307,53.97048174522388,54.098931091311414,9028400
2017-08-09,54.227394104003906,54.32204317722968,53.93668476252826,54.2544374332095,8087100
2017-08-10,53.90656661987305,54.45948781373547,53.86561103750798,54.44583768894162,12580300
2017-08-11,53.387786865234375,54.097713317961386,53.38095919711623,54.07040785347364,10192400
2017-08-14,53.40141677856445,53.78368268343729,53.32632808896695,53.66763842059837,8862500
2017-08-15,53.271728515625,53.415078260439415,53.02598460794788,53.326339430216244,10350900
2017-08-16,52.88262939453125,53.36046182783321,52.773407576643415,53.27172300678654,9117100
2017-08-17,52.056671142578125,52.75294216706339,52.02253801448259,52.73929204061566,13400400
2017-08-18,52.31605911254883,52.6368917305172,51.913315329470954,52.00205416100077,14324300
2017-08-21,52.13858413696289,52.30241690795854,51.933800985194814,52.20002272808234,10084900
2017-08-22,52.38431167602539,52.78706060191439,52.24096195229691,52.25461728292783,9503600
2017-08-23,52.29557418823242,52.568623519982204,52.200007703317425,52.35700755368514,7054300
2017-08-24,52.10444641113281,52.322884856705656,52.01570237487978,52.22049069609703,8678300
2017-08-25,52.370662689208984,52.650534477420436,52.17270205462878,52.26144087372357,6844900
2017-08-28,52.200008392333984,52.5208409707761,52.056658663069335,52.49353551644242,8229700
2017-08-29,52.18635177612305,52.213657229784346,51.933785443725846,52.022524262138,7060400
2017-08-30,51.94743728637695,52.18635350384463,51.92013183181165,52.04300377336402,8218000
2017-08-31,52.10444641113281,52.21366302992756,51.913313422254504,52.06348562209936,15641700
2017-09-01,52.268272399902344,52.45940538313675,52.09761720658831,52.1317503284444,7361100
2017-09-05,52.684669494628906,52.80754143748484,52.29557587691562,52.31605366606111,12784800
2017-09-06,53.7768669128418,54.07722173766375,52.957724018942756,53.16933480480358,18574400
2017-09-07,53.947505950927734,54.15229421702905,53.660806544771454,53.94067828659584,9836400
2017-09-08,53.80415725708008,53.95433462730706,53.674457672250945,53.93385684190921,8436000
2017-09-11,54.097694396972656,54.213738674469795,53.858778176248244,54.20691621672268,12955800
2017-09-12,54.26836395263672,54.39806359593388,54.09088105254341,54.200102901211416,7644400
2017-09-13,54.45264434814453,54.45264434814453,54.18642272404765,54.26833907299361,8369700
2017-09-14,54.671104431152344,54.76667614683703,54.45266595526749,54.50727687623472,9072600
2017-09-15,54.657432556152344,54.75299902582609,54.30247212707587,54.69156567017097,16043700
2017-09-18,54.671104431152344,54.70523755875288,54.404882701417186,54.46632128950134,8594400
2017-09-19,54.75983428955078,54.875878560547,54.602829234451455,54.65061247591947,9277100
2017-09-20,54.98509216308594,55.06018084674856,54.7871315614283,54.800781682102446,10606900
2017-09-21,54.53456497192383,54.971441784584016,54.44582615959618,54.944136332794955,11984200
2017-09-22,54.55506134033203,54.81446061668884,54.384406114511684,54.41853924286943,10205800
2017-09-25,55.278648376464844,55.29229850433536,54.596027407275514,54.63015533094417,10496600
2017-09-26,55.21718978881836,55.29227848488089,54.99192370063074,55.09431785053264,8755100
2017-09-27,55.585811614990234,55.599461739394705,55.148934722280146,55.21719576026922,9724500
2017-09-28,56.1046142578125,56.28209194465865,55.674559751415174,55.72234300679441,15581700
2017-09-29,55.96125411987305,56.01585982448287,55.688204764890884,55.9339486635765,9944000
2017-10-02,55.722320556640625,55.85202014383668,55.46292659023066,55.497059705171345,6777900
2017-10-03,55.811100006103516,55.95444980549766,55.497094939623175,55.57218367377993,6082000
2017-10-04,55.83156967163086,55.88618059905952,55.599475834051404,55.83839733955562,6357100
2017-10-05,55.988555908203125,56.13873331797325,55.695028754920635,55.78377279232121,7375900
2017-10-06,55.776954650878906,55.899826624583795,55.53803837089282,55.81791023945244,6070600
2017-10-09,55.995361328125,56.097755449377615,55.81105607625536,55.86566176067292,7489900
2017-10-10,56.15238571166992,56.48004076312604,56.036336223295365,56.20699141492384,7218500
2017-10-11,56.38446807861328,56.480034558788596,56.07046318546833,56.08411851576913,7023700
2017-10-12,56.2684440612793,56.316227318563556,56.09096115937303,56.186527673941534,6647500
2017-10-13,56.25478744506836,56.71214217031676,56.2206543189521,56.47322591145445,7180000
2017-10-16,56.52780532836914,56.62337178746169,56.3435000738282,56.45271665222765,5734000
2017-10-17,56.630226135253906,56.63705380211526,56.34352662288352,56.404960000684085,6444100
2017-10-18,56.49369812011719,56.923747343563456,56.34352071282325,56.63022019512076,6367100
2017-10-19,56.480037689208984,56.691653656739675,56.200165898321494,56.21381602139628,7945500
2017-10-20,56.73260498046875,56.74625510252013,56.39812230639393,56.55512214590595,9574100
2017-10-23,56.82135009765625,57.1763158061626,56.68482803006645,56.759916729635755,9829900
2017-10-24,56.97835159301758,57.21044013497707,56.869129779401774,57.03296249982547,7551200
2017-10-25,56.77357482910156,57.15584604642629,56.62339740886511,56.96470783377204,9153300
2017-10-26,56.97835159301758,57.10122352934399,56.73260772036474,56.91009056349906,9154500
2017-10-27,57.14219284057617,57.503981071170834,55.98173943587813,56.657532644120685,14866200
2017-10-30,57.0261344909668,57.306006272701644,56.93739567392554,57.14217876124752,7811100
2017-10-31,56.89643478393555,57.12170086675391,56.77356284857849,57.10122307885818,9754200
2017-11-01,57.251399993896484,57.29918323458555,56.83500095018498,56.92373976632677,9430000
2017-11-02,57.019325256347656,57.14219723165054,56.59610361429224,57.067108512966314,7775500
2017-11-03,56.780391693115234,57.094396599330736,56.76674157022882,56.944219207666194,6903500
2017-11-06,57.16948318481445,57.251399543057474,56.69847323888663,56.86230595537267,9276700
2017-11-07,57.05345153808594,57.217279082831595,56.67800798972741,57.16266816525513,8471800
2017-11-08,56.97835159301758,56.998829381074856,56.56195254257709,56.90326289815239,8691600
2017-11-09,57.319679260253906,57.4357235662813,56.71214706048192,56.8623244955688,10528800
2017-11-10,57.140541076660156,57.23699201275176,56.782290237306924,57.18876654470596,8693700
2017-11-13,57.1060791015625,57.243864620086896,56.9062864203757,56.940735428097106,6720400
2017-11-14,56.65828323364258,57.00964323163497,56.5549414393881,56.782292335511535,9251700
2017-11-15,55.94868850708008,56.5549524249919,55.90735388382198,56.320715884951994,9663600
2017-11-16,55.50084686279297,55.700639525287116,55.21838499939099,55.41817766188513,10527200
2017-11-17,55.28041076660156,55.569768863245585,55.22529969426295,55.33552709512255,9536400
2017-11-20,55.49396896362305,55.55597087290334,55.12194173939877,55.273508970325054,8468600
2017-11-21,55.71442794799805,55.97622254274211,55.55596986684983,55.59041887550228,8838400
2017-11-22,55.872894287109375,56.0864687312871,55.83845052630666,55.91423415872746,7941600
2017-11-24,56.09334182739258,56.28624366467538,55.95555630252796,56.10712353358755,3851300
2017-11-27,55.87977981567383,56.07957253154201,55.8177726422478,56.024456212092545,9127500
2017-11-28,56.26557922363281,56.49293008178689,56.017561061315845,56.08645908343365,9794600
2017-11-29,56.67893981933594,56.706497976336095,56.13468330117094,56.25180152628589,9725000
2017-11-30,57.38166809082031,57.45745171963048,56.77540431652073,56.802957221377355,18592700
2017-12-01,57.49876022338867,57.960347384770074,56.775378535293804,57.48498377721613,13779300
2017-12-04,57.57456970214844,57.994822457769956,57.181875107440995,57.326551510103556,12597700
2017-12-05,57.1060791015625,57.712342741722686,56.9820700324183,57.4643298596149,9357200
2017-12-06,56.685855865478516,57.31967798962833,56.63763038334067,57.078550578939094,13398900
2017-12-07,56.87186050415039,56.92008597637575,56.61006057819935,56.76851870475826,11359600
2017-12-08,56.9476318359375,57.112975525531645,56.67205551582651,56.83050835196807,11988600
2017-12-11,57.20254135131836,57.35410860543892,57.0027486305396,57.20943220546429,8760700
2017-12-12,57.01653289794922,57.443671262898754,56.975193027399804,57.106092981139504,11307000
2017-12-13,57.264564514160156,57.388573642501186,56.82364433698833,56.91320444116341,10172700
2017-12-14,57.11298370361328,57.409227370320416,57.10609284917399,57.2025437865966,9492400
2017-12-15,57.20254135131836,57.37477591169505,57.092313965891734,57.2921066866705,26582300
2017-12-18,57.140541076660156,57.643463063968994,57.11987376980935,57.30588478764837,9363500
2017-12-19,56.79607391357422,57.29899591830572,56.72029028170805,57.20254497887278,10285100
2017-12-20,57.092308044433594,57.27831903762794,56.85117547997051,56.90629179505813,10620300
2017-12-21,57.76746368408203,58.05681644989535,57.15430914197147,57.422994603966835,13578100
2017-12-22,57.850154876708984,57.88459864096761,57.59524579151892,57.78814769115138,10161400
2017-12-26,57.8570442199707,58.118838897461096,57.80192789117827,57.84326250968139,4777200
2017-12-27,57.80193328857422,57.93971886723892,57.691700620696125,57.863935222118464,7000600
2017-12-28,57.88460159301758,57.9052741600461,57.73303956142155,57.85704868267853,7495300
2017-12-29,57.62281036376953,58.008614205932346,57.62281036376954,57.87082862121224,8523400
2018-01-02,58.580421447753906,58.697539694550684,57.63657936262678,57.74680675485257,11469300
2018-01-03,59.73094177246094,59.91695803594832,58.43573980672924,58.6699815355316,13957700
2018-01-04,59.813621520996094,60.08919788543793,59.54493601111533,59.792954213494795,10863000
2018-01-05,59.7653923034668,59.85495238241663,59.048895903323206,59.7653923034668,11047600
2018-01-08,60.03407287597656,60.04096372954073,59.66204562622983,59.730938393327854,10927100
2018-01-09,59.779170989990234,60.04097089485972,59.696501762079315,59.89629448983377,8131600
2018-01-10,59.303810119628906,60.068532053047974,59.23491734087212,59.93763209408262,10822300
2018-01-11,59.88941192626953,60.19254648705906,59.20047356533519,59.49671727078426,14366000
2018-01-12,60.29588317871094,60.61968505010431,60.06164665840747,60.075423112938374,9834500
2018-01-16,59.91697311401367,60.46123507734949,59.66206401538313,60.44745336597334,10882800
2018-01-17,60.626564025878906,60.771240422926155,59.88940033262969,60.07541134135285,10546000
2018-01-18,60.2338752746582,60.757469850002956,60.17186809496296,60.46811177172856,9223700
2018-01-19,60.04096603393555,60.46121876239847,59.66893876991027,60.3303188205614,13090000
2018-01-22,60.798824310302734,60.826382481808665,59.972100189859944,60.05476944819396,10270400
2018-01-23,60.833248138427734,60.94347552260575,60.4474391533507,60.79879912426996,10281800
2018-01-24,60.991703033447266,61.260388533104425,60.63345745263164,60.96414487243348,10316100
2018-01-25,60.88149642944336,61.2259656754387,60.76437289110543,61.00550556824903,11271900
2018-01-26,61.31549835205078,61.31549835205078,60.950361955662395,61.06748018541316,10514400
2018-01-29,60.633445739746094,61.52217655007806,60.59210587812038,61.03302585680249,9315700
2018-01-30,59.78606414794922,60.88836436408203,59.78606414794921,60.30965872168057,12408000
2018-01-31,60.144317626953125,60.26143588023641,59.47604661346974,59.63449948410424,14404700
2018-02-01,61.36372375488281,61.48773283808081,60.178749239031085,60.28209101772629,17971000
2018-02-02,58.23593521118164,59.2555658849233,57.181860787059655,58.649297009008635,29822100
2018-02-05,54.92215347290039,57.863917238181905,53.82673901509081,57.374771752909396,30452700
2018-02-06,53.97830581665039,55.35618218851731,52.97934754951936,54.08853844936673,36262800
2018-02-07,53.00690841674805,54.70858666396118,52.99312670886354,54.04031574846308,21994500
2018-02-08,52.40752410888672,53.44782217220264,52.379965952540104,53.35137125307994,25650800
2018-02-09,52.741607666015625,53.228799106934694,51.43316112141042,53.06872062964957,29491600
2018-02-12,53.18702697753906,54.02220987956995,52.783355507053955,53.62549972683241,19340400
2018-02-13,53.103519439697266,53.416709750745795,52.706809234401646,52.96431961595211,11926600
2018-02-14,53.214874267578125,53.35407409205261,52.317055311956544,52.748566802931904,17188400
2018-02-15,53.0408821105957,53.38191241159119,52.511933361141985,53.3262377879098,14432400
2018-02-16,53.27054977416992,53.67422126673245,52.79031971198588,52.99911677639544,13722400
2018-02-20,52.72071838378906,53.91781013265326,52.51888265311502,53.22182705167914,13387300
2018-02-21,52.1221809387207,53.200957012665455,52.10826361121945,52.76944552110148,11715000
2018-02-22,52.79730224609375,53.479363018707296,52.33099463278603,52.407553233171726,14020200
2018-02-23,53.959571838378906,54.02221308196111,52.859917205979606,52.957354420503094,13378800
2018-02-26,54.871315002441406,54.93395625396059,53.98045732253327,54.10573451564101,16940400
2018-02-27,53.93869400024414,55.58817597350384,53.93869400024414,54.982668722829516,14629500
2018-02-28,52.7137565612793,54.46067556457169,52.68591660111546,54.39803963665014,17087800
2018-03-01,52.33793258666992,53.36799002106781,52.10130085615959,52.56760830858658,15696700
2018-03-02,52.581539154052734,52.80425359221308,51.83683725364805,52.12218763851081,15630300
2018-03-05,53.0826301574707,53.28446589920159,52.2822538184483,52.3588123863438,14891000
2018-03-06,53.019996643066406,53.57678528770704,52.79728224719616,53.36102690019552,10754300
2018-03-07,51.683712005615234,52.3657725428065,51.19652059769124,52.1987380677701,27255500
2018-03-08,51.58628463745117,52.03866953915296,51.287011602979895,51.85075638259251,19299800
2018-03-09,51.89250183105469,52.240493405157636,51.64890879116862,52.07345893636863,19714100
2018-03-12,52.365787506103516,52.602424614125816,51.98299983685142,52.108277056408696,14226700
2018-03-13,51.87162399291992,52.76944290526028,51.67674955798032,52.428412644115994,13739700
2018-03-14,51.2243537902832,52.05257535731663,51.17563518692415,51.948176832995934,14820700
2018-03-15,51.79505920410156,52.19873066227288,51.57234483233971,51.74634060121395,15640600
2018-03-16,52.28226089477539,52.28226089477539,51.75331216588579,51.75331216588579,32109700
2018-03-19,51.60715103149414,52.20569695829497,51.40531528316084,52.1987356400959,12744800
2018-03-20,51.49579620361328,51.989943645353634,51.467956238031086,51.65587467822828,13003200
2018-03-21,52.22658157348633,52.64417044435971,51.48884105794567,51.662836863303795,15418500
2018-03-22,51.15475082397461,51.989928305292416,51.07819226869543,51.79505391364686,17737000
2018-03-23,50.7302131652832,51.64891074323999,50.57709601730204,51.37051641144971,20157300
2018-03-26,51.50275421142578,51.6071527481647,50.63277525515169,51.259161165655065,15032700
2018-03-27,51.29396438598633,52.12218616856789,51.00165268975669,51.50276148896802,15821900
2018-03-28,50.67452621459961,51.50970909423307,50.65364757184643,51.3217906895955,18163900
2018-03-29,51.92729568481445,52.122170088848684,50.987719631118395,51.036438232126955,14882900
2018-04-02,50.95988845825195,51.781148809657935,50.22214799865902,51.690667599377925,17891100
2018-04-03,52.21266174316406,52.29618164580214,50.87637516053994,51.1199682391541,15999200
2018-04-04,52.1082649230957,52.240498122442986,51.11300871889302,51.53755890242965,13122200
2018-04-05,52.90864562988281,53.11744273399036,52.21266236276558,52.24050233064198,14200000
2018-04-06,52.1082649230957,52.97824393691166,51.6558747739253,52.64416965923691,14299600
2018-04-09,52.1082649230957,52.748568202880925,52.05954631071923,52.35185798497807,11103100
2018-04-10,53.63941955566406,54.12660562213772,52.93647510838361,52.9503977445285,19006100
2018-04-11,53.889984130859375,54.31453434501535,53.41671530081324,53.667269699657126,13734000
2018-04-12,53.74383544921875,54.384138860559844,53.597679582060344,54.1892643710153,13270400
2018-04-13,54.175331115722656,54.418929489856346,54.00829663025915,54.1474964597542,10925000
2018-04-16,54.66250991821289,55.03834140607606,54.08484270668639,54.3701983087402,10743600
2018-04-17,54.516361236572266,54.8156342024961,54.314525486537114,54.66251706040529,10478100
2018-04-18,55.13579559326172,55.511627196896036,54.940921126917466,55.01051839205027,12061400
2018-04-19,55.274993896484375,55.5533882859492,54.85044364728506,55.205396626601,11291500
2018-04-20,54.98267364501953,55.26106799128421,54.51636616823623,55.20538806004517,12072200
2018-04-23,55.37937545776367,55.40025410132693,54.808669524006135,54.92698537748435,11729800
2018-04-24,54.5302619934082,55.62991630707019,54.26579038920643,55.53944043693157,14102000
2018-04-25,55.3306770324707,55.41419694711397,53.93174899430285,54.42589654192935,13867500
2018-04-26,56.27721405029297,56.3050540214573,55.3515549213223,55.40027354337699,14554400
2018-04-27,54.14054489135742,54.73909099115621,53.22880841116853,53.555916122049325,16346800
2018-04-30,54.11268615722656,54.6764307704266,54.10572483942924,54.224046002264906,15028800
2018-05-01,53.5558967590332,53.771655128118425,52.8807976207189,53.771655128118425,16231000
2018-05-02,53.45150375366211,53.750776696538026,53.10351220659381,53.207905422770615,13883700
2018-05-03,53.27054977416992,53.31926838120816,52.477129425301456,53.16615124196514,12243100
2018-05-04,53.52111053466797,53.74382495206605,52.852967282473756,52.98520048316193,9887200
2018-05-07,54.10572052001953,55.0383405630082,53.86908883309851,54.10572052001953,15071500
2018-05-08,54.349308013916016,54.39803191973785,53.15222175626647,54.14747762373642,17430400
2018-05-09,55.629947662353516,55.84570079502191,54.947881664017515,54.968765624216,17142100
2018-05-10,56.875755310058594,56.92447392796278,56.02665484664469,56.12409208245306,17710300
2018-05-11,57.14289474487305,57.62799240081723,56.88277426806335,57.0725920582691,14751000
2018-05-14,57.52956771850586,57.87405463839927,57.37489858931868,57.4381693983037,11852100
2018-05-15,57.50144958496094,57.67017711778362,57.227265332717245,57.543630127228724,12595700
2018-05-16,57.66315460205078,57.68425024036146,57.065573579973346,57.48036864671105,9570000
2018-05-17,57.56472396850586,57.84594011648563,57.255391033104814,57.7896958141393,11224100
2018-05-18,57.15695571899414,57.50847449865893,57.128833572970855,57.332715108826534,10030900
2018-05-21,57.845924377441406,57.89513678766649,57.3116143780331,57.45925697245877,8822400
2018-05-22,57.39598846435547,58.10605793267308,57.19210691944244,57.95842068230527,10753400
2018-05-23,57.754539489746094,57.81078378463444,56.64373880258149,56.910891157674385,15140900
2018-05-24,56.432823181152344,57.19913691885039,56.20785137411045,57.19210504132537,13360500
2018-05-25,55.33610916137695,55.77199456430265,54.900223758451254,55.736840525900206,14562000
2018-05-29,55.132198333740234,55.350143601627614,54.506495400652994,54.9423805726774,14644800
2018-05-30,57.297569274902344,57.410057875073505,55.69464426872497,55.71573454031915,16627500
2018-05-31,57.11478042602539,57.33272575724722,56.72811291482883,56.812474004816195,15803100
2018-06-01,57.52956771850586,57.89514490806094,57.332718049995336,57.55768986597182,9906100
2018-06-04,56.924964904785156,58.021702028852204,56.81247629526437,57.68424692779409,10954700
2018-06-05,56.72108840942383,57.40303591548032,56.53127056852535,56.657812219955936,12059300
2018-06-06,57.6912727355957,57.712363008684186,56.854661508490906,57.283514940463576,11603300
2018-06-07,58.26774597167969,58.55599392079822,58.04277418660565,58.16229463785627,13502500
2018-06-08,58.77395248413086,58.81613839480066,58.000612062711795,58.42946550221505,14350400
2018-06-11,58.42243576049805,58.90753352280664,58.302920630690885,58.858321095018255,10831600
2018-06-12,57.944366455078125,58.87940789158225,57.874063757211715,58.42946418873479,12351800
2018-06-13,57.30458450317383,58.07089275511583,57.27646236130209,57.95840955137898,12049300
2018-06-14,57.57176208496094,57.860010142902766,57.2975777860054,57.6069161186742,11477300
2018-06-15,56.70701599121094,57.522536826697866,56.60155927734375,57.452234138703496,23797500
2018-06-18,56.81949996948242,57.213199318450194,56.45392276883397,56.52422545775659,9192600
2018-06-19,56.735137939453125,56.9179292358772,56.03913214658114,56.16567914198984,8759700
2018-06-20,56.55937957763672,57.03744541769,56.4328325798652,56.840595724212506,8917700
2018-06-21,56.02507400512695,56.51016635324846,55.77198001317148,56.257072361292984,10990700
2018-06-22,57.21320724487305,57.606912012136746,56.88981054002392,57.05854345331641,16012200
2018-06-25,56.06022644042969,57.11478302324158,55.75089349015632,56.79138631482952,10557200
2018-06-26,56.69295883178711,56.953084707759224,56.221924867291996,56.34847186590655,10382800
2018-06-27,57.445213317871094,57.98655538350326,56.98823771232185,56.98823771232185,12725900
2018-06-28,57.62800216674805,57.69830486526584,56.96714500042626,57.45927461755494,9390700
2018-06-29,58.16230010986328,58.731758821087155,57.852961864877,57.965445086121406,17323200
2018-07-02,57.48037338256836,57.74049394188816,57.17103502688765,57.57176636776817,9998300
2018-07-03,57.81781005859375,58.66848490118069,57.705326833035315,58.05684562900105,7197300
2018-07-05,57.86703109741211,58.190427794235134,57.68424515817646,58.063880794282476,9035700
2018-07-06,57.88108825683594,58.14120874215397,57.41005434105611,57.62096240776656,7637100
2018-07-09,58.281829833984375,58.44352551080279,58.04279421276057,58.21855364810808,7158600
2018-07-10,58.8161506652832,59.13954744120864,58.71069391223609,58.84426745992605,8806200
2018-07-11,58.06387710571289,58.724734215012,57.67017773698233,58.37321538900211,10405300
2018-07-12,58.13418197631836,58.52084944548992,57.867024250389335,58.359153798086766,9762200
2018-07-13,58.5700569152832,58.87939515548544,58.042778749711694,58.12714518715345,8720000
2018-07-16,57.99356460571289,58.204478011150975,57.649077716331355,58.01465487350656,8306900
2018-07-17,57.86703109741211,58.17636940035238,57.6772132793591,57.83188243082924,7373300
2018-07-18,57.80375289916992,57.87405558711168,57.2905330860677,57.50847839156379,8711900
2018-07-19,57.65610885620117,58.08496217502387,57.45222733055181,57.78968233843648,8659100
2018-07-20,57.227264404296875,57.59987349162145,57.12180768658673,57.452236232327834,9196300
2018-07-23,57.227264404296875,57.64908591138599,57.07259526682219,57.613931884232116,8425900
2018-07-24,58.359153747558594,58.36618026178651,57.28350705804247,57.31162384245677,11121000
2018-07-25,58.76692199707031,58.87237873061453,58.00764531580694,58.35916418511949,9523600
2018-07-26,59.2238883972168,59.336376992518474,58.61224909245613,58.935645758321286,13210100
2018-07-27,57.59284591674805,57.91624260847212,56.81247365663601,56.92496226093231,18220800
2018-07-30,57.46628952026367,57.74047374370365,56.74216168072983,57.74047374370365,11282800
2018-07-31,57.30458450317383,57.75452804562145,57.25537209583581,57.395977441444394,11716800
2018-08-01,56.5172004699707,56.896841472938,56.39768534785655,56.8687193211902,8936300
2018-08-02,56.17975616455078,56.4258183349047,55.85635403922503,56.165692404100255,8364300
2018-08-03,56.38362121582031,56.4539292765991,55.982889942640305,56.22192554903384,7811100
2018-08-06,56.369564056396484,56.545323484688595,56.060225746201695,56.41877648176819,10041800
2018-08-07,57.13585662841797,57.36082841923659,56.4609412559621,56.88276805702878,10698100
2018-08-08,56.756229400634766,57.107748210498414,56.489071672337516,56.96010559025447,7275000
2018-08-09,56.46798324584961,56.882778244184124,56.3203459845361,56.756231253950894,9828500
2018-08-10,56.411170959472656,56.48219880068881,56.01341071340063,56.47509980992104,12954300
2018-08-13,55.800296783447266,56.64554234692847,55.707961173121596,56.432453499623705,10308500
2018-08-14,55.62273025512695,56.16255141634251,55.45936681863642,56.10572699535665,8005900
2018-08-15,54.649635314941406,55.33151207871018,54.34421083979837,55.246275451086035,16307800
2018-08-16,55.40254592895508,55.47357375017712,54.83431252102794,54.891136945635736,11519900
2018-08-17,55.587215423583984,55.750578849398394,55.26048315288046,55.644034421781555,10178400
2018-08-20,55.977882385253906,56.11283904871583,55.52329779357518,55.58722663066401,8152100
2018-08-21,55.99209213256836,56.52480896783403,55.87844327322193,56.148356604631765,9192200
2018-08-22,56.794708251953125,56.85863708039244,56.12703485241505,56.19096368085436,10098200
2018-08-23,56.169673919677734,56.56032974689257,56.04182164080746,56.510609717280616,7203900
2018-08-24,56.5532112121582,56.85863569395957,56.411150163020984,56.48217797805213,6545200
2018-08-27,57.10723114013672,57.15695114854716,56.72367446708144,56.75919108126367,6671900
2018-08-28,57.022003173828125,57.40555990510963,56.965178750140055,57.23509205312073,8823400
2018-08-29,57.43398666381836,57.56183893996125,56.89416534020652,57.1356664925105,8004800
2018-08-30,57.18538284301758,57.377158535358966,56.908370499037616,57.14276180766012,7450900
2018-08-31,56.943878173828125,57.149862671536205,56.65976143840057,56.993598196097246,10700000
2018-09-04,57.029109954833984,57.31322666602259,56.688168817592555,57.114346593913226,8855000
2018-09-05,57.78911590576172,57.838835921091345,56.53900569580592,56.75209457240443,13878400
2018-09-06,57.149864196777344,57.98800560816552,57.06462754815144,57.61155322678438,13320600
2018-09-07,58.12295150756836,58.1939793253872,56.69526906738667,56.92966574335645,16417800
2018-09-10,58.03772735595703,58.76932433306629,58.00221614894837,58.41417974852189,10817900
2018-09-11,58.854557037353516,59.08895374801216,57.98089903356947,58.215295744228115,11891900
2018-09-12,59.04632568359375,59.50801464137007,58.86165443574345,59.13156231888447,11556300
2018-09-13,58.47098922729492,59.13155820235449,58.25080137530004,59.06053038742791,11162700
2018-09-14,58.89715576171875,59.060524597200825,58.43546688134704,58.542011302828875,9442600
2018-09-17,59.245201110839844,59.387256726472735,58.94687564749177,58.95398005399573,8403300
2018-09-18,59.40147018432617,59.75661470265209,59.27361794096583,59.59325125890433,9219900
2018-09-19,60.11177062988281,60.211210680361255,59.40858586747772,59.40858586747772,10413600
2018-09-20,60.2467155456543,60.61606345831915,60.047835483521276,60.275127757255476,11198200
2018-09-21,60.49531936645508,60.67999604375196,60.03363038275066,60.38167593209395,26639400
2018-09-24,61.511043548583984,61.85908373874689,60.885991004341705,60.935711031507836,13549500
2018-09-25,61.44001770019531,62.05086686461356,61.34768205220714,61.81647012078585,12200700
2018-09-26,60.92859649658203,61.44000550191598,60.8646730804531,61.09906435866814,10275500
2018-09-27,60.92150115966797,61.35477799708679,60.79364888929722,61.148793482651904,7895400
2018-09-28,60.388790130615234,61.03515595440989,60.367482319998174,60.55215904380764,9884900
2018-10-01,60.949893951416016,61.106158389739555,60.55923827468189,60.62316167995532,8566900
2018-10-02,61.41158676147461,61.56074680233145,60.81494659804722,60.94279883579239,8453100
2018-10-03,61.191410064697266,61.717022507261404,61.070662212324265,61.44711458682599,10206700
2018-10-04,60.78654098510742,61.141685526381835,60.55214428728815,60.72971655792536,10204600
2018-10-05,60.61606216430664,60.871766644183325,60.324846484993,60.594754360829434,9217400
2018-10-08,61.177188873291016,61.3050411084953,60.125964200789035,60.225404226050706,13242400
2018-10-09,61.447113037109375,61.70991654222543,60.90018738226479,61.354771983678624,10177900
2018-10-10,60.03363800048828,61.66730525194781,60.019434601544205,61.60338182808503,16573400
2018-10-11,57.959590911865234,59.78503372731909,57.65416637453672,59.62167026495495,20320100
2018-10-12,57.8033332824707,58.41418242944818,57.014911835071324,58.33605018373642,15216300
2018-10-15,57.40556335449219,58.05902800894441,57.40556335449219,57.803323506058646,10558800
2018-10-16,57.675479888916016,57.72519991530515,56.83023944030067,57.185384034244926,9781800
2018-10-17,57.88856887817383,57.90277227755397,57.0646308181376,57.49080866661231,12247700
2018-10-18,58.13716506958008,58.57754628758376,57.6754760444123,57.6754760444123,17448600
2018-10-19,58.2224006652832,58.57044082051889,57.89566831682661,58.00221276979802,12098700
2018-10-22,57.639957427978516,58.37155428162256,57.27770849553546,58.24370203600003,9474100
2018-10-23,56.709476470947266,57.14985764306576,55.91395618463711,56.8657409326369,15465100
2018-10-24,55.13262939453125,57.00779175991374,55.0829093855656,56.91545072963857,16085700
2018-10-25,55.62273025512695,56.14834802063357,55.217865738984045,55.75058249280761,12315500
2018-10-26,55.06870651245117,55.69376431438765,54.66384199032191,55.31020759567439,18160100
2018-10-29,54.72777557373047,55.707972549539676,54.138234338991865,55.45226804818499,15707000
2018-10-30,55.956581115722656,56.13415341193608,54.990587390795504,55.1326484792121,17758200
2018-10-31,56.59584045410156,57.07173289045872,56.04181577666174,56.35433932191617,16629100
2018-11-01,57.29901123046875,57.35583564995691,56.325918787339965,56.70237108306788,14159300
2018-11-02,58.20818328857422,58.563327800204505,56.98649072058918,58.073232059125836,19350400
2018-11-05,57.98799514770508,58.861653026523854,57.84593951136348,58.598844138309225,15815000
2018-11-06,58.236602783203125,58.314735019059476,57.78201818498937,58.059030505179756,9063200
2018-11-07,58.975303649902344,59.05343588514905,58.002211042135585,58.39286679929331,12699800
2018-11-08,58.03772735595703,59.48671791118735,57.916979497790244,59.04633667548482,16865500
2018-11-09,58.023372650146484,58.40364117532055,57.17673489684933,57.58570365633974,15070100
2018-11-12,57.27719497680664,58.64042628531028,57.205447112993006,58.59020223323962,11906600
2018-11-13,55.96418762207031,57.291542259330015,55.705890933586026,57.255671064491764,15530200
2018-11-14,55.5265007019043,56.74623041484226,55.067307952985814,56.58121092876715,18552100
2018-11-15,56.100502014160156,56.100502014160156,54.46462693913277,55.0099149814685,18976000
2018-11-16,56.652957916259766,56.81798287385909,56.03591664281596,56.22964183104165,13704900
2018-11-19,56.83951950073242,56.93996759358013,56.272702134514326,56.29422594383734,9430800
2018-11-20,55.22515869140625,56.609913419708455,54.79466615636097,56.265516107266485,15533700
2018-11-21,55.648468017578125,56.236809021036464,55.4332245132937,55.5551963797891,9685300
2018-11-23,54.16326904296875,54.67268582030066,53.596451804357656,54.56506679791378,10875400
2018-11-26,55.23234558105469,55.47628938998902,54.61530415679529,54.70139939570829,13741100
2018-11-27,55.28255844116211,55.569549811475895,54.81618925338794,54.93816113317225,10344500
2018-11-28,56.28704833984375,56.28704833984375,55.131889822223606,55.27539100472914,11482100
2018-11-29,56.72471618652344,57.06193711588086,56.10050384614805,56.12202765457337,10255200
2018-11-30,57.0404167175293,57.11216457457313,56.19377886678668,56.2870505335426,14040100
2018-12-03,58.27448654174805,58.44668245497245,57.49959672122417,57.57134456223356,19415100
2018-12-04,56.99018478393555,58.798255711689194,56.93278431663928,58.389286961720515,18540700
2018-12-06,56.24401092529297,56.27988759593032,55.18930030708702,55.96419041115809,23218100
2018-12-07,55.705875396728516,57.65744739918322,55.48345543912847,56.96148182010096,16224700
2018-12-10,54.9166374206543,55.86372317671588,53.66820744084802,55.86372317671588,17946200
2018-12-11,55.0170783996582,55.82066836668089,54.29958911717649,55.74891505922567,15742400
2018-12-12,54.54355239868164,56.10767981416663,54.54355239868164,55.992884334301806,14559800
2018-12-13,55.23234558105469,55.40454153289131,54.49332677831751,54.55072725359992,13749700
2018-12-14,54.22785568237305,55.15341775941182,53.87628189932038,55.04579324366122,12669300
2018-12-17,53.1229248046875,54.24220670603729,52.72113242451283,53.99826289636285,15464100
2018-12-18,51.659244537353516,52.99377545915599,51.38660049516127,52.82875046387481,18681200
2018-12-19,50.783905029296875,52.57045231974146,50.43951314087907,51.98211115918487,21679600
2018-12-20,49.241294860839844,50.6978029205832,48.82515517492279,50.288828713268984,28723700
2018-12-21,48.87538146972656,50.48973267161935,48.55250794494208,48.88972884962349,47287300
2018-12-24,47.00273895263672,48.45206534254906,46.952514906303385,47.97852511626482,14262800
2018-12-26,49.248477935791016,49.26283079097275,46.38569641619588,47.48345445515287,24887700
2018-12-27,49.4637336730957,49.4637336730957,47.41171302491606,48.60274288788117,22077000
2018-12-28,48.9112548828125,49.92291764290551,48.660134668111795,49.635920765814646,19710600
2018-12-31,48.92561340332031,49.61440270369919,48.54534482359131,49.018885072722085,15807000
2019-01-02,50.0018424987793,50.130990821262124,48.25834288226625,48.32291430650257,16727200
2019-01-03,49.2341194152832,50.403625043514346,49.047570658200314,50.22425271239864,13866100
2019-01-04,51.04938507080078,51.13548031763914,49.76507805668772,49.965974264658726,16043600
2019-01-07,51.3148307800293,51.73097587524253,50.75519001874679,51.12111108343488,10844200
2019-01-08,51.68794631958008,52.08256227607434,51.61619846149119,52.04669108403524,11439000
2019-01-09,51.96059036254883,52.08973869669479,51.40812583393099,52.08973869669479,13473500
2019-01-10,51.69511795043945,51.71664175846771,51.02785253151268,51.709465331121564,13151100
2019-01-11,51.45835494995117,51.580326868098666,50.99198561549233,51.55162662723845,9790100
2019-01-14,51.393768310546875,51.50139282489629,51.027852625373136,51.09242404957667,11012400
2019-01-15,51.422462463378906,51.91753188641995,51.17134227560791,51.62335861359569,10298300
2019-01-16,51.40095901489258,51.93189983274275,51.164186112360525,51.24311041320454,12595600
2019-01-17,51.75251388549805,51.90318601843782,50.870004896277855,51.07807750100716,10141700
2019-01-18,52.36956787109375,52.58481695508317,51.75252633593645,52.57046409667769,15759200
2019-01-22,51.580318450927734,52.1686596075252,51.42964631650757,51.939063192121566,15035600
2019-01-23,51.1569938659668,51.874483230291666,50.8915208305232,51.66641065775632,13187200
2019-01-24,51.228755950927734,51.63772478333973,50.683462349708094,51.01350689217997,11272500
2019-01-25,51.45835494995117,51.852970945253865,51.32920660308582,51.709475214964016,8996200
2019-01-28,51.11394119262695,51.14264142431177,50.48972894401304,50.95609265536521,13678400
2019-01-29,51.30767822265625,51.79557132581685,51.286154412430314,51.44399751209076,10513200
2019-01-30,51.86731719970703,52.06821338614217,51.30767625920615,51.494219590032756,11524700
2019-01-31,52.57762145996094,52.72829357451153,51.673583298647756,51.867308498791104,19876700
2019-02-01,54.471805572509766,54.88077439892835,53.323823382037496,53.75431601921324,22968700
2019-02-04,53.682559967041016,54.35700179590735,53.38121571440246,54.35700179590735,15483800
2019-02-05,54.23503112792969,54.27090779415486,53.818891359375556,53.940863266124,12786700
2019-02-06,53.998260498046875,54.3641761963065,53.90498336107019,54.227856915665036,10866900
2019-02-07,53.582115173339844,53.94803634487814,53.022474248640314,53.775834926501076,14418900
2019-02-08,53.66918182373047,53.734470139526,52.76236276134156,53.50958078318453,11959500
2019-02-11,53.7562141418457,53.84327073396056,53.248397858131646,53.59661315702632,10434800
2019-02-12,54.699310302734375,54.73557973332088,54.27854505749594,54.46716491480673,12599200
2019-02-13,55.315948486328125,55.52633111851565,54.779113290101655,54.82989492305845,13214600
2019-02-14,55.33046340942383,55.606139916429036,54.92421028514295,55.32321284276432,12772900
2019-02-15,56.375125885009766,56.41140086082616,55.67868952065194,55.81652778701317,14330300
2019-02-19,56.75234603881836,56.9337097854741,56.186486500035315,56.266286991346426,13551500
2019-02-20,56.96998596191406,57.173112496663244,56.585495659026975,56.80313439470565,12633100
2019-02-21,56.45490646362305,57.06429152643627,56.3025615816153,56.73783346374917,10266000
2019-02-22,56.890174865722656,57.27466509700092,56.30981423663955,57.10055746175418,9519300
2019-02-25,56.94822311401367,57.20213128208772,56.730584378645666,56.89744148039887,9274400
2019-02-26,57.06429672241211,57.405255945695046,56.86842076000796,57.078803388065154,10990600
2019-02-27,57.65190505981445,57.85503155777507,57.06428832860239,57.223883766441475,12398200
2019-02-28,57.33271789550781,57.85504647337194,57.10057247587747,57.63740772100076,14597900
2019-03-01,58.03640365600586,58.03640365600586,57.33271137611155,57.58661953515002,15419400
2019-03-04,58.26130294799805,58.43541617389141,57.31821454760234,58.21052130747508,18089900
2019-03-05,58.17424011230469,58.326585003083345,57.85503813079744,58.12345848204513,13745500
2019-03-06,57.51408767700195,57.586632090431856,56.48394261585912,57.20214171794783,18633600
2019-03-07,58.152496337890625,58.22504075698314,57.54311104098783,57.709968186206574,16541700
2019-03-08,57.31820297241211,57.543092258629216,56.766855604659675,57.23114637704617,16211300
2019-03-11,57.87681579589844,58.246799502914804,57.782508611075606,58.021910158838196,11060900
2019-03-12,58.03640365600586,58.457168910859764,57.95660315819623,58.11620415381549,11320000
2019-03-13,58.551475524902344,58.587750490760094,58.18149190532762,58.46441892771338,10260200
2019-03-14,58.35560989379883,58.696574675655214,58.29031605684734,58.616774172038475,9976700
2019-03-15,58.14521408081055,58.435397161435574,58.108939120189206,58.16697684327059,25316400
2019-03-18,58.81990051269531,58.94322655066876,58.3556096940327,58.3556096940327,9840600
2019-03-19,58.66755676269531,59.487319044815315,58.50069965202108,59.18262922683619,13936500
2019-03-20,58.99400329589844,59.42927521046642,58.4426559188949,58.58049414684145,13133600
2019-03-21,59.33498001098633,59.40752442224306,58.616780930412254,58.62403149718927,10117000
2019-03-22,58.3846435546875,59.081079961519904,58.25406138248239,58.928735016411366,12497700
2019-03-25,57.97837448120117,58.355614260121484,57.7389729524383,58.036412221770995,11320400
2019-03-26,58.732845306396484,58.95773462038043,58.16699120360898,58.27581057755657,9472800
2019-03-27,58.28305435180664,58.986746615243995,57.90582017216923,58.74009456217004,7258700
2019-03-28,58.5732421875,58.609517155771194,58.05091363918004,58.05816973979089,7412300
2019-03-29,58.61676788330078,59.110077518741384,58.384622498080645,59.001258158685765,10889200
2019-04-01,59.291439056396484,59.3277084852035,58.819892203646425,58.92871155963219,10816400
2019-04-02,59.03753662109375,59.45104582474248,58.84166617085315,59.305957012326,7646000
2019-04-03,58.6893310546875,59.320473582320766,58.47894836721496,59.320473582320766,8562900
2019-04-04,59.523597717285156,59.54536048638281,58.59501046911123,58.84892420134006,9360600
2019-04-05,59.842796325683594,59.87181519709509,59.451049863804016,59.59614422086152,10059100
2019-04-08,60.21276092529297,60.357849701561584,59.91532173872566,59.97335946314592,9108200
2019-04-09,59.43653869628906,59.90808563515937,59.2987004512144,59.86455456394542,8561600
2019-04-10,59.1681022644043,59.54534192712979,59.05928845283144,59.429266481742914,10324300
2019-04-11,59.451045989990234,59.53810259855215,58.7763724942898,59.15361226327469,9115100
2019-04-12,58.70381546020508,60.074924925113606,58.45716342451167,60.074924925113606,16638700
2019-04-15,58.50796127319336,58.80539501839355,58.41364855769416,58.682068966354045,8536100
2019-04-16,58.906951904296875,59.015771276250206,58.536973788352,58.62402485808813,7005700
2019-04-17,59.073787689208984,59.26965806019669,58.81987960282448,59.160844262304174,8311400
2019-04-18,58.8561897277832,59.36401178653432,58.81266417852468,59.16813574530096,9493900
2019-04-22,60.140228271484375,60.37237367967868,59.22615330525168,59.39301041182092,10770600
2019-04-23,60.48844528198242,60.568245787132504,59.98062891719397,60.350612574273136,10595100
2019-04-24,59.31321716308594,60.27081778085331,59.291454393215915,60.220036139562,11684000
2019-04-25,59.646915435791016,60.09669402708802,59.05204251279915,59.233406276330605,11135000
2019-04-26,58.391876220703125,58.493439486304915,57.71720279361531,58.23227522196235,18053500
2019-04-29,58.0146484375,58.31208216684405,57.789759115206934,58.1234678154682,10023700
2019-04-30,58.2395133972168,58.42087710636846,57.9856053113607,58.3048072105976,13721500
2019-05-01,57.071537017822266,58.22501321445983,57.03526759282495,57.992867862306234,13909800
2019-05-02,56.0704231262207,56.94822309833963,56.0341481587417,56.78862209708474,15360400
2019-05-03,56.20100021362305,56.73783536845041,56.17923744900312,56.43314559420644,12180700
2019-05-06,55.95436096191406,56.33885689034783,55.649671087865514,55.80201602488979,13367100
2019-05-07,55.65692138671875,55.70770302709853,54.96773565609755,55.4973203641584,13498800
2019-05-08,55.74396896362305,56.07042708966151,55.4392791404805,55.52633574771409,11352900
2019-05-09,55.69317626953125,55.772976759956556,55.105559508019695,55.3884865068795,13221600
2019-05-10,56.177467346191406,56.34623702338167,55.15752680526546,55.89863657325163,11056000
2019-05-13,55.55378341674805,55.93534734591739,55.29696477109173,55.50975896270028,12176100
2019-05-14,55.627132415771484,56.353569144885135,55.590447254584994,55.861938720615846,10548400
2019-05-15,56.0380744934082,56.17015345304564,55.18689773169438,55.45105565096925,8918000
2019-05-16,56.030723571777344,56.463645539462995,55.92799613543752,56.06007506762093,8105200
2019-05-17,55.700538635253906,55.98670877124194,55.46572662805718,55.50975667851976,9279400
2019-05-20,55.69316864013672,56.030702316958966,55.52439900261395,55.80323530824084,7154300
2019-05-21,55.95001983642578,56.10411102254875,55.71521341972984,55.96469278824516,8489900
2019-05-22,55.443695068359375,55.92798626698754,55.31895543170342,55.781228813664875,7858300
2019-05-23,54.144935607910156,54.886045513744875,53.59460763390158,54.86402769227499,14657200
2019-05-24,54.37238311767578,54.482449792456784,53.888097586152455,54.401734604165625,7056400
2019-05-28,53.279075622558594,54.48245877594714,53.19102114856996,54.475119503558616,14912900
2019-05-29,52.94888687133789,53.14700246146875,52.552650092851,52.750765682981864,13645200
2019-05-30,52.80946731567383,52.92686769245556,52.4866064826303,52.846152484194675,9362100
2019-05-31,51.92893600463867,52.501281699162774,51.82620858213491,52.237123870374624,13983300
2019-06-03,52.74342727661133,52.83882103487833,52.07569895986855,52.163747846607016,11831000
2019-06-04,53.9981803894043,54.04954971009819,52.95622739178127,53.16168228165332,10423000
2019-06-05,53.55057144165039,54.034857041477565,53.25706213357891,54.034857041477565,10617800
2019-06-06,54.5265007019043,54.753973433108584,53.99818488497691,54.08623938720692,11738900
2019-06-07,54.724609375,55.00344017074037,54.61454267202549,54.67324566004191,9095500
2019-06-10,54.96675491333008,55.27493720258207,54.62921553189211,55.17220977283141,7760400
2019-06-11,54.9153938293457,55.6271522694365,54.90072087927902,55.407024429080906,9415100
2019-06-12,54.32102584838867,54.746614055552676,54.159595452690304,54.65122591183287,7920800
2019-06-13,54.79798889160156,55.15753491980224,54.57785547126825,54.812661840451916,8986400
2019-06-14,54.555843353271484,54.89337715972978,54.46779446355002,54.79798899645638,8575900
2019-06-17,55.098819732666016,55.17220125535219,54.32836412847889,54.416418596767784,9355700
2019-06-18,55.57577133178711,55.92798360477151,55.28960130921036,55.340965015872236,10091500
2019-06-19,55.267608642578125,55.656506216050055,55.157541918445695,55.32631164187891,9757400
2019-06-20,56.214176177978516,56.4783340891292,55.82527858606958,55.94267899201077,16229700
2019-06-21,57.00663757324219,57.058001289392045,56.40494592767597,56.603061519046776,23108100
2019-06-24,56.46364212036133,57.05800007830861,56.36091469024206,56.88923038698405,10011800
2019-06-25,55.96467208862305,56.66175740408389,55.905974704829354,56.55902998466431,9740000
2019-06-26,56.206817626953125,56.595715085489125,56.11142947995026,56.26552060890465,11365500
2019-06-27,55.63447570800781,56.316882455501826,55.590451272112816,56.199476495482756,8147800
2019-06-28,56.22883224487305,56.30221377455583,55.722534399055114,55.90597702681263,14781300
2019-07-01,56.177467346191406,57.18273494042562,55.97935177561767,56.59571630471338,11437900
2019-07-02,55.561119079589844,55.96468961131879,55.33365195082941,55.86930143434131,10475400
2019-07-03,56.08943176269531,56.133456211428836,55.49507371366302,55.6344919322871,5246100
2019-07-05,55.86196517944336,56.02339564015182,55.46572830267529,55.90599523123529,6880800
2019-07-08,56.1187629699707,56.28018775636802,55.707847736873774,55.86927812149501,7876100
2019-07-09,56.08208084106445,56.33156012970913,55.56844371842848,56.09675378818629,7863000
2019-07-10,56.87458038330078,56.96262930279493,56.30957369148579,56.3536037494602,8077400
2019-07-11,56.9185791015625,56.94793059419542,56.537020893784174,56.80117872925563,6404000
2019-07-12,56.96259689331055,57.146039502188145,56.86720875205489,57.050651360932484,6139000
2019-07-15,56.559024810791016,57.04331037257863,56.419606640807565,56.962595179243365,7116400
2019-07-16,55.715206146240234,56.55170424640581,55.612478702235755,56.44163752833648,10197400
2019-07-17,55.3849983215332,55.737205017105005,55.28960457622146,55.57577461570773,7419300
2019-07-18,54.9153938293457,55.23091543892536,54.43110810198268,55.05481204699571,11424500
2019-07-19,55.025455474853516,55.21623739748414,54.69526094565373,54.95941880830371,11243100
2019-07-22,55.08415222167969,55.252921902994885,54.665903252935216,55.20889186539433,8368800
2019-07-23,55.304298400878906,55.597802195539515,54.849358561993306,55.142867954879954,8551200
2019-07-24,55.29695510864258,55.803258634628136,54.922730519947784,55.3189673318201,8260200
2019-07-25,54.9814338684082,55.60513778810388,54.88604570128202,55.60513778810388,9083900
2019-07-26,54.89336395263672,55.09148510329384,54.73927283447234,54.93739398512946,7677300
2019-07-29,55.28227233886719,55.311623833604045,54.81265961952783,54.9447385467311,7091900
2019-07-30,55.28960037231445,55.443691489688966,54.95206664879542,55.076806277399925,6961200
2019-07-31,54.56317138671875,55.517075215848685,54.48979546099128,55.06213551917953,13104600
2019-08-01,53.16901397705078,54.49713689600236,53.02959577955639,54.10823939586019,17132800
2019-08-02,52.64803695678711,53.75603205466989,52.229787967261494,53.27908007757664,21376700
2019-08-05,51.569393157958984,52.039005860276745,51.077768234942745,51.93627843153379,19080900
2019-08-06,52.06837463378906,52.10506541261305,51.569410272207904,51.57674954761808,12282400
2019-08-07,51.73082733154297,52.009658144351846,50.92368079069589,51.26121459511466,15231100
2019-08-08,53.11032485961914,53.13234268462529,51.818892370585885,51.98765650804718,14304100
2019-08-09,51.98031234741211,53.01493169462173,51.70882077834583,52.92687719755303,13686600
2019-08-12,51.72772216796875,52.12146086303507,51.5048573040913,52.047166907242854,9542600
2019-08-13,52.36660385131836,52.46318371233831,51.20026033369701,51.460272136765674,12403300
2019-08-14,50.25680160522461,51.32656556601538,50.25680160522461,51.311710173543965,18114400
2019-08-15,49.959632873535156,50.189928252256884,49.42474816491322,50.115639968911104,12874400
2019-08-16,50.73967742919922,50.85853755697624,49.97449162258358,50.35336926129945,12649000
2019-08-19,51.5940055847168,51.742587841721765,51.15570067917768,51.23741950357201,10032800
2019-08-20,51.2819938659668,51.48257850581876,51.04426791091422,51.48257850581876,9743500
2019-08-21,51.794586181640625,51.98774026679002,51.53457433692016,51.97287920832992,10134200
2019-08-22,51.683135986328125,51.97286419645035,51.445410130129595,51.93572289669428,8972000
2019-08-23,50.137935638427734,51.65344071832863,49.796204934307994,51.12598643580683,15371900
2019-08-26,50.405372619628906,50.70996197598561,50.167646691574035,50.60595723670117,7343900
2019-08-27,49.91506576538086,50.8436835647497,49.75162812583862,50.61338249637962,9490900
2019-08-28,50.279075622558594,50.501946131694446,49.89277316359993,50.167640367990664,9647400
2019-08-29,50.83625411987305,51.01454715416216,50.58366712578289,50.7396799070984,9004100
2019-08-30,50.87338638305664,51.31912167375324,50.56136657852046,50.969960567894184,9180800
2019-09-03,50.932823181152344,51.02197252319676,50.24193136684833,50.43508544069483,9849700
2019-09-04,51.47513961791992,51.7128655343743,51.32655737774036,51.63114671923377,6959200
2019-09-05,52.20317840576172,52.411193564520325,51.7797288941404,51.88373363960293,9901500
2019-09-06,52.6934928894043,52.70834828154723,52.091750320525726,52.26261283542111,10418500
2019-09-09,53.109500885009766,53.54038084976239,52.73062895157137,52.86435012450037,12840200
2019-09-10,53.54038619995117,54.11984278460333,53.20608606813895,53.59238856862936,13810800
2019-09-11,53.4363899230957,54.11242082294712,53.154092115265904,54.067848976403994,10525700
2019-09-12,53.473533630371094,53.607254829640354,52.52262417565992,52.73063933839382,9100700
2019-09-13,53.963844299316406,54.02327720668109,53.532964222673485,53.681546491085186,7337200
2019-09-16,54.77358627319336,55.85078048619134,54.67700640963098,55.74677576222598,19830200
2019-09-17,54.35757064819336,55.0336071329697,53.9564070750019,54.84045304191456,14452200
2019-09-18,54.09755325317383,54.20898851228257,53.73353669672913,53.97126260450585,7292200
2019-09-19,53.73353958129883,54.372429055464806,53.629534845302786,54.20899142237588,8050200
2019-09-20,53.54780578613281,53.85981993443886,53.38436818430623,53.85238940676531,19736600
2019-09-23,53.58495330810547,53.75582145743719,53.087215585014825,53.131787420565445,7495200
2019-09-24,52.84949493408203,53.39181021444649,52.61176900780122,53.34723270663354,13307100
2019-09-25,53.0054931640625,53.094642496923804,52.611760195964806,52.730625973113206,8035200
2019-09-26,52.72320556640625,53.00550333957834,52.50776555484072,52.90892912797999,8420200
2019-09-27,53.10208511352539,53.243231171230434,52.47062044737936,52.522622819761956,8224000
2019-09-30,52.455753326416016,53.079781655471486,52.43346741006864,52.923774573207616,9768900
2019-10-01,51.22255325317383,52.67863088509895,51.19284247261723,52.619197988319755,10279100
2019-10-02,49.88536071777344,50.95512481303176,49.7813559538988,50.71739882877051,14503700
2019-10-03,50.501956939697266,50.51681233183039,49.26131915281782,49.77391803283288,10788400
2019-10-04,51.23741149902344,51.31169978200347,50.38308207517133,50.59852206329631,10534800
2019-10-07,50.53166198730469,51.28198673110422,50.53166198730469,51.036830279986596,10993000
2019-10-08,49.5510368347168,50.45736859170878,49.50646500005571,50.17507085913442,9748700
2019-10-09,50.10078430175781,50.293932703820026,49.922485621316675,49.99677957208349,8580900
2019-10-10,50.702537536621094,50.78425636556471,50.05621743529452,50.093364418572115,7100100
2019-10-11,51.244850158691406,51.62372216235501,51.17798672591728,51.244850158691406,10101900
2019-10-14,51.39342498779297,51.53457671049944,50.95511442836238,50.96254495793466,6234600
2019-10-15,51.57172393798828,52.00260401726868,51.26714020458941,51.30428152104418,6645700
2019-10-16,50.68767547607422,51.65343456807397,50.67281441758459,51.41570864273815,9765800
2019-10-17,50.620819091796875,51.17055930790677,50.57624724579265,50.87340611076667,9757200
2019-10-18,50.227081298828125,50.6282448787835,50.227081298828125,50.42023539313998,13472700
2019-10-21,51.066551208496094,51.08883713003761,50.383089831332875,50.383089831332875,10199300
2019-10-22,51.32655334472656,51.82429672542647,50.999683777681334,51.096257975334986,9536000
2019-10-23,51.81686782836914,51.824298356986425,51.09625958397444,51.22998075992225,8641800
2019-10-24,51.32655334472656,52.039736705883826,51.27455098170806,51.97287328609862,9003600
2019-10-25,51.44544219970703,51.61631042215997,51.18543026800476,51.18543026800476,7607200
2019-10-28,50.99225997924805,51.75744013657968,50.947688138730314,51.60143302693439,11209600
2019-10-29,50.843685150146484,51.28199004455575,50.695102896914456,50.87340160079289,13894400
2019-10-30,50.30880355834961,50.79168599320805,49.97449771829356,50.79168599320805,12840600
2019-10-31,50.197364807128906,50.30880007944172,49.87792004934332,50.1156459852884,16169100
2019-11-01,51.70543670654297,51.71286723575464,50.74710248022855,50.806535378255745,14108700
2019-11-04,53.243221282958984,53.39180351062438,51.95801760368992,52.054591800798086,15858200
2019-11-05,54.298126220703125,54.32041780434234,53.376939137738994,53.51809082829354,14930400
2019-11-06,53.109500885009766,54.13469843340963,52.894060902633456,54.03069370644624,13996500
2019-11-07,54.23870086669922,54.25355625513755,53.48837622433701,53.51066214091065,13073800
2019-11-08,53.208656311035156,53.983070039986416,53.12595772409178,53.840216075275464,12106000
2019-11-11,52.8853759765625,53.08837964741545,52.607193834101786,52.78763708004757,8674000
2019-11-12,52.15606689453125,52.93799503598992,51.86284455850745,52.83273029385657,13918600
2019-11-13,51.72751998901367,51.99066755097821,51.57714585632919,51.89292293068664,11773700
2019-11-14,51.50196075439453,51.85533278976927,51.26136788250759,51.77262845229065,11279800
2019-11-15,52.02074432373047,52.10344866575443,51.62977730031049,51.65985212797255,11252800
2019-11-18,51.516990661621094,51.7425489682914,51.35158773774036,51.65232449838607,10095600
2019-11-19,50.99069595336914,51.547065847904754,50.96062112985558,51.426772290036595,12605500
2019-11-20,51.148582458496094,51.5320292729466,50.61476726859111,50.87791479372936,16930700
2019-11-21,52.381629943847656,52.441779598207845,51.06588636969907,51.14107056955592,14080900
2019-11-22,52.15606689453125,52.76506624839828,52.12599207337681,52.411694270065595,12143600
2019-11-25,51.81022262573242,52.20870402592767,51.65984849798844,52.156074515263896,10670000
2019-11-26,51.682411193847656,51.907969552331814,51.45685857155083,51.817745061700684,15457000
2019-11-27,51.65232467651367,51.94554703448466,51.434292245149436,51.697439779714934,8393900
2019-11-29,51.22378158569336,51.52452416050004,51.126042686760876,51.37415574119046,7980800
2019-12-02,51.441802978515625,51.78765481872337,51.40421375408027,51.50195262103497,11116900
2019-12-03,51.03580856323242,51.313996396268614,50.765140870598955,51.12603303950573,12245800
2019-12-04,51.61473846435547,51.69744279950505,51.23129161376982,51.3139959489194,11049700
2019-12-05,51.434295654296875,51.85533173750862,51.28392152730238,51.795182086710824,13109000
2019-12-06,52.26133346557617,52.53200115896109,51.69744339372201,51.69744339372201,13710800
2019-12-09,52.3741340637207,52.60720688656993,51.89294239483035,51.93805751965091,12397700
2019-12-10,51.92298889160156,52.742512000288755,51.65232123517145,52.37410547644219,14281800
2019-12-11,51.84780502319336,52.44928998253464,51.62976686883679,51.68239637256522,13748400
2019-12-12,52.8853759765625,52.915450806918024,51.802710764700436,51.84782014214004,17068500
2019-12-13,52.05080795288086,53.035733968116666,51.96810362865038,52.99062460442209,12274500
2019-12-16,52.62974166870117,52.817705031803676,52.40418333850352,52.40418333850352,15208700
2019-12-17,52.3891487121582,52.91544383355465,52.110960870170594,52.614707042006174,14450700
2019-12-18,52.53199768066406,52.84777472330913,52.08840120402699,52.35154873956454,13652300
2019-12-19,52.17110824584961,52.66733425538179,52.05832908584809,52.62221914966936,13273200
2019-12-20,52.58462142944336,52.8026595739226,52.17109982160594,52.524471788996934,35092000
2019-12-23,52.84777069091797,52.85529083026983,52.27636056007469,52.52447353301547,14172500
2019-12-24,52.644775390625,53.00566756606067,52.56207678944474,52.89288840272537,3979400
2019-12-26,52.72747802734375,53.005665856440096,52.63725928853461,52.772593132934674,8840200
2019-12-27,52.547035217285156,52.86281227791614,52.53951507693117,52.7801079425814,10516100
2019-12-30,52.238765716552734,52.9605441396804,52.17861608057918,52.69739091634234,12689400
2019-12-31,52.464324951171875,52.479365230179646,51.88540040545903,51.89291480877717,13151800
2020-01-02,53.3064079284668,53.39662666652827,52.810181924383535,52.810181924383535,12456400
2020-01-03,52.87785720825195,53.65978552441793,52.750043491927194,53.63722510137218,17386900
2020-01-06,53.28385543823242,53.65226201825612,52.80266969480123,52.870333751133806,20081900
2020-01-07,52.84777069091797,53.020693742711394,52.2613260175566,53.00565920019329,17387700
2020-01-08,52.05080795288086,52.84777063780842,52.00569285300066,52.71243681053906,15137700
2020-01-09,52.44929885864258,52.554557883912665,51.599700779579784,51.98314764945603,14811800
2020-01-10,51.983150482177734,52.59967012214998,51.96811593611416,52.57711543496113,11995600
2020-01-13,52.479373931884766,52.53200344476708,51.960593207625756,52.028257265823,9953900
2020-01-14,52.028263092041016,52.313971110699114,51.79519032834611,52.16359695977713,16261000
2020-01-15,51.9455451965332,52.32147187152164,51.79517682101216,52.028249523925524,11390300
2020-01-16,51.742549896240234,52.313960076849575,51.72751535241273,52.10344204614775,13340300
2020-01-17,51.54706573486328,51.938032703496056,51.34406784682453,51.689919712192875,18144100
2020-01-21,50.81024932861328,51.44180337133206,50.75761982505339,51.411728549842735,17982600
2020-01-22,50.517032623291016,50.90047373362581,50.374178639331205,50.79521471476689,17033100
2020-01-23,50.20124816894531,50.3215474643374,49.659918548239304,50.156138801266344,19605900
2020-01-24,49.862918853759766,50.133586545313825,49.6524008128147,50.02832752484129,18238600
2020-01-27,48.674991607666016,49.419330666383715,48.64491678079176,49.186252192154925,21231000
2020-01-28,48.607322692871094,49.02083861465669,48.592282412843325,48.953174563090116,19664700
2020-01-29,48.201324462890625,48.968212447221184,48.043435928945705,48.89302825051215,14202800
2020-01-30,48.712589263916016,48.78025332597767,47.69006803850184,47.95321561794218,18544700
2020-01-31,46.70513153076172,47.51713456424828,46.50965091238147,47.51713456424828,34282900
2020-02-03,45.66006088256836,46.17883874428248,45.38939317451113,46.14876678523763,27389300
2020-02-04,45.08864974975586,46.54724432728092,45.028500100492245,46.201392448294534,31922100
2020-02-05,47.163761138916016,47.314132385205056,45.56231267190967,45.675091823649694,32099200
2020-02-06,46.524696350097656,47.3742887577294,46.44950927767877,47.31414196788785,16055400
2020-02-07,46.2164306640625,46.35928178140729,45.908170876460346,46.17131842633053,15112500
2020-02-10,45.728336334228516,46.15541991555754,45.46903610793391,46.124913322047846,20934500
2020-02-11,46.163047790527344,46.43760132952332,45.88849425153136,46.20118248926382,14908700
2020-02-12,46.72740173339844,46.92568875689318,46.18592283340449,46.780786813157356,17862100
2020-02-13,46.46809768676758,46.841793214190965,46.18591901575647,46.56724264495412,16949400
2020-02-14,46.25457000732422,46.64351893516406,45.972388350043,46.635893740577444,10855300
2020-02-18,45.66732406616211,46.05627293401804,45.33938547339767,45.87323919947481,18948500
2020-02-19,46.01813507080078,46.23167536932182,45.62918625431342,45.84272655283445,12804900
2020-02-20,45.65207290649414,46.17067336075065,45.54530273813584,45.93425162419378,14817200
2020-02-21,45.095333099365234,45.38513696221291,44.836032915738926,45.38513696221291,20315700
2020-02-24,42.982818603515625,44.08103008490045,42.982818603515625,43.943753286068635,32096600
2020-02-25,41.33549118041992,43.280241540011566,41.16008262108811,43.280241540011566,36414500
2020-02-26,40.42793273925781,41.80832542166333,40.36692246710208,41.602410298259066,29801000
2020-02-27,37.995086669921875,39.99322169806011,37.97983337544528,39.43648954137256,48141300
2020-02-28,39.2305793762207,39.2305793762207,36.61469868366578,37.19431230978291,62446700
2020-03-02,41.091434478759766,41.099059671150904,38.994154549723895,40.107618832005805,38127600
2020-03-03,39.123809814453125,41.29735658203149,38.879762886827805,41.14482652494845,50580700
2020-03-04,39.97797393798828,40.023733827752885,38.986532933905984,39.83307198430364,24079600
2020-03-05,38.21626663208008,38.666228772763205,37.40023404106871,38.4526854947864,40788200
2020-03-06,36.37065124511719,37.37734551910748,35.996955671051204,37.2476968654471,55640500
2020-03-09,31.924423217773438,33.99119714111374,31.116015860894535,31.810024934790952,72896300
2020-03-10,33.106529235839844,35.28007353755017,31.611740771882232,35.21143514332409,60445900
2020-03-11,32.015933990478516,33.15990496497557,31.840525456834538,32.32861927380363,51986100
2020-03-12,28.355222702026367,31.00160937716696,28.217945975350776,30.429623985774718,65725300
2020-03-13,29.07211685180664,30.61266488418574,26.69265787838581,30.51351991175646,79891500
2020-03-16,26.3037109375,28.88908523973685,25.358026851529978,26.235072552959682,48924700
2020-03-17,28.073041915893555,28.50775054745741,26.0825324401707,26.852804761756563,41204400
2020-03-18,25.25888442993164,27.996789076128866,23.81748111787379,26.349470589595704,54036400
2020-03-19,26.25794792175293,26.616393099417586,24.671640071828968,25.724094206518185,49412400
2020-03-20,24.969078063964844,26.829936740289646,24.069152411867165,26.57063649849062,76534600
2020-03-23,23.985261917114258,24.938571191170716,22.963314258954977,24.808919617079145,56952500
2020-03-24,27.028221130371094,27.584953348689055,25.419037660077755,26.250320481561833,61835600
2020-03-25,28.439117431640625,29.43055830201115,26.829931224470673,27.84425058200354,56607700
2020-03-26,29.605972290039062,30.170332654786602,28.004413889144928,28.599277939316636,46722000
2020-03-27,28.179824829101562,28.736557137648006,27.607839221917917,28.317101607567178,51558600
2020-03-30,28.599273681640625,29.094995589163155,27.34853257811318,27.6307112638435,45835000
2020-03-31,28.957719802856445,30.08643749246946,28.500129663217443,29.239898497942534,41491600
2020-04-01,28.622154235839844,29.51445315194132,27.714604932830238,28.111181905623255,36045900
2020-04-02,30.81095314025879,32.000681107124365,28.904334824878138,29.54495869521678,62000200
2020-04-03,29.903396606445312,32.1684597663035,29.377171075352347,31.611727648381546,48425700
2020-04-06,30.864334106445312,31.138887572747922,29.918650267988358,30.4143721276201,41301900
2020-04-07,31.45157241821289,33.03787711216645,31.39055924458055,32.71756667840142,48921800
2020-04-08,33.44208526611328,33.58699012511864,31.626986660604963,31.99305704094115,33355600
2020-04-09,32.89298629760742,35.62326273584662,31.832906776506064,34.66995339539299,60107300
2020-04-13,32.61079788208008,34.082707431542,32.00830871477753,33.89967370528532,29651900
2020-04-14,32.359127044677734,33.3658213062034,31.962550076611755,32.79383579809706,30769000
2020-04-15,30.87196159362793,31.314298413169432,30.03305074802174,31.26853852896112,33125000
2020-04-16,29.857648849487305,30.871968445788344,29.689865479418458,30.871968445788344,30934000
2020-04-17,32.96162414550781,33.037887727784735,30.406753409462393,30.414381513251595,40829100
2020-04-20,31.405826568603516,32.59555780253464,30.91773259856086,31.077887886993064,39260800
2020-04-21,31.238035202026367,32.13033412703593,30.223715724921007,30.81095454188466,44381600
2020-04-22,32.13032913208008,32.74044634405475,31.924414027550814,32.48877135765175,27074200
2020-04-23,33.137027740478516,34.05983033021572,32.64893390489086,32.892980822684684,35271000
2020-04-24,33.35056686401367,34.235237636442974,32.89297963696248,33.86154207984718,28653800
2020-04-27,33.51072311401367,33.80052991816998,32.20659685921338,33.243797708388605,28274400
2020-04-28,34.29624938964844,34.61655985338738,33.640372258066584,33.83865927239043,26545100
2020-04-29,36.19524383544922,36.302014002808896,35.20380282662082,35.28006640065806,29502500
2020-04-30,35.440223693847656,36.36302629975671,34.90636996084225,36.36302629975671,37076300
2020-05-01,32.90060043334961,35.37920388539425,32.793830288590605,34.79959328130184,35399300
2020-05-04,34.22761535644531,34.273372337483615,32.19897343446221,32.4201389644414,27465600
2020-05-05,34.189483642578125,35.95882534182456,34.059832074397114,35.28006672585366,29276200
2020-05-06,33.548866271972656,34.52505418368941,33.48022787760073,34.265753905980965,22659000
2020-05-07,33.73950958251953,34.525035178486796,33.53359451275506,34.28861352595695,22160300
2020-05-08,35.21906280517578,35.24956940428605,34.30388519675366,34.55556027550925,19977400
2020-05-11,34.88349151611328,35.23430860338453,34.708080063208854,35.16567022463417,22258000
2020-05-12,34.300411224365234,35.50543417349788,34.300411224365234,35.311075537648186,25439100
2020-05-13,32.59783172607422,34.10605372278306,32.341276894695184,34.00498936406786,30827900
2020-05-14,32.88547897338867,33.079837599668366,31.252867698910162,31.929234887973855,24856500
2020-05-15,32.652252197265625,33.437459814254126,32.5356358245758,32.94767816658298,22445600
2020-05-18,35.24888229370117,35.435467888895175,34.25376702780628,34.518094891019295,32026100
2020-05-19,34.16047286987305,36.25177369580648,34.152699829314244,35.41214296293861,21771600
2020-05-20,35.27219772338867,35.43546120049668,34.65025079959606,34.68912192626868,19352400
2020-05-21,34.642486572265625,35.59873076689339,34.510321149148595,35.32662687961838,19130700
2020-05-22,34.6735725402832,34.7279927102232,33.77952477292838,34.245984219750305,15406400
2020-05-26,35.692020416259766,35.99521941917689,35.34995027860307,35.559857965009726,20356500
2020-05-27,35.94857406616211,36.64826336558651,35.303301981048534,36.27509514609135,20788300
2020-05-28,35.015655517578125,36.11961123935164,34.930137236039506,36.096289150087536,19698000
2020-05-29,35.349952697753906,35.52098629544809,34.49477284657227,34.84461901452486,25874700
2020-06-01,35.979679107666016,36.11184455668204,34.82907603908995,35.233342463023945,19031000
2020-06-02,36.780433654785156,36.889274029192364,36.34506919147852,36.43058747584927,22319000
2020-06-03,38.2808837890625,38.40527321546923,37.27799237046448,37.31686351015198,23418000
2020-06-04,38.172035217285156,38.21090931732565,37.441247807956685,38.001001632952295,18731400
2020-06-05,41.26622772216797,41.55387767795947,40.11562196764701,40.154496068051316,41328900
2020-06-08,42.5567741394043,43.03878279307358,41.56165576855689,42.541225090488794,33579400
2020-06-09,41.608306884765625,41.95815310454546,40.77645196533254,41.11074913471348,27276900
2020-06-10,39.3770637512207,41.59275117916695,39.3381896486046,41.59275117916695,31156800
2020-06-11,35.90193557739258,37.96991181226844,35.83973937631813,36.95147126226007,39183000
2020-06-12,36.67158889770508,37.79886966819453,35.69202260021296,37.34795913940534,30978100
2020-06-15,36.64827346801758,37.13028218035925,34.790204898770526,35.25666456030399,27929300
2020-06-16,37.472347259521484,38.67737026250419,36.72601077626894,38.537431801184646,26203400
2020-06-17,36.25177764892578,37.41792959462177,36.22845259335099,37.31686226227168,19279400
2020-06-18,36.477230072021484,36.79598110562731,35.58318205987055,35.84750994295815,21478700
2020-06-19,35.74644470214844,37.51899474774458,35.74644470214844,37.48789961578932,48899900
2020-06-22,36.08851623535156,36.104065284752465,35.295535475651064,35.52098927776932,17565400
2020-06-23,36.306190490722656,36.71045677265842,36.15070300295088,36.461677978494436,18916600
2020-06-24,34.595829010009766,35.730882463519585,34.40147042006589,35.692011338666155,27626900
2020-06-25,35.11671447753906,35.171137620243144,33.96611178862124,34.245988679432074,19353600
2020-06-26,33.91169738769531,34.93791085167613,33.81840606342735,34.89126667238101,31518600
2020-06-29,34.45590591430664,34.65804059853864,33.84950779296672,34.05941551935624,17052100
2020-06-30,34.76687240600586,34.96123103445504,33.55407349683915,33.76398117144554,22153600
2020-07-01,33.98166275024414,35.27997996344537,33.950564657139076,34.588063703083336,17290100
2020-07-02,34.269325256347656,35.13227533900809,34.15270885739662,34.689137768079306,18216600
2020-07-06,34.51032257080078,35.04675436073054,34.08273411967141,34.72800331704605,22692000
2020-07-07,33.61627197265625,34.2071209385143,33.51520464858457,34.12937866810687,17407600
2020-07-08,33.53852081298828,34.15269472403501,33.30529107728156,33.54629681806214,18291400
2020-07-09,32.15469741821289,33.50743204084834,32.100277230272255,33.35194748426243,25882000
2020-07-10,33.15757751464844,33.20422167944536,31.952551852330078,31.96810089582132,18951000
2020-07-13,33.16535949707031,33.65514411925304,32.83106238605263,33.41413832866334,20028300
2020-07-14,34.261539459228516,34.354830772328256,32.854381893952855,33.0642895726853,21444100
2020-07-15,34.696903228759766,35.054522393834546,34.37037919036477,35.007875255298885,17332400
2020-07-16,34.42481231689453,34.83685478140892,34.0438709221122,34.44813737777396,14673700
2020-07-17,33.833953857421875,34.743550908087855,33.73288652989978,34.46367694565975,17958900
2020-07-20,33.04096984863281,33.826177474255125,33.025420801058026,33.59294769198853,18553900
2020-07-21,34.71245574951172,35.13226817564488,33.515205765019175,33.546303860489076,28821800
2020-07-22,33.90392303466797,34.32373842614823,33.71733742767309,34.32373842614823,21345400
2020-07-23,33.97388458251953,34.067175882077954,33.445228942226905,33.740654850785006,17934400
2020-07-24,33.76399230957031,34.53365107134614,33.57740665980988,34.11383854932219,16415300
2020-07-27,34.261539459228516,34.27708850569137,33.406362663513285,33.60849433617561,18547900
2020-07-28,33.857276916503906,34.40148174056362,33.78730768247226,34.13715385263048,19190500
2020-07-29,34.230438232421875,34.27708536753977,33.69400952411304,33.98165944314731,14143200
2020-07-30,32.55118179321289,33.56962205925459,32.52008666702386,33.53075092726036,29901100
2020-07-31,32.71445083618164,32.784417106220786,31.804850771861712,31.99920943044451,32116200
2020-08-03,32.846614837646484,33.040973505324864,32.24021674350686,32.691127310368195,23033600
2020-08-04,33.795074462890625,33.89613880003951,32.83883050264429,32.91657275670911,17724000
2020-08-05,34.09050750732422,34.448129692802695,33.841728661751745,34.32374027001646,17175100
2020-08-06,33.927249908447266,34.129384591673535,33.62405084928589,33.74066724081474,14434900
2020-08-07,33.771759033203125,33.83395522671158,33.28197735487384,33.60849847376003,18757900
2020-08-10,34.60361099243164,34.6735802215229,33.896145660810035,34.199347630657144,24367800
2020-08-11,34.96123123168945,36.088508910512395,34.77464564242759,35.3732705773095,28987500
2020-08-12,34.953311920166016,35.627166800973406,34.588637585239304,35.24663666572144,22503200
2020-08-13,34.097110748291016,34.77889491939325,34.02576117168301,34.48557022630885,17338700
2020-08-14,34.24774169921875,34.311161869410256,33.621451263586685,33.77207681395283,13595700
2020-08-17,33.80378341674805,34.22395143276452,33.66901368488763,34.22395143276452,15554600
2020-08-18,33.637306213378906,34.23981142382426,33.52631865020615,33.76414957474552,13014000
2020-08-19,33.26469802856445,33.819638793745796,33.19334845840994,33.57387849117272,14473100
2020-08-20,32.75732421875,33.20920381569696,32.741468422904724,33.050648881428025,15678500
2020-08-21,32.511573791503906,32.77318996611449,32.2737428299755,32.741478364794766,25517700
2020-08-24,33.470821380615234,33.700722870007425,32.574988533214864,32.7256140640834,18208900
2020-08-25,32.408512115478516,33.3519094712379,32.26581294917079,33.02687315335572,31285600
2020-08-26,31.718795776367188,32.37679776781105,31.710869389660807,32.218242816025914,26795000
2020-08-27,31.504751205444336,31.94870145743217,31.163859105276945,31.710870533269503,32034300
2020-08-28,32.25788116455078,32.44021830271157,31.520603200926953,31.584026392035508,33477100
2020-08-31,31.663301467895508,32.281665467108596,31.631592897415548,32.21824227778043,25259600
2020-09-01,31.25899887084961,31.512685658112186,30.957744676905904,31.512685658112186,22464100
2020-09-02,31.0687255859375,31.488896694119592,30.878462048505657,31.100437183570943,26413400
2020-09-03,31.005300521850586,31.73464900721348,30.822963400509863,31.07665009317382,28817200
2020-09-04,30.981521606445312,31.544388826135826,30.64062951019686,31.28277269563547,24632500
2020-09-08,30.26802635192871,30.66441223603026,29.610024332711685,30.323520133768184,38496400
2020-09-09,30.085681915283203,30.791248134083066,30.061896711557395,30.402788731186206,25886100
2020-09-10,29.33255958557129,30.418656215346395,29.25328360717607,30.339380236951172,34381200
2020-09-11,29.25328254699707,29.578318885333278,28.928246208660866,29.435619710045714,26838600
2020-09-14,29.063011169433594,29.34048006209602,28.92824142847874,29.261204099673645,26129900
2020-09-15,28.753828048706055,29.633805062248545,28.706260661098625,29.173996054594912,23724200
2020-09-16,29.974702835083008,30.244245367945865,28.75383353775217,28.90445909098737,30890900
2020-09-17,29.966777801513672,30.10947698824061,29.308778684214904,29.610029834696338,24696200
2020-09-18,29.483192443847656,29.98263969894197,29.09473581980745,29.75273507089382,46853800
2020-09-21,28.88067626953125,29.10265140082402,28.286097432839036,28.88067626953125,35351800
2020-09-22,28.16717529296875,29.20570722607477,28.11961093022959,28.904453157263656,27303200
2020-09-23,27.2634220123291,28.373303753979563,27.231710414182643,28.262316184651407,31251400
2020-09-24,27.207927703857422,27.604313600503577,26.763974410907345,27.271350898929313,26796000
2020-09-25,27.461612701416016,27.69944361954643,26.859107507206687,26.954239269622015,23486000
2020-09-28,27.99277114868164,28.46050659492189,27.826286785374027,27.857998380688255,23396500
2020-09-29,27.17621421813965,27.83421621246332,26.94631271243839,27.747010837390622,20770500
2020-09-30,27.215858459472656,27.683590937398513,27.05730348814659,27.461615792052747,22223700
2020-10-01,26.264528274536133,27.033514796567566,26.113899710284496,26.787757495625048,36890200
2020-10-02,26.145606994628906,26.43893163974003,25.535172499971292,25.566884089762674,32694300
2020-10-05,26.74812126159668,26.756047648777425,26.296238563501056,26.415155540502695,22965200
2020-10-06,26.47064781188965,27.28720173317832,26.40722764551182,27.049370816939152,26731800
2020-10-07,26.5578556060791,26.748122170913067,26.327951055625196,26.66884317548873,23779300
2020-10-08,27.953134536743164,28.016557737341895,26.76397674317888,26.859111544076978,34413700
2020-10-09,27.54088592529297,28.500138807995796,27.46953636237057,28.286090119228593,29228600
2020-10-12,27.453683853149414,27.532959810690333,27.136573974617882,27.382334281689015,17912800
2020-10-13,27.128650665283203,27.643950496108808,27.03351587642385,27.532962933290502,20995100
2020-10-14,27.07315444946289,27.612239441121087,26.97801966915803,27.001804876326247,17743000
2020-10-15,27.31098747253418,27.318913859416394,26.37551656285248,26.71640865828823,23251600
2020-10-16,27.033519744873047,27.461617283447325,26.859111988708666,27.247568514160186,22627200
2020-10-19,26.494428634643555,27.24756235084898,26.470646451497117,27.033513629978973,23645800
2020-10-20,26.716411590576172,26.898748750722095,26.423086856792256,26.684699991198297,23040600
2020-10-21,26.288311004638672,26.652985282386293,26.27245520679953,26.56577990636312,28619300
2020-10-22,27.63602638244629,27.715302355499322,26.177326099305034,26.304169470700597,31831500
2020-10-23,27.081085205078125,27.810436850837952,26.84325426431158,27.723231466913838,27429100
2020-10-26,26.438934326171875,26.771900004446337,26.12182746858815,26.645056656576056,30888700
2020-10-27,26.018770217895508,26.320024348479926,25.923638448726265,26.280386363341442,27100700
2020-10-28,25.027807235717773,25.66995352736686,24.988169247780462,25.44797535138559,42136400
2020-10-29,26.137685775756836,26.264529135811085,24.663129825011005,24.900960747089695,38622800
2020-10-30,25.860210418701172,26.272452040280296,25.376619227537507,25.693729097731865,47885700
2020-11-02,26.946313858032227,27.31891453438695,25.820576369337076,26.272456037393884,40130300
2020-11-03,26.48650360107422,27.34269852828289,26.26452848254642,27.34269852828289,36773000
2020-11-04,26.34380531311035,27.065227496240823,25.788864474352078,26.375516909424373,35410100
2020-11-05,26.296236038208008,26.890814817748623,26.27245385476528,26.45479098425565,30824100
2020-11-06,25.987056732177734,26.684696711832977,25.860213374438977,26.24074344765524,33985600
2020-11-09,29.277061462402344,30.13325339424312,28.587350875060572,28.87274616955131,76879400
2020-11-10,29.926589965820312,30.3893720294445,29.21211816172673,30.080849621312343,49055400
2020-11-11,29.61805534362793,30.137669860633306,29.382604047751485,30.11331389800706,34124500
2020-11-12,28.603179931640625,29.463793340723413,28.310896015456034,29.11467678496366,30933700
2020-11-13,29.293298721313477,29.43131997664238,28.724969164404104,28.74120750570402,29241500
2020-11-16,30.982051849365234,30.990169472986487,30.121438179579602,30.519269874266147,38596800
2020-11-17,31.39610481262207,31.428581486942317,30.348758391536258,30.697874897613573,26521100
2020-11-18,30.21074104309082,31.769587701441086,30.2026234212113,31.680278375032106,31068000
2020-11-19,30.36499786376953,30.446186455458925,29.683003163281402,29.926572035495823,26954400
2020-11-20,29.99152946472168,30.373122750677595,29.861625828652194,30.324407725721418,18351000
2020-11-23,31.956323623657227,32.01315626762756,30.267573353833757,30.446192004681535,29367600
2020-11-24,34.08349609375,34.16468779592897,32.654556204014405,32.890004397466534,46979300
2020-11-25,33.13357925415039,33.864286053673005,33.00367561664768,33.83180937001057,28178200
2020-11-27,32.63020324707031,33.239127190129096,32.370395945803686,33.044273262752796,14971900
2020-11-30,30.957700729370117,32.37852356595011,30.827797051054436,32.31357017821827,45614300
2020-12-01,31.258092880249023,32.19177741293346,31.233736915844975,31.631565454463978,32472900
2020-12-02,32.427223205566406,32.816934092643365,31.128186915309893,31.16878121866538,29369500
2020-12-03,32.64644241333008,32.99555906392101,32.25673145160827,32.532777103304646,27038900
2020-12-04,33.83993148803711,33.90488176089922,33.00367698062436,33.1011039384911,28723600
2020-12-07,33.20664978027344,33.72626432303078,33.01991040039472,33.62883427340355,24899400
2020-12-08,34.29459762573242,34.578760891893516,32.83317769362589,32.906248690231216,32573800
2020-12-09,34.7492561340332,35.50432200752273,34.40826024130739,34.676185143142376,37824800
2020-12-10,35.731658935546875,36.10513467581884,34.71678560283011,35.07402299812089,38058700
2020-12-11,35.5611572265625,35.66670490928838,35.08213693991097,35.479968607325546,25478800
2020-12-14,34.278350830078125,36.09700147936484,34.24587415133994,35.999574540296834,30595000
2020-12-15,34.94410705566406,35.09024901199115,34.148447014075785,34.456966168858266,27138400
2020-12-16,35.4799690246582,35.81284732288086,34.87916270493697,35.52056333475417,34273000
2020-12-17,35.30134582519531,35.756010092657576,35.236395556784665,35.72353340987878,21204600
2020-12-18,34.692420959472656,35.54491372636875,34.44073132091799,35.13084687289813,46596800
2020-12-21,34.05915069580078,34.16469839279781,32.90625294443898,33.37715567169671,27869500
2020-12-22,33.482688903808594,34.018541684314165,33.47456818600675,33.75873446329003,21792900
2020-12-23,33.91299819946289,34.4163743648986,33.661308568171656,33.70190287072914,19085900
2020-12-24,33.77498245239258,33.977957113998656,33.596366856239555,33.81557986243183,8039000
2020-12-28,33.88864517211914,34.546280983083356,33.710026508821684,33.84804776889916,23877500
2020-12-29,33.507049560546875,34.19716200742975,33.45021691655167,34.132211741641,20287700
2020-12-30,33.77498245239258,34.440739094688716,33.50705750958927,33.55577254334785,23807300
2020-12-31,33.46646499633789,33.839937650460946,33.26349032381696,33.669439668858814,22786500
2021-01-04,33.693790435791016,34.30271435932941,33.28784115343209,33.65319612698457,27764700
2021-01-05,35.31758499145508,36.373052429241575,33.961715973815984,33.96983359612681,44035100
2021-01-06,36.21879959106445,36.61662819866596,35.47997193694265,36.05641924020467,36484800
2021-01-07,36.502960205078125,36.99821884516174,36.15384356033549,36.53543689229775,29528100
2021-01-08,36.90890884399414,37.20119282945041,36.49484192936263,36.697816575135334,28628200
2021-01-11,38.029327392578125,38.272896332939645,36.33245933548202,36.567910653261904,38246200
2021-01-12,38.87370681762695,39.10915506374526,38.08616416463683,38.532707786492516,36915100
2021-01-13,39.312129974365234,39.54758131916119,38.71944434919255,39.401439318746284,29000300
2021-01-14,40.84661865234375,41.47178093025814,39.37708110837766,39.37708110837766,35474800
2021-01-15,38.88182067871094,39.84798192581229,38.394682792396424,39.70995756316332,42411300
2021-01-19,39.65312194824219,40.14025979813472,39.25529032968397,39.336482036097344,24932600
2021-01-20,40.21333312988281,40.38383417471811,39.77491027827702,39.8723372345064,22342400
2021-01-21,39.06044006347656,40.09966922510104,38.71132343627824,40.050957293866894,29044500
2021-01-22,38.50834274291992,38.67884066972871,37.86694224056682,38.16734379215564,23264800
2021-01-25,38.07803726196289,38.199820167074996,37.47723106644442,38.07803726196289,26395800
2021-01-26,37.241783142089844,38.85746251177781,37.22554480051318,38.370321555918785,23976800
2021-01-27,36.81959533691406,37.88318347535471,36.15383882190448,36.53543210385398,32410300
2021-01-28,37.39604568481445,37.82635089481332,37.095641012601135,37.29861563575486,24967200
2021-01-29,36.40552520751953,37.37980392909785,36.13759724279815,36.981972341309145,38961100
2021-02-01,36.47048568725586,37.00634176681236,35.95899177028427,37.00634176681236,24412400
2021-02-02,37.04692077636719,38.15110297422192,36.762754509396366,37.19306272003303,31940400
2021-02-03,38.50022506713867,38.70319969047149,36.87642808047612,37.046929117907375,28459300
2021-02-04,39.23905563354492,39.27964993874507,38.362203774916296,38.87370069244966,25280300
2021-02-05,40.5543327331543,40.692353998462266,39.81550518489825,39.929170485068845,34980100
2021-02-08,42.29990768432617,42.51100301412238,41.171369342955515,41.341867272843146,36998700
2021-02-09,41.80450439453125,42.07697927570774,41.094413568217156,41.837529457579734,28977000
2021-02-10,42.20908737182617,42.45679265885958,41.6063366851389,41.804502804611786,25723800
2021-02-11,41.15220642089844,42.05220463800877,40.27697778553411,42.0191764291852,26972200
2021-02-12,41.71368408203125,41.870563389607355,40.79717152519196,40.81368563384379,19756700
2021-02-16,42.96872329711914,43.37330789077948,42.621933352809314,42.902666869729146,28060100
2021-02-17,43.63751983642578,43.984309721415386,42.770549848566695,43.22467668508876,25509700
2021-02-18,42.95220947265625,43.71183949417237,42.82009976675155,43.60450252357368,20627600
2021-02-19,43.24119567871094,43.398078109794554,42.869636170544005,43.02651860162762,22607200
2021-02-22,44.834774017333984,45.255875874562825,43.422850930789025,43.422850930789025,36435100
2021-02-23,45.45402908325195,45.627422446110536,44.37238207230662,45.396231295632425,33527900
2021-02-24,46.81641387939453,47.064119139654586,45.30540643724464,45.5696258014878,28728600
2021-02-25,46.0402717590332,47.27054586704972,45.70174046483971,47.047610163593966,29670900
2021-02-26,44.89256286621094,45.46228842418779,43.86045500001315,44.92559107386764,35291000
2021-03-01,46.56871032714844,47.567790031695374,46.34577463981473,46.62650811833754,36998300
2021-03-02,46.29623794555664,47.03109836536805,46.25495425394526,46.775137587531226,30302600
2021-03-03,46.66780090332031,47.856788317829064,46.139362052427536,46.58523036427832,35358900
2021-03-04,48.476043701171875,49.103567076123454,47.14668820528741,47.16320230986439,52137500
2021-03-05,50.30906295776367,50.40814442483765,48.80631424987889,49.40080935180889,51429800
2021-03-08,50.2595329284668,50.87054228247782,49.392562792834575,50.84577269709353,38154600
2021-03-09,49.48338317871094,50.688884493071654,49.10356821387018,50.04485014836399,35645900
2021-03-10,51.00265121459961,51.12650228938819,49.565955438948116,49.97054317597588,31579100
2021-03-11,50.62282943725586,51.646678710687986,50.581542601441484,51.0108998660155,24802600
2021-03-12,51.167781829833984,51.49805446522224,50.77970825476588,50.820991940471494,20422700
2021-03-15,49.863197326660156,51.0769572484878,49.43384005397457,50.77145418609853,31243600
2021-03-16,48.80632019042969,49.26044704868197,48.253108703300114,49.1613655695481,30624800
2021-03-17,49.020999908447266,49.318247511690984,48.401735118270715,48.459532913374375,25575500
2021-03-18,46.90724563598633,48.69072813848611,46.66779582344509,48.5586184401433,38622800
2021-03-19,46.64302444458008,47.45219670951259,46.08155746079123,46.82467330422221,84439400
2021-03-22,46.164127349853516,46.94853007427643,46.15587187158839,46.65128246083248,29315100
2021-03-23,45.59440231323242,46.47788647625994,44.95862343100582,45.3632079880405,33493300
2021-03-24,46.519168853759766,47.29531288499419,46.30449178971397,46.30449178971397,29781800
2021-03-25,46.38706588745117,46.65128530445263,44.999912373321564,45.58614900793456,31495900
2021-03-26,47.650360107421875,47.708157901889024,46.66779445173679,47.31182881850991,34226500
2021-03-29,47.39440155029297,47.74118833322376,46.84944864158479,47.34485923141269,21144400
2021-03-30,46.80815887451172,47.36137037665143,46.643024121389196,46.948527194358086,20303400
2021-03-31,46.098060607910156,46.758608917184716,46.07328788086419,46.52741464663153,23686500
2021-04-01,47.38615036010742,47.43569268676397,46.354042177844256,46.50266600806969,23194500
2021-04-05,46.651283264160156,47.32834588433307,46.354035645597655,47.311831777774735,23264800
2021-04-06,46.519168853759766,47.50999309878343,46.45311243421125,46.932012026707675,18926300
2021-04-07,46.7255973815918,46.874221197911446,46.43660837749465,46.56045945793175,22385000
2021-04-08,46.238433837890625,46.30449025525013,45.676966889308204,46.18063604757273,21999300
2021-04-09,46.1310920715332,46.601733004151434,45.850358607362395,46.23843217100113,20020700
2021-04-12,45.825592041015625,46.890728179529006,45.6687127697378,46.865955447411025,20238800
2021-04-13,45.99898910522461,46.2219248137003,45.487064413397306,45.66045780340828,19370600
2021-04-14,47.32835006713867,47.89807261990548,46.44486576152126,46.576975475919824,28051100
2021-04-15,47.04761505126953,47.41091596700834,46.88247712602682,47.41091596700834,23250300
2021-04-16,46.783382415771484,47.625582761841535,46.601730434341746,47.36136341598541,22752000
2021-04-19,46.634761810302734,47.1797146418955,46.20540455666248,46.85769748910113,21123300
2021-04-20,45.65220260620117,46.62651282713184,45.23110077101835,46.62651282713184,21782100
2021-04-21,46.238433837890625,46.34577394122815,44.834766466434566,44.999904360089985,16625600
2021-04-22,45.63568115234375,46.23017628288777,45.42925958198744,46.23017628288777,21600100
2021-04-23,45.88338851928711,46.18889157555168,45.561371358664545,45.635683253403855,15337900
2021-04-26,45.974212646484375,46.47788178479401,45.77604655200035,45.80081928240037,16083800
2021-04-27,46.576961517333984,46.75861350134699,46.08155102424427,46.24668575544544,19278600
2021-04-28,47.98063659667969,48.26962557310048,46.89073081454472,46.989812299354185,24729800
2021-04-29,48.66595458984375,49.111825995439936,48.013664736927424,48.64944048410942,27318400
2021-04-30,47.262290954589844,48.62467162568634,47.19623453066718,48.16228925720234,30518400
2021-05-03,48.56687545776367,48.70724378843315,47.67513575311899,47.873298732042805,20509600
2021-05-04,48.87238311767578,49.12834706824171,48.31091604205921,48.71550381556741,23522200
2021-05-05,50.342098236083984,50.40815150683232,49.04577090649514,49.351273976911095,31526200
2021-05-06,50.821006774902344,50.8953186907611,49.565962834701125,50.25128418648131,26836800
2021-05-07,51.54759979248047,51.58062800287382,50.243013829634634,50.42466583705456,33610600
2021-05-10,51.67145919799805,52.860443394180486,51.63017235598653,52.21641212526556,31956600
2021-05-11,50.02833557128906,51.514570356450776,49.86319767299478,50.88705012262461,34563800
2021-05-12,50.296409606933594,51.670261702188085,50.05347148882346,50.27127598378587,34426500
2021-05-13,49.676490783691406,50.6398641553027,49.21574824773197,49.42517696367977,24268200
2021-05-14,50.90794372558594,51.00009289194063,50.20426295916651,50.20426295916651,20735400
2021-05-17,52.09749221801758,52.14775626604984,50.62311529432328,50.7152644512346,25282500
2021-05-18,50.623111724853516,52.18963769500234,50.59798130042383,51.938323863819285,25170800
2021-05-19,49.40842819213867,50.14561825521829,48.93930666188274,49.50895309304031,28889800
2021-05-20,49.291141510009766,49.55083426187174,48.788513882256574,49.38329065407784,20692500
2021-05-21,49.35816955566406,50.120493324274484,49.29952975740623,49.77702708357959,20792700
2021-05-24,49.936195373535156,50.09536008494091,49.16549585451455,49.49220741313061,18400300
2021-05-25,48.805274963378906,49.8775523467209,48.68799537355146,49.84404297944758,25616100
2021-05-26,49.37491226196289,49.525701191081616,48.503691243934036,48.79689016409347,21698700
2021-05-27,49.05659484863281,50.01158950153901,48.60422795126799,49.61786240246636,33556000
2021-05-28,48.897422790527344,49.25764048980762,48.679618300455786,49.199000696494934,19246800
2021-06-01,50.64824676513672,50.84929976578348,49.80215604406482,49.80215604406482,28474200
2021-06-02,51.05034637451172,51.36030319758678,50.4053054988439,50.89118168920232,22978300
2021-06-03,51.25140380859375,51.44407787456541,50.55609882668682,50.723642465331906,20272800
2021-06-04,51.47758483886719,51.68701357849184,50.916314154946036,51.48596058237543,20427800
2021-06-07,51.142494201660156,51.712140591491206,51.11736377716515,51.37705654758566,15477900
2021-06-08,52.04723358154297,52.34043255180844,50.8241672590506,51.51947223943601,28953400
2021-06-09,52.48284912109375,53.12788689695254,52.097497769706656,52.49960060992729,29133000
2021-06-10,52.56662368774414,53.59701290006023,52.14776612847925,53.28705920098049,27488700
2021-06-11,52.08073425292969,52.935203841850985,52.055603828311895,52.78441490288671,17631700
2021-06-14,51.99696350097656,52.59174031203767,51.578106051672336,52.18963754418106,16997200
2021-06-15,53.89020538330078,53.94884517536472,52.23152693580124,52.340430776332404,30717100
2021-06-16,53.6975212097168,54.283925446055775,53.24515761431491,53.88181950138741,24803200
2021-06-17,51.92995071411133,53.99910444995358,51.326794932649214,53.49647676248775,28491800
2021-06-18,50.59798812866211,51.56135847747619,50.46395385423453,51.10061585885822,39590700
2021-06-21,52.43258285522461,52.52473201806728,51.01684563196035,51.04197605977956,33145400
2021-06-22,53.437843322753906,53.6221416546871,52.1310067061563,52.65038913767886,25140400
2021-06-23,53.83156204223633,54.200152257512975,53.26191564634598,53.65564267764252,20701600
2021-06-24,54.04936599731445,54.08287536241138,53.454592342803174,53.739415554869176,19568400
2021-06-25,54.16665267944336,54.39283290773437,53.91533563355737,54.124764374709706,18438300
2021-06-28,52.784420013427734,54.08287760633227,52.566615522518795,54.08287760633227,20570000
2021-06-29,52.457706451416016,53.42107987032739,52.43257602686957,52.951958373144926,19579300
2021-06-30,52.84305953979492,52.968714862444294,52.31529823690671,52.52472697028454,17875500
2021-07-01,52.99385070800781,53.96560000244534,52.583372138156086,53.89020871852208,22530300
2021-07-02,52.918453216552734,53.044111740531235,52.29016698791824,52.784418948935866,14555300
2021-07-06,51.41057205200195,52.5749954676366,51.01684814901579,52.56661972316002,22110800
2021-07-07,50.60635757446289,51.77915972646383,49.944562028753374,51.25139843850053,21671400
2021-07-08,50.38017654418945,50.857673809683625,49.68487479793417,49.802154379546224,18935900
2021-07-09,51.29328536987305,51.477583679192186,50.4639493691947,50.849297474472095,20086000
2021-07-12,51.243019104003906,51.51946655601113,50.396928457697285,50.61473292649158,21809400
2021-07-13,51.00008773803711,51.527845862796184,50.6901309015074,51.10061263861565,17147300
2021-07-14,49.86917495727539,51.71214867141769,49.72676493538071,51.24302710189606,21573600
2021-07-15,49.383296966552734,50.01158317936987,49.23250801982631,49.56759208261809,15851100
2021-07-16,48.017822265625,49.64298817192001,47.87541225331939,49.57597263543179,27049500
2021-07-19,46.367523193359375,47.07958284878323,45.739236953906655,46.61046130623207,37969100
2021-07-20,46.87852478027344,47.414661802036164,46.0994496718905,46.493176695335066,26756100
2021-07-21,48.386417388916016,48.838784259559816,47.60734537253501,47.63247580013884,20908700
2021-07-22,47.84189987182617,48.36966116928358,47.46492751649945,48.36128223048252,13493800
2021-07-23,47.783260345458984,47.992689077833234,47.305763091296015,47.992689077833234,14088200
2021-07-26,48.98957061767578,49.13198382301085,47.749752856799276,47.88378712295812,18387600
2021-07-27,48.44505310058594,48.595838839182754,47.92566757352987,48.595838839182754,16861400
2021-07-28,48.77177047729492,49.11523351464365,48.26913953771166,48.58747214655146,16855300
2021-07-29,49.366546630859375,49.70163391878497,49.056592966687184,49.42518642690197,18607800
2021-07-30,48.22724151611328,49.32464907128174,48.0178128129182,49.32464907128174,28652800
2021-08-02,48.23563003540039,49.475447821119374,48.084841083496684,48.210496412997074,20873800
2021-08-03,48.7550048828125,48.930924234266705,47.69110664041126,48.22724363282134,18208200
2021-08-04,47.61571502685547,48.48693928949587,47.590584602465626,47.90891396349948,20868300
2021-08-05,47.917293548583984,48.33615100408624,47.60733992628837,47.858653760463966,15180200
2021-08-06,48.47019958496094,48.646119001305145,48.19375204873741,48.30265591412514,14888500
2021-08-09,47.917293548583984,48.18536206445513,47.60733992628837,47.858653760463966,17828200
2021-08-10,48.738258361816406,48.8890473156295,48.00106827602228,48.10159318002132,16340200
2021-08-11,48.88067626953125,49.00633481654346,48.35291804159102,48.74664197734538,18278600
2021-08-12,48.770118713378906,49.14429433452112,48.36192978085789,48.81264102959762,19225500
2021-08-13,48.27688980102539,48.53200746865231,47.87720340054503,48.497990914569485,20063000
2021-08-16,47.5710563659668,47.69861680961614,47.00129373739258,47.639089467645604,16959500
2021-08-17,47.2479133605957,47.877203391017055,46.77169133552232,47.19688852948162,16243700
2021-08-18,46.25294876098633,47.46051044009933,46.184918899006504,47.12885391445768,21890500
2021-08-19,44.84130096435547,45.674687173341695,44.30555152857949,45.47059431285396,30923500
2021-08-20,44.84979248046875,45.18994822123893,44.31404321486002,44.45010615996739,16918300
2021-08-23,46.695152282714844,46.82271272913661,45.87877450880687,45.87877450880687,21632600
2021-08-24,47.07783889770508,47.494530375964345,46.78019888352239,47.018311543668034,17915600
2021-08-25,47.162872314453125,47.426495744442015,46.66113949221439,46.97578775368417,13270300
2021-08-26,46.52507019042969,47.2308989985856,46.45704033503931,46.94176481418387,11842600
2021-08-27,47.4265022277832,47.80067464446874,47.111857167297686,47.111857167297686,15822500
2021-08-30,46.90775680541992,47.91122249611288,46.87374024953266,47.82618435039205,14086100
2021-08-31,46.363502502441406,47.03531484867126,46.31247767123505,46.71216407235863,27104100
2021-09-01,45.7257080078125,46.56759666062443,45.58113927062427,46.33799302367372,21644100
2021-09-02,46.8397331237793,47.31595199310603,46.15091237407746,46.16792065426738,23293300
2021-09-03,46.6611328125,47.04381088383203,46.43152596970078,46.873731380573716,13840000
2021-09-07,46.38901901245117,47.00130408638925,46.32098913979003,46.49106544344167,14354400
2021-09-08,45.96381378173828,46.924760301648696,45.929797229317366,46.59310702553725,18756700
2021-09-09,45.99783706665039,46.77169590550891,45.326024655993685,45.59815062719685,19110800
2021-09-10,45.9042854309082,46.967278340786585,45.87877463915014,46.933261789111214,15123700
2021-09-13,47.08634567260742,47.562567791960426,46.448549755401444,46.47406379800818,22052300
2021-09-14,46.41452407836914,47.42649216300896,46.269955355422354,47.358459059505314,19940300
2021-09-15,47.979248046875,48.07279194514954,47.03531303591558,47.0863346211584,23240900
2021-09-16,47.46902084350586,48.013272805762135,47.19689486237772,48.013272805762135,17907200
2021-09-17,46.90775680541992,48.259884083964,46.85673197158903,47.06082806291527,30000400
2021-09-20,45.65766525268555,46.06585409569971,45.03687785118505,45.73420086350049,27555100
2021-09-21,45.61515808105469,46.35500034913515,45.28350476239784,46.23594564438628,19696800
2021-09-22,46.95027160644531,47.54554830432103,46.23594021779385,46.28696504698218,25690600
2021-09-23,48.54051971435547,48.67658270486813,47.00980701609108,47.12886172728996,23069400
2021-09-24,48.97420883178711,49.16979913536156,48.200350133298244,48.21735840891301,22328600
2021-09-27,50.428382873535156,50.85358003645535,50.02019398641141,50.045704778107606,32972200
2021-09-28,50.95563507080078,51.43185714170453,50.60697346795976,50.93863003612338,37619300
2021-09-29,50.92162322998047,51.18524344707045,50.215794242551375,50.88760667164707,23422800
2021-09-30,50.02020263671875,51.16823387754074,50.011700119348596,51.125714802695015,31289600
2021-10-01,51.81452560424805,51.865550430722784,50.52192586285966,50.52192586285966,24407300
2021-10-04,52.48634719848633,52.783983962393236,51.83154307389372,52.14618811630922,33946700
2021-10-05,52.401302337646484,53.319729852338064,51.891066992149305,53.166658599889466,29641600
2021-10-06,51.44036102294922,51.976107183637836,50.81106771096918,51.42335274489599,25284900
2021-10-07,51.58492660522461,51.942093956934976,51.14272110710563,51.5424075320203,19513600
2021-10-08,52.87752914428711,53.08162200330538,52.08666201659694,52.08666201659694,22186900
2021-10-11,52.350276947021484,53.62586846210878,52.299252118579076,53.60035442588909,22121500
2021-10-12,52.078155517578125,52.70744556943676,51.74649897003412,52.358783988272585,20198600
2021-10-13,51.93358612060547,52.205712071035585,51.20224641232557,51.68697096427905,14991700
2021-10-14,52.724449157714844,52.91153695086964,52.01862029735592,52.47783402019207,18594500
2021-10-15,53.2261848449707,53.63437376170321,53.09862438924304,53.34523954018471,16092600
2021-10-18,53.200679779052734,53.69390689004015,52.954064601560276,53.65138781488567,18282800
2021-10-19,54.00004959106445,54.09359350309645,53.294220614093945,53.46430015924325,18933200
2021-10-20,54.29768371582031,54.314691993906074,53.33674033395472,53.4813058316877,14305200
2021-10-21,53.311222076416016,54.11909737957885,53.02208785983133,53.97453189328505,16564600
2021-10-22,53.6768913269043,53.76193270967012,53.022087277594196,53.379254597216544,14266800
2021-10-25,54.72288513183594,54.782412487701684,54.06808421731272,54.18713892904422,17939800
2021-10-26,55.989959716796875,56.07500434041043,54.73137973844024,54.84192866594645,25585100
2021-10-27,54.535789489746094,55.48823353514608,54.408232278592315,55.41170115485209,21764500
2021-10-28,54.68886184692383,54.82492806530813,54.11059663877653,54.27217040711209,16626400
2021-10-29,54.824928283691406,55.58177878448426,54.705873586128114,55.31815859530759,23966300
2021-11-01,55.811378479003906,56.19405982672344,55.29263740995744,55.335159722368715,19656400
2021-11-02,55.12255859375,55.658304670253095,54.98649887869888,55.30114061925103,16300000
2021-11-03,54.3657112121582,54.80791342071898,54.136104347714905,54.459255109968105,17372800
2021-11-04,54.773902893066406,55.1820885455193,54.28067261569136,55.00350651157191,17720100
2021-11-05,55.29264831542969,55.556275025986004,54.901467618469766,55.31816560070564,18565100
2021-11-08,55.88792419433594,56.44918115659707,55.59878670808434,55.74335869520752,17696000
2021-11-09,56.432167053222656,56.440672812979365,55.53925043058556,55.93043103547605,18781300
2021-11-10,55.32041931152344,56.578680076059065,54.95845194958124,56.29427691399064,20177200
2021-11-11,55.4238395690918,55.87199124793238,55.173910089582286,55.320425008734915,13319300
2021-11-12,55.00155258178711,55.475557939293466,54.79471686905195,55.12220729548168,18158900
2021-11-15,55.47555160522461,55.82027556202718,54.484453791447216,54.949835735762285,18849200
2021-11-16,56.03573989868164,56.33738326983127,55.44969987716285,55.44969987716285,17028700
2021-11-17,55.4238395690918,56.22533528779878,55.31180493697577,55.48416692102939,15497000
2021-11-18,54.820560455322266,55.613436021357785,54.38964896397415,55.29456572588021,16948200
2021-11-19,52.286800384521484,53.458880202923034,52.06272784869478,53.33822550766297,32035500
2021-11-22,53.01073455810547,53.89841453850418,51.98516630828654,51.98516630828654,21994400
2021-11-23,54.406890869140625,54.62234663481706,53.36408246469516,53.596775086137,21185900
2021-11-24,54.70852279663086,55.02739638115694,53.932884081221985,53.932884081221985,15869700
2021-11-26,52.78666305541992,52.933171399324486,51.31294639424221,52.157532608617636,24979600
2021-11-29,53.07968521118164,54.415510367488096,52.82113893699236,53.9242714602502,18946400
2021-11-30,51.57149124145508,52.734951039359224,51.41636283005533,52.105820609835334,34979800
2021-12-01,51.52840042114258,53.458882192331934,51.49392671047284,52.485024522866816,30630600
2021-12-02,52.812522888183594,53.071072469663626,50.968221827513695,51.48531770287928,29216000
2021-12-03,52.47640609741211,53.63124914031992,52.01102085155506,53.36408280564034,22014700
2021-12-06,53.07106018066406,53.57091579475155,52.93316534908822,53.19171487069919,19210500
2021-12-07,53.66572189331055,54.32070596690868,53.51921026478307,53.72604924400008,19800400
2021-12-08,53.82085037231445,54.458597591132865,53.72604931037262,53.95874192943146,18214400
2021-12-09,53.958744049072266,54.09663561160602,53.2692862364035,53.47612193640704,16910300
2021-12-10,54.30347442626953,54.59649442440965,53.631253431310476,54.52755028298546,17942400
2021-12-13,53.11416244506836,54.05354982404497,52.872849723914776,53.8380940333402,17793700
2021-12-14,53.03659439086914,53.8380901372975,52.76081126173188,52.795281687178374,22551100
2021-12-15,52.80390167236328,53.00212059062994,51.71800272652688,52.73495424639528,19961900
2021-12-16,52.89008331298828,53.82085384935511,52.82975595832683,52.950410667649734,21187800
2021-12-17,51.73523712158203,52.81251594412102,51.442217150347666,52.528116044519635,44338100
2021-12-20,50.985450744628906,51.06301494947364,49.95126244256381,50.66657714142011,21819300
2021-12-21,52.14029312133789,52.29542152916922,51.468072212464755,51.49392585123866,19798900
2021-12-22,52.562599182128906,52.89008963584323,51.68353911078038,52.0024127789105,14058300
2021-12-23,52.588443756103516,53.29513840552644,52.571206900313435,52.717715243138,13543300
2021-12-27,53.33823013305664,53.38994070162115,52.07134914777663,52.51088076158952,12593700
2021-12-28,53.165855407714844,53.70018799177969,52.91592925640005,53.35545750448583,12781000
2021-12-29,52.700477600097656,53.088295318808804,52.50225541763546,52.984877479658756,12733600
2021-12-30,52.390220642089844,53.08829516380681,52.372983787682855,52.76080479285552,11940300
2021-12-31,52.73494338989258,52.97625604350749,52.312651999355175,52.3471257052421,14072000
2022-01-03,54.760231018066406,54.8119382909933,52.75218196703322,52.77803889109032,24282400
2022-01-04,56.81999969482422,57.04407555153416,55.24286177580783,55.26871541789191,38584000
2022-01-05,57.52668762207031,58.267855958646855,57.29399829555812,57.31123186318615,34033300
2022-01-06,58.8797492980957,59.01764413934072,57.80247050782376,58.6039661907936,30668500
2022-01-07,59.362361907958984,59.620911420764834,58.58672651991592,59.05210512266686,23985400
2022-01-10,59.009029388427734,59.61230293529812,58.56087768916243,59.43994094338902,22760300
2022-01-11,61.49107360839844,61.53416739118806,59.10382664110393,59.37098968387296,32936100
2022-01-12,61.310096740722656,61.88751665787999,60.87918517713861,61.310096740722656,23045100
2022-01-13,60.87056350708008,61.68929940151273,60.59478037663261,61.29286156244377,21043200
2022-01-14,61.93921661376953,62.18052598318214,60.84469780583597,60.88779158259701,23012900
2022-01-18,62.98202896118164,63.67148344390836,62.05987857695386,62.75795313108119,32841200
2022-01-19,63.00788116455078,63.65424842592272,62.52526238011984,63.55944736823981,26431600
2022-01-20,63.145774841308594,64.09378549940975,62.275338255507876,62.48217395582615,26774600
2022-01-21,62.1977653503418,63.06820843564643,61.22390771146404,63.06820843564643,35995200
2022-01-24,62.732093811035156,62.982023257515856,60.163858506830344,61.086008807548,41507000
2022-01-25,64.57638549804688,64.84354847369977,61.52553186327461,62.55971663853897,39278400
2022-01-26,63.921417236328125,65.49855507472527,63.335377270020416,65.00731617467237,35252400
2022-01-27,64.74016571044922,65.50718788645227,63.76630121774289,65.03318246299436,29174700
2022-01-28,64.87804412841797,65.17106741150853,63.73181778828454,64.61088106236757,30595700
2022-01-31,65.46408081054688,65.86051864100561,64.00759769143562,64.61087779662891,36085500
2022-02-01,69.66114044189453,70.2471802252214,65.73122389333179,65.88635226465908,61033100
2022-02-02,69.48017120361328,69.64391309913104,68.2132903675381,68.9975458623733,30299300
2022-02-03,68.67005920410156,69.21300534522781,68.1012528489511,69.02340322684432,28529400
2022-02-04,70.1610107421875,71.1262482549425,69.69562555202887,69.69562555202887,32197500
2022-02-07,71.00560760498047,71.600267672512,69.497417117916,69.92832868564871,34949200
2022-02-08,69.16991424560547,71.10039588058333,68.8768910131819,70.90217370201556,34356300
2022-02-09,68.83878326416016,69.73630051391163,68.58608313542098,69.3441835216385,40106100
2022-02-10,68.17655944824219,69.43134491261665,67.78444231466584,68.59482348572746,28527700
2022-02-11,69.89315795898438,69.98900997397804,68.16783498525812,68.50767153002481,42002100
2022-02-14,68.82135772705078,69.57073582365226,67.13959986720943,69.34418259243549,34652800
2022-02-15,67.95870971679688,68.13298915526265,66.59064770322443,67.00891170746146,25075100
2022-02-16,68.27240753173828,69.4749124148275,68.00228270638623,68.65581565655873,21733800
2022-02-17,68.16783142089844,68.94335648487481,67.9238402558034,68.38567568938797,23738800
2022-02-18,67.40973663330078,68.115549995085,67.00018831046005,67.23546386310815,23394800
2022-02-22,66.62550354003906,69.52719136949034,65.62341837588876,69.42262370649074,35947800
2022-02-23,66.8956298828125,67.50559795874689,66.3379489636091,66.62550505734612,25385000
2022-02-24,66.0503921508789,68.86493668729462,64.50805083692212,68.83879643588521,46199900
2022-02-25,67.82801818847656,67.95872613688715,66.45124685638793,66.825939429521,28310300
2022-02-28,68.33338165283203,68.77778577719475,66.39892368004246,66.66905506642077,32204600
2022-03-01,68.98693084716797,70.27657201932608,68.2549771953531,68.63837863998357,40002300
2022-03-02,70.17198944091797,71.5836225881997,69.55331256256335,70.2329855655986,44321400
2022-03-03,70.61640930175781,71.25251093677835,69.38776425492125,69.58818393668966,30196600
2022-03-04,73.27410888671875,73.43967268962821,70.28529133705506,70.62512792865182,42802200
2022-03-07,75.91438293457031,76.01023495699914,73.10854732837446,73.99734913407408,55207900
2022-03-08,76.48948669433594,79.73972645404861,74.44175168046408,77.59613941991175,72082300
2022-03-09,72.14130401611328,75.4351080758092,71.10436323877232,73.22180965544528,65466700
2022-03-10,74.38075256347656,74.65959297995873,72.23716561525494,73.20439476419493,44644200
2022-03-11,73.99734497070312,75.13885354228984,73.16953934875364,73.25667573294622,35303400
2022-03-14,71.34837341308594,72.71643555576112,70.14587509055713,72.37659892878382,37462600
2022-03-15,67.28775024414062,68.98693317027322,66.54708093398233,68.68195247174694,47957900
2022-03-16,67.03504180908203,68.50767126271141,66.44250510419683,67.80185127795944,37812300
2022-03-17,68.82135772705078,68.96949022009532,67.15702448188807,68.12425347448527,34041900
2022-03-18,68.5512466430664,69.1786393265864,68.05456187662654,68.89108323862627,41461500
2022-03-21,71.627197265625,71.90603768067447,69.48361032841711,69.81473789184331,33089300
2022-03-22,71.31351470947266,71.62721106786117,70.39857253757381,71.13052627509289,23132200
2022-03-23,72.43758392333984,73.430953395114,72.36787880018828,72.62057233676346,27716300
2022-03-24,72.65542602539062,73.76207875397336,72.10646080171963,72.72513779451462,19871600
2022-03-25,74.24134063720703,74.49404084291064,72.14132487655164,72.25460152817837,22398300
2022-03-28,72.15873718261719,72.59442574263412,71.47034846002087,72.47243347767576,21552400
2022-03-29,71.77534484863281,71.87990586149064,69.50104974584555,70.41599184875494,27036300
2022-03-30,73.00397491455078,73.20439457967963,72.07160165103114,72.3765823170273,22079000
2022-03-31,71.967041015625,73.54423829590488,71.93219177732628,72.21103222027998,27861500
2022-04-01,72.42888641357422,73.31768836932153,71.44422577113485,71.44422577113485,18671100
2022-04-04,72.46373748779297,72.89942612594061,71.49650817925874,72.81228307984625,20869400
2022-04-05,72.08903503417969,74.12805438794733,71.94089586513289,72.75999251908063,21753100
2022-04-06,72.89070129394531,73.80564332975405,72.27202430361363,72.69028162053186,24768200
2022-04-07,74.1106185913086,74.4504550990097,72.0715928970228,73.04753755774958,26122000
2022-04-08,75.6703872680664,75.9927992015627,74.21518904708358,74.21518904708358,24866500
2022-04-11,73.06497192382812,74.87743797216594,72.75999125417513,74.74673007143465,21800100
2022-04-12,74.58987426757812,75.6529553339411,74.39817025258424,74.68572627507507,22444200
2022-04-13,75.64424133300781,75.90565711328692,74.23261473412313,75.46996857820804,19306800
2022-04-14,76.53306579589844,77.08203107247691,75.13886351945091,75.52226499042345,24566400
2022-04-18,77.16044616699219,77.45671119491601,76.46334181599056,77.11687465202466,19032300
2022-04-19,76.4720687866211,77.25630963575232,76.04508915048918,76.6899130975975,20382600
2022-04-20,76.6463394165039,77.11688391272409,76.07123390873295,76.65505505016,20689400
2022-04-21,75.83594512939453,78.24966332956653,75.62681649463316,77.50898750364436,29010900
2022-04-22,74.18032836914062,76.78575062292249,74.06705174213775,75.51354088488591,23591600
2022-04-25,71.67948150634766,72.02803367304058,69.09149047735818,71.7753335183902,37698300
2022-04-26,71.70561218261719,73.82305850110055,71.60976018337105,72.08902017960176,28941500
2022-04-27,73.75337219238281,74.48533256205452,71.69692128684562,72.66415059614833,32773000
2022-04-28,75.98408508300781,76.80318173422033,73.25667698740368,73.96249035395398,33683800
2022-04-29,74.28490447998047,76.80318399443486,73.80564437249042,76.80318399443486,34656500
2022-05-02,75.29570007324219,75.84466526511761,73.74464321643005,74.07577077655031,36335200
2022-05-03,76.84675598144531,77.36086532890735,75.0430054765566,75.16499775046557,33908100
2022-05-04,79.90528869628906,80.0621368623649,77.47415209423464,77.98826146476725,46188400
2022-05-05,78.69407653808594,80.21027772463677,77.02103383025133,80.20156209076076,41013400
2022-05-06,79.8965835571289,80.00986020827246,77.85755729997851,79.27790649673396,29619300
2022-05-09,73.59651184082031,78.04053388862333,73.21310377499074,77.93597288745521,45851600
2022-05-10,74.08448028564453,75.71395790365565,72.7774145973806,74.62473649676905,34483200
2022-05-11,75.62682342529297,77.50028562193484,75.18241921862906,75.31312712036316,33020600
2022-05-12,75.97014617919922,76.0405653098911,73.41726631766794,75.66203477818632,29491500
2022-05-13,78.22371673583984,78.30294077358533,76.01415456205821,76.90326237732286,25798400
2022-05-16,80.06353759765625,80.97025513031346,78.32054180112823,78.32934670972652,26101200
2022-05-17,81.08470153808594,81.3840013035753,80.21320353813832,80.75018885027225,23120700
2022-05-18,79.7994613647461,81.79774604612878,79.07761323606682,81.4368253398783,25451200
2022-05-19,80.23079681396484,81.25195128775698,78.34694935551957,78.34694935551957,24387400
2022-05-20,80.86463165283203,82.38755203535874,79.57939011794303,80.9262525923069,28795000
2022-05-23,82.65164947509766,83.42631370985501,81.47204665970493,81.56888052857198,27239300
2022-05-24,83.10059356689453,83.44391115425312,81.26956195686338,81.709713398726,24293300
2022-05-25,84.77315521240234,84.9756210783523,83.16219961170937,83.25903344887737,29947800
2022-05-26,85.07247924804688,85.7679194065382,84.68514378858875,85.03726632298898,24314800
2022-05-27,85.90875244140625,86.208058904678,83.89286481261983,84.46505629573213,25588800
2022-05-31,84.50908660888672,87.83663081952304,84.2537979371476,86.76266010261315,44888100
2022-06-01,86.12884521484375,86.89471126862071,85.05488116004108,85.40699699902996,25815400
2022-06-02,85.97917938232422,86.35770988366826,85.20451527741966,85.64466671078817,19089100
2022-06-03,87.22921752929688,87.7309966665977,86.18166156853424,86.18166156853424,21038200
2022-06-06,87.00914001464844,87.83662693359598,86.85949012561535,87.30844650889311,20682100
2022-06-07,90.9969253540039,91.0497413858866,87.58134534710356,87.76620817487203,37810200
2022-06-08,92.07086181640625,92.9335614704377,90.65358056135972,91.10253013024891,31613200
2022-06-09,90.08139038085938,92.05326684336207,89.93174051135115,91.04091724365901,26607000
2022-06-10,88.43523406982422,90.97930907295361,87.84543270174726,89.73808539858535,30950500
2022-06-13,84.37703704833984,86.06721711315835,82.67805207342519,85.84714137400452,33421000
2022-06-14,84.59711456298828,86.85949294032444,83.86646148178005,85.75031602735872,31264000
2022-06-15,83.53194427490234,85.01085346213405,82.1058511141573,84.50027615216848,29620800
2022-06-16,80.45088958740234,81.98261490697045,79.47375273280403,81.34880239679589,35696700
2022-06-17,75.81170654296875,80.41568806493761,75.40676791675094,80.07237038800992,64610200
2022-06-21,80.53011322021484,81.45442724667704,77.92441069449173,77.97723343613114,35951500
2022-06-22,77.34341430664062,79.01599118096844,77.05291273409448,77.06171764373539,29727200
2022-06-23,75.01060485839844,78.39097128651166,73.52289089637408,78.04765371314876,35757200
2022-06-24,76.49832153320312,77.81877585178714,75.53878790261953,76.54233264744914,26639000
2022-06-27,78.37336730957031,79.26247513268137,77.17615480998856,77.29939668057683,25478700
2022-06-28,80.54771423339844,82.07943937763484,79.53536456919662,80.21320155385978,33096900
2022-06-29,77.57229614257812,82.04422989576955,77.25538655239109,81.85056889392486,25400900
2022-06-30,75.38914489746094,77.11453789175444,74.53524995234793,75.8292963771127,39948100
2022-07-01,77.07051849365234,77.36101333471834,74.5704548654044,76.35746860621946,26327900
2022-07-05,74.65849304199219,76.32226512480531,73.07395171921615,76.00535551701437,34591100
2022-07-06,73.31163024902344,75.02822506980945,71.31334546273236,73.73417862963836,33375700
2022-07-07,75.65324401855469,76.37509222946174,75.08985062058719,75.16026975819882,23817400
2022-07-08,75.77649688720703,76.85046780654369,74.76414691982346,76.54235633059822,17673800
2022-07-11,75.38914489746094,75.81169327304521,74.26235818414098,74.9754014319997,15603800
2022-07-12,74.38558959960938,74.86975884560451,72.94189348668631,73.75177048346215,21013000
2022-07-13,74.68490600585938,75.97895253739699,73.3292452469124,73.39966438517129,19928600
2022-07-14,73.18839263916016,73.33804254086868,71.03165292387193,72.05280093596552,26343000
2022-07-15,74.42082214355469,74.72012196278347,72.97712564993249,74.64970282166925,17243700
2022-07-18,75.7940902709961,77.41385135423607,75.48598555075945,76.2166386845915,19395800
2022-07-19,77.7043228149414,77.9243985081839,75.92611416866,76.07576402818239,18248900
2022-07-20,78.5582275390625,78.91915494550425,76.80642667928544,77.09692824307835,16584400
2022-07-21,77.24658203125,77.29059986417789,75.01061178531572,76.52473389800967,21375700
2022-07-22,76.65678405761719,77.88040464571989,76.26064369234982,77.07052752712417,15479500
2022-07-25,79.20966339111328,79.34170346232911,76.95608324380348,77.60751227063496,17536400
2022-07-26,78.90155029296875,80.35405149086034,78.3469618571971,80.2220047062923,15141200
2022-07-27,80.60934448242188,80.98787503656602,78.69908860702927,79.47375281998944,18047000
2022-07-28,81.55125427246094,82.08823954025979,80.11636306614952,81.14631577343154,20353100
2022-07-29,85.3277587890625,85.84713426670059,82.83650001621027,83.14460468228185,29825800
2022-08-01,83.1710205078125,83.93687972841326,82.07064188862465,83.4439122561941,20793200
2022-08-02,82.81009674072266,83.80483663841441,82.59002100720143,83.35588697767953,16722500
2022-08-03,80.12517547607422,83.11820699582127,79.92270954872332,83.11820699582127,23580800
2022-08-04,76.75361633300781,79.5265652516015,76.08458421071029,79.50015723769923,31821500
2022-08-05,77.86278533935547,78.95436572222822,75.95252974359492,76.0229555843308,17408000
2022-08-08,78.30293273925781,78.87513091247334,77.66031544510886,78.00363300580268,14458500
2022-08-09,79.74664306640625,80.64455585954464,79.18324970122003,79.27128537142556,19083400
2022-08-10,80.50369262695312,80.80299908717926,78.5142130294864,79.82586239025791,18302000
2022-08-11,82.8324966430664,83.8191273912366,81.27699857108698,81.63253556239268,18797900
2022-08-12,83.55247497558594,83.5702491140902,81.87253745742132,82.20141666193933,15058200
2022-08-15,82.0592041015625,82.42363839860147,79.69485013623063,80.4681506900071,20755200
2022-08-16,81.2947769165039,82.56584139237852,81.14367300923337,81.80142461491917,14038200
2022-08-17,81.95252990722656,82.85027646921675,80.81479518148218,81.12589346095388,13678000
2022-08-18,83.89024353027344,84.71688004600611,82.74361824835815,82.79695423034488,17770400
2022-08-19,83.62358856201172,84.61910311397077,83.37470992402194,83.69469868184716,16128600
2022-08-22,83.56136322021484,83.98801034734628,81.65032126355537,83.03693459888326,16019900
2022-08-23,87.10790252685547,87.47233680271952,84.84131663628708,84.93020767625778,23764700
2022-08-24,87.6234359741211,87.97008931064032,86.53903044698552,87.11678826832886,17050300
2022-08-25,88.0767593383789,88.7611824234682,87.19679358184173,87.92565540894586,15305700
2022-08-26,86.99234008789062,88.80560716097611,86.59235081477038,87.79230507126475,15531400
2022-08-29,88.99227142333984,90.27221954203007,87.2323334356696,87.26788849194344,23059200
2022-08-30,85.60574340820312,87.65900596045513,85.17020574378877,87.42790143627332,17086800
2022-08-31,84.96575927734375,86.07682950608672,83.188046911355,83.57914580193157,18340900
2022-09-01,83.43693542480469,84.50356017127186,82.0325409761896,83.92580227467099,16423000
2022-09-02,84.96575927734375,86.0323907657977,84.53911210710977,85.64129187522114,18206800
2022-09-06,84.39688873291016,85.85461227644696,84.00579663827162,85.47241064211032,19201500
2022-09-07,83.67693328857422,84.07691591936086,82.0414409174767,82.83252249849777,16274700
2022-09-08,84.36133575439453,84.81464748302172,83.30359482473001,84.13912172926729,18759200
2022-09-09,85.77461242675781,86.21904047041977,84.72576197245824,85.79238656467344,17158000
2022-09-12,86.7612533569336,88.16564776643446,86.1123853535908,86.79680841835021,16118900
2022-09-13,84.73467254638672,86.91236776469648,84.36135452863682,85.8724075232066,18229100
2022-09-14,86.8145751953125,87.605656595793,85.46351688324152,85.4990719416426,22655700
2022-09-15,84.29022216796875,85.81016522347993,83.59691552314965,85.52573155428661,21092300
2022-09-16,82.85026550292969,84.7435263086321,81.77475057543774,84.50353817664339,37874700
2022-09-19,82.84139251708984,83.0991616207397,80.88591165128099,80.89480211180256,15342100
2022-09-20,82.16584777832031,82.60138530344867,81.45476029198463,82.42361682258118,14712500
2022-09-21,80.84143829345703,83.44578625187944,80.77033497807129,83.17024310350044,17332400
2022-09-22,80.50369262695312,82.3614053081761,80.45924711163144,81.95252555523055,16139400
2022-09-23,76.21941375732422,77.77491199726961,75.4194418776369,77.77491199726961,27738800
2022-09-26,74.64614868164062,76.63718472476663,74.56614809512779,75.46389478024517,22043400
2022-09-27,76.21051788330078,77.29492337857235,75.38388146325225,76.09496903500093,17307300
2022-09-28,78.98377227783203,79.37487122443358,76.37053255542256,76.54830788634847,19543300
2022-09-29,78.8237533569336,79.42817573123851,77.44602379182531,78.37932533998683,17896000
2022-09-30,77.60603332519531,79.14375754836675,77.60603332519531,78.37045020634162,21357600
2022-10-03,81.70365142822266,82.09475028392704,79.74817071256855,80.03260439450794,23881300
2022-10-04,84.68132019042969,84.76132076816286,82.40585067657857,82.87694333860861,22133700
2022-10-05,88.10342407226562,88.87672458302468,85.0279826055385,85.10797640398906,34857700
2022-10-06,90.71666717529297,90.82333236716262,87.40123714320657,87.52567647633697,29124700
2022-10-07,89.80113220214844,91.83661351901502,89.04560586078007,90.83220855050733,24507600
2022-10-10,87.85453796386719,90.68999123154317,87.74787956677064,90.21000810030611,16786100
2022-10-11,87.10790252685547,88.67229124654753,85.99683234156394,86.41459581626304,17804100
2022-10-12,87.49009704589844,87.91675091311649,86.42347255000305,86.66346068807792,12635800
2022-10-13,90.54776763916016,91.06329899076549,86.57458003764545,86.70790980052561,22019100
2022-10-14,88.1656494140625,90.87665677875559,88.03231962661718,89.88114216622449,15222000
2022-10-17,89.43671417236328,90.63666869797768,89.3300489859889,89.83669675375651,14283200
2022-10-18,89.5967025756836,90.97442553844826,88.20119869232705,90.25445422746436,14065400
2022-10-19,92.2543716430664,92.43214014319032,89.97890229059897,89.99667642803792,20921700
2022-10-20,92.37882232666016,93.32989816046658,91.91662010055376,92.72547569159856,17649000
2022-10-21,94.09432220458984,94.57430538845009,92.36105524740142,92.84103164982673,22814100
2022-10-24,94.7520751953125,95.71204157591251,93.4365717387288,93.9165549290288,17024200
2022-10-25,94.1120834350586,95.4009288764232,93.39211214875307,94.58318287451642,15719800
2022-10-26,95.23204803466797,95.84536095251728,94.21875255909434,94.44985705851259,17383800
2022-10-27,95.59648132324219,97.40085821663816,95.4809256840133,96.36089815218347,18214000
2022-10-28,98.39637756347656,98.84969611937657,96.1031337461635,97.29419778619602,28169400
2022-10-31,98.494140625,100.36074382895418,97.27641212846721,97.32974132351718,26401800
2022-11-01,99.47189331054688,100.05853483322804,98.35193268178483,99.88076631882385,22213100
2022-11-02,97.42754364013672,99.6407940204432,97.16088402646504,99.17859170903938,20654200
2022-11-03,98.75190734863281,99.39188479970667,96.27199811643841,96.5119930513079,17103700
2022-11-04,99.82743835449219,100.88517940999529,98.48527036567941,100.44075130686755,17541500
2022-11-07,101.00960540771484,101.3207036825666,99.66743081457295,99.91631621588814,16008000
2022-11-08,101.32960510253906,101.91625343980023,100.08520508709817,100.86740287011305,14661000
2022-11-09,96.79642486572266,100.6896119099101,96.50310074269548,100.5296175502074,19522800
2022-11-10,98.21861267089844,98.39638120297772,95.61426366547151,97.9430694117451,20146700
2022-11-11,101.28514862060547,101.77402218208857,99.98741954454478,100.06742011889374,20518900
2022-11-14,101.58084106445312,102.71877282793812,100.79234645413952,100.91778753559373,20858300
2022-11-15,102.26180267333984,102.620208684843,101.13283296574012,101.96612403717387,19373800
2022-11-16,101.1686782836914,102.37829263921432,100.22786332049229,101.6435633625538,13591000
2022-11-17,101.30309295654297,101.42853406294371,99.23330786490317,99.717155062175,12425900
2022-11-18,100.42498016357422,100.78338616505108,98.21183045318237,99.36768621903168,15415000
2022-11-21,99.430419921875,99.63649878569301,96.3033409878945,98.55232544379207,20973000
2022-11-22,102.30660247802734,102.56644665655092,99.84257063302286,100.54145857165999,17719100
2022-11-23,101.79588317871094,102.10052385565105,100.44290368541344,100.64002734038708,11546700
2022-11-25,101.43748474121094,102.69190250083878,101.3030816176746,102.03781094550953,7136000
2022-11-28,98.39102935791016,99.8694498312985,98.22079180630179,99.15264466931004,23015500
2022-11-29,99.04512786865234,100.17410445327432,98.37311913619128,99.10784841024099,14453200
2022-11-30,99.7619400024414,100.26371120598625,98.36416392948296,99.94114644514556,23158100
2022-12-01,99.27809143066406,100.41602319396995,98.72256175857841,100.03073791927088,14398300
2022-12-02,98.43585205078125,100.09347243200303,97.84448101058985,98.12224930341938,15248400
2022-12-05,95.73883819580078,99.77985243023582,94.92347119365705,99.18848149230708,19287700
2022-12-06,93.07769012451172,95.90909029230929,92.42360543143707,94.88763753203462,21197000
2022-12-07,92.8716049194336,93.94681611905763,91.72471115022765,92.9880839679846,20061700
2022-12-08,93.56153869628906,95.6940508859593,92.92537121897557,95.22812098064199,21128800
2022-12-09,92.77304077148438,94.93242514684843,92.55799990415113,93.71384883858352,21298200
2022-12-12,95.05786895751953,95.19227206697964,92.81783991993794,93.03288762948458,20413200
2022-12-13,96.09725189208984,97.25310777013607,95.89116619952785,96.5900610464599,24305300
2022-12-14,95.389404296875,97.0380693715755,94.75323681329806,96.76030109743078,17597300
2022-12-15,94.4754638671875,95.12954849715176,92.91639878475371,94.37690204579137,15365100
2022-12-16,93.81240844726562,94.6009030022636,92.40567055876556,92.90744168540768,54596600
2022-12-19,94.23353576660156,95.15642659571911,93.52568580154399,94.31418036314018,13611100
2022-12-20,95.59547424316406,96.33020343907931,94.14393307444219,94.23353286203661,14680000
2022-12-21,96.8230209350586,97.29790603650967,96.01661588370293,97.02910663140001,13565400
2022-12-22,94.86971282958984,96.93950442860914,93.27481315628575,96.67069819413084,13213000
2022-12-23,97.37854766845703,97.43230618063137,95.78364800437136,95.82844448584115,11539400
2022-12-27,98.73152160644531,98.98240376376833,97.51294526856834,97.90718572892189,11962100
2022-12-28,97.10973358154297,98.56127481709127,96.67965184687927,98.48063705535155,10702100
2022-12-29,97.84447479248047,98.31040470411683,96.760301457057,96.760301457057,10534000
2022-12-30,98.830078125,99.00927770317465,97.31581639612911,97.31581639612911,11799600
2023-01-03,95.43421173095703,98.57920799629775,94.52027593382869,98.36416709416103,15146200
2023-01-04,95.71197509765625,96.01662264814186,93.86619307563186,93.90203436604352,18058400
2023-01-05,97.85343170166016,98.51647841010062,95.25499654346731,95.28187579926502,15946600
2023-01-06,99.03617095947266,100.34434720598856,98.26560035952092,98.63296843355621,16348100
2023-01-09,97.19037628173828,100.03073132354695,96.59900536308938,100.03073132354695,17964600
2023-01-10,98.64191436767578,98.85696207493338,96.77821542362553,98.37311498764284,15104600
2023-01-11,99.78881072998047,99.8604864599984,97.74589861388975,99.4483219592858,16710400
2023-01-12,101.44644927978516,101.91237237206337,100.1203489100245,100.19203148915254,15357300
2023-01-13,101.38371276855469,101.68835342784077,100.49666320860452,101.34787148463411,12011400
2023-01-17,101.18658447265625,102.21699912091243,100.95361955589665,101.61667302390275,16542200
2023-01-18,99.10785675048828,102.25285979715566,98.91969510988794,101.48228917220553,16399700
2023-01-19,99.7440185546875,100.46978581784877,98.18496016729321,98.62400397028972,12928000
2023-01-20,101.56292724609375,101.6435718557479,99.10785704372395,99.77986583472504,16515600
2023-01-23,101.03428649902344,102.67398280054272,100.92676262842089,101.82277437536072,16584400
2023-01-24,101.97508239746094,102.16324402123625,93.96474299719505,97.80863374695853,13583000
2023-01-25,101.43748474121094,101.83173208064373,99.80674370450281,101.45540880356343,11914700
2023-01-26,105.51432800292969,105.53224522709063,102.44996313343442,102.79045191672613,21019700
2023-01-27,103.58792114257812,105.43370319886164,103.39079745966876,104.78857363153183,15179200
2023-01-30,101.7510757446289,103.4803784168817,101.38371454106566,103.12197240743572,18672100
2023-01-31,103.94632720947266,104.29577125241204,98.94657989907135,100.44291791227613,27861800
2023-02-01,102.80838775634766,105.1738582634131,101.55396992113968,103.78504413259807,19464900
2023-02-02,99.59169006347656,103.10405387212754,98.40895503256243,102.90693022763752,24562100
2023-02-03,100.28160858154297,102.24387601555604,99.95904388455382,100.26369135883266,20226600
2023-02-06,100.11138916015625,101.32995876975988,98.84800939560246,100.67587406404793,13855200
2023-02-07,102.96965789794922,103.31910189701256,100.37122272755974,100.7027495013493,16013300
2023-02-08,102.07364654541016,103.78503209527175,102.01092600272565,103.08614409506544,18459700
2023-02-09,102.45893096923828,104.15239244348322,102.30661062914832,102.70085794328836,17439300
2023-02-10,106.77770233154297,107.18986685339662,104.08071229706412,104.39431499455863,24918600
2023-02-13,106.36237335205078,106.70547529342372,104.64684986792822,106.29013918903681,14536200
2023-02-14,105.11636352539062,106.37140289526181,104.7551995804816,105.64908189407303,12079000
2023-02-15,104.80034637451172,104.81840147165308,103.05773673363002,104.48433050981902,13663400
2023-02-16,104.49336242675781,105.44141002921967,103.6536591853606,104.1141364971438,11360600
2023-02-17,100.47541809082031,103.10287889063706,100.2045503174744,103.10287889063706,20758300
2023-02-21,100.3760986328125,101.46861450444241,100.0510517913292,100.0510517913292,14469400
2023-02-22,99.07591247558594,100.19551437171566,98.09174101511945,99.75309220841599,13973800
2023-02-23,99.98786163330078,100.97203327826263,99.22942349689401,99.9788375283172,11289400
2023-02-24,99.99689483642578,100.18650437471706,98.43486356103118,98.71476926019155,14351000
2023-02-27,99.81629943847656,100.45736211835353,99.28358111154127,100.0420260252767,11710500
2023-02-28,99.23844909667969,100.54766066563607,98.61544145518613,100.43930941405434,18107000
2023-03-01,100.12329864501953,100.99911902955422,98.63350158081526,98.69670475863582,13200000
2023-03-02,100.58377075195312,100.8546385291193,99.47319288854797,99.8795048872406,10339900
2023-03-03,101.85687255859375,102.36250484562085,99.27455960769795,99.36485576195132,13006700
2023-03-06,102.75977325439453,102.7868593437064,101.00813955547989,101.11648391272736,14347400
2023-03-07,100.77337646484375,102.18190814118732,100.37609547361714,101.8568613099344,11525300
2023-03-08,99.30165100097656,101.50473797925412,98.48000285307533,100.43028402482157,13509800
2023-03-09,98.53416442871094,101.33317953749442,98.44387517424695,100.10522638862423,12961200
2023-03-10,97.31523895263672,100.25871539044044,96.74641046914957,98.92241104861517,15795700
2023-03-13,96.19564819335938,97.38748435975222,93.64945243385516,95.1121563856928,20745600
2023-03-14,96.55680084228516,98.42581658675596,94.76904335736043,96.02408254917941,18263500
2023-03-15,91.75334930419922,94.08284254164843,90.48927898774079,92.83683421051843,25733800
2023-03-16,91.22062683105469,91.80751733237345,88.50287680683095,89.48704830386619,27465200
2023-03-17,90.14617156982422,91.74431975369019,89.51413984597443,90.83238236188195,43199500
2023-03-20,92.50276947021484,92.52986245204492,89.83919801321474,89.95657337995837,32042100
2023-03-21,96.64710998535156,96.86380561070277,94.01964883452806,94.05576592019155,31592300
2023-03-22,94.43498229980469,96.77351358741302,94.40789620848517,96.43041161631658,14952700
2023-03-23,93.36955261230469,96.01506170820336,92.49373231636532,95.1302173082237,14385900
2023-03-24,93.47789001464844,93.76681976090747,91.11227986984909,91.61790520364525,13401600
2023-03-27,95.52749633789062,96.1414729426991,93.82100385617555,94.57041090506546,14805900
2023-03-28,96.71932983398438,97.19786909305903,94.97672031839656,95.20244690389431,11047600
2023-03-29,98.38067626953125,98.5612616749115,97.05340281665896,97.56805916689221,14219100
2023-03-30,98.85921478271484,98.93144894431458,97.9833945170473,98.91339384822905,11578200
2023-03-31,99.01271057128906,99.47318783566966,98.4619371638109,99.03076566673145,14418000
2023-04-03,104.8545150756836,105.50460876927063,102.13677184086694,102.38055353164759,28087700
2023-04-04,103.852294921875,105.36917800528686,103.08482583133501,104.9719038589231,16365500
2023-04-05,105.63101959228516,105.64005058525393,103.21123012384699,104.15025362235141,16479500
2023-04-06,103.8793716430664,105.8025595649909,103.62655209487562,105.51362982711545,15778000
2023-04-10,103.41889190673828,104.89965773744795,103.08481408459662,103.63558749721007,13006600
2023-04-11,104.1502456665039,104.91771468312228,103.2744254084247,103.79811274254219,11758500
2023-04-12,104.04190826416016,105.2698546396049,103.7710335867268,104.88161149784854,10919000
2023-04-13,104.52946472167969,104.63781596318508,103.04869886424973,103.47306594935992,12399700
2023-04-14,104.78228759765625,105.33306103761986,103.94258439317314,104.64685026365014,11530800
2023-04-17,103.5633544921875,105.19761965263834,103.31054181904692,104.27665132776484,13260400
2023-04-18,105.58586120605469,105.82964286746858,103.20218920913338,103.28344746672863,17436100
2023-04-19,105.25179290771484,105.54975365638315,104.52946507251204,104.80937072518323,10682600
2023-04-20,104.41210174560547,104.44821883038584,102.23610077446699,103.95161752544264,17038700
2023-04-21,104.74618530273438,105.53170955132789,104.06900542573723,105.17957656637978,14315300
2023-04-24,106.7235336303711,107.34654125018265,104.62879105976474,104.66490814236836,15831300
2023-04-25,105.20664978027344,106.30819668085564,104.40306364236591,106.13664915061827,12179800
2023-04-26,104.24053192138672,105.7212977355629,103.54529708576426,104.76421924042253,15566100
2023-04-27,105.48655700683594,105.64908043536957,103.72588538295011,104.3940410828268,16279200
2023-04-28,106.84992980957031,108.27652343785769,105.4865462362974,105.86576523461324,24381900
2023-05-01,103.53627014160156,105.9109182655112,103.33762964119236,104.72810625542793,17355000
2023-05-02,99.40998840332031,102.87715239193969,98.6786364594286,102.87715239193969,24324100
2023-05-03,97.45067596435547,99.14813730632423,97.29718354862693,98.48901957354718,16212300
2023-05-04,95.74417877197266,98.19105386227304,95.6268034403652,97.42358493394867,17177200
2023-05-05,98.12786102294922,98.80504077599075,97.08951735722647,98.01048567899501,14968200
2023-05-08,98.51611328125,100.19551965836997,98.45291011172952,99.77115256789155,11187800
2023-05-09,98.54319763183594,99.52736912687311,97.70349445808553,97.8208698026595,11370800
2023-05-10,97.27912902832031,99.32873031747927,96.3491365822751,99.0849417433219,14884800
2023-05-11,95.51847076416016,96.44846327229851,94.74197069377432,96.15050250115827,17165900
2023-05-12,95.50943756103516,96.6200154602089,94.60653116414335,95.98797684920716,12613300
2023-05-15,95.69157409667969,96.4748120558276,95.24531287059894,96.09230243347267,13715600
2023-05-16,93.36918640136719,95.45478461968935,92.91381579339476,95.29085092288312,14795200
2023-05-17,95.46389770507812,95.83730495343026,93.66973632786369,94.16153743748625,14064700
2023-05-18,96.32910919189453,96.45661937297673,94.83549393904352,95.21801058548003,12005600
2023-05-19,96.7753677368164,97.49485416233486,96.37463936098223,97.057695302479,13359600
2023-05-22,95.60050201416016,97.48573596379379,95.51853169544371,96.39284238746473,12882000
2023-05-23,96.90287017822266,98.56041897166943,96.31088697733361,96.52946293130343,14394400
2023-05-24,97.98664855957031,98.82453579726088,97.2034174706493,97.7953937293031,16340300
2023-05-25,96.22891235351562,96.93017997522696,95.36370409998207,96.48391876141065,14316500
2023-05-26,95.60050201416016,97.40376564507734,95.47299880584899,96.96661377326869,12370300
2023-05-30,94.7535171508789,94.82637811593308,93.45115693125291,94.07046123740521,11938000
2023-05-31,93.05953979492188,93.84277781394363,92.65881142749562,93.15972188677844,24926100
2023-06-01,94.13421630859375,96.15606299861865,92.22166107017172,92.66792233784253,13551900
2023-06-02,96.31999969482422,96.656969521363,95.19978486339987,95.7735563166386,14112000
2023-06-05,95.89195251464844,97.62236237800775,95.70980008521842,97.62236237800775,10628000
2023-06-06,96.6751937866211,96.78447829948774,94.6988867636932,94.85371112252425,12209800
2023-06-07,98.84276580810547,99.1706332771922,97.20343541107744,97.25807767312335,16027100
2023-06-08,98.5331039428711,99.39830540265712,96.44750552206388,99.06132861861592,13517100
2023-06-09,97.80451202392578,98.91561757134758,97.59504540666724,98.77900498055875,12251600
2023-06-12,96.92107391357422,97.50394770812441,96.13783594932168,96.36552124245547,14112000
2023-06-13,96.93930053710938,98.66970334738141,96.79357860238096,97.79539258422379,13533800
2023-06-14,95.7735595703125,98.46024365756794,95.07228486995315,97.85915105725994,16627700
2023-06-15,96.43838500976562,97.47662942079128,96.02855424956219,96.08319649801494,16224100
2023-06-16,95.74623107910156,97.23984626632881,95.59140672456813,96.86644594372437,43128900
2023-06-20,93.55133056640625,95.41834572546053,93.00488727469289,95.33638235848507,17514100
2023-06-21,94.59868621826172,95.29084449282324,93.19614400653927,93.35096833518566,13285700
2023-06-22,94.07958221435547,94.6169162640838,93.48759895988508,93.66063508775432,12455300
2023-06-23,93.25990295410156,93.6424126014949,92.54952590939848,93.43293906216762,17933600
2023-06-26,94.98120880126953,95.54587089555955,93.07775591537894,93.07775591537894,14283400
2023-06-27,95.2179946899414,95.27263693813686,94.05224012400866,94.76262409256896,13227500
2023-06-28,95.99214172363281,96.37465143116033,93.98850654192654,94.99943001782445,13084100
2023-06-29,97.17607879638672,97.20340686779058,95.74621545601053,96.22891410649476,11364400
2023-06-30,97.67699432373047,98.25075878196891,97.27626596968231,97.74074593020141,13544700
2023-07-03,97.86824798583984,98.77898918088589,97.5130594756442,97.89556910994659,7397000
2023-07-05,97.36734771728516,98.28719135184762,96.62964259998927,98.0230755627422,12491200
2023-07-06,93.73348999023438,96.28356832966209,93.2872287127761,95.70979688166838,17961400
2023-07-07,93.95206451416016,94.71708377867716,92.49487305114974,92.8227404354867,21929200
2023-07-10,95.34549713134766,95.40013937910183,93.57865700432184,93.77902117729225,14877600
2023-07-11,96.51124572753906,96.684288778404,95.45478260411682,95.86462031168051,12576500
2023-07-12,96.9848403930664,98.04130365047929,96.65697296479377,97.44932040785343,13238200
2023-07-13,95.20889282226562,96.7480477859549,94.09778736552457,96.51125311114014,26826800
2023-07-14,91.93021392822266,94.76261946132618,91.55680672139255,94.76261946132618,28181900
2023-07-17,92.33094787597656,92.59506367930027,91.27449161108628,91.72986224818138,18051300
2023-07-18,91.91200256347656,93.07775021724716,91.38377098648547,91.91200256347656,24617800
2023-07-19,92.54953002929688,93.25990710562282,91.80272246849212,92.03040778518142,15556500
2023-07-20,94.17975616455078,94.40744147745407,93.22347507099524,93.38740877422177,15740200
2023-07-21,94.61691284179688,95.06317413202042,94.04314832579516,94.86281688322951,17121500
2023-07-24,96.1014175415039,96.68429835768315,94.68066335735377,95.04496126181407,15090900
2023-07-25,96.24714660644531,96.62054694856127,95.20890201835009,95.68248446531777,14116100
2023-07-26,95.70979309082031,96.28356451608822,95.29996231426112,95.72801180663426,15159600
2023-07-27,96.01033020019531,97.44019352529907,95.3910259413247,96.53856173390334,17677900
2023-07-28,94.86280822753906,95.77354944194292,93.18704077986588,95.7280096018611,17566400
2023-07-31,97.66789245605469,98.23255454838852,95.80087700999765,95.80087700999765,24197000
2023-08-01,97.10323333740234,97.74074942490601,96.11052177439896,97.40377266528023,14177400
2023-08-02,95.89195251464844,96.88465719852441,95.23621766550977,96.7753726892711,13484100
2023-08-03,97.55860137939453,98.2507596994269,95.90105264726812,96.43838662848303,16280400
2023-08-04,97.83181762695312,99.48936632608006,97.74985425453002,98.32361870670339,14279600
2023-08-07,97.63145446777344,98.74255985042763,97.00304776078028,98.26897748078032,12410800
2023-08-08,98.1141586303711,98.1323703982051,95.48211000627701,96.57500368323467,14065600
2023-08-09,99.78081512451172,100.56405320246589,98.64238849357888,99.00668640515833,19919600
2023-08-10,100.29082489013672,101.66603911909615,99.67152058727935,100.35457649711891,15837200
2023-08-11,101.84818267822266,102.0667586048198,100.22706457152064,100.5185014564513,14047000
2023-08-14,101.9301528930664,101.98480208968978,100.89190848647286,101.71157695178458,12973400
2023-08-15,99.31327056884766,101.79242661892994,99.13880900049315,101.69142329044715,14909600
2023-08-16,97.64212036132812,100.38756409180276,97.58703018792825,99.42344402512784,13695100
2023-08-17,99.53363800048828,101.14050021496224,98.633792078023,98.633792078023,16709500
2023-08-18,101.03948974609375,101.18639920967433,98.81743069354596,98.83579174948248,16224000
2023-08-21,99.81828308105469,101.90261691393091,99.29490536627918,101.33332604657227,11092400
2023-08-22,99.25817108154297,100.74566888027147,99.12043863632239,100.24065224958375,10518800
2023-08-23,98.38587951660156,98.52361196496615,97.07284325220404,98.28487618815842,11435600
2023-08-24,97.65131378173828,98.95516605023563,97.39421694066709,97.71558799200608,10818500
2023-08-25,99.39590454101562,100.0202855610721,97.89922970126644,98.6429751055384,13579300
2023-08-28,100.2314682006836,101.03948774780338,99.57035811423891,99.57953513934427,10382100
2023-08-29,100.82830047607422,101.02112309022291,99.55199340716413,100.69057504122723,9665000
2023-08-30,101.810791015625,102.049526800357,100.98441030873438,101.40678469380573,11922100
2023-08-31,102.09542846679688,102.30661213289137,101.57205080881285,102.03115426337297,17479800
2023-09-01,104.23486328125,104.51032820380682,103.02283023165513,103.02283023165513,14843500
2023-09-05,104.24404907226562,106.35592816652952,104.216503980618,104.76742682966298,18304000
2023-09-06,105.14389038085938,105.2173416201708,103.96858648751116,104.19813824809835,13325500
2023-09-07,104.62967681884766,106.37427138604474,104.40012508646285,105.27242587274286,13248500
2023-09-08,106.15391540527344,106.55792874059533,104.96942749474096,105.16225013059085,14283200
2023-09-11,104.822509765625,107.13638821914195,104.28076401721424,106.67728473980132,14383600
2023-09-12,107.88013458251953,108.04541211678057,105.84171399508786,105.90598820255808,20145800
2023-09-13,106.916015625,108.31168705606007,106.42018304932577,107.80667745507985,13472800
2023-09-14,108.82588958740234,108.9544450111906,107.73322803079112,107.93523468984829,15210700
2023-09-15,107.1547622680664,108.81672182843273,106.97112365620994,108.25661495529728,34568400
2023-09-18,108.01787567138672,108.56879849454968,107.15475881170103,107.9168723365144,14045300
2023-09-19,107.73321533203125,109.1197026823799,107.07210525499379,108.9177030524963,12562900
2023-09-20,106.8792953491211,108.36678619383146,106.80583710841941,107.00784376766734,11879900
2023-09-21,105.3734359741211,107.76995677481625,105.22651949336944,107.41185660968831,14400600
2023-09-22,105.53870391845703,107.1363819718983,105.41933253735674,106.24572015305489,13197300
2023-09-25,106.72321319580078,107.10885849246783,105.43772186821315,105.67645066784655,11316000
2023-09-26,106.88847351074219,107.18229945205,105.93353745015108,106.05290183071384,11805400
2023-09-27,110.36848449707031,110.64394941393935,107.79750896286927,108.24742845541579,23976200
2023-09-28,109.69819641113281,110.82758714960929,108.52289251841815,110.16648396398011,16808100
2023-09-29,107.96277618408203,109.43190592099606,107.18230166809924,109.35844768280957,18813600
2023-10-02,106.1722640991211,108.15559441751532,105.18060594528686,107.91685865577611,14395000
2023-10-03,106.35591888427734,106.91602571677605,105.6213504794177,105.99781871338323,13297100
2023-10-04,102.38008117675781,104.75823395990354,101.46187417068825,104.72151184438064,19622200
2023-10-05,100.07537078857422,101.82914937779897,99.80908993969578,100.81912316142882,20128800
2023-10-06,98.40423583984375,99.41426207032143,96.51273178974755,97.08202261309748,25367500
2023-10-09,101.84751892089844,102.90345837365265,100.56202771777869,101.40678348320014,22369900
2023-10-10,101.41595458984375,102.33416153771147,101.11295162112334,101.93933226991383,13892000
2023-10-11,97.77986907958984,98.40425016840561,96.255648983735,98.21142752404009,57939000
2023-10-12,97.76148986816406,99.01942883907408,97.41256676235965,98.78987711382916,31183000
2023-10-13,100.88339233398438,101.18639528002788,99.01942648480824,99.19388803356249,30276500
2023-10-16,100.95684814453125,101.62714227910622,100.20391874965459,101.46186475313999,18452000
2023-10-17,102.2790756225586,102.65554384943881,100.7089425169511,100.75485566840203,19775400
2023-10-18,103.71147155761719,104.11548485482956,102.56371287723026,102.6739002324781,23380300
2023-10-19,103.77574920654297,104.64805003579578,102.22398418282276,103.50029131732889,20972500
2023-10-20,101.99444580078125,104.0512277322183,101.72816490256955,103.68394349312064,22445300
2023-10-23,100.49774169921875,101.88423607001275,99.79072547352851,101.58122611384722,18185000
2023-10-24,99.52445220947266,100.83748844744122,99.27653941169707,100.72730108989474,16786100
2023-10-25,99.70808410644531,100.54365574967885,99.28570977225,99.64380990353217,22047300
2023-10-26,98.799072265625,99.47854348733286,97.78904596192663,98.6613398139017,18768300
2023-10-27,96.91675567626953,100.87422576887312,96.37500988098647,99.9835638210334,23092000
2023-10-30,97.2197494506836,97.71558204487091,96.6045524747961,97.09120103797167,19379900
2023-10-31,97.19222259521484,97.47687156707094,95.98937350547054,96.94430975429698,22185200
2023-11-01,96.99938201904297,98.40423753720978,96.83410448717845,97.81658564732776,28984900
2023-11-02,100.18556213378906,100.25902037199923,96.87083444220953,97.21975056566305,25212700
2023-11-03,98.96434783935547,99.88255482544021,97.82577313811213,99.53363869265881,30555600
2023-11-06,97.21057891845703,99.41427014378424,97.1187526129321,99.32245084362286,19097300
2023-11-07,95.68634796142578,96.28318389585746,94.84159922626633,95.9250837362711,20272500
2023-11-08,94.51104736328125,96.31991628510745,94.47431824241492,95.24561576988069,19184100
2023-11-09,94.53858947753906,95.46598048547983,94.4467701809445,95.19051559033282,18380500
2023-11-10,95.26398468017578,95.87000471637865,94.49269409449658,95.42926223501618,17825500
2023-11-13,96.26482391357422,96.54028883116086,95.31907177141801,95.53944650763286,15308400
2023-11-14,96.63546752929688,97.12656619050787,96.24629580563035,96.64473554255258,18260500
2023-11-15,96.05170440673828,97.43234138649343,95.9034444808847,96.32968116358018,20137600
2023-11-16,94.93978118896484,95.69032766235576,93.72593302692815,95.34748893718842,22469100
2023-11-17,97.25628662109375,97.691791326045,95.2084940690107,95.49573884486259,22984900
2023-11-20,96.83004760742188,98.10875765284364,96.7651856573517,97.64545598965022,17458800
2023-11-21,96.7929916381836,97.01537447778367,95.64400538592304,96.56134078501847,14989000
2023-11-22,96.37602996826172,96.47795691665158,94.45796104676154,95.050986708617,18072000
2023-11-24,96.89491271972656,97.72885715457554,96.28335818045237,96.38527804581258,9480800
2023-11-27,96.32967376708984,96.73738146245975,95.60692435760453,96.45939765753994,18013500
2023-11-28,96.27409362792969,97.20996503120047,96.25555760125424,96.58913538718397,20629500
2023-11-29,94.82858276367188,96.90417934272844,94.17996325110575,96.61692749908704,26802100
2023-11-30,95.19922637939453,96.8115213014244,94.33748497948979,95.54207216453429,29254700
2023-12-01,95.43087005615234,96.57059520382568,94.71738863939048,94.9768364273039,17845300
2023-12-04,94.91197967529297,95.77372105769926,94.13362919952804,94.63399584764355,21523900
2023-12-05,93.06803894042969,94.82857957808791,92.92904702971397,94.7637176290102,22250300
2023-12-06,91.83566284179688,93.32749487001594,91.12217427034105,92.66033929597725,31154800
2023-12-07,91.19629669189453,93.43867502063763,90.89051590085985,92.53060772955693,29990700
2023-12-08,92.24337768554688,92.46576053750829,91.50209208644429,91.75227191122296,22074900
2023-12-11,92.30823516845703,92.53061800963323,91.34456676412944,92.47502406669494,22252300
2023-12-12,90.85345458984375,91.4372121122675,90.32529100210168,91.4372121122675,26084000
2023-12-13,91.65960693359375,91.7615338734837,90.49209173572827,90.84419848389713,19915400
2023-12-14,94.1243667602539,94.6432623562354,92.40088402283281,92.52133990920785,26165700
2023-12-15,93.49427795410156,93.58693687375545,92.94757831012551,93.20702611292536,55527000
2023-12-18,94.1892318725586,95.54207191423934,94.0687689127162,94.63399752135697,21610400
2023-12-19,95.43087005615234,95.61619495424908,94.31894894526003,94.5135347861951,18904700
2023-12-20,93.83712768554688,96.3111642543742,93.70740376891003,95.90345647670225,20988900
2023-12-21,94.26335906982422,94.52280686891027,93.41087864071275,94.02244022663474,19250900
2023-12-22,94.4301528930664,95.38455323369595,94.34675491361094,94.8007885857757,12927800
2023-12-26,94.64327239990234,95.46794887506962,94.62474344211768,95.1992330359421,16835100
2023-12-27,94.19851684570312,95.02319340952772,93.90199693388648,94.55062363684969,14558800
2023-12-28,92.83638000488281,94.15215489664949,92.78077900379887,93.94830105465884,16329300
2023-12-29,92.64181518554688,93.20703678095487,92.30823738107523,93.00318996215395,17746400
2024-01-02,94.84712219238281,95.53280671161437,93.44794911430716,93.51281106789092,23483000
2024-01-03,95.64400482177734,96.01464759853994,94.19850576876847,94.7637273432883,23490800
2024-01-04,94.81005096435547,96.89490842434421,94.55987117970263,96.44087477916268,19395200
2024-01-05,95.0973129272461,95.81080156812293,94.63401118568788,95.59767965645979,15827400
2024-01-08,93.51280975341797,93.62400470203684,91.64107406958065,93.3367599215497,23370100
2024-01-09,92.35454559326172,93.85564542539792,91.90977998557669,93.85564542539792,19496600
2024-01-10,91.44648742675781,92.47501771703188,90.95538877939539,92.47501771703188,18206100
2024-01-11,91.42794799804688,92.19703045123613,91.32602106717012,91.77079377185255,15833400
2024-01-12,92.61400604248047,93.26263265741257,91.89125652907792,92.79006294887134,18041700
2024-01-16,90.5198974609375,92.66961728114997,90.37163750878732,92.49356035532752,20235700
2024-01-17,89.86200714111328,90.7700745778843,89.49136434124976,89.50989330000242,18384000
2024-01-18,89.69520568847656,89.96391443463283,88.78713130929957,89.88052352777518,20940300
2024-01-19,89.83419036865234,89.89905231923026,89.33383078957833,89.62107556079164,20088400
2024-01-22,89.7137451171875,89.97319295026064,88.74080867374,89.60255015897476,19955900
2024-01-23,90.72374725341797,91.27043989602019,89.63035489879024,89.70447780208622,15863400
2024-01-24,92.2896957397461,92.33602873676905,90.56621287794977,91.10364453795567,17330600
2024-01-25,94.63400268554688,94.68033568331043,92.30823324181304,92.94758478052803,22089500
2024-01-26,95.44014739990234,95.51427736638895,93.7629975573232,94.48574705701095,20817200
2024-01-29,95.56060791015625,95.62546986661002,94.38382468037427,95.42162305305752,18317500
2024-01-30,97.15435791015625,97.18215487899832,94.60619874810463,94.89345058812495,19610900
2024-01-31,95.26409149169922,97.18216021067897,95.22702650806885,97.05243630268404,22415300
2024-02-01,94.87490844726562,96.37600829278264,94.16142703842587,95.96830059091882,19240700
2024-02-02,94.48573303222656,96.36673646872988,94.15215530197338,96.13508565991083,21973400
2024-02-05,94.09656524658203,94.86564059078457,93.12362898169111,94.00389926369951,17190900
2024-02-06,94.74519348144531,95.4772109835691,94.11510291439082,94.5784045940067,13347900
2024-02-07,94.71739196777344,95.18996163774874,93.75372367207305,94.74518893610923,13826800
2024-02-08,96.33895111083984,96.75591978918683,94.61546832000661,94.82858313092262,19636900
2024-02-09,94.30042266845703,97.1450947561384,94.23556071477398,96.45941023585718,20410500
2024-02-12,95.59766387939453,95.81078575588487,94.51353967972959,94.66179960588327,18173100
2024-02-13,94.77467346191406,96.41129951827733,94.08261644162928,96.10268402748544,18917400
2024-02-14,94.30706024169922,95.97174863629802,93.91427172465674,95.2703375122409,17651300
2024-02-15,97.00984191894531,97.206236186067,94.08261479987985,94.08261479987985,23196300
2024-02-16,97.00984191894531,97.8515295965745,96.81344051670038,97.27170094177424,20151400
2024-02-20,96.09332275390625,97.37456962593588,95.99980269893187,97.11270348283568,17650000
2024-02-21,98.0572738647461,98.1788563595789,96.31777370363875,96.34582900702388,20991300
2024-02-22,97.97311401367188,98.5810051200617,96.74797765414435,97.41198650589794,20470700
2024-02-23,97.11271667480469,97.34652041156235,96.21491118187011,97.15012612890077,15975900
2024-02-26,97.49614715576172,98.1414476791687,96.37389220082373,97.00048443174539,13360800
2024-02-27,97.29041290283203,98.33785624557825,97.12207392158932,97.8983040648265,16360000
2024-02-28,97.56161499023438,98.59970406714046,97.26234651712507,97.70189864781256,14810500
2024-02-29,97.7486572265625,98.26302827044451,97.46809704045508,97.89829503391849,17566100
2024-03-01,98.98314666748047,99.49751774290931,98.55294864763263,98.87092544020422,18460100
2024-03-04,97.59902954101562,98.99249777282462,97.29040690524208,98.81481179005613,18138000
2024-03-05,98.79608917236328,99.38527191740904,97.56160594337034,97.75800019171892,19952700
2024-03-06,99.85289001464844,100.60106477581851,99.27306135310879,99.71261349016196,20472800
2024-03-07,100.41400909423828,100.98449065583331,99.69388974954583,99.69388974954583,15195400
2024-03-08,101.35858917236328,101.37729746619466,99.85289259949562,100.2830977361351,16281500
2024-03-11,101.95711517333984,102.05064236218725,100.38595401134812,101.23700291102489,17577300
2024-03-12,101.302490234375,102.20029579340185,101.03127702355579,101.99454734828905,14957200
2024-03-13,102.43408203125,103.20095792772906,102.04129350417799,102.06934880823698,17122200
2024-03-14,104.2484130859375,104.32323199542067,102.58373159311859,102.71466111715218,22121000
2024-03-15,104.06135559082031,105.02463290176952,103.66856705730116,103.66856705730116,38264400
2024-03-18,105.02462768554688,105.54834570422777,103.90236561464415,104.54766612703514,16770500
2024-03-19,105.76345825195312,106.13754566952285,104.8001879679198,104.9498257889973,14878800
2024-03-20,105.66992950439453,106.05337103807682,104.86564411995587,105.41742462096539,16119700
2024-03-21,106.13753509521484,106.53033076884768,105.27713911511113,105.6044628972024,14878000
2024-03-22,106.13753509521484,106.32458235292651,105.51094283590822,106.12818808367174,14701900
2024-03-25,107.22238159179688,108.27917178011899,106.45550571727931,106.45550571727931,14011700
2024-03-26,106.41810607910156,107.53101411166209,106.06272697989564,107.23174562414037,13152300
2024-03-27,107.52165985107422,107.60582576851161,106.06272686783774,106.12819162644134,12415700
2024-03-28,108.7093734741211,108.90576773876927,107.60581965243857,108.04537177884681,18482100
2024-04-01,109.41079711914062,109.6446008611634,107.90510044970408,108.86837786034202,13817000
2024-04-02,111.55243682861328,111.85170532381258,109.72877055085564,110.28054394023533,19919600
2024-04-03,111.57113647460938,111.9919803106628,111.03806428588422,111.73947543605539,16504300
2024-04-04,111.96392822265625,112.11355889539381,110.95389442496503,111.33733595626616,18467400
2024-04-05,113.50703430175781,114.2365007777687,111.88910939499458,112.20708616935414,21720600
2024-04-08,112.74015808105469,113.8530589506153,112.42218130752067,113.23582083217914,17513900
2024-04-09,113.329345703125,113.76889786262173,112.54376145027209,113.16100673002249,14132300
2024-04-10,114.28325653076172,114.53576854634814,112.90849663804872,113.36674993561971,17409200
2024-04-11,113.89983367919922,114.74152859124486,112.5437676722579,114.74152859124486,17555900
2024-04-12,112.57183074951172,115.73285484242166,111.9171759763993,114.9846799974715,21556200
2024-04-15,111.926513671875,113.80629752053504,111.71141111665474,113.24516290174238,15029500
2024-04-16,111.00065612792969,112.43153374932602,110.28053667636368,111.81428850512658,18082200
2024-04-17,110.94454193115234,111.61789780631214,109.5323725578226,110.86973016123065,14538600
2024-04-18,110.84166717529297,111.96392934008031,110.32730325966513,111.2905734682326,13821400
2024-04-19,112.11356353759766,113.09554207075585,111.24381336498212,111.44021477971272,21572400
2024-04-22,112.74949645996094,113.69406542636395,110.75749146122777,111.53372147456018,16340700
2024-04-23,113.18905639648438,113.21711170141626,111.71141516566921,112.22578620649833,13929800
2024-04-24,113.207763671875,113.40415793975558,111.65530355178585,112.50635251439158,12101200
2024-04-25,113.4696273803711,113.87177007933587,111.66466230852318,113.18906005174505,16041000
2024-04-26,110.31794738769531,111.38409178974115,108.69067547959222,111.29057172791882,27289500
2024-04-29,111.88910675048828,112.27254827298813,110.13090535921924,110.13090535921924,17309900
2024-04-30,110.60785675048828,112.4128216895466,110.3366507239253,111.39344093177239,21083300
2024-05-01,108.51298522949219,110.79491190078234,108.16696027811112,110.61721878404707,27777700
2024-05-02,108.7093734741211,109.66329662826729,108.39140384615446,108.7280817670151,25513600
2024-05-03,108.48493194580078,108.55039670553555,106.7360774569955,108.48493194580078,28023300
2024-05-06,109.18634796142578,110.67333634177969,108.85902414830926,109.11152905124943,31401300
2024-05-07,108.6439208984375,109.96257742548623,108.41947130441021,109.68201008160915,30122000
2024-05-08,108.62521362304688,109.37338127272452,107.93315658493609,108.21371677789388,18957200
2024-05-09,110.76685333251953,110.85101924736342,108.66261983994201,108.67196685150911,17564000
2024-05-10,110.31794738769531,110.97260209069826,109.96256829872117,110.86037373543746,13648100
2024-05-13,110.27119445800781,111.32798474719945,109.53237381622613,110.74814892912275,15060600
2024-05-14,110.94058227539062,111.00657876577681,109.81864193882559,110.11091108295324,15079100
2024-05-15,111.79853820800781,112.04366390675575,109.44151053720182,110.88401032084268,18244300
2024-05-16,111.12914276123047,112.47736287117775,110.81801338360935,111.76082444810179,15745200
2024-05-17,112.79792785644531,112.97706428061471,111.21400480237666,111.5345643407283,15104500
2024-05-20,111.88339233398438,113.03362303534111,111.77025960472169,112.88277699863156,11551300
2024-05-21,111.11028289794922,112.61877916776393,111.04428641092849,111.62883186245315,14495000
2024-05-22,108.87583923339844,110.74260135885532,108.38557338716231,110.74260135885532,17879300
2024-05-23,107.01848602294922,110.78973028367999,106.8770629245563,108.9889576965038,15979800
2024-05-24,106.93363189697266,108.49870175605712,106.57536627296577,108.27242191587384,12212900
2024-05-28,108.29129028320312,108.52699307292052,106.60365744565723,107.0279195899172,13978300
2024-05-29,107.13163757324219,107.99902937237435,106.35853265165922,107.98016911963298,13902000
2024-05-30,107.47103881835938,107.60303180126509,106.49994450423395,106.79221365308543,14683700
2024-05-31,110.55403137207031,110.77087389649952,107.47103505330466,107.59360509962171,29037400
2024-06-03,107.90473175048828,109.70550447480358,107.25419695726305,109.64893810836958,19589300
2024-06-04,106.22652435302734,106.62250328660997,104.57660493668855,106.53765374073275,19412200
2024-06-05,106.65079498291016,106.71679147265822,105.10458534331768,106.43394526340778,14863500
2024-06-06,107.45217895507812,107.51817544235101,105.69854978688132,106.30194829711273,13154100
2024-06-07,106.30194854736328,108.32899379419905,106.22652193513738,107.28247292706703,13289200
2024-06-10,106.61308288574219,107.68788698417038,106.25481005754746,106.59422263526984,15239700
2024-06-11,105.755126953125,106.22653253696856,104.94430877346781,106.05682623906173,12462400
2024-06-12,104.5860366821289,106.82050160152735,104.21834092480837,106.82050160152735,13606800
2024-06-13,103.74694061279297,104.5200454740583,103.44524133017914,104.50118522278841,14466900
2024-06-14,102.87012481689453,103.90721563990104,102.37985899236753,103.72807922019946,13313400
2024-06-17,102.16301727294922,103.20010810424178,101.99331097742294,102.9266920062784,21147900
2024-06-18,103.12467193603516,104.3880425064248,102.57784698382355,102.79468950114601,17762900
2024-06-20,105.34971618652344,106.17939460445288,103.32267076964344,103.62437724385651,17433200
2024-06-21,104.42576599121094,106.2548147484882,104.42576599121094,105.50057013708961,52212500
2024-06-24,107.5276107788086,107.98015608687746,105.25543253399788,105.25543253399788,16266700
2024-06-25,107.82930755615234,107.99901384102503,106.97134600677441,107.58417465731897,14188900
2024-06-26,107.86703491210938,108.25358377111728,106.66966063703589,107.84817465962387,15771800
2024-06-27,108.32899475097656,108.41384429567186,107.58417313309214,108.41384429567186,16812700
2024-06-28,108.53642272949219,109.8752128429621,108.12158351959741,109.23410096997847,24565900
2024-07-01,108.38555908203125,110.06376162548868,107.98015003668432,109.09266738021236,11972900
2024-07-02,107.65017700195312,109.30952663396077,106.99963500904165,109.27181332492898,13326700
2024-07-03,108.19700622558594,109.04553767283147,107.7350235974268,107.7350235974268,7732900
2024-07-05,106.8864974975586,108.07443431011123,106.24538565883014,108.0555812529771,12631000
2024-07-08,105.7645492553711,107.05620304906594,105.0480108068699,105.96253872277053,13350500
2024-07-09,104.59545135498047,106.1039474689621,104.29375213218414,104.75572749360545,11727000
2024-07-10,105.51942443847656,105.55713774845255,104.10520768322975,104.57661326831202,10004100
2024-07-11,106.77336120605469,106.83935769788498,104.58603965715047,105.05744522538912,13082700
2024-07-12,106.7922134399414,107.62189183721057,106.18881489269732,107.47103860386052,11684900
2024-07-15,108.62126159667969,109.51693642148254,107.084482155031,107.73501689655915,13032500
2024-07-16,109.40380096435547,109.69607010372333,107.20704937386853,107.8104479027377,13614100
2024-07-17,110.91229248046875,111.42141131584305,109.88463187813963,110.06376108817828,13602800
2024-07-18,112.0059585571289,113.06190235727541,110.7237349200273,111.20456338913216,13033600
2024-07-19,109.43209838867188,112.08139562406828,109.24353902126413,111.80797950617189,16157700
2024-07-22,108.6778335571289,109.30952246798886,108.02729878208861,108.5929840098498,12065900
2024-07-23,106.92422485351562,108.58356743629655,106.69794497970828,108.24415481866436,11251700
2024-07-24,108.43270874023438,108.61183796143567,106.60365286877048,107.26361777441313,14925200
2024-07-25,110.71430206298828,111.27998725526064,108.00843175573355,108.58354707258239,17021700
2024-07-26,110.62002563476562,111.27999051289038,109.80920753131083,110.09204653918813,11252500
2024-07-29,109.46035766601562,110.67658474145857,108.78153258269145,110.610588257973,8861800
2024-07-30,111.41197967529297,111.81738871314471,109.58293113577268,109.7054939823502,12483900
2024-07-31,111.80796813964844,112.91106262538618,111.77968495672046,112.79792270059619,15137700
2024-08-01,110.26176452636719,112.65650578462116,109.70550938333622,111.58170161581688,15051500
2024-08-02,110.19576263427734,112.07196196794222,108.81925924328239,109.33780824365772,20403800
2024-08-05,108.20643615722656,109.39438026021377,106.77336632601732,108.93240479524925,18025900
2024-08-06,107.63133239746094,109.01725884957077,107.13163640835172,107.90474132152838,13647800
2024-08-07,109.06439971923828,110.42205014672695,108.66842074224697,108.8475499786505,13660700
2024-08-08,111.14801025390625,111.35542986592748,109.11154183049844,109.4415243073147,13851000
2024-08-09,112.0531005859375,112.4867928395649,110.64831402602725,111.14800277057451,12151900
2024-08-12,112.19451904296875,113.2976062853719,111.27056101530775,112.71306801661693,13228900
2024-08-13,111.11971282958984,111.73254146119021,110.78030027033665,111.51569175102604,11585100
2024-08-14,112.14738464355469,113.04305956171144,110.90287419964741,111.3459965958932,12194500
2024-08-15,112.84117889404297,113.69653448576678,112.26143337014851,112.38498296093368,11579400
2024-08-16,112.30894470214844,112.60357410093525,111.82424515273533,112.13787214030026,10056000
2024-08-19,112.65109252929688,114.52338470918187,112.30894739738955,112.52754294038132,12417500
2024-08-20,108.89701843261719,112.76515270304182,108.83049060982322,112.76515270304182,15632000
2024-08-21,108.20321655273438,109.83790840208923,108.11768389249508,109.30568584685314,11752400
2024-08-22,109.03958129882812,109.30569259286975,108.0036397601787,108.13669540719951,10609500
2024-08-23,110.55069732666016,110.93085936013382,109.3246785754761,109.3246785754761,10381400
2024-08-26,112.91720581054688,113.04076265265249,111.12094746151787,111.91928853385764,13671000
2024-08-27,111.84324645996094,113.48744421084737,111.57713520571062,113.05975919424118,9991600
2024-08-28,110.74078369140625,111.74821424939334,110.49368451296505,111.19697961873848,10742900
2024-08-29,112.27093505859375,112.89820357641275,110.57922142106521,111.38706130684149,10753900
2024-08-30,112.09036254882812,112.16638916304112,110.52219852124325,110.99739930226967,13284700
2024-09-03,109.74286651611328,110.33211082776874,108.38379202966762,110.09451044378166,15725100
2024-09-04,108.40280151367188,110.38914457940805,108.3267748982903,109.57179864340026,12620600
2024-09-05,107.55694580078125,109.56229372831594,107.4619070923318,109.36271026527548,17200800
2024-09-06,107.05323028564453,108.51684954650545,106.18836864344713,107.95610886005774,13467700
2024-09-09,109.3056869506836,110.38914416392043,107.07224470413358,107.27182816436262,21645300
2024-09-10,105.3235092163086,109.67635045789116,104.70574670150938,109.39122706614104,20913400
2024-09-11,104.27806091308594,105.44705077794343,102.42477351001189,105.28548425206695,19571900
2024-09-12,105.71316528320312,105.80820398592535,104.31607387512297,104.44912950913172,15919500
2024-09-13,105.63713836669922,106.89166817769235,105.42804885636892,105.94126658600094,10035400
2024-09-16,107.11975860595703,107.48090858721604,106.15035220837316,106.49249734892946,11729000
2024-09-17,108.51685333251953,108.69743195409768,106.55902838652386,106.74910580324607,12202600
2024-09-18,108.89701843261719,109.89493577452691,108.16520513089453,108.45032851486238,12569900
2024-09-19,110.24658203125,111.74821825087841,109.47675908048605,110.39864976280208,12660600
2024-09-20,109.55278015136719,109.78088173715226,108.58337379023922,109.73335876069999,36206200
2024-09-23,111.53913116455078,111.94780413822464,109.4102336335698,109.60981709731908,16066300
2024-09-24,111.24449920654297,112.29944545855558,111.03540971501066,111.99531001560818,11984900
2024-09-25,109.07758331298828,111.24450494993518,108.38379423816235,110.71227514828703,13816000
2024-09-26,107.20530700683594,107.85158040673701,105.62763681699339,105.62763681699339,16887900
2024-09-27,110.07550811767578,110.33211334780798,107.63297640453946,108.11768322922077,15964000
2024-09-30,111.40606689453125,111.56763341205595,109.25815743753829,109.73335819566137,13247600
2024-10-01,113.98165893554688,114.61842623802198,110.18005271039863,110.28459746166928,23235900
2024-10-02,115.49279022216797,116.7283151060753,114.23826049817988,115.8824583282115,17129700
2024-10-03,116.5002212524414,117.06095467449765,114.93205727821751,115.85394792219712,16524300
2024-10-04,118.63862609863281,118.98077123345851,116.35766095012426,117.0894669462308,19752300
2024-10-07,119.15184783935547,120.0737312745052,118.66714100675922,119.03779704021854,15714400
2024-10-08,115.98700714111328,117.86879816755228,115.24569508518347,117.73574252935917,14818500
2024-10-09,116.03453063964844,116.50023265550226,114.80851892718626,114.9035576392623,11144900
2024-10-10,117.03245544433594,117.56467803366436,116.22461551382273,117.05146753737708,10243300
2024-10-11,117.47913360595703,117.87830050798883,116.84236632162225,116.99442679578227,8294800
2024-10-14,117.92583465576172,118.0969072372648,116.53824916178733,117.12749352508436,9808100
2024-10-15,114.38082885742188,115.90146993727976,113.83910024612912,114.82751876078389,15771300
2024-10-16,114.67545318603516,115.41676522636052,114.61842416301823,114.89404147947043,8426800
2024-10-17,114.38082885742188,115.54982599283711,113.77257242547873,114.77049698622316,11204900
2024-10-18,114.05768585205078,114.65643618568076,113.24033998335642,114.46635878639798,12898600
2024-10-21,114.12422943115234,115.4547931628898,113.7820842643916,114.97959234805421,10177800
2024-10-22,114.71346282958984,115.17916480430054,113.99116288083341,114.29529108320146,9201400
2024-10-23,114.30479431152344,114.76099025826456,113.47794958135124,114.01967818942525,8320300
2024-10-24,113.65852355957031,114.4663707182009,113.22133969485812,114.04819169500283,9905600
2024-10-25,113.56348419189453,114.45686400864444,113.40191766150024,114.23826845206078,10714600
2024-10-28,113.00274658203125,113.10729133338452,110.97838662490743,110.99739871660172,11844500
2024-10-29,111.46308898925781,113.25934728010643,111.26350554038443,112.69861386436521,14731000
2024-10-30,110.90235900878906,112.40398794458676,110.70277555373346,111.8242496709424,12303700
2024-10-31,110.9878921508789,112.78415050518808,110.89285344581795,111.33954333569169,20512000
2024-11-01,109.2486572265625,114.0006650615759,109.14411247411313,113.98166022067079,20939300
2024-11-04,112.72712707519531,112.81265973319627,110.18005066166778,110.3131062969948,14965400
2024-11-05,113.05976867675781,113.29736906669325,112.15689009539855,113.17381947428267,10436700
2024-11-06,114.99858856201172,115.86345746059717,113.38290881318875,115.14115024596397,20807700
2024-11-07,115.14114379882812,115.47378287543218,113.67752461078227,115.28370547479787,12184400
2024-11-08,115.1031265258789,115.39774867128149,113.72504724791222,114.97957694093319,12836000
2024-11-11,114.494873046875,115.58783625244514,114.11471098611301,114.99858469571464,11969700
2024-11-12,114.38082885742188,115.2932135053366,113.89612202068984,115.12214093066581,11972800
2024-11-13,115.44528198242188,115.99651664335491,112.9077114842839,114.58991910355832,15127900
2024-11-14,115.52194213867188,116.7867806544029,115.30155765238325,116.57598032725726,13041800
2024-11-15,114.32416534423828,116.1735130813798,114.15168705178988,115.368619257001,19051700
2024-11-18,115.28237915039062,115.57942957301114,114.28583869412319,114.7841125775423,14239700
2024-11-19,113.67257690429688,114.74577593735343,113.26054585067939,114.74577593735343,11584400
2024-11-20,115.2919692993164,115.43570243894695,113.68217421871104,114.1900249762439,11360900
2024-11-21,116.83468627929688,117.42877982647896,115.24405225485982,116.0202082606529,14675400
2024-11-22,116.70053100585938,118.06118901634912,116.55679787842554,116.72927616923202,13323400
2024-11-25,114.95658874511719,116.78676817500383,114.61163215854484,116.35557609707371,26580300
2024-11-26,113.0401840209961,114.67872440570706,112.92519603747239,114.53499125394538,14827300
2024-11-27,112.74312591552734,113.76841153994036,112.52273413731335,113.15514968638817,11079100
2024-11-29,113.03058624267578,113.5480211403306,112.06279093536375,112.53231966191792,9426500
2024-12-02,112.92517852783203,113.26055095622687,111.93822224831125,113.1168251373224,12687300
2024-12-03,112.75270080566406,113.75882540651519,112.3598380477176,113.75882540651519,11756600
2024-12-04,109.5043716430664,112.63772627161798,109.10192470508196,112.58981278875603,19520600
2024-12-05,109.98346710205078,110.78836821447494,109.29355395156449,109.91639261856298,15751200
2024-12-06,108.82405090332031,109.97390147415983,108.75697640853087,109.75351698152521,16171100
2024-12-09,108.18203735351562,110.13678892359597,108.03830422281237,109.84932266218948,17412600
2024-12-10,107.9616470336914,109.1210816320043,107.08009454233179,108.843199525051,20990900
2024-12-11,107.24298858642578,107.69334899003645,106.46683990564958,107.31964723184267,32392200
2024-12-12,107.14715576171875,107.68375159252346,106.1506154255315,106.92676401088401,14543300
2024-12-13,106.20811462402344,107.22382335938572,105.64277358511345,107.22382335938572,13106100
2024-12-16,103.93716430664062,105.7865121131624,103.64012119039084,105.59486549737957,20256100
2024-12-17,103.49639129638672,103.64970128324182,102.32737249051073,102.75856459602251,17554000
2024-12-18,101.97283172607422,104.282124172268,101.86742791173344,103.07477604200072,17114500
2024-12-19,101.10086059570312,103.17059288050409,100.81339432615562,102.90229492789757,20565600
2024-12-20,101.44581604003906,101.7045298312298,100.45885242479969,101.04336180514004,40141200
2024-12-23,101.85784149169922,102.14530043151163,100.53550551262268,100.90920725177811,12285100
2024-12-24,101.95365905761719,102.71064667831088,101.28290692393618,102.06863970696743,7807000
2024-12-26,102.0398941040039,102.5573289555565,101.512882405427,102.06863926621735,9652400
2024-12-27,102.03032684326172,103.47722042146302,101.34999049096143,101.85784854320562,11943900
2024-12-30,101.34040832519531,102.10697282144176,101.10085554938632,101.8578431982112,11080800
